:020000040000FA
:10000000F80B0020710F000083100000EFB2000019
:1000100019B3000043B3000097B300006DB30000B4
:10002000000000000000000000000000C96E000099
:100030008B10000000000000931000009B100000D7
:100040000000000000000000000000008D8500009E
:1000500000000000A31000000000000000000000ED
:10006000AB100000B3100000BB100000C310000074
:1000700000000000CB100000D3100000DB100000D7
:10008000E3100000EB100000000000000000000082
:10009000F3100000FB100000000000000000000052
:1000A0000311000000000000000000000B11000020
:1000B000131100001B110000231100002B11000080
:1000C000331100003B110000431100004B110000F0
:1000D00053110000000000005B1100000000000050
:1000E00063110000000000006B1100000000000020
:1000F000731100000000000000000000000000007C
:10010000000000007B110000000000000000000063
:1001100000000000000000000000000000000000DF
:10012000000000008311000000000000000000003B
:1001300000000000000000000000000000000000BF
:100140008B11000000015F5F02000000FE0B000049
:100150009D6F00008006000000000000000000000D
:100160000000000000000000000000000100FFC3CC
:10017000000000C4C02200200000000001015F5FF9
:10018000030100001F010000A7070000000000009D
:10019000000000000100000001000000000000005D
:1001A000000000000000000000000000000000004F
:1001B000000000007000000038B80000800000005F
:1001C000000F000001000000D707000001015F5F81
:1001D000040100001F0100003B0B000000000000B4
:1001E000000000000000000001000000000000000E
:1001F00000000000000000000000000000000000FF
:100200000000000044B800004000000005070000A6
:0802100001000000FF0A0000DC
:1002200080B483B000AF7860044A7B68C2F80434BD
:10023000002318460C37BD4680BC7047201C0020A8
:1002400080B483B000AF7860054BD3F804247B689A
:100250001A60002318460C37BD4680BC704700BFAB
:10026000201C002080B483B000AF786039607B68C8
:1002700013F1040F02D96FF08C031FE07B68033386
:1002800023F003037B60104BD3F80034C3F5806385
:100290007A689A4202D96FF08C030FE00A4BD3F8C8
:1002A0000034094A1A443B681A60074BD3F800240B
:1002B0007B681344044AC2F80034002318460C3704
:1002C000BD4680BC704700BF201C002080B500AF39
:1002D000084B0022C3F80424064BD3F800341A4616
:1002E000002104480BF017F9024B0022C3F8002448
:1002F00000BF80BD201C002080B58AB000AFF86030
:10030000B9607A603B606FF096037B62FB681B68A4
:100310003B620023BB6100233B6100237B61002320
:10032000FB77FB685B68402B02D06FF080039AE09C
:100330003B6A1B8D1B0A9BB2BB77BB7F032B04D090
:10034000BB7F012B01D0012300E00023FB77FB7F63
:1003500003F00103FB77FB7F002B0FD007F118039D
:10036000184600F0E8F878627B6A002B01D07B6ABF
:1003700079E03B6A1B683B61BB697B61BB7F013BEA
:10038000092B6BD801A252F823F000BF3F040000F4
:10039000B5030000C7030000D3030000E50300001D
:1003A000F7030000090400001B0400002D040000F6
:1003B0004B04000007F110031A467968F86800F052
:1003C00077FA03464FE07968F86800F024FA0346AC
:1003D00049E007F110031A467968F86800F027FA37
:1003E000034640E007F110031A467968F86800F008
:1003F00005FA034637E007F110031A467968F868F2
:1004000000F022FA03462EE007F110031A4679683D
:10041000F86800F026FA034625E007F110031A46B3
:100420007968F86800F02AFA03461CE007F1100327
:100430001A467968F86800F02EFA034613E07968E6
:10044000F86800F042FA03460DE007F110031A467F
:100450007968F86800F056FA034604E004480BF0A7
:1004600098F96FF0850318462837BD4680BD00BF58
:10047000480B000080B582B000AF6FF083037B6053
:1004800000233B6000F028F8386039680A480BF018
:1004900080F900F02FF878607B68002B01D07B6832
:1004A00006E0396805480BF074F908F0A9FF034627
:1004B00018460837BD4680BD700B0000980B000041
:1004C00080B500AF2822002102480BF024F8002359
:1004D000184680BD2820002080B500AF0F220349B8
:1004E00003480AF0D2FF024B184680BDD40B00002F
:1004F0005020002080B500AF0121064800F0DAFC52
:10050000054808F0F3FE012104480BF042F90023EE
:10051000184680BD64200020F3080000E40B0000B2
:1005200080B582B000AF78607868FFF779FE00BFD1
:100530000837BD4680BD80B582B000AF786078686E
:10054000FFF77EFE034618460837BD4680BDB0B5AE
:1005500088B000AFF860B9607A603B6000237B61CF
:100560000123FB612EE0FB68FA69043253F8223064
:1005700007F1140211461846FFF774FEB861BB6913
:10058000002B03D0FFF7A2FEBB694DE0FB68586863
:100590007969FB68FA69043253F82250FB69DB0081
:1005A000BA68D4182B460A46F9690BF027F80346B7
:1005B0006360FB69DB00BA6813447A691A60FB69FF
:1005C0000133FB61FA697B689A42CCD30023FB615B
:1005D00025E0FB68FA69083253F8223007F114026B
:1005E00011461846FFF73EFEB861BB69002B03D0E9
:1005F000FFF76CFEBB6917E0FB69DB003A68134448
:100600007A691A60FB69DB003A681344FA68F96991
:10061000083152F821205A60FB690133FB61FA6905
:100620003B6B9A42D5D3002318462037BD46B0BD58
:1006300080B5A8B002AF78600023C7F888300423E3
:10064000C7F894300423C7F8903007F168032022DC
:10065000002118460AF05FFF07F14803202200211D
:1006600018460AF058FF07F10803402200211846F7
:100670000AF051FF04E0D7F89430013BC7F89430FA
:10068000D7F89430002B0ED0D7F894305A1E7B68E0
:10069000043253F82230002BEDD004E0D7F890302C
:1006A000013BC7F89030D7F89030002B08D0D7F82E
:1006B00090305A1E7B68083253F82230002BEDD060
:1006C000D7F89430002B02D16FF0830360E07B6891
:1006D000586807F10802402300210AF08FFF034603
:1006E000402B02D06FF0830352E007F10803BB6692
:1006F0004023FB6607F1480207F16801D7F8903004
:1007000000931346D7F894207868FFF720FFC7F8C6
:100710008800D7F88830002B02D0D7F8883037E02F
:100720007B689B681846FFF7FBFE07F1480207F15C
:100730006800D7F89030D7F89410FFF7DDFDC7F8C0
:1007400088000023C7F88C3018E07B685868D7F819
:100750008C30DB0098333B4453F8502CD7F88C3066
:10076000DB0098333B4453F84C3CD7F88C100AF02C
:1007700064FFD7F88C300133C7F88C30D7F88C2061
:10078000D7F890309A42E0D3FFF7A0FDD7F8883031
:1007900018469837BD4680BD80B500AFFFF790FE84
:1007A0000346184680BD80B582B000AFFFF7F4FF66
:1007B00078607B68002B01D07B6808E0FFF75AFE69
:1007C00078607B68002B01D07B6800E0002318462E
:1007D0000837BD4680BD80B582B000AF78607B68C9
:1007E0001B68002B04D17868FFF722FF034601E065
:1007F0006FF0850318460837BD4680BD80B485B0CC
:1008000000AFF860B9607A606FF08503184614375E
:10081000BD4680BC704780B483B000AF786039605B
:100820006FF0850318460C37BD4680BC704780B416
:1008300085B000AFF860B9607A606FF08503184644
:100840001437BD4680BC704780B485B000AFF860F7
:10085000B9607A606FF0850318461437BD4680BCD6
:10086000704780B485B000AFF860B9607A606FF00F
:10087000850318461437BD4680BC704780B485B0E8
:1008800000AFF860B9607A606FF0850318461437DE
:10089000BD4680BC704780B485B000AFF860B960D9
:1008A0007A606FF0850318461437BD4680BC7047E8
:1008B00080B485B000AFF860B9607A606FF08503EE
:1008C00018461437BD4680BC704780B584B000AF71
:1008D000786039603B681B68FB603B685B68BB60A5
:1008E000B968F86808F04EFD034618461037BD4653
:1008F00080BD0FB480B400AF00231846BD4680BC55
:1009000004B0704780B485B000AFF860B9607A6019
:100910006FF0850318461437BD4680BC704780B51C
:1009200000AF05F081F90023184680BD80B582B084
:1009300000AF7860FFF7F3FF034618460837BD465F
:1009400080BD80B5AEB000AF78600023C7F8B4308A
:100950000023C7F8B03007F1940300221A605A60F0
:1009600007F18C0300221A605A600023FB6407F130
:1009700050033C22002118460AF0CDFD0023FB6005
:1009800007F110033C22002118460AF0C4FD0023A1
:10099000BB600123C7F8A4300023C7F8A0300423AC
:1009A000C7F8AC300423C7F8A83004E0D7F8AC305F
:1009B000013BC7F8AC30D7F8AC30002B0ED0D7F8DD
:1009C000AC305A1E7B68043253F82230002BEDD035
:1009D00004E0D7F8A830013BC7F8A830D7F8A83012
:1009E000002B08D0D7F8A8305A1E7B68083253F87D
:1009F0002230002BEDD0D7F8AC30002B07D0D7F841
:100A0000AC30022B03D8D7F8A830012B01D9012331
:100A100071E07B68586807F10802042300210AF09E
:100A2000EDFD0346C7F8A030D7F8A030042B02D064
:100A30006FF080035FE0D7F8AC30012B2BD97B68D7
:100A40005B69C7F89C30D7F89C30402B02D96FF017
:100A5000890350E07B6858687B685B6907F14C024A
:100A600001210AF0CBFD0346C7F8A030D7F8A0302B
:100A7000D7F89C209A4202D06FF080033BE007F148
:100A80004C03C7F89430D7F89C30C7F8983007F17A
:100A90009403C7F8B430D7F8A830002B12D07B6885
:100AA0001B6A402B02D96FF0800324E007F10C038E
:100AB000C7F88C307B681B6AC7F8903007F18C034D
:100AC000C7F8B030BB68D7F8B020D7F8B4101846D4
:100AD00005F004F9C7F8A400D7F8B030002B08D00F
:100AE0007B685868D7F88C20D7F8903000210AF03E
:100AF000A4FDD7F8A4301846B837BD4680BD80B5F0
:100B000082B000AF78607B681B68B3F57D7F04D04E
:100B100040F2F532934205D009E07868FFF706FF0E
:100B2000034606E07868FFF70CFF034601E06FF02C
:100B3000850318460837BD4680BD80B400AF00234A
:100B40001846BD4680BC70475B4552525D5B4372A0
:100B50007970746F5D20556E737570706F72746507
:100B6000642072657175657374210D0A00000000C0
:100B70005B4442475D5B43727970746F5D20496EE0
:100B80006974201B5B303B33326D25731B5B306D0A
:100B90002E2E2E0D0A0000005B4442475D5B43721F
:100BA0007970746F5D20496E6974201B5B303B3334
:100BB000326D25731B5B306D2E2E2E201B5B303B60
:100BC00033326D636F6D706C6574651B5B306D2EB9
:100BD0000D0A00004D62656420544C5320332E36BC
:100BE0002E3400005B4442475D5B43727970746F42
:100BF0005D20496E7465726E616C2068656170205D
:100C000073697A652069732025642062797465733D
:100C10000D0A00000F4B02689A4206D1C269A3F187
:100C20001023A3F1EF139A4201D00120704783688B
:100C3000012BFAD8C36813B102699342F5D0436916
:100C40002BB18069C01AB0FA80F04009704718468D
:100C5000704700BF55AA00FFF8B5164B996829B137
:100C60000846FFF7D7FF08B9CB680BB10120F8BDE4
:100C70000B69002BFBD0104D104E1A68AA42F5D11B
:100C8000DA69B242F2D19A68012AEFD8DC68002C06
:100C9000ECD01A699442E9D05F691FB1D3F818C04B
:100CA0006745E3D08C42E1D11946002ADFD01346D4
:100CB000E3E700BF6820002055AA00FF669911EE07
:100CC000002865D070B5374D2B68002B54D0AA682A
:100CD000002A51D08342014661D86A681344984281
:100CE0005DD2A0F120063046FFF794FF002856D1D0
:100CF00051F8183C012B52D151F8144C41F8180C02
:100D000051F8100C002C38D0A368002B35D151F8C5
:100D10001C2C6368203213442061636000B1C460FE
:100D20002022002130460AF0F6FB2069F0B18368EA
:100D3000E3B926464268736813440269203373603E
:100D40003261D6E9051331B38B6103B15961416951
:100D500083697161B361E1B18E61B36903B15E61B1
:100D600002B1D660202200210AF0D5FB2B699B0737
:100D700002D5FFF771FF90B970BD10B18368002BE9
:100D8000D8D0EB6841F8083C03B15E61EE60EDE756
:100D90007047EE60E2E7002BD9D0EB60D6E7012088
:100DA0000AF060FA682000202DE9F84F3E4D2B68CC
:100DB000EC68002B40D0AB68002B3DD000283BD026
:100DC000002939D001FB00F6B6FBF0F0884233D1A0
:100DD000301D31D8B10733D026F00301043114B9E6
:100DE0002BE0A4694CB363688B42FAD3D4F808C0F3
:100DF000BCF1000F55D1A0695B1A232B81466769AE
:100E000020D80123A360002F47D0B861A06900B1AA
:100E1000476100232A696361D207A36103D5FFF705
:100E20001BFF00283DD120343246002120460AF025
:100E300072FB2046BDE8F88F00242046BDE8F88FFD
:100E40003146CCE7D4F8108001F1200EDFF85CB019
:100E5000DFF85CA004EB0E02203BC2E9013CC2E9D2
:100E6000034844F80EB0C2F81CA0B8F1000F01D03E
:100E7000C8F80C20C2F81890576187B1BA61906920
:100E800000B1426100236160296922610122C4E945
:100E90000533CB07A260C6D5C1E7E860B7E7EA60D3
:100EA000EEE701200AF0DEF96820002055AA00FFD5
:100EB000669911EE38B50D461422002104461148FA
:100EC0000AF029FB1049114808F002FA232D18D91D
:100ED00014F0030304D0043DC3F104021D44144480
:100EE0002A46002120460AF016FB064B084A09480C
:100EF000A5F12001C3E901541C60E061C4E90021AF
:100F0000DC6038BD68200020C10C0000A90D000085
:100F100055AA00FF669911EE0000000000000000D5
:100F2000687E000001000000698D0000418D000016
:100F300040FC0000802000206B00000040FC00000E
:100F4000201C00200000000040FC0000001C0020CD
:100F500000000000201C002018010000001C0020E0
:100F60000800000080B500AF06F022FE00BF80BD83
:100F700080B588B000AF72B600BF314B314A9A607D
:100F8000314B3B603B6883F3098800BF2F4B7B608C
:100F90007B6883F30A8800BF2C4BBB60BB6883F37C
:100FA0000B8800BF2A4BFB60F96823A3D3E9002319
:100FB000C1E9002300BF00F0F3F9264BFB6119E003
:100FC0000023BB610EE0FB691A68BB699B001A44F1
:100FD000FB695968BB699B000B4412681A60BB69C6
:100FE0000133BB61FB699B68BA699A42EBD3FB6929
:100FF0000C33FB61FB69184A9342E1D3174B7B61C9
:1010000014E000233B6109E07B691A683B699B009F
:10101000134400221A603B6901333B617B695B68C2
:101020003A699A42F0D37B6908337B617B690C4A49
:101030009342E6D307F0ACFEA5EDF5FEA5EDF5FE77
:1010400000ED00E000000000F80B0020000400208C
:10105000F80B0020300F0000540F0000540F000068
:10106000640F0000EFF30880EFF309812DE9F00F22
:101070006B46724600F084FB08B0FFF773FFFEE793
:1010800000BF80B500AFFFF7EDFF80B500AFFFF701
:10109000E9FF80B500AFFFF7E5FF80B500AFFFF7D0
:1010A000E1FF80B500AFFFF7DDFF80B500AFFFF7D0
:1010B000D9FF80B500AFFFF7D5FF80B500AFFFF7D0
:1010C000D1FF80B500AFFFF7CDFF80B500AFFFF7D0
:1010D000C9FF80B500AFFFF7C5FF80B500AFFFF7D0
:1010E000C1FF80B500AFFFF7BDFF80B500AFFFF7D0
:1010F000B9FF80B500AFFFF7B5FF80B500AFFFF7D0
:10110000B1FF80B500AFFFF7ADFF80B500AFFFF7CF
:10111000A9FF80B500AFFFF7A5FF80B500AFFFF7CF
:10112000A1FF80B500AFFFF79DFF80B500AFFFF7CF
:1011300099FF80B500AFFFF795FF80B500AFFFF7CF
:1011400091FF80B500AFFFF78DFF80B500AFFFF7CF
:1011500089FF80B500AFFFF785FF80B500AFFFF7CF
:1011600081FF80B500AFFFF77DFF80B500AFFFF7CF
:1011700079FF80B500AFFFF775FF80B500AFFFF7CF
:1011800071FF80B500AFFFF76DFF80B500AFFFF7CF
:1011900069FF000080B400AFBFF34F8F00BF064B64
:1011A000DB6803F4E0620449044B1343CB60BFF3F4
:1011B0004F8F00BF00BFFDE700ED00E00400FA051F
:1011C00080B483B000AF104B1B68C3F30B037B608C
:1011D0000E4B1B683B60BFF34F8F00BF7B68092B32
:1011E0000CD13B68012B03D03B68022B02D003E0FB
:1011F000012304E0012302E0012300E0002318465C
:101200000C37BD4680BC70473001FF003401FF0041
:1012100080B483B000AF104B1B68C3F30B037B603B
:101220000E4B1B683B60BFF34F8F00BF7B68092BE1
:101230000CD13B68012B03D03B68022B02D003E0AA
:10124000012304E0012302E0012300E0002318460B
:101250000C37BD4680BC70473001FF003401FF00F1
:1012600080B483B000AF104B1B68C3F30B037B60EB
:101270000E4B1B683B60BFF34F8F00BF7B68092B91
:101280000CD13B68012B03D03B68022B02D003E05A
:10129000012304E0002302E0002300E000231846BD
:1012A0000C37BD4680BC70473001FF003401FF00A1
:1012B00080B483B000AF104B1B68C3F30B037B609B
:1012C0000E4B1B683B60BFF34F8F00BF7B68092B41
:1012D0000CD13B68012B03D03B68022B02D003E00A
:1012E000002304E0012302E0012300E0002318466C
:1012F0000C37BD4680BC70473001FF003401FF0051
:1013000080B483B000AF104B1B68C3F30B037B604A
:101310000E4B1B683B60BFF34F8F00BF7B68092BF0
:101320000CD13B68012B03D03B68022B02D003E0B9
:10133000012304E0002302E0002300E0002318461C
:101340000C37BD4680BC70473001FF003401FF0000
:1013500080B483B000AF104B1B68C3F30B037B60FA
:101360000E4B1B683B60BFF34F8F00BF7B68092BA0
:101370000CD13B68012B03D03B68022B02D003E069
:10138000012304E0012302E0012300E000231846CA
:101390000C37BD4680BC70473001FF003401FF00B0
:1013A00080B586B000AF784B1B68774A43F00203E4
:1013B0001360FFF705FF0346002B09D04FF05023C1
:1013C0000022C3F814214FF050230022C3F8182143
:1013D000FFF746FF0346002B06D06C4B01221A6034
:1013E0006B4B0122C3F87825FFF762FF0346002B01
:1013F00003D0674B0122C3F87825FFF781FF03462E
:10140000002B02D0634B0E221A60FFF7A1FF0346A8
:10141000002B05D0604B00221A60604B01221A603D
:1014200000237B6111E04FF47F024FF47F017B6961
:10143000603351F8333019467B696033DB00134465
:101440005B680B607B6901337B617B69FF2B0ED886
:101450007B69DB0003F57F0303F54073184602F058
:1014600078FC034683F00103DBB2002BDBD1EFF302
:1014700010837B607B68012B0CBF01230023FB746E
:1014800000F0C6F80346002B04D100F08FF80346A5
:10149000002B6AD0BFF34F8F00BF00BF404BD3F883
:1014A0000034012BFAD13E4B0122C3F8042500BFC2
:1014B0003B4BD3F80034012BFAD1FB7C83F00103C2
:1014C000DBB2002B06D0FFF7A3FE0346002B01D0B2
:1014D00072B600BF00F09CF80346002B12D0314BCF
:1014E000DB69FB60FB6823F00103BB602D4ABB682E
:1014F000D361BFF34F8F00BF00BF294BD3F8003437
:10150000012BFAD100F052F80346002B14D0254BE2
:101510001B6AFB60FB6823F0FF0343F02003BB6002
:10152000204ABB681362BFF34F8F00BF00BF1C4B44
:10153000D3F80034012BFAD1FB7C83F00103DBB23A
:10154000002B06D0FFF764FE0346002B01D062B6E5
:1015500000BF134B0022C3F8042500BF104BD3F883
:101560000034012BFAD1FFF715FE0F4BD3F88C3066
:101570000D4A43F44063C2F88C3002F0E0FB00BF38
:101580001837BD4680BD00BFD0ED00E0384A00509E
:1015900000400050E4AE03500C470050104700508C
:1015A000009003500080FF0000ED00E080B582B0A5
:1015B00000AFEFF310833B603B68012B0CBF0123AE
:1015C0000023FB71FB7983F00103DBB2002B06D013
:1015D000FFF71EFE0346002B01D072B600BF0B487A
:1015E00002F0B7FB0346BB71FB7983F00103DBB26A
:1015F000002B06D0FFF70CFE0346002B01D062B68D
:1016000000BFBB7918460837BD4680BD2080FF006B
:1016100080B584B000AFEFF310833B603B68012BD3
:101620000CBF01230023FB73FB7B83F00103DBB2C0
:10163000002B06D0FFF7ECFD0346002B01D072B65D
:1016400000BF104BDB69BB60BFF34F8F00BFBB68AF
:1016500003F00103002B14BF01230023FB71FB7B6C
:1016600083F00103DBB2002B06D0FFF7D1FD034668
:10167000002B01D062B600BFFB7918461037BD467B
:1016800080BD00BF0080FF0080B584B000AF7860EF
:101690000023FB730E212A4802F071FB7B681B6854
:1016A000033B042B2BD801A252F823F0C1160000F3
:1016B000CB160000D9160000E7160000F516000052
:1016C0000C21204802F05BFB30E012211E4802F0A2
:1016D00056FB0123FB7329E00B211C4802F04FFB52
:1016E0000123FB7322E00D21194802F048FB01237E
:1016F000FB731BE00E21174802F041FB16E07B68EC
:101700001B680F2B07D87B681B681A4614211248E8
:1017100006F054FA07E07B681B68103B1A46252147
:101720000E4806F04BFA0123FB7300BFFB7B796880
:10173000184602F0B7FB00BF1037BD4680BD00BFA2
:1017400098860000A8860000B4860000C8860000C5
:10175000D4860000E4860000F486000008870000BC
:1017600080B582B000AF78607C220449786809F0C7
:101770008CFE00BF0837BD4680BD00BF5C2900203D
:1017800080B586B000AFF860B9607A603B60394BD5
:101790007B61394B5B68C3F308027B691A60EFF326
:1017A00003833B613A697B695A657B697A685A6051
:1017B0007B69FA689A607B69BA68DA607B69586805
:1017C0007B6999687B69DB681A4602F043FB024635
:1017D0007B691A617B6903F114007B691B69202214
:1017E000194609F052FE3B68002B06D07B69343362
:1017F00020223968184609F048FE1F4B9A6A7B6917
:101800009A651D4BDA6A7B69DA651B4B9A6B7B69BB
:101810001A667B699B6D03F400427B695A66164B1E
:101820005A6B7B699A667B699B6D03F080027B69CA
:10183000DA66114A7B699B6D93620F4A7B69DB6DA7
:10184000D3620E4B5A697B691A670C4B9A697B69A4
:101850005A677B691B6F03F040027B699A67074AEE
:101860007B691B6F53617869FFF70EFF00BF183764
:10187000BD4680BD5C29002000ED00E0D0ED00E019
:1018800080B584B000AF786039600F4B5B69396810
:1018900078689847F860FB68002B01D000230EE0C1
:1018A00000BF094BDB6A98470346DBB203F0010334
:1018B000DBB2002BF5D1044B1B6A98470346184650
:1018C0001037BD4680BD00BF5C87000080B582B088
:1018D00000AF4FF0FF337B60304B9B680020984790
:1018E00078607B68002B0DD008212D4802F047FA64
:1018F0000B212C4802F043FA842202212A4806F0E8
:101900005DF9FEE7254B1B690220984778607B68EC
:10191000002B0DD00821224802F031FA0B2121487A
:1019200002F02DFA8A2202211F4806F047F9FEE74D
:101930001A4B9B6A4FF4E1310120984778607B682D
:10194000002B0DD00821164802F019FA0B2115487A
:1019500002F015FA90220221134806F02FF9FEE753
:101960000E4B9B6A01211520984778607B68002BFD
:101970000DD008210A4802F002FA0B21094802F0B2
:10198000FEF996220221084806F018F9FEE7074BF7
:1019900001221A700837BD4680BD00BF5C87000079
:1019A000308700003C87000038870000DC380020CA
:1019B00080B487B000AFF860B9607A6000237B61C3
:1019C00035E07B699B00BA6813441B68C3F30803C6
:1019D0003B613B6940F2FF12934202D14FF0FF336B
:1019E0003B617B699B00BA6813441B685B0C032B4B
:1019F0001AD801A252F823F0091A0000111A0000A7
:101A0000191A0000211A0000FB683A691A600BE0FD
:101A1000FB683A695A6007E0FB683A699A6003E03C
:101A2000FB683A69DA6000BF7B6901337B617A69E0
:101A30007B689A42C5D300BF00BF1C37BD4680BC3F
:101A4000704700BF80B483B000AF074B1B687B605A
:101A50000023BA8862F30F03FA8862F31F43184623
:101A60000C37BD4680BC70474887000080B586B003
:101A700000AFF860B9607A607B68D3F88C307B6126
:101A80007A6807F110039032126811461980023308
:101A9000120C1A70BB689C4A934200F0D680BB6857
:101AA000994A934200F2D580BB68B3F5612F00F0EC
:101AB000C880BB68B3F5612F00F2CB80BB68B3F57B
:101AC000E12F00F0BA80BB68B3F5E12F00F2C180CE
:101AD000BB688E4A934200F0AC80BB688B4A93424D
:101AE00000F2B780BB68B3F5613F00F09E80BB6831
:101AF000B3F5613F00F2AD80BB68B3F5E13F00F0A4
:101B00009080BB68B3F5E13F00F2A380BB68B3F5FA
:101B1000963F00F08380BB68B3F5963F00F2998052
:101B2000BB68B3F5614F75D0BB68B3F5614F00F288
:101B30009080BB684DF6C022934267D0BB684DF6DB
:101B4000C022934200F28580BB68B3F5164F59D08E
:101B5000BB68B3F5164F7CD8BB6847F61222934298
:101B60004CD0BB6847F61222934272D8BB68B3F5DB
:101B7000E14F40D0BB68B3F5E14F6AD8BB68B3F51D
:101B8000964F35D0BB68B3F5964F62D8BB68B3F5B6
:101B9000615F2AD0BB68B3F5615F5AD8BB68B3F503
:101BA000165F1FD0BB68B3F5165F52D8BB68B3F59C
:101BB000965F14D0BB68B3F5965F4AD8BB68B3F59F
:101BC000966F04D0BB68B3F5166F04D041E04FF4B4
:101BD0009E237B6140E04FF41D237B613CE04C4B36
:101BE0007B6139E04B4B7B6136E04B4B7B6133E0F3
:101BF0004A4B7B6130E04A4B7B612DE04FF40003A0
:101C00007B6129E04FF41D037B6125E04FF4650300
:101C10007B6121E04FF46B037B611DE0414B7B61F5
:101C20001AE04FF0EB737B6116E04FF06C737B6151
:101C300012E04FF080637B610EE04FF0E8637B6160
:101C40000AE04FF070637B6106E04FF080537B61E8
:101C500002E06FF0070353E0FB6803F4E063002B3E
:101C600002D06FF008034BE0FB6803F44043002B05
:101C700003D0B3F5804F03D005E00023BB7405E02B
:101C80001023BB7402E06FF00A0339E0FB6803F431
:101C90004053002B03D0B3F5805F03D005E0002351
:101CA0007B7405E00E237B7402E06FF0090327E0EC
:101CB000FB6803F44033002B03D0B3F5403F03D05F
:101CC00005E000233B7405E001233B7402E06FF064
:101CD0000B0315E07B687A69C3F88C207B6890332E
:101CE00007F110021268114619800233120C1A70A3
:101CF0007A687B6864331946104600F03BFB00238A
:101D000018461837BD4680BD40420F0090D00300F2
:101D100000B013000050270000F03A0000A04E0071
:101D200000C0750000903A0180B582B000AF7860C5
:101D30000449786802F0EBF8034618460837BD46B8
:101D400080BD00BF8420002080B500AF024802F0B3
:101D500006F90346184680BD8420002080B582B075
:101D600000AF0346FB71FB790449184602F004F901
:101D7000034618460837BD4680BD00BF84200020BA
:101D800080B582B000AF78603960054A39687868FC
:101D900002F004F9034618460837BD4680BD00BF6F
:101DA0008420002080B582B000AF78603960054A99
:101DB0003968786802F052F9034618460837BD467C
:101DC00080BD00BF8420002080B500AF024802F033
:101DD000BCF90346184680BD8420002080B500AFC2
:101DE000024802F0BDF90346184680BD8420002059
:101DF00080B582B000AF78603960054A396878688C
:101E000002F0E3F9034618460837BD4680BD00BF1F
:101E10008420002080B483B000AF0346FB7197F9A3
:101E20000730002B0BDBFB7903F01F02064997F903
:101E300007305B09012000FA02F241F8232000BFBD
:101E40000C37BD4680BC704700E100E080B483B031
:101E500000AF0346FB7197F90730002B12DBFB79CB
:101E600003F01F020A4997F907305B09012000FAC5
:101E700002F2203341F82320BFF34F8F00BFBFF39E
:101E80006F8F00BF00BF0C37BD4680BC704700BFDE
:101E900000E100E080B483B000AF03463960FB711D
:101EA00097F90730002B0ADB3B68DAB20C4997F947
:101EB00007305201D2B20B4483F800230AE03B689A
:101EC000DAB20849FB7903F00F03043B5201D2B2A6
:101ED0000B441A7600BF0C37BD4680BC704700BF6C
:101EE00000E100E000ED00E080B483B000AF134BF0
:101EF0001B68C3F30B037B60BFF34F8F00BF104B16
:101F00001B683B60BFF34F8F00BFBFF34F8F00BF15
:101F10007B68092B0CD13B68012B03D03B68022B5B
:101F200002D003E0012304E0012302E0012300E0EA
:101F3000002318460C37BD4680BC70473001FF00B7
:101F40003401FF0080B584B000AF78607B68002B5F
:101F500011D00B4B43F00103FB600A4B1B680A4A8C
:101F6000A2FB03239A0C7B6802FB03F3BB60FB68B4
:101F7000B868984700E000BF1037BD4680BD00BF7D
:101F8000C08700008020002083DE1B4380B584B022
:101F900000AF78607B681B68184602F047FE034676
:101FA00083F00103DBB2002B0ED00821164801F0AC
:101FB000E6FE1921154801F0E2FE4FF47472022189
:101FC000134805F0FBFDFEE70023FB60786802F094
:101FD00052FE0346002B02D10E4BFB600EE008219F
:101FE000094801F0CCFE1921084801F0C8FE40F272
:101FF000D9320221064805F0E1FDFEE7FB681846EC
:102000001037BD4680BD00BF94870000A087000048
:102010009C8700000025845080B586B000AF7860B2
:10202000084611461A460346FB700B46BB70134622
:102030007B703B1D1846FFF7A9FF78617A687B69C2
:10204000803253F822303B61114BFB60FB68DB436D
:102050003A6913403B61FA78BB785B001A437B789E
:102060009B001A4397F820301B021A4397F824303C
:102070001B0413433A6913433B617A687B698032DE
:10208000396943F8221000BF1837BD4680BD00BF34
:102090000F07030080B58AB000AF786039607B68B5
:1020A00004337B623B6893F8303083F00103DBB28A
:1020B000002B20D07B6ADB6C43F000731A467B6AEE
:1020C000DA643B681B68B3F1FF3F09D03B681B68CB
:1020D000184602F00EFE3B681B68184602F0DEFD53
:1020E0003B685B68B3F1FF3F05D03B685B6800214C
:1020F000184602F0E0FD3B6893F82C30012B28D104
:102100003B6893F8303083F00103DBB2002B20D022
:102110007B6ADB6C43F000631A467B6ADA643B68D7
:10212000DB68B3F1FF3F05D03B68DB680021184650
:1021300002F0C1FD3B689B68B3F1FF3F09D03B68EB
:102140009B68184602F0D5FD3B689B68184602F074
:10215000A5FD3B6893F82F3083F00103DBB2002B21
:1021600006D07B6ADB6C43F080731A467B6ADA64C4
:1021700007F10C0300221A605A609A60DA601A6153
:102180005A613B681B68FB603B685B683B613B686E
:102190009B687B613B68DB68BB613B6893F82F30D1
:1021A00087F823303A6807F120032C321268114671
:1021B00019800233120C1A703B689B6AFB617B68C2
:1021C0001B6807F10C021146184602F09AFAFFF755
:1021D0008BFE0346002B02D0786802F0E1FD7B689D
:1021E00018683B6893F832200023034902F0C2FAD2
:1021F00000BF2837BD4680BD1003420080B588B0BF
:1022000000AFF860B9607A60FB68002B0ED108213E
:10221000544801F0B4FD1021534801F0B0FD40F2E4
:102220008D120221514805F0C9FCFEE7BB68002B66
:102230000ED108214B4801F0A2FD10214A4801F0BF
:102240009EFD4FF4C7720221484805F0B7FCFEE737
:10225000FB680433FB61FB6993F84830002B04D022
:102260006FF077033B613B6978E050220021F86909
:1022700009F051F9BB681A69FB691A60BB685A69B1
:10228000FB699A63BB689B69002B03D1FB69002241
:10229000DA6304E0BB689B695A1EFB69DA63BB68BA
:1022A0001B6A042B06D9BB68DA69FB699A61FB6972
:1022B0000022DA617B68002B04D0BB6893F83130D0
:1022C000002B01D0002301E04FF48073BB61BB6899
:1022D00093F83130002B06D0FB69DB6C43F001032F
:1022E0001A46FB69DA64FB697A685A60FB69012265
:1022F00083F84820FB681B68184602F0E1FD03469E
:1023000083F00103DBB2002B02D06FF08B0325E0DA
:10231000B968F868FFF7BEFEFB681A68BB6893F8F7
:1023200031301946104602F017FE034683F00103D0
:10233000DBB2002B02D06FF08B030FE07B68002B29
:1023400001D00B4A00E00022BB6913437B61FB68AC
:102350001B687969184602F018FB002318462037DD
:10236000BD4680BD94870000C88700009C870000A0
:1023700010020A0080B584B000AF786039607B68D5
:10238000002B0ED108212F4801F0F9FC17212E480F
:1023900001F0F5FC4FF4FE7202212C4805F00EFC12
:1023A000FEE73B68002B0ED10821264801F0E7FC30
:1023B0001721254801F0E3FC40F2FD1202212348D9
:1023C00005F0FCFBFEE77B680433FB60FB6893F8D9
:1023D0004830002B02D16FF076032FE0786800F0D0
:1023E0009BFA0346002B02D06FF00F0326E07B68B8
:1023F0001B68184602F01EFBFB685B68002B03D0CD
:102400003B681A69FB681A6039687868FFF742FE12
:102410007B681A68FB68DB6C03F00103002B14BFB8
:1024200001230023DBB21946104602F095FD034656
:10243000002B01D0002301E06FF08B03184610370A
:10244000BD4680BD94870000D88700009C870000AF
:1024500080B586B000AF78607B68002B0ED1082174
:10246000254801F08CFC1221244801F088FC4FF42F
:1024700007720221224805F0A1FBFEE77B680433C6
:102480007B617B681B683B617B6993F84830002B5C
:102490000ED10821184801F072FC1221174801F0F2
:1024A0006EFC40F222220221154805F087FBFEE770
:1024B0001449386902F08BFA386902F0C8F9012230
:1024C0000121786800F0CAFCF8600121786800F00A
:1024D00061FAF860786802F019FC7B690022DA641E
:1024E0007B69002283F848207B6900225A6000BF84
:1024F0001837BD4680BD00BF94870000F0870000FC
:102500009C87000010034A0080B582B000AF78605D
:102510007B68002B0ED108210C4801F030FC1621FD
:102520000B4801F02CFC40F245220221094805F03D
:1025300045FBFEE77B6893F84C30002B14BF01236A
:102540000023DBB218460837BD4680BD94870000E3
:10255000048800009C87000080B58AB000AFF86056
:10256000B9601346FB71FB680433BB61FB681B68F1
:102570007B61BB6993F84830012B0ED00821464897
:1025800001F0FDFB0921454801F0F9FB40F2B722BB
:102590000221434805F012FBFEE76FF00F033B6298
:1025A000BB699B6B002B10D1B968786901F090FE74
:1025B000034683F00103DBB2002B02D06FF015035A
:1025C00065E0002387F8273002E0012387F82730F1
:1025D00000F0F6FCBB69DB6C03F00103002B14BFB9
:1025E00001230023DBB21946786902F043FC03465D
:1025F000FB74FB7C002B27D0BB695B6C002B06DADD
:10260000786902F06CFA03461A46BB695A6497F877
:102610002730002B0ED0BB699A6BBB69DB6B134470
:10262000BA6812781A70BB699A6BBB69DB6B13448A
:10263000FB6101E0BB68FB61FB790122F969786904
:1026400002F0D0FC00233B6200F0CAFC3B6A002B86
:102650001CD1FB7983F00103DBB2002B16D0BB69E0
:10266000DB6C03F00103002B14BF01230023DBB25A
:102670000122F969786902F06CFD386200F0A0FC73
:10268000B969786902F0EFFC00F0AAFC3B6A1846D1
:102690002837BD4680BD00BF948700001C8800001D
:1026A0009C87000080B58AB000AFF860B9607A609E
:1026B0003B60FB68002B0ED10821944801F05FFBC2
:1026C0000E21934801F05BFB40F23B32022191481E
:1026D00005F074FAFEE7FB680433BB61FB681B6816
:1026E0007B61BB6993F84830012B0ED008218748E5
:1026F00001F045FB0E21864801F041FB4FF450727A
:102700000221844805F05AFAFEE7BB68002B0ED17F
:1027100008217E4801F033FB0E217D4801F02FFB9C
:1027200040F2413202217B4805F048FAFEE77B681F
:10273000002B0ED10821754801F021FB0E217448B1
:1027400001F01DFB40F242320221724805F036FAD8
:10275000FEE700237B627B68002B02D16FF006034B
:10276000D0E0BB695B68002B18D13B68002B15D10A
:10277000BB69DB6A002B0ED1BB697A68DA62002381
:102780007A68B968F86802F07DFD7862BB6900225A
:10279000DA627B6AB6E06FF00F03B3E03B6803F0E8
:1027A0000303002B07D03B687A68B968F86802F029
:1027B00069FD0346A6E0B968786901F089FD034622
:1027C00083F00103DBB2002B0FD0BB699B6B002BA6
:1027D00004D03B6803F00403002B02D06FF00C031D
:1027E0007B62012387F8233010E0BB69DB6C03F0C8
:1027F0000103002B07D03B6803F00403002B02D039
:102800004FF0FF337B62002387F823307B6A002B75
:1028100001D07B6A76E000F0D3FBBB69DB6A002B5A
:1028200018D1BB697A68DA62BB69BA689A6297F8AC
:102830002330002B06D0BB69DB6C43F002031A4641
:10284000BB69DA6497F823301A46B969786902F0EF
:10285000BDFC54E0BB695B6B002B4DD13B6803F0C2
:102860000403002B48D0BB699B6A1946786901F0C4
:102870002FFD0346002B3BD0BB69DB6C43F01003FC
:102880001A46BB69DA64BB69BA681A63BB697A68BD
:102890005A63002387F822300A23FB614FF4A871A2
:1028A000786902F02BF80346002B03D0012387F848
:1028B000223008E00120FFF745FBFB69013BFB618B
:1028C000FB69002BEAD197F82230002B0CD04FF493
:1028D000A871786902F001F87A68B968786902F03D
:1028E000D9F800237B620AE06FF08B037B6206E07D
:1028F0004FF0FF337B6202E06FF00F037B6200F06A
:102900006FFB7B6A18462837BD4680BD9487000060
:10291000288800009C87000080B584B000AF7860F4
:102920007B68002B0ED10821174801F028FA1A21E4
:10293000164801F024FA40F2CB320221144805F087
:102940003DF9FEE77B680433FB60FB6893F8483091
:10295000002B0ED108210C4801F011FA1A210B4866
:1029600001F00DFA40F2CF320221094805F026F9B4
:10297000FEE7FB68DB6A002B14BF01230023DBB2F8
:1029800018461037BD4680BD948700003888000087
:102990009C87000080B586B000AF78600B46FB7066
:1029A0007B68002B0ED10821244801F0E8F914219E
:1029B000234801F0E4F940F2D6320221214805F023
:1029C000FDF8FEE77B6804337B617B681B683B6135
:1029D000386902F02FFAF8607B69DB6A002B06D1B8
:1029E000F968386902F039FA6FF0760321E07B6903
:1029F0004C33D3E8EF1F41F00801C3E8E21F002A7F
:102A0000F7D10C21386902F034F8FB78002B0BD099
:102A10007969386902F044FB4FF49071386901F02C
:102A20005CFF7B690022DA62F968386902F015FA06
:102A3000002318461837BD4680BD00BF94870000AC
:102A4000548800009C87000080B584B000AFF86017
:102A5000B9607A604FF48471F86801F03EFF20217C
:102A6000F86801F083FF0C4B1946F86801F0AFFFDE
:102A7000F86802F0FAFCBB6800229A60BB6800228A
:102A80001A61B86802F0BBFC7968B86802F07CFC97
:102A900000BF1037BD4680BD10020A0080B586B069
:102AA00000AF786039607B68002B0ED10821634845
:102AB00001F065F91521624801F061F940F2D34255
:102AC0000221604805F07AF8FEE77B6804337B61F9
:102AD0007B681B683B617B694C33D3E8EF2F42F482
:102AE0008051C3E8E01F0028F7D1FA60FB6803F4C7
:102AF0008053002B02D06FF00F039BE03B6803F084
:102B00000403002B06D07B699B69002B02D14FF098
:102B1000FF338FE04C4B1946386901F058FF386994
:102B200001F07BFF4FF48871386901F0D6FE4FF455
:102B3000A671386901F0D1FE4FF4A271386901F035
:102B4000CCFE3B689B0303F480423B681B0303F409
:102B500000531A433B685B0303F400431343BB6019
:102B60007B694C33BA68D3E8EF0F40EA0200C3E850
:102B7000E10F0029F7D17B699B68002B07D17B69A6
:102B80005B68002B03D00321786902F0E2FB7B69CC
:102B90009B68002B10D1786902F052FA034683F04B
:102BA0000103DBB2002B01D0002343E0786902F07F
:102BB00026FC6FF00B033DE00421386901F0F4FEC0
:102BC0000346002B17D07B695B68002B13D07B6911
:102BD000DB6C03F40023002B0DD07B694C33D3E86E
:102BE000EF1F21F40021C3E8E21F002AF7D10621DC
:102BF000786902F0AEFB7B69DB6C03F48053002B39
:102C000017D04FF4A671386901F078FE034683F0BF
:102C10000103DBB2002B03D00021386901F029FF4A
:102C20007B695B68002B04D0074B1946386901F0BB
:102C3000ACFE002318461837BD4680BD94870000BF
:102C4000688800009C87000010020A0080B58AB0E6
:102C500000AFF860B9607A60FB68002B0ED10821E4
:102C6000414801F08CF81921404801F088F840F201
:102C7000755202213E4804F0A1FFFEE7FB680433D1
:102C80007B627B6A93F84830012B0ED008213648CE
:102C900001F075F81921354801F071F840F27952C8
:102CA0000221334804F08AFFFEE7BB68002B0ED1F7
:102CB00008212D4801F063F819212C4801F05FF834
:102CC00040F27A5202212A4804F078FFFEE77B683E
:102CD000002B0ED10821244801F051F81921234876
:102CE00001F04DF840F27B520221214804F066FFCA
:102CF000FEE7FB681B68BB61002387F823300023D5
:102D0000FB61B86902F096F878617B6ADB6C03F4CA
:102D10008023002B03D06FF07603FB6110E0B968CD
:102D2000B86901F0D5FA034683F00103DBB2002B4A
:102D300003D06FF00C03FB6102E0012387F823301E
:102D400097F82330002B06D07B68BA68796AB86997
:102D500002F088FCF8617969B86902F07EF8FB69D5
:102D600018462837BD4680BD948700008088000043
:102D70009C87000080B588B000AF78600B46FB7080
:102D80001346BB707B681B687B617B6804333B61C7
:102D90002021786901F0C8FD0346002B14BF0123F0
:102DA0000023FB733B69DB6C03F48223B3F5805F84
:102DB00008D0FB78002B02D03B690022DA616FF06B
:102DC000760345E0786902F035F8B861FB78002BAE
:102DD00005D1FB7B83F00103DBB2002B07D0202160
:102DE000786901F0C3FD4FF4A113FB6102E04FF4D9
:102DF0008033FB613B694C33FA69D3E8EF0F40EA5B
:102E00000200C3E8E10F0029F7D1BB78002B03D102
:102E10003B695B68002B12D10F4B1946786901F0B2
:102E2000D6FD0421786901F024FE3969786902F041
:102E3000E9FC094BDB43BA691340BB6103E00421A1
:102E4000786901F016FEB969786902F006F8002386
:102E500018462037BD4680BD10020A0080B582B0FA
:102E600000AF78600B46FB701346BB707B68002B8D
:102E70000ED10821164800F082FF1421154800F0F9
:102E80007EFF40F23C620221134804F097FEFEE709
:102E90007B6893F84C30012B0ED008210C4800F0D1
:102EA0006EFF14210B4800F06AFF40F23D620221E0
:102EB000094804F083FEFEE7BA78FB781946786883
:102EC000FFF758FF034618460837BD4680BD00BFD0
:102ED000948700009C8800009C87000080B584B027
:102EE00000AF786039607B68002B0ED10821314833
:102EF00000F045FF1421304800F041FF40F24462E9
:102F000002212E4804F05AFEFEE77B680433FB6082
:102F1000FB6893F84830012B0ED00821254800F0BB
:102F20002EFF1421244800F02AFF4FF4C962022129
:102F3000224804F043FEFEE7FB685B68002B02D0EA
:102F40004FF0FF3331E07B681B68184601F07FFDCE
:102F5000034683F00103DBB2002B0DD03B68002B4E
:102F600007D07B681B68184601F0DBFD02463B6812
:102F70001A606FF0770318E07B681B684FF4887164
:102F8000184601F0BBFC0346002B0CD03B68002B1D
:102F900007D07B681B68184601F0C3FD02463B68FA
:102FA0001A60002301E06FF00F0318461037BD468A
:102FB00080BD00BF94870000B08800009C8700009F
:102FC00080B400AF72B600BF044B1B680133034AE4
:102FD000136000BFBD4680BC704700BFD8290020E9
:102FE00080B500AF0F4B1B68002B0DD108210E4898
:102FF00000F0C5FE1B210D4800F0C1FE2C2202216D
:103000000B4804F0DBFDFEE7064B1B68013B054A5D
:103010001360044B1B68002B01D162B600BF00BFD8
:1030200080BD00BFD8290020C4880000D0880000DF
:10303000CC88000080B487B000AFF860B9607A60D7
:10304000FB681B687B617B69114A1A63BB68002BB4
:1030500001D0042200E000227B68002B01D0022373
:1030600000E000231A437B695A607B695B6843F088
:1030700001027B695A60BFF34F8F00BFBFF36F8FB0
:1030800000BF002318461C37BD4680BC704700BFF8
:1030900004AAFF0080B582B000AF786008461146F0
:1030A0001A460346FB700B46BB7013467B70FA78DA
:1030B0007B68A03253F8323003F48073002B0ED0BB
:1030C0000821244800F05BFE1521234800F057FE3C
:1030D0004FF46C720221214804F070FDFEE7FB788A
:1030E0007A68A033DB0013445B6803F48073002B21
:1030F0000ED00821174800F042FE1521164800F0B6
:103100003EFE40F2B1320221144804F057FDFEE7C2
:103110007B783A7C002A02D04FF4807100E00021D5
:10312000FA7819437B68A03243F83210BA783B7CB6
:10313000002B02D04FF4807100E00021FB780A439D
:103140007968A033DB000B445A6000BF0837BD46E6
:1031500080BD00BFEC88000058890000F4880000A2
:1031600080B584B000AFF8607B600B46FB721346FD
:10317000BB72FA7AFB6802F5C07253F8223003F48E
:103180008073002B0ED00821134800F0F8FD1821A1
:10319000124800F0F4FD40F2CE320221104804F053
:1031A0000DFDFEE7BB7A002B01D0102200E00022CB
:1031B0007B6813433A7E002A02D04FF4807100E00E
:1031C0000021FA7A1943FB6802F5C07243F8221015
:1031D00000BF1037BD4680BDEC880000F8880000B5
:1031E000F488000080B584B000AFF8607B600B46C7
:1031F000FB721346BB72FA7AFB6802F5E07253F871
:10320000223003F48073002B0ED00821134800F005
:10321000B6FD1621124800F0B2FD40F2DB32022169
:10322000104804F0CBFCFEE7BB7A002B01D0102243
:1032300000E000227B6813433A7E002A02D04FF45C
:10324000807100E00021FA7A1943FB6802F5E07210
:1032500043F8221000BF1037BD4680BDEC88000047
:1032600010890000F488000080B584B000AFF860D9
:10327000B96011461A460B46FB711346BB71FB68D9
:10328000BA6802F5007253F82230002B0EDB0821D9
:10329000234800F074FD1721224800F070FD4FF420
:1032A0007A720221204804F089FCFEE7FB68BA68C4
:1032B00002F5007253F8223003F48073002B0ED015
:1032C0000821174800F05BFD1721164800F057FD54
:1032D00040F2E9320221144804F070FCFEE7FB7969
:1032E000002B01D0102200E00022BB79002B01D07E
:1032F000202300E0002313433A7E002A02D04FF43B
:10330000807200E0002242EA0301FB68BA6802F51D
:10331000007243F8221000BF1037BD4680BD00BFC9
:10332000EC88000090890000F488000080B582B02D
:1033300000AF00233B603B6843F001033B603B6808
:1033400043F002033B603B6843F004033B6000230F
:103350007B600AE0094A7B6852F8233039681846D6
:1033600002F075FB7B6801337B607B68002BF1D03A
:1033700000BF00BF0837BD4680BD00BF5C210020F4
:1033800080B582B000AF00237B6000233B6032E059
:103390001D4A3B6852F823304FF48471184602F0FE
:1033A00046FB0346002B03D07B6843F004037B609D
:1033B000154A3B6852F823304FF48071184602F0EA
:1033C00036FB0346002B03D07B6843F001037B6090
:1033D0000D4A3B6852F823304FF48271184602F0D0
:1033E00026FB0346002B03D07B6843F002037B607F
:1033F0003B6801333B603B68002BC9D07B681846B3
:103400000837BD4680BD00BF5C21002080B582B07A
:1034100000AF00237B601DE0124A7B6852F8233026
:103420004FF48071184602F0EDFA0E4A7B6852F8AC
:1034300023304FF48271184602F0E4FA094A7B689F
:1034400052F823304FF48471184602F0DBFA7B689F
:1034500001337B607B68002BDED000BF00BF0837E4
:10346000BD4680BD5C21002080B584B002AF002342
:103470007B6017E07B68DBB21946174802F0F5FA6B
:10348000034683F00103DBB2002B08D07B68D9B27E
:1034900000230093072301220F48FFF761FE7B689A
:1034A00001337B607B681F2BE4D900233B600BE07A
:1034B0003B68D9B200230093072301220648FFF797
:1034C00091FE3B6801333B603B681F2BF0D900BF86
:1034D00000BF0837BD4680BD0030005080B58AB0BF
:1034E00002AFF860B9603B601346FB71FB68DB0B11
:1034F000BB61BB68DB0B7B61BB69FB610CE0FB69FB
:10350000D9B2FA7997F8283000933B680748FFF75B
:1035100027FEFB690133FB61FA697B699A42EED9A8
:1035200000BF00BF2037BD4680BD00BF0030005047
:1035300080B58AB002AFF860B9603B601346FB719A
:10354000FB6803F160435B0BBB61BB6803F1604345
:103550005B0B7B61BB69FB610CE0FB69D9B2FA795B
:1035600097F8283000933B680748FFF73BFEFB695C
:103570000133FB61FA697B699A42EED900BF00BF53
:103580002037BD4680BD00BF0030005080B586B0FA
:1035900002AF786039603A687B68D31A0133FB6008
:1035A0007B68C3F30E03C3F50043BB60FA68BB68D6
:1035B0009A420DD90821304800F0E1FB2D212F4817
:1035C00000F0DDFBF82202212D4804F0F7FAFEE7B7
:1035D0007A68BB681344C3F30E03002B0DD0082197
:1035E000254800F0CCFB2D21244800F0C8FBFB222D
:1035F0000221234804F0E2FAFEE7BB685A1EBB68CA
:103600001340002B0DD008211B4800F0B8FB2D21E2
:103610001A4800F0B4FBFF220221194804F0CEFA48
:10362000FEE7BB681F2B03D9BB68B3F5805F0ED9DB
:103630000821114800F0A3FB2D21104800F09FFB4A
:103640004FF4817202210E4804F0B8FAFEE7BB681D
:10365000B3FA83F3DBB2C3F11B03DAB27B68DB0B93
:10366000DBB20121009100210648FFF713FD00BFE6
:103670001037BD4680BD00BFEC88000028890000DF
:10368000F48800000030005080B586B002AF78604A
:103690000B46FB707B681B0BFB73124AFB7B03F52D
:1036A000007352F8233003F00303002B0ED10821DE
:1036B0000D4800F064FB1D210C4800F060FB4FF446
:1036C000A77202210A4804F079FAFEE7F97BFB7839
:1036D0000093012301220348FFF7C6FD00BF103706
:1036E000BD4680BD00300050EC88000070890000AD
:1036F000F488000080B586B002AF78600B46FB709E
:103700007B681B0BFB73124AFB7B03F5007352F8BB
:10371000233003F00303012B0ED108210D4800F0E4
:103720002EFB21210C4800F02AFB4FF4B672022137
:103730000A4804F043FAFEE7F97BFB780093002384
:1037400000220348FFF790FD00BF1037BD4680BD43
:1037500000300050EC880000A8890000F4880000C8
:1037600080B582B000AF78601621034800F007FBF7
:1037700000BF0837BD4680BDCC89000080B500AFD2
:10378000FFF7FEFD0346034A13600248FFF7E8FF18
:1037900000BF80BD1030002080B582B000AF7860DF
:1037A0000C220449786807F070FE00BF0837BD4658
:1037B00080BD00BF1030002080B483B000AF0C4B40
:1037C000DB687B607B689BB27B607B6823F00803CF
:1037D0007B607B6843F0BF6343F400337B60044A43
:1037E0007B68D36000BF0C37BD4680BC704700BF0C
:1037F00000ED00E080B500AF2E21024800F0BFFAD6
:1038000000BF80BDE489000080B483B000AF786061
:103810003960064A7B681360054A3B6813600023E1
:1038200018460C37BD4680BC704700BF1C300020D6
:103830002030002090B589B000AF7860544B1B68F1
:103840007A6852695A62524B1B687A6892699A6226
:103850004F4B1B687A68D269DA624D4B1B687A68F5
:10386000126A1A634A4B1B687A68526A5A63484B59
:103870001B687A68926A9A63454B1B687A68D26AB9
:10388000DA63434B1B687A68126B1A64404B1B68FF
:103890007A68526B5A603E4B1B687A68926B9A60EA
:1038A0003B4B1B687A68D26BDA60394B1B687A68CD
:1038B000126C1A61364B1B687A68526C5A61344B31
:1038C0001B687A68926C9A61314B1B687A68D26C7B
:1038D000DA612F4B1B687A68126D1A622C4B1B68D9
:1038E0007A68926D5A652A4B1B687A68D26D9A6520
:1038F000274B1B687A68126FDA65254B1B687A685C
:10390000126E1A66224B1B687A68926E5A66204BBA
:103910001B687A68526F9A661D4B1B68EFF38882AA
:103920007A617A695A641A4B1B68EFF38982BA612B
:10393000BA699A64164B1B687A685268DA64144B49
:103940001B68EFF39482FA61FA691A65104B1B68E1
:103950007A6812681A6707F108031846FFF71CFF18
:103960000B4B1B68BA68DA66094B1B6801221A7098
:10397000084B1B681C46640864002046214622460A
:10398000234607F02EFF00BF2437BD4690BD00BF81
:103990001C3000202030002080B5A0B000AF3B4696
:1039A0001846FDF7DDFE7B68002B14BF01230023C2
:1039B00087F87F3097F87F3083F00103DBB2002B6C
:1039C00015D17B68184602F01DF90346002B0ED175
:1039D0003B68052B01D0072B0BD100BF074B1B68A1
:1039E000002B07D03B461846FFF724FF02E000BF3C
:1039F00000E000BF8037BD4680BD00BF2030002002
:103A000080B400AFBFF34F8F00BF064BDB6803F4F9
:103A1000E0620449044B1343CB60BFF34F8F00BFF8
:103A200000BFFDE700ED00E00400FA0580B483B0BC
:103A300000AF134B1B68C3F30B037B60BFF34F8FC7
:103A400000BF104B1B683B60BFF34F8F00BFBFF33D
:103A50004F8F00BF7B68092B0CD13B68012B03D033
:103A60003B68022B02D003E0012304E0012302E0C3
:103A7000012300E0002318460C37BD4680BC704788
:103A80003001FF003401FF0090B58FB000AF7860C7
:103A9000396001237B6206233B627B685B680C2BE9
:103AA00003D13B685B68042B01D0022397E07B685D
:103AB0001B68FB613B681B68BB61BB694FF0FF3251
:103AC0001A6002237B63FB691B68002B03D0FB6930
:103AD0009B68002B01D1022381E0FB691B6819461A
:103AE000FB699A683B6A786A04F073FC78617B69C9
:103AF000002B01D0022372E000233B636BE03A4AC3
:103B00003B6B52F833303B61374A3B6BDB0013446D
:103B10005B68FB60FB695B683A699A4258D8FB694D
:103B20005A68FB699B681A443969FB680B449A42DE
:103B30004ED83B692D4A93423AD93B692C4A93426D
:103B400036D8FB695B68FB62FB691B68BB62294B6B
:103B5000BB60FB6A03F00303002B0DD1FB699B687C
:103B600003F00303002B07D1FB695A68FB699B68CC
:103B70001344BA689A4211D2032330E0FB6A1A1D3B
:103B8000FA62BC6A221DBA62184602F0DCF80346EB
:103B90002360FB699B681A1FFB699A60FB699B683D
:103BA000002BEBD1BB6900221A6000237B6315E078
:103BB000FB691868FB695B681946FB699B681A46D4
:103BC00007F063FCBB6900221A6000237B6305E0F9
:103BD0003B6B01333B633B6B032B90D97B6B1846EC
:103BE0003C37BD4690BD00BF148A0000FF7FFF0038
:103BF000FF8FFF000090FF0080B48FB000AF7860AF
:103C000039607B685B680C2B03D13B685B68042BD5
:103C100001D0022384E07B681B687B623B681B68E1
:103C20003B623B6A01221A6002237B6300233B63F1
:103C300072E03E4A3B6B1B0113441B68FB613B4A2D
:103C40003B6B1B01134404331B68BB6100237B6186
:103C50007B6A1B68FA699A425BD13B6A02221A604E
:103C60007B6A9B68BA699A4253D17B69002B36D034
:103C70002E4A3B6B1B01134408331B68002B2ED0CC
:103C8000002387F82F300023BB6219E0274A3B6BE3
:103C90001B01134408331A68BB6A9B0013441B685A
:103CA0003B617B6A5A687B6A9B6813403A699A4217
:103CB00003D1012387F82F3006E0BB6A0133BB62D2
:103CC000BB6A7A699A42E1D897F82F3083F00103F2
:103CD000DBB2002B03D03B6A03221A601FE0FB69B2
:103CE0001B68FB607B6A9B68DB43FA681340FB60E0
:103CF0007B6A5A687B6A9B681340FA681343FB60CF
:103D0000FB69FA681A603B6A00221A6000237B6331
:103D100005E03B6B01333B633B6B002B89D07B6B36
:103D200018463C37BD4680BC704700BF348A00004F
:103D300080B400AF00231846BD4680BC704780B5F4
:103D400000AFFFF7F5FF034683F00103DBB2002B62
:103D500080BD80B485B000AF78607B681B68FB6075
:103D6000BFF34F8F00BFFB68B3F1FF3F0CBF0123D0
:103D70000023DBB218461437BD4680BC704780B5BF
:103D800082B000AF7860396039687868FDF778FDF7
:103D9000034618460837BD4680BD80B483B000AFE7
:103DA00078607B689B0903F00103002B14BF01239B
:103DB0000023DBB218460C37BD4680BC704780B488
:103DC00083B000AF78607B6803F00803002B14BF5A
:103DD00001230023DBB218460C37BD4680BC704778
:103DE00080B584B000AF78607868FFF7D6FF0346EF
:103DF000002B11D07B6803F00403002B07D07868F8
:103E0000FFF7DDFF0346002B01D0012300E0002374
:103E100003F00103DBB219E0EFF39483BB60BB68EE
:103E200003F00203002B14BF01230023FB73FB7B71
:103E3000002B07D07868FFF7C2FF0346002B01D0A4
:103E4000012300E0002303F00103DBB21846103722
:103E5000BD4680BD80B588B000AFF860B9607A60BB
:103E6000F868FFF7BDFF0346FB77F868FFF795FF9B
:103E70000346002B06D0FB7F002B01D07B680DE0B2
:103E8000BB680BE0FB7F002B04D0EFF38983BB61A1
:103E9000BB6903E0EFF388837B617B6918462037B9
:103EA000BD4680BD80B584B000AF03463960FB716C
:103EB0003B685B681846FFF770FF3B685B68184615
:103EC000FFF77DFFEFF38883BB60EFF38983FB602F
:103ED00000BF1037BD4680BD80B483B000AF7860AE
:103EE0007B6803F06043B3F1005F0CBF0123002344
:103EF000DBB218460C37BD4680BC704780B400AFBB
:103F0000002343F001031846BD4680BC704780B5CE
:103F100084B000AF786039603B6803F164003B68AF
:103F2000596D3B689B6D1A46FDF742FD38683B684A
:103F3000643300221946FEF761F9F860FB68002B34
:103F400002DA6FF0010306E03B680022DA653B68A5
:103F500000221A66002318461037BD4680BD80B582
:103F600082B000AF78607B681846FEF771FA0023D4
:103F700018460837BD4680BD80B483B000AF034605
:103F80003960FB71FB79022B01D1002301E06FF056
:103F9000030318460C37BD4680BC704780B598B007
:103FA00000AFF860B9607A607B681846FEF7ACFA3B
:103FB000034683F00103DBB2002B02D04FF0FF3346
:103FC00048E0F868FFF788FF034683F00103DBB29F
:103FD000002B27D00023FB651FE0BA68FB6DD31AC6
:103FE000402B28BF40237B65FA68FB6DD11807F191
:103FF00010037A6D184607F048FA07F110037A6843
:10400000796D1846FFF7CAFF38653B6D002B01D06C
:104010003B6D1FE0FB6D4033FB65FA6DBB689A4258
:10402000DBD316E078680023BA68F968FEF73AFB3C
:10403000B865BB6D13F1100F02D16FF0010309E0F9
:10404000BB6D002B02DA4FF0FF3303E07B68BA68E8
:10405000DA65002318466037BD4680BD80B588B05C
:1040600000AFF860B9607A607B681846FEF74CFADA
:10407000034683F00103DBB2002B02D04FF0FF3385
:1040800052E07B68BA68F9681846FEF7DFFDF86110
:10409000FB6913F1100F02D16FF0010344E0FB69DB
:1040A000002B02DA4FF0FF333EE00323BB617B6855
:1040B000B9691846FEF7F2FCF861FB6913F1100FBD
:1040C00002D16FF001032FE0FB69002B02DA4FF001
:1040D000FF3329E000237B617B6807F1140211465E
:1040E0001846FEF7FBFEF861FB6913F1100FF3D0E1
:1040F000FB6913F1780F03D07B69BA689A4202D941
:104100004FF0FF3310E07B68012201211846FEF7D3
:10411000A5FEF861FB69002B02DA4FF0FF3303E0E4
:104120007B68BA681A66002318462037BD4680BDF2
:1041300080B485B000AFF860B9607A606FF00303B7
:1041400018461437BD4680BC704780B483B000AFBA
:1041500078607B68DB6D18460C37BD4680BC7047C5
:1041600080B483B000AF78607B681B6E18460C3754
:10417000BD4680BC704780B582B000AF78603960C2
:104180007B68152B0FD07B68162B19D13B684FF03D
:10419000FF329A663A683B68643319461046FEF768
:1041A000E9F803460DE03B684FF0FF325A663A6883
:1041B0003B68643319461046FEF7DCF8034600E01E
:1041C000002318460837BD4680BD80B586B000AFD5
:1041D000F860B9607A60FB68DBB27B617B69012BB8
:1041E00007D07B69002B22D07B69153B012B1ED8A1
:1041F00006E07A68B968F868FDF738FC034618E00D
:10420000BB68002B11D179687869FFF7B4FF38617A
:104210003B6913F1100F02D16FF0010309E03B6914
:10422000002B02DA4FF0FF3303E0002301E06FF0D0
:10423000030318461837BD4680BD80B483B000AF75
:1042400000237B607B6818460C37BD4680BC7047F6
:1042500080B483B000AF0346FB716FF003031846D0
:104260000C37BD4680BC704780B483B000AF0023DC
:104270007B607B6818460C37BD4680BC704780B4B5
:1042800083B000AF78607B681B0B5BB218460C37BD
:10429000BD4680BC704780B483B000AF78607B6857
:1042A0001B6800BF0C37BD4680BC704780B400AFB0
:1042B00000BFBD4680BC704780B400AF00BFBD46A4
:1042C00080BC704780B400AF00BFBD4680BC704763
:1042D00080B483B000AF786039603B6803F060431E
:1042E000B3F1005F0CBF01230023DBB218460C378B
:1042F000BD4680BC704780B483B000AF7860396041
:104300007A683B6813441B68002B14BF0123002309
:10431000DBB218460C37BD4680BC704780B582B012
:1043200000AF78600B467B807B887A68134400225C
:104330001A607B887A6813441846FFF7ACFF00BF09
:104340000837BD4680BD80B582B000AF78600B46AF
:104350007B807B8819467868FFF7CDFF03461846B7
:104360000837BD4680BD80B483B000AF7860396047
:104370007B68D3F800223B68134018460C37BD46D3
:1043800080BC704780B483B000AF786039607B68D0
:10439000D3F800223B681A437B68C3F8002200BFB1
:1043A0000C37BD4680BC704780B483B000AF7860E6
:1043B00039607B68D3F800223B68DB431A407B6896
:1043C000C3F8002200BF0C37BD4680BC704780B4E4
:1043D00083B000AF786039607B683A68C3F8042323
:1043E00000BF0C37BD4680BC704780B483B000AFBF
:1043F000786039607B68D3F804233B681340184623
:104400000C37BD4680BC704780B483B000AF786085
:1044100039607B683A68C3F8082300BF0C37BD4693
:1044200080BC704780B483B000AF78607B68D3F8FD
:10443000803418460C37BD4680BC704780B483B0CA
:1044400000AF786039607B683A68C3F8802400BFA9
:104450000C37BD4680BC704780B483B000AF786035
:104460007B680822C3F8002500BF0C37BD4680BC1E
:10447000704780B483B000AF78607B680022C3F8D7
:10448000002500BF0C37BD4680BC704780B483B0A8
:1044900000AF78607B68D3F80035082B0CBF012390
:1044A0000023DBB218460C37BD4680BC704780B491
:1044B00085B000AFF860B9607A60FB68BA68C3F88D
:1044C0000C25FB687A68C3F8142500BF1437BD4675
:1044D00080BC704780B582B000AF78604FF0FF328B
:1044E0004FF0FF317868FFF7E2FF00BF0837BD46A5
:1044F00080BD80B483B000AF78607B68D3F80C35A2
:1045000018460C37BD4680BC704780B483B000AFFE
:1045100078607B68D3F8143518460C37BD4680BCEC
:10452000704780B483B000AF78607B68D3F80835FB
:1045300018460C37BD4680BC704780B483B000AFCE
:1045400078607B68D3F8103518460C37BD4680BCC0
:10455000704780B485B000AFF860B9607A60FB68DE
:10456000BA68C3F80825FB687A68C3F8102500BF4D
:104570001437BD4680BC704780B582B000AF78600C
:104580004FF0FF324FF0FF317868FFF7E2FF00BFD6
:104590000837BD4680BD80B483B000AF78600B465D
:1045A000FB70FB787A68134401221A6000BF0C3755
:1045B000BD4680BC704780B483B000AF786039607E
:1045C0003B685A783B689B781343DAB23B681B78A8
:1045D0001343DBB21A467B68C3F86C2500BF0C3767
:1045E000BD4680BC704780B483B000AF786039604E
:1045F0007B683A68C3F8242500BF0C37BD4680BCF1
:10460000704780B483B000AF786039607B683A68E7
:10461000C3F8482500BF0C37BD4680BC704780B446
:1046200083B000AF786039603A687B68C3F844258E
:1046300000BF0C37BD4680BC704780B584B000AF6A
:10464000F860B9607A60B968F868FFF7E8FF7968E0
:10465000F868FFF7D6FF00BF1037BD4680BD80B4B5
:1046600083B000AF78607B68D3F8443518460C37C8
:10467000BD4680BC704780B483B000AF78607B6873
:10468000D3F84C3518460C37BD4680BC704780B413
:1046900083B000AF786039607B683A68C3F838252A
:1046A00000BF0C37BD4680BC704780B483B000AFFC
:1046B000786039603A687B68C3F8342500BF0C37EE
:1046C000BD4680BC704780B584B000AFF860B9606B
:1046D0007A60B968F868FFF7E8FF7968F868FFF76B
:1046E000D6FF00BF1037BD4680BD80B483B000AF99
:1046F00078607B68D3F83C3518460C37BD4680BCE3
:10470000704780B582B000AF786039603B681B6944
:1047100019467868FFF767FF3B68143319467868D5
:10472000FFF749FF3B68DB7D83F00103DBB2002B21
:1047300007D03B6819683B685B681A467868FFF7E2
:10474000B6FE3B681B7D012B0ED13B68DB7D83F001
:104750000103DBB2002B07D03B6899683B68DB683C
:104760001A467868FFF7F5FEFFF7A0FD00BF08378F
:10477000BD4680BD80B584B000AFF860B960114619
:104780001A460B46FB711346BB714FF48072B96831
:10479000F86800F0D7F94FF48272B968F86800F051
:1047A000D1F94FF48472B968F86800F0CBF94FF48E
:1047B0008872B968F86800F0C5F94FF48E72B9686C
:1047C000F86800F0BFF94FF49072B968F86800F02B
:1047D000B9F94FF49272B968F86800F0B3F94FF480
:1047E000A272B968F86800F0ADF94FF4A672B96822
:1047F000F86800F0A7F94FF4A872B968F86800F0FB
:10480000A1F94FF4AC72B968F86800F09BF9FFF7B2
:104810004DFDF868FFF733FD03461A46FB7919464C
:104820001046FDF737FBF868FFF729FD03461846E9
:10483000FDF7F0FABB79002B03D0B968F868FFF7F1
:10484000C6FDFFF733FD00BF1037BD4680BD80B504
:1048500082B000AF78607868FFF711FD0346184614
:10486000FDF7F4FAFFF722FD00BF0837BD4680BD13
:1048700080B582B000AF78603960FFF723FD7868BB
:10488000FFF737FE02463B681A607868FFF73DFE87
:1048900002463B685A607868FFF743FE02463B6871
:1048A0009A607868FFF749FE02463B68DA60FFF7D6
:1048B00003FD00BF0837BD4680BD80B582B000AFA4
:1048C00078607868FFF706FE7868FFF755FEFFF717
:1048D000EDFC00BF0837BD4680BD80B582B000AF9B
:1048E00078600B467B807B8819467868FFF716FD59
:1048F000FFF7DCFC00BF0837BD4680BD80B584B043
:1049000000AF78600B467B80FFF7D6FC7B881946AA
:104910007868FFF718FD0346FB73FFF7CDFCFB7BC0
:1049200018461037BD4680BD80B584B000AF7860B2
:104930003960FFF7C7FC39687868FFF714FDF86045
:10494000FFF7BAFCFB6818461037BD4680BD80B53E
:1049500082B000AF7860396039687868FFF712FD7F
:10496000FFF7A4FC00BF0837BD4680BD80B582B00C
:1049700000AF7860396039687868FFF715FDFFF798
:1049800095FC00BF0837BD4680BD80B582B000AF42
:104990007860396039687868FFF719FDFFF786FCA1
:1049A00000BF0837BD4680BD80B584B000AF7860D9
:1049B0003960FFF787FC39687868FFF716FDF86003
:1049C000FFF77AFCFB6818461037BD4680BD80B5FE
:1049D00082B000AF7860396039687868FFF714FDFD
:1049E000FFF764FC00BF0837BD4680BD80B584B0CA
:1049F00000AF7860FFF766FC7868FFF713FDF8609A
:104A0000FFF760FCF9687868FFF718FDFFF75AFCBC
:104A1000FB6818461037BD4680BD80B582B000AF38
:104A200078607868FFF718FDFFF740FC00BF083793
:104A3000BD4680BD80B582B000AF78607868FFF772
:104A400018FDFFF733FC00BF0837BD4680BD80B5B9
:104A500084B000AF7860FFF735FC7868FFF716FD8B
:104A60000346FB73FFF728FCFB7B18461037BD4657
:104A700080BD80B582B000AF78600B46FB70FB78DC
:104A800019467868FFF787FDFFF710FC00BF08376D
:104A9000BD4680BD80B584B000AFF860B9607A6073
:104AA000BB68002B06D07A68B968F868FFF7C5FDC7
:104AB000FFF7FCFB00BF1037BD4680BD80B584B05A
:104AC00000AF7860FFF7F8FB7868FFF7C8FDF86083
:104AD000FFF7F2FBFB6818461037BD4680BD80B576
:104AE00084B000AF7860FFF7E7FB7868FFF7C3FD9D
:104AF000F860FFF7E1FBFB6818461037BD4680BD44
:104B000080B584B000AFF860B9607A607A68B9683F
:104B1000F868FFF7D8FDFFF7C9FB00BF1037BD46A7
:104B200080BD80B584B000AF7860FFF7C5FB7868C2
:104B3000FFF7DBFDF860FFF7BFFBFB681846103797
:104B4000BD4680BD80B584B000AFF860B960134643
:104B5000FB80FB88A3F580739B0801229A40BB6809
:104B60001340002B04D0FB881946F868FFF7D6FBEA
:104B700000BF1037BD4680BD80B584B002AF7860FD
:104B80000023019300230093002301220121786870
:104B9000FDF742FA00BF0837BD4680BD80B584B03E
:104BA00002AF78600B46FB70FB7800220192002276
:104BB0000092002200217868FDF72EFA00BF083726
:104BC000BD4680BD80B584B002AF786000230193FC
:104BD000002300930023012200217868FDF71CFACE
:104BE00000BF0837BD4680BD80B584B000AF786097
:104BF0003B1D1846FDF7CAF9F8607B68012202FAEE
:104C000003F31946F86800F004F800BF1037BD46FA
:104C100080BD80B483B000AF786039607B683A684B
:104C20009A6000BF0C37BD4680BC704780B485B029
:104C300000AF78607B685B09FB600023BB60FB68AA
:104C4000002B12D14FF0FF33BB607B6803F01F03D2
:104C50007B60BA687B6822FA03F303F00103002B40
:104C600014BF01230023DBB200E0002318461437F1
:104C7000BD4680BC704780B485B000AF78607B686B
:104C80001B68FB60FB6803F01F027B681A60FB680F
:104C90005B0918461437BD4680BC704780B582B0AA
:104CA00000AF78607868FFF767FFFFF7FFFA00BF93
:104CB0000837BD4680BD80B582B000AF78600B4636
:104CC000FB70FB7819467868FFF768FFFFF7EEFA8C
:104CD00000BF0837BD4680BD80B582B000AF7860A8
:104CE0007868FFF76FFFFFF7E1FA00BF0837BD46AE
:104CF00080BD80B582B000AF78607868FFF774FF40
:104D0000FFF7D4FA00BF0837BD4680BD80B588B034
:104D100000AF78607B680433FB617B681B6807F138
:104D20000C0211461846FFF7A3FDFB69DB6C03F08C
:104D30008073002B04D07B681B681846FFF7BDFD0D
:104D4000FB69DB6C03F00073002B25D0FB68B3F12B
:104D5000FF3F03D0FB681846FFF7BEFF3B69B3F186
:104D6000FF3F03D03B691846FFF7B6FFFB69DB6CDA
:104D700003F00063002B0FD0BB69B3F1FF3F03D0FA
:104D8000BB691846FFF7A8FF7B69B3F1FF3F03D06B
:104D90007B691846FFF7A0FF00BF2037BD4680BDE6
:104DA00080B586B000AF78607B681B6803F26453FF
:104DB000FB607B681B6803F5AD63BB60BB681B6869
:104DC000012B05D17B681B680C211846FFF751FEAB
:104DD000FB681B68012B29D17B681B681846FFF70D
:104DE0001CFE7B681B6804211846FFF742FE002367
:104DF000FB7549F640433B61FB681B68002B02D101
:104E00000123FB7508E00120FDF79CF83B69013B9D
:104E10003B613B69002BEFD17B681B681846FFF7AD
:104E2000E5FD7B681B681846FFF704FE00BF1837D6
:104E3000BD4680BD80B584B000AF78604FF0FF31D3
:104E40007868FFF7B1FDF860F9687868FFF7BFFD93
:104E5000FB6818461037BD4680BD80B582B000AFF4
:104E60007860396039687868FFF78FFD00BF0837D0
:104E7000BD4680BD80B582B000AF78600B46FB7048
:104E80004FF4AC717868FFF739FD0346002B0DD164
:104E9000FB7883F00103DBB2002B09D04FF4907153
:104EA0007868FFF72BFD0346002B01D0012300E0BB
:104EB000002303F00103DBB218460837BD4680BD6E
:104EC00080B584B000AF78604FF4A6717868FFF7C2
:104ED00015FD0346002B3AD07868FFF79EFD0421AC
:104EE0007868FFF7C6FD0023FB736423BB604FF4B3
:104EF000A2717868FFF702FD0346002B07D14FF43B
:104F000092717868FFF7FAFC0346002B02D0012368
:104F1000FB7308E00A20FDF715F8BB68013BBB6096
:104F2000BB68002BE3D14FF4A6717868FFF7D5FC7E
:104F30004FF488717868FFF7D0FC4FF4A27178685D
:104F4000FFF7CBFC7868FFF775FDFB7B00E00123E2
:104F500018461037BD4680BD80B586B000AF78607A
:104F60000B46FB700023FB737868FFF756FD07F1D3
:104F70000F03002219467868FFF78CFD0821786836
:104F8000FFF777FD0C217868FFF773FD0023FB75B1
:104F90000A233B6101217868FFF76CFF0346002B71
:104FA00002D00123FB7508E00120FCF7CBFF3B6931
:104FB000013B3B613B69002BECD1FB7D83F001039E
:104FC000DBB2002B01D0002308E04FF49071786829
:104FD000FFF783FC7868FFF72DFD0123184618378B
:104FE000BD4680BD80B584B000AFF860B9607A601E
:104FF000FB707A68B968F868FFF74CFD4FF4907160
:10500000F868FFF76AFC4FF4AC71F868FFF765FCCD
:105010004FF4A871F868FFF760FCF868FFF7FDFC33
:10502000FB78002B04D04FF48001F868FFF7ADFC4B
:105030000821F868FFF71DFD00BF1037BD4680BD91
:1050400080B483B000AF78607B68DB6C1B0B03F02F
:105050000103002B14BF01230023DBB218460C37D9
:10506000BD4680BC704780B582B000AF78603960C3
:105070004FF4AC717868FFF741FC0346002B0BD06E
:105080003868FFF7DDFF034683F00103DBB2002B36
:1050900002D07868FFF7CEFC00BF0837BD4680BD60
:1050A00080B584B000AF786039603B68DB6C03F09A
:1050B0000103002B14BF01230023BB730123FB73E7
:1050C00000BFBB7B19467868FFF7D4FE034683F028
:1050D0000103DBB2002BF4D1FDF772FFBB7B83F041
:1050E0000103DBB2002B1AD04FF490717868FFF700
:1050F00005FC0346002B0FD00C217868FFF7B9FCA4
:1051000000BF01217868FFF7B5FE034683F0010375
:10511000DBB2002BF5D10FE00023FB730CE04FF462
:10512000AC717868FFF7EAFB034683F00103DBB25A
:10513000002B01D00023FB73FB7B002B03D03968CD
:105140007868FFF790FFFDF74BFF00BF1037BD46B3
:1051500080BD80B588B000AFF860B9607A60FB7040
:10516000FB781946F868FFF785FE0346FB77F86879
:10517000FFF7B5FCB861F868FFF7A0FC7861FB7F2A
:10518000002B04D17A69BB689A4200D1E8E77A69BA
:10519000BB689A4206D17A68BB699A4202D94FF03D
:1051A000FF3300E000233B613B69002B09D1FB7812
:1051B00083F00103DBB2002B03D00C21F868FFF76A
:1051C00058FC3B6918462037BD4680BD80B588B085
:1051D00000AFF860B9601346FB71BB68DB6C03F08D
:1051E0000103002B14BF01230023DBB21946F8682A
:1051F000FFF740FE034683F00103DBB2002B0DD026
:10520000BB68DB6C43F004031A46BB68DA644FF4F6
:105210008001F868FFF7B9FB00232FE0FB79002B32
:105220001BD0BB68DA6ABB681B6CD21ABB68DB6B2D
:10523000934228BF13467B61BB68986BBB689A6A30
:10524000BB681B6C13447A69194606F01EF9BB68EB
:105250009B6BFB617B69BB6105E0BB689B6AFB6183
:10526000BB68DB6ABB61BB684FF0FF325A64012345
:10527000BA69F969F868FFF7B5FE012318462037C7
:10528000BD4680BD80B588B000AFF860B9607A6077
:105290003B60FB6804337B617B695B68002B06D055
:1052A0003B6803F00203002B01D0012300E0002340
:1052B000FB74FB7C03F00103FB740023FB61FB7CAC
:1052C000002B03D07B699B6B002B05D07B69DB6CCB
:1052D00003F01003002B02D04FF0FF3335E0002322
:1052E000BB612DE0BA68BB691344FA7C1946F868C3
:1052F000FDF732F9F861FB69002B05D0FB6913F16A
:10530000100FEFD0FB6920E000BF7B695B68002BCA
:1053100013D17B69DB6C03F00803002B0DD07B6994
:105320004C33D3E8EF1F21F00801C3E8E21F002A45
:10533000F7D14FF0FF33FB6106E0BB690133BB617E
:10534000BA697B689A42CDD3FB6918462037BD46BF
:1053500080BD80B586B000AF78600B46FB7007F16A
:10536000080300221A605A609A60DA60FB783B7288
:105370007B685B687A68116807F1080210469847F5
:1053800000BF1837BD4680BD80B586B000AF7860DD
:10539000396007F1080300221A605A609A60DA60E7
:1053A00004233B723B68FB607B685B687A6811682A
:1053B00007F108021046984700BF1837BD4680BD68
:1053C00080B588B000AFF860B9607A6007F110036B
:1053D00000221A605A609A60DA6001233B74BB684D
:1053E0007B617B68BB61FB685B68FA68116807F1E9
:1053F00010021046984700BF2037BD4680BD80B4DC
:1054000083B000AF78607B684C33D3E8EF1F21F4A2
:105410007F0121F47041C3E8E21F002AF5D100BFEB
:105420000C37BD4680BC704780B582B000AF786055
:105430004FF4AC717868FFF761FA034683F001031B
:10544000DBB2002B07D14FF480017868FFF7ACFA8C
:105450000346002B01D0012300E0002303F00103E9
:10546000DBB218460837BD4680BD80B582B000AFBC
:105470007860FDF7A5FD7868FFF7D6FF034683F057
:105480000103DBB2002B02D07868FFF7D3FAFDF7F7
:10549000A7FD00BF0837BD4680BD80B58CB000AF0A
:1054A000F860B9607A60FB70002387F82F30FB68E2
:1054B0001B6ABB6297F82F3083F00103DBB2002B2D
:1054C00005D07A68B968F868FFF77AFF49E0BB6AE7
:1054D0001B68002B44D0BB6A1A68BB6A9B6A1344E2
:1054E0007A68B968184605F0D0FFBB6A9A6A7B688B
:1054F0001A44BB6A9A62BB6A5A68BB6A9B6A9A4240
:105500000CBF0123002387F8273097F82730002BA2
:1055100002D1FB78002B24D0BB6A1B683B62BB6ABC
:105520009B6AFB61BB6A00229A62BA6ABB6A083353
:1055300093E8030082E80300BB6A00229A60BB6A1A
:105540000022DA60BB6A5B68002B03D0BB6A0122D1
:1055500083F82D20FA69396AF868FFF731FF00E017
:1055600000BF3037BD4680BD80B586B000AF7860E3
:1055700039603B68DB69002B01D101236EE03B6899
:10558000DA693B68DB689A424DD33B689B687B6174
:105590003B68DB683B613B6800229A603B68002205
:1055A000DA603B689B693A691946786905F06DFFD6
:1055B0003B68DA693B69D21A3B68DA613B689869F3
:1055C0003B689A693B69D1183B68DB691A4605F06C
:1055D00041FF3B685B68002B23D03B68DB6C03F426
:1055E0000053002B14BF01230023FB73FB7B002B14
:1055F00009D03B684C33D3E8EF1F41F48021C3E866
:10560000E21F002AF7D100233A6979693868FFF769
:1056100044FFFB7B002B04D0002239687868FDF73B
:1056200013FA00231AE03B6898683B6899693B6865
:10563000DB691A4605F029FF3B68DA693B685A6264
:105640003B680022DA613B684C33D3E8EF1F41F43A
:105650000021C3E8E21F002AF7D1012318461837BA
:10566000BD4680BD80B586B000AFF860B9607A6095
:105670003B6000237B61BB689B68002B0BD0BB6841
:105680005B68002B4DD14FF48871F868FFF736F94D
:105690000346002B45D0BB689B68002B04D04FF419
:1056A0008871F868FFF719F9BB687A689A60BB6877
:1056B0003A68DA60B968F868FFF756FF0346002BCE
:1056C0004DD0BB689A68BB685B6AD118BB68DA6862
:1056D000BB685B6AD31A1A46F868FFF711FABB6811
:1056E000DB6C03F48053002B39D0BB684C33D3E818
:1056F000EF1F21F48021C3E8E21F002AF7D1002127
:10570000F868FFF7B6F94FF4A271F868FFF7F6F8FA
:105710000346002B23D04FF4A271F868FFF7DDF8A1
:105720001DE0BB681B69002B15D1BB687A681A6144
:10573000BB683A685A613A687968F868FFF7E0F937
:10574000BB68DB6C03F48043002B09D02021F86890
:10575000FFF7FDF804E06FF00F037B6100E000BF8E
:105760007B6918461837BD4680BD80B582B000AF52
:10577000786039603B68DB6C03F40043002B03D195
:105780003B680022DA613AE04FF4A6717868FFF7CF
:10579000A4F83B689B69052219467868FFF7B0F9C1
:1057A0004FF488717868FFF798F82C217868FFF734
:1057B00060F900BF4FF488717868FFF79FF80346DF
:1057C00083F00103DBB2002BF4D14FF488717868C9
:1057D000FFF783F84FF4A6717868FFF78FF8034658
:1057E000002B04D07868FFF79CF9034600E0002303
:1057F0003A68D3614FF4A6717868FFF76EF80837FE
:10580000BD4680BD80B582B000AF7860396000BF12
:105810004FF4A2717868FFF771F8034683F0010333
:10582000DBB2002BF4D14FF4A6717868FFF755F87E
:105830004FF488717868FFF750F84FF4A2717868D8
:10584000FFF74BF839687868FFF78FFF7868FFF744
:105850000CFE3B6800229A603B6800221A6138689F
:10586000FFF7CDFD00BF0837BD4680BD80B489B0CD
:1058700000AF786039607B681B68FB610023FB76B2
:105880003B685B6803F01F03002B01D0012354E049
:10589000FB691B681B0ADBB27B613B681B687A698A
:1058A0009A4201D8012348E0FB695B683B61FB69D0
:1058B00000225A603B681B68DAB2FB699A603B6859
:1058C0005B6823F01F03FB603B689B7CDB0003F0FD
:1058D0001803FA681343FB603B685B7C5B0003F0D2
:1058E0000603FA681343FB603B681B7C03F001036B
:1058F000FA681343FB60FB69FA68DA603B689B68EF
:10590000013B23F01F03BB603B68DB685B0003F0D7
:105910000E03BA681343BB60BB6843F00103BB606E
:10592000FB69BA681A61FB693A695A60BFF34F8F25
:1059300000BFBFF36F8F00BFFB7E18462437BD4604
:1059400080BC704780B487B000AF786039607B68F6
:105950001B687B610023FB747B695B68FB607B6970
:1059600000225A603B68DAB27B699A607B69002248
:10597000DA607B6900221A617B69FA685A60FB7CF5
:1059800018461C37BD4680BC704780B586B000AF56
:1059900078607B681B683B613B691B681B0ADBB254
:1059A000FB6000237B6106E079697868FFF7CAFF36
:1059B0007B6901337B617A69FB689A42F4D30023E7
:1059C00018461837BD4680BD80B483B000AF7860FC
:1059D0007B681B6800BF0C37BD4680BC704780B435
:1059E00083B000AF786039607A683B6813441B6805
:1059F000002B14BF01230023DBB218460C37BD4631
:105A000080BC704780B582B000AF78600B467B8069
:105A10007B887A68134400221A607B887A68134472
:105A20001846FFF7D1FF00BF0837BD4680BD80B5DF
:105A300082B000AF78600B467B807B88194678681F
:105A4000FFF7CDFF034618460837BD4680BD80B43A
:105A500083B000AF786039607B683A68C3F804238C
:105A600000BF0C37BD4680BC704780B485B000AF26
:105A700078600B46FB700023FB73FB7B18461437E2
:105A8000BD4680BC704780B483B000AF78607B684F
:105A9000DB0318460C37BD4680BC704780B483B02A
:105AA00000AF78607B680133DB03013B18460C379D
:105AB000BD4680BC704780B400AF00231846BD4689
:105AC00080BC704780B400AF1F231846BD4680BC21
:105AD000704780B400AF4FF400431846BD4680BC09
:105AE000704780B483B000AF78607B6803F57F4374
:105AF000C0335B0318460C37BD4680BC704780B48A
:105B000083B000AF78607B6803F57F43C1335B03EC
:105B1000013B18460C37BD4680BC704780B400AFCF
:105B200040231846BD4680BC704780B400AF5F2359
:105B30001846BD4680BC704780B400AF4FF4005398
:105B40001846BD4680BC704780B582B000AF0023C8
:105B50007B6003F0D1FC78607B68002B02D045F2BB
:105B6000235300E0002318460837BD4680BD80B5AA
:105B700082B000AF02F0CEFC78607B68002B01D0D1
:105B80007B680CE0FFF7E0FF78607B68002B01D0BA
:105B90007B6804E0FDF710FEFDF72CFE002318469D
:105BA0000837BD4680BD80B400AF00231846BD460F
:105BB00080BC704780B500AFFDF7EEFE72B600BF47
:105BC00020BFFDE780B483B000AF78607B68002B16
:105BD00002D14AF2C53303E07B6800221A70002329
:105BE00018460C37BD4680BC704780B400AF002318
:105BF0001846BD4680BC704780B400AF00BFBD46AC
:105C000080BC704780B483B000AF78607B689B092C
:105C100003F00103002B14BF01230023DBB218465D
:105C20000C37BD4680BC704780B500AFFDF7E8FE7D
:105C300080B588B000AF786039602623FB612323EC
:105C4000BB6101237B617B685B68082B03D13B68E8
:105C50005B68042B01D002233CE07B681B683B613E
:105C60003B681B68FB60FB684FF0FF321A603B69C2
:105C70001B68002B03D03B695B68002B01D102231A
:105C800028E03B691B681946FB697422786902F0B9
:105C9000A0FBB860BB68002B01D002231AE03B696F
:105CA0005B681946BB690422786902F092FBB86010
:105CB000BB68002B01D002230CE03B691A683B69EA
:105CC0005B6819461046FDF79FFD03461A46FB68C0
:105CD0001A60002318462037BD4680BD80B584B0C9
:105CE00000AFF860B9607A60FB68042B15D0FB68E0
:105CF000042B18DCFB68002B03D0FB68012B06D0BB
:105D000011E07968B868FDF7BFFE03460CE07968DA
:105D1000B868FDF771FF034606E07968B868FFF7D9
:105D200087FF034600E0032318461037BD4680BDB9
:105D300080B483B000AF78607B681B6818460C376E
:105D4000BD4680BC704780B586B000AF7860EFF389
:105D50001083FB60FB68012B0CBF01230023FB7544
:105D6000FDF764FE0346002B07D0FB7D83F00103A3
:105D7000DBB2002B01D072B600BF7B681846FFF77C
:105D8000D7FF3861FDF752FE0346002B0AD0BFF360
:105D90004F8F00BFFB7D83F00103DBB2002B01D0EE
:105DA00062B600BF3B6918461837BD4680BD00008B
:105DB00080B485B000AF786039600B23FB60FB686E
:105DC0005A1EFA601A463B6813440A221A70FB688E
:105DD0005A1EFA601A463B6813440D221A700EE0F0
:105DE0007B6803F00F02FB6839680B4410498A5C3A
:105DF0001A70FB68013BFB607B681B097B60FB68DA
:105E0000012BEDDCFB685A1EFA601A463B6813440E
:105E100078221A70FB685A1EFA601A463B681344CF
:105E200030221A7000BF1437BD4680BC704700BFD7
:105E3000448A000080B584B000AF43F65C23FB6069
:105E40004FF0FF33BB60234802F0D2F9B860BB6863
:105E5000002B02D06FF0FC0337E0FFF788FEB8603C
:105E6000BB68002B02D06FF0FC032EE021211A4802
:105E7000FDF785FFFFF797FEF860FB68002B02D067
:105E80006FF0FC0321E0FB1D1846FFF79BFEF86056
:105E9000FB68002B02D06FF0FC0316E0FB79002BAF
:105EA00008D0FFF7A2FEF860FB68002B02D06FF06D
:105EB000FC030AE0FFF7A0FE02F094F93521074841
:105EC000FDF75DFF01F028FD002318461037BD46A1
:105ED00080BD00BFDC290020548A0000788A0000C1
:105EE00080B582B000AF4FF0FF337B6001F0A6FEBB
:105EF0000A4B184601F093FEFFF79CFF78607B6821
:105F0000002B01D001F054FE01F014F800F0DAF992
:105F1000002318460837BD4680BD00BF000400209E
:105F200080B485B000AF78600023FB60134B5B68E2
:105F3000BB601AE0BB681B685B687A689A420FD145
:105F4000FB68002B0AD0BB689A68FB689A600B4B11
:105F50005A68BB689A60094ABB685360BB6808E02E
:105F6000BB68FB60FB689B68BB60BB68002BE1D132
:105F7000002318461437BD4680BC7047E029002036
:105F800080B582B000AF786039607B68002B0DD19E
:105F900008211A48FDF7F3FE1D211948FDF7EFFE11
:105FA0009B220221174801F009FEFEE77B681B686F
:105FB0009B6803F48063002B03D0B3F5806F09D096
:105FC00011E07B681B68DB683A689A420ED96FF073
:105FD000FA030FE07B681B68DB683A689A4207D0D7
:105FE0006FF0FA0306E06FF0FA0303E000BF00E091
:105FF00000BF002318460837BD4680BDB08A0000A8
:10600000BC8A0000B88A000080B588B000AFF86094
:10601000B9601346FB710023BB61BB68002B0DD137
:1060200008212548FDF7ABFE1C212448FDF7A7FEFB
:10603000B6220221224801F0C1FDFEE7FB79002BC8
:1060400009D0BB681B689B6803F48073002B2DD1BB
:106050006FF0FC032BE01B4B1B68BB61BB69002B83
:1060600001D101F0A5FDBB691B6838337B610023BA
:10607000FB610AE0FB699B007A6913441B68FA68BC
:106080009A4209D0FB690133FB61BB691B689A69BD
:10609000FB699A42EED800E000BFBB691B689A69B1
:1060A000FB699A4202D16FF0FC0300E0002318461E
:1060B0002037BD4680BD00BFB08A0000DC8A0000EA
:1060C000B88A0000702A002080B58CB000AFF8605C
:1060D000B9607A60FB68002B0DD108213248FDF7CA
:1060E0004EFE18213148FDF74AFEDB2202213048DE
:1060F00001F064FDFEE7BB68002B02D16FF0800366
:106100004DE0BB6803F08043002B46D0BB6803F032
:106110001F03FB62274AFB6A52F82330BB62BB6A4B
:10612000002B02D16FF0800339E0BB6A1B685B680B
:106130007B6200F0ABF8034687F8233097F82330F2
:106140001A46B96A786AFFF75FFFF861FB69002BAE
:1061500002D06FF0810322E0BB681B12DBB2BB618F
:10616000B969B86AFFF70CFF0346002B02D06FF045
:10617000800314E002F025F878617B69002B02D1DE
:106180006FF082030BE07A68B96A786900F014F85E
:10619000FB687A691A60002301E06FF080031846FB
:1061A0003037BD4680BD00BFB08A0000F88A0000CD
:1061B000B88A0000E829002080B584B000AFF860FC
:1061C000B9607A60FB68002B0ED108211E48FDF7EC
:1061D000D6FD19211D48FDF7D2FD40F24F120221D4
:1061E0001B4801F0EBFCFEE7BB68002B0ED1082139
:1061F0001548FDF7C4FD19211448FDF7C0FD4FF403
:10620000A8720221124801F0D9FCFEE7FB680C33AA
:1062100030220021184605F07EF9FB68BA689A60C2
:106220000C4B1A68FB685A60FB687A685A61F86818
:1062300001F0A2FF0246FB681A61FB6800221A60A7
:1062400000BF1037BD4680BDB08A0000108B000033
:10625000B88A0000702A002080B483B000AF0A4BD7
:106260001B687B607B68002B07D07B681B68002B5A
:1062700003D07B681B685B6800E0002318460C377E
:10628000BD4680BC704700BF702A002080B582B038
:1062900000AF0B4B1B687B607B68002B01D101F0CA
:1062A00087FC7B681B689B6803F44063002B14BF6A
:1062B00001230023DBB218460837BD4680BD00BF6E
:1062C000702A002080B584B000AF4FF0FF33FB6030
:1062D00001F071FF194B00225A60194B00225A60DD
:1062E00000F08EFD154800F073F8B860BB68002B15
:1062F0001CD08023134A1249B86801F0E3FC78608F
:10630000B86801F083FDBB681A68BB68043319469E
:10631000104600F05BFEF860FB68002B01D001F036
:1063200047FC7968B86800F0A3FCDBE700BF00F029
:10633000CDFC034618461037BD4680BD682A0020B4
:10634000E0290020E829002080B582B000AF0A4B88
:106350001B687B60084B1B682033074A1360064BA1
:106360001A68064B1B689A4201D901F021FC7B6830
:1063700018460837BD4680BD242100202821002072
:1063800080B584B000AF78600F4B1B68FB607B6802
:10639000002B01D1002313E07A6813465B001344FD
:1063A0009B001A46084B1B681344074A1360064BB0
:1063B0001A68064B1B689A4201D901F0F9FBFB6889
:1063C00018461037BD4680BD2C210020302100200A
:1063D00080B586B000AF78607B68002B01D101F0FA
:1063E000E7FB6A4B1B6813F1310F07D8674B1B683B
:1063F00003F13002664B1B689A4201D30023C1E0CF
:10640000624B1B683B61614B1B68D9433B699869D0
:106410003B69DA6913469B00134418443B691A6AC6
:1064200013465B00134418443B695A6A1346DB0069
:106430009B1A03440E339B0099421CD33B69996914
:106440003B69DA6913469B00134419443B691A6A95
:1064500013465B00134419443B695A6A1346DB0038
:106460009B1A0B440E339A00484B1B681A44484B46
:106470001B689A4201D901F09BFB3B691B681B0C0E
:106480001B04444A934201D001F092FB3B691B6814
:106490009BB2B3F5817F01D301F08AFB3B695B6856
:1064A000002B01DA01F084FB3B699A6A3B69DB6AE5
:1064B0009A4201DD01F07CFB3B699B6803F4406379
:1064C000002B36D03B699B6A002B09DA3B69DB6AFB
:1064D000002B05DA3B699A6A3B69DB6A9A4201DD67
:1064E00001F066FB7B685B687B611FE07B691B6872
:1064F0009B6803F44063002B14D07B691B689B6A84
:10650000FB607B691B68DB6ABB603B69DB6AFA681E
:106510009A4208DC3B699B6ABA689A4203DB01F045
:1065200047FB00E000BF7B69DB697B617B69002B77
:10653000DCD1FFF709FF78617B693A691A603B6932
:1065400099693B69DA6913469B00134419443B6916
:106550001A6A13465B00134419443B695A6A13468E
:10656000DB009B1A0B440E339A00084B1B68134444
:10657000064A13607B685A687B69DA617B687A69CE
:106580005A607B6918461837BD4680BD1C21002023
:106590002021002000005F5F80B584B000AF7860EC
:1065A0000023FB6034E07A68FB680A339B001344E5
:1065B0005B68002B28D07B68DA6FFB68DB00134434
:1065C0001A687968FB6816339B000B445B689A4233
:1065D0000DD008211248FDF7D2FB19211148FDF713
:1065E000CEFBD1220221104801F0E8FAFEE77B68D9
:1065F000DA6FFB68DB001A447968FB681A339B008A
:106600000B445B68536000E000BFFB680133FB6034
:10661000FB68032BC7D900BF00BF1037BD4680BD44
:106620002C8B0000388B0000348B000080B59CB0B0
:1066300000AFF860B9607A603B604FF0FF333B66B3
:1066400000237B66BB681B0E03F00703FB65BB687A
:106650001B0C03F00703BB65984B1B687B65BB688D
:106660001BB23B653B6D002B02DA6FF0800351E1FA
:10667000FB683A6DDA60BB681BB21A46BB6893428E
:1066800001D1002346E1BB6DDB43FA6D9A4204D889
:10669000FA6DBB6D1344042B02D96FF0800339E10E
:1066A000BB68002B01DA20237B667B6D5868796814
:1066B000FB6DDA007B6E43F0020301F08AFE386660
:1066C0003B6E002B02D06FF0800323E107F1300313
:1066D00020220021184604F01EFFFB6DDA0007F1AE
:1066E00030037968184604F0D0FE7B6D586839682D
:1066F000BB6DDA007B6E43F0060301F06AFE38667C
:106700003B6E002B02D06FF0800303E107F1100312
:1067100020220021184604F0FEFEBB6DDA0007F1CE
:1067200010033968184604F0B0FE0023FB663AE017
:10673000FB6E0133BB662FE0BB6EDB0070333B4466
:1067400053F8402CBB6EDB0070333B4453F83C3CA9
:106750001A44FB6EDB0070333B4453F8403C9A42D2
:1067600017D9BB6EDB0070333B4453F8402CFB6EF3
:10677000DB0070333B4453F8401CFB6EDB0070338E
:106780003B4453F83C3C0B449A4202D26FF08003E6
:10679000C0E0BB6E0133BB66BB6EFA6D9A42CBD8CC
:1067A000FB6E0133FB66FB6E01331A46FB6D9342B1
:1067B000BED8BB6803F00063002B01D020237B66AA
:1067C000FB681C3310220021184604F0A4FEFB686D
:1067D0002C3310220021184604F09DFE0023FB6696
:1067E0003CE07B6D5868FB6EDB0070333B4453F834
:1067F000403C1946FB6EDB0070333B4453F83C2CA5
:106800007B6E43F0020301F0E4FD38663B6E002B23
:1068100002D06FF080037DE0FB6EDB0070333B4401
:1068200053F83C2CF968FB6E06339B000B445A600E
:10683000FB6EDB0070333B4453F8402CF968FB6E71
:106840000E339B000B445A60FA68FB6E12339B00B8
:10685000134400225A60FB6E0133FB66FB6EFA6D37
:106860009A42BED87B6E202B09D1BB68002B06DB79
:10687000BB6803F40023002B01D100237B660023B7
:10688000FB663FE07B6D5868FB6EDB0070333B447A
:1068900053F8603C1946FB6EDB0070333B4453F801
:1068A0005C2C7B6E43F0060301F093FD38663B6E73
:1068B000002B05D06FF080032CE000BF702A002071
:1068C000FB6EDB0070333B4453F85C2CF968FB6EC5
:1068D0000A339B000B445A60FB6EDB0070333B4471
:1068E00053F8602CF968FB6E16339B000B445A601A
:1068F000FA68FB6E1A339B00134400225A60FB6E49
:106900000133FB66FB6EBA6D9A42BBD8FB683A68EE
:10691000DA67002318467037BD4680BD80B58AB05F
:1069200000AFF860B9607A603B6000237B62324B55
:106930001B683B624FF0FF33FB61F86801F084F99C
:1069400078627B6A002B01D101F032F97B6ADB6847
:10695000002B01DA01F02CF9BB68032B01D901F0FF
:1069600027F97A6ABB6806339B0013445A68796A30
:10697000BB6812339B000B445B68D31ABB61BB69D5
:10698000002B01D1002333E03B6A58687968062365
:106990003A6801F01EFDF861FB69002B01D001F09F
:1069A00007F9BA693B68934228BF13467B617A6A4C
:1069B000BB680E339B0013445A68796ABB68123374
:1069C0009B000B445B6813447A691946786804F0AD
:1069D0005CFD7A6ABB6812339B0013445A687B697A
:1069E0001A44796ABB6812339B000B445A607B6976
:1069F00018462837BD4680BD702A002080B588B073
:106A000000AFF860B9607A603B600023FB612F4BF8
:106A10001B68BB614FF0FF337B61F86801F014F92C
:106A2000F861FB69002B01D101F0C2F8FB69DB685A
:106A3000002B01DA01F0BCF8BB68032B01D901F08F
:106A4000B7F8FA69BB680A339B0013445A68F969BE
:106A5000BB681A339B000B445B68D31A3A689A42AE
:106A600001D901F0A5F8BB695868796802233A6832
:106A700001F0AFFC78617B69002B01D001F098F840
:106A8000FA69BB6816339B0013445A68F969BB68FE
:106A90001A339B000B445B6813443A6879681846C4
:106AA00004F0F3FCFA69BB681A339B0013445A687C
:106AB0003B681A44F969BB681A339B000B445A605F
:106AC000002318462037BD4680BD00BF702A002035
:106AD00080B582B000AF78607B6803F00703002BBD
:106AE0000DD008210E48FDF74AF917210D48FDF792
:106AF00046F9942202210C4801F060F8FEE77B6819
:106B0000083B7B607B68094A1A607B6804331A463D
:106B1000064B13607B6818460837BD4680BD00BF32
:106B2000548B0000748B00005C8B0000A5EDF5FE1B
:106B300080B584B000AF78607B68002B0DD07B6897
:106B40009B68002B09D07B689B681B68002B04D0D6
:106B50007B689B685B68002B02D16FF080032CE0A0
:106B60007B689B685B68FB60FB687A689A61154A82
:106B7000FB681360FB685B69002B13D1FB681B6823
:106B8000DB68002B0BD0FB681B68DB680020984794
:106B9000B860BB68002B02DA6FF080030DE0FB6881
:106BA00001225A617B689B681B681B691A467B68D7
:106BB0000C3318469047B860BB6818461037BD467E
:106BC00080BD00BF702A002080B483B000AF786021
:106BD00039607B685B68044A13603B6818460C3771
:106BE000BD4680BC704700BF702A002080B586B0CB
:106BF00000AF78601C4B1B683B611C4B5B687B6182
:106C000027E07B691B689B6803F40073002B1AD193
:106C10007B695B69012B18D0134A7B6913607B6920
:106C20001B68DB68002B0AD07B691B68DB680020CF
:106C30009847F860FB68002B01DA00F0B9FF7B6928
:106C400001225A6102E000BF00E000BF7B69DB69FE
:106C50007B617B69002BD4D1034A3B6913607B685D
:106C600018461837BD4680BD702A0020682A0020CB
:106C700080B584B000AF786039607B681B68FB60CA
:106C80007B6800229A617B6800225A61FB689B68DE
:106C900003F44063002B12D0FB689B6803F400638D
:106CA000002B09D07B681B689A6A7B681B68DB6ACB
:106CB0001946104600F060F8034A7B68136000BF75
:106CC0001037BD4680BD00BF702A002080B586B059
:106CD00000AF234B1B687B617B69002B0DD1082122
:106CE0002048FDF74CF813211F48FDF748F89E2275
:106CF00002211E4800F062FFFEE77B691B683B61D2
:106D00003B699B6803F44063002B01D100F050FF06
:106D100000F0DAFA0346FB603B6930331A683B69DE
:106D20001B69134423F007031846FFF7D1FEB86030
:106D30003B6930331B68073323F007037B607968B6
:106D4000B86801F0B1F90A493B69DA68094BF8689B
:106D500001F070FC002318461837BD4680BD00BF07
:106D6000702A0020548B0000608B00005C8B0000B8
:106D7000ED6B0000F80B002080B483B000AF7860AA
:106D80003960054A7B681360034A3B68536000BF63
:106D90000C37BD4680BC7047742A002080B487B091
:106DA00000AF786039603B68002B02D14FF0FF33B1
:106DB0001EE07B68002B02DB4FF0FF3318E00F4B27
:106DC0001B687B610D4B5B683B617A693B69D31A39
:106DD000013BFB607A68FB689A4202DA4FF0FF33AE
:106DE00006E03B695A1C7B681A443B681A60002322
:106DF00018461C37BD4680BC704700BF742A00206F
:106E000090B583B000AF084C00F048FA0346A36089
:106E100000F04EFA03467B607B6883F3888800BFEE
:106E200000BF0C37BD4690BD00ED02E080B582B0DA
:106E300000AF78607B68002B0DD108210A48FCF771
:106E40009EFF14210948FCF79AFF6122022108489D
:106E500000F0B4FEFEE77B6803221A6001F07DF9C2
:106E600000BF0837BD4680BD8C8B0000988B0000AA
:106E7000948B000080B483B000AF03463960FB718F
:106E800097F90730002B0ADB3B68DAB20C4997F917
:106E900007305201D2B20B4483F800230AE03B686A
:106EA000DAB20849FB7903F00F03043B5201D2B276
:106EB0000B441A7600BF0C37BD4680BC704700BF3C
:106EC00000E100E000ED00E0EFF308807146EFF331
:106ED0000982EFF30B830CB406B400F003FE864680
:106EE000009900F0080001F00801401A02DC12DBF2
:106EF00004B070471EF020031CBF2DE9F00FBDF158
:106F0000080D0B4C254626462746A046A146A2461C
:106F1000A34630B4704704B030BC1EF020031CBF41
:106F20001DF1080DBDE8F00F04B0704700BF000070
:106F3000A5EDF5FE80B584B000AF174BFB60FB6894
:106F4000DB68BB60BB68DB431B0C1B047B60BB685E
:106F50009AB27B68134343F48042FB68DA600021F5
:106F60006FF00B00FFF786FF00216FF00A00FFF7BC
:106F700081FF00216FF00800FFF77CFF00216FF018
:106F80000400FFF777FF03216FF00100FFF772FFA6
:106F900000BF1037BD4680BD00ED00E0009A0A4BEF
:106FA0009A420FD10122904301460246034604460D
:106FB0000546064607468046814682468346844605
:106FC00086460447FEE700BFA5EDF5FE80B590B00C
:106FD00000AF786039607B68002B02D03B68002BE3
:106FE00002D143F6DA33AFE000233B63012387F895
:106FF0002F307B689B6803F44063002B14BF012390
:10700000002387F82E3097F82F305B0003F002033F
:107010003B6397F82E303A6B13433B633B683A6B04
:107020001A600023FB6388E07B689B699A007B6899
:10703000D1187B68DA6913469B0013449B000B440C
:107040003833BB62FA6B13465B0013449B001A464D
:10705000BB6A13449B6803F00803002B67D000232E
:1070600087F83B3000237B6315E0394A7B6B52F88D
:107070002310FA6B13465B0013449B001A46BB6A4D
:1070800013441B68994203D1012387F83B3005E084
:107090007B6B01337B637B6B012BE6D997F83B302D
:1070A00083F00103DBB2002B02D043F6DA334BE06E
:1070B000FA6B13465B0013449B001A46BB6A1344E9
:1070C0001B687B627B6A1B68002B32D07B6A1B6863
:1070D00001211846FCF7D8FA97F82F3083F0010306
:1070E000DBB2002B26D01B4B1B685A1C19490A60C7
:1070F000FB607B6A1B683B617B6A5B687B6100238A
:10710000BB6101237B770023BB7701233B7707F12A
:107110000C0319461048FEF7A9FB034687F82330F5
:1071200097F82330002B05D043F6DA330CE000BF8C
:1071300000E000BFFB6B0133FB637B681B6AFA6BEB
:107140009A42FFF471AF002318464037BD4680BD18
:10715000AC8B00007C2A00203421002080B586B052
:1071600000AF4548FEF711FC444B1B685A1C4349CD
:107170000A603B60424BDB687B60414B1B69BB6034
:107180000123FB6003237B740023BB7400233B7447
:107190003B4619463848FEF769FB0346FB75FB7D05
:1071A000002B02D043F6DA3362E0344B1B685A1CE2
:1071B00032490A603B60334B7B60334BBB60012339
:1071C000FB6003237B740023BB7400233B743B46AA
:1071D00019462948FEF74AFB0346FB75FB7D002B49
:1071E00002D043F6DA3343E0244B1B685A1C234990
:1071F0000A603B60254B7B60254BBB600123FB6035
:1072000003237B740023BB7400233B743B46194665
:107210001948FEF72BFB0346FB75FB7D002B02D0C4
:1072200043F6DA3324E0154B1B685A1C13490A60F5
:107230003B60184B7B60184BBB600223FB60012353
:107240007B740023BB7401233B743B4619460A48F8
:10725000FEF70CFB0346FB75FB7D002B02D043F6CB
:10726000DA3305E0012201210348FBF7E3FE0023A6
:1072700018461837BD4680BD342100207C2A0020E6
:10728000B48B0000008D000020BA0000200F000029
:10729000200F0000001C0020201C002080B400AF44
:1072A000024B1B681846BD4680BC7047B48B00007B
:1072B00080B400AF034B1B681B681846BD4680BCFA
:1072C000704700BFB48B000080B400AF034B1B6855
:1072D00004331B681846BD4680BC7047B48B000061
:1072E00080B483B000AF0346FB7197F90730002BE1
:1072F0000CDBFB7903F01F02074997F907305B09A4
:10730000012000FA02F2603341F8232000BF0C375D
:10731000BD4680BC704700BF00E100E080B500AF13
:10732000FCF72CFAFCF772F8064B5B68DBB2103BFB
:10733000DBB25BB21846FFF7D3FF00F039FC00BFA9
:1073400080BD00BF00ED00E080B483B000AF034615
:107350003960FB7197F90730002B0ADB3B68DAB222
:107360000C4997F907305201D2B20B4483F800233D
:107370000AE03B68DAB20849FB7903F00F03043BEB
:107380005201D2B20B441A7600BF0C37BD4680BC06
:10739000704700BF00E100E000ED00E080B500AF05
:1073A00000216FF00800FFF7CFFF044B5B6A034A30
:1073B00043F4702353620023184680BD00ED00E0C3
:1073C00080B483B000AF094BDB687B607B689BB205
:1073D0007B607A68064B13437B60044A7B68D3600A
:1073E000002318460C37BD4680BC704700ED00E016
:1073F0000800FA0580B483B000AF0346FB7197F92B
:107400000730002B0BDBFB7903F01F02064997F9CD
:1074100007305B09012000FA02F241F8232000BF87
:107420000C37BD4680BC704700E100E080B483B0FB
:1074300000AF0346FB7197F90730002B0CDBFB799B
:1074400003F01F02074997F907305B09012000FA92
:1074500002F2603341F8232000BF0C37BD4680BCE8
:10746000704700BF00E100E080B483B000AF034686
:10747000FB7197F90730002B24DB154A97F9073089
:107480005B09A03352F82310FB7903F01F0301229C
:1074900002FA03F3DA430E4897F907305B090A4012
:1074A000A03340F823200A4A97F907305B09A0333C
:1074B00052F82320FB7903F01F0322FA03F303F0B1
:1074C000010300E0002318460C37BD4680BC70471E
:1074D00000E100E080B400AF044B1B68034A23F0D6
:1074E0000103136000BFBD4680BC7047D0ED00E0D3
:1074F00080B483B000AF134B1B68C3F30B037B60F6
:10750000BFF34F8F00BF104B1B683B60BFF34F8F23
:1075100000BFBFF34F8F00BF7B68092B0CD13B68C6
:10752000012B03D03B68022B02D003E0012304E0CF
:10753000012302E0012300E0002318460C37BD467A
:1075400080BC70473001FF003401FF0080B584B07B
:1075500000AFF8607A601A460B46FB721346BB72A6
:10756000FB7AFA689033DB0013445B6803F0010395
:10757000002B0ED008211148FCF701FC18211048FF
:10758000FCF7FDFB40F2913202210E4800F016FBA1
:10759000FEE7FA7AFB689032796843F83210BB7ADA
:1075A000002B06D0FB7AFA689033DB0013440122EB
:1075B0005A6000BF1037BD4680BD00BFD08B0000B1
:1075C000DC8B0000D88B000080B584B000AFF86081
:1075D0007A601A460B46FB721346BB72FB7AFA6856
:1075E0009833DB0013445B6803F00103002B0ED0DB
:1075F00008211148FCF7C3FB18211048FCF7BFFB1A
:107600004FF4687202210E4800F0D8FAFEE7FA7AC9
:10761000FB689832796843F83210BB7A002B06D0A9
:10762000FB7AFA689833DB00134401225A6000BFEA
:107630001037BD4680BD00BFD08B0000F48B00002A
:10764000D88B000080B500AF40F20111024800F075
:10765000ACFF00BF80BD00BF0090035080B500AFFD
:10766000FFF738FF034B1B68024A43F00203136025
:1076700000BF80BDD0ED00E080B584B002AFFBF765
:10768000F3FE00237B607B6843F004037B607B6830
:1076900043F001037B60012300937B6801224FF6D6
:1076A000FF710020FBF71AFF00237B607B6843F02B
:1076B00004037B607B6843F002037B607B6843F0DC
:1076C00001037B60012300937B68012223494FF073
:1076D0000050FBF72DFF00237B607B6843F0040321
:1076E0007B607B6843F002037B607B6843F00103AF
:1076F0007B601B4B58681A4B9968012300937B6889
:107700000022FBF7EBFE012300937B680022154962
:107710001548FBF70DFF124BDA68114B1B69013B53
:1077200019461046FBF732FF00237B607B6843F06D
:1077300004037B607B6843F002037B60084B58695D
:10774000074B9969012300937B680022FBF7C6FE73
:10775000002318460837BD4680BD00BFFF7F0020CC
:10776000B48B0000FFFF03200080002080B582B0B2
:1077700000AF0023FB71F979012300220348FFF7D2
:10778000E5FE00BF0837BD4680BD00BF0030005099
:1077900080B582B000AF00233B6000237B600EE029
:1077A0007B68D9B27B689B0008333B4453F8082CB4
:1077B00001230748FFF708FF7B6801337B607B6884
:1077C000002BEDD000BF00BF0837BD4680BD00BF15
:1077D0000030005080B582B000AF00237B600AE02B
:1077E000094A7B6852F8233000211846FBF782FFD4
:1077F0007B6801337B607B681C2BF1D900BF00BF25
:107800000837BD4680BD00BF0C8C000080B582B03B
:1078100000AF0023FB7109E0134AFB79A0334FF05E
:10782000FF3142F82310FB790133FB71FB790F2BF9
:10783000F2D900233B600BE00C4A3B6852F823303E
:107840001B0B5BB21846FFF70FFE3B6801333B6032
:107850003B68002BF0D00920FFF706FE00231846F6
:107860000837BD4680BD00BF00E100E038210020A0
:1078700080B582B000AFFBF759FD00237B6014E0B8
:107880000E4A7B6852F823301B0B5BB21846FFF799
:10789000CDFD0A4A7B6852F823301B0B5BB21846B9
:1078A000FFF7A8FD7B6801337B607B68002BE7D086
:1078B000002318460837BD4680BD00BF3821002090
:1078C00080B586B000AF0346FB714FF0FF333B61DC
:1078D0000123FB60FEF7C0FCB86001237B6110E070
:1078E0000C4A7B6952F83330BA689A4206D1FB7968
:1078F0000F22934202D100233B6106E07B690133F2
:107900007B617A69FB689A42EAD33B69184618376B
:10791000BD4680BD808C000080B400AF034B0122C7
:107920001A6000BFBD4680BC704700BF802A00209F
:1079300080B588B000AF78607B681B68FB777B6898
:1079400004331B68BB617B6808331B68FB82214BD7
:107950001B683B614FF0FF33FB603B695868B969B6
:10796000FA8A062300F035FDF860FB68002B04D08E
:107970007B686FF086021A6029E0174B1B68012BA9
:1079800004D07B686FF086021A6020E0FB7F184607
:10799000FFF796FF0346002B04D07B686FF086024A
:1079A0001A6014E0FB8A032B04D87B686FF0860210
:1079B0001A600CE0BB69BB60BB6842F216021A8019
:1079C000BB6804225A807B6800221A6000BF2037FF
:1079D000BD4680BD702A0020802A002080B500AFFF
:1079E0000C4BD3E900230C480B498B4208BF824261
:1079F0000DD008210948FCF7C2F91B210848FCF703
:107A0000BEF9A7220221074800F0D8F8FEE700BF20
:107A100080BD00BFF80B0020A5EDF5FE888C0000AE
:107A2000D08C0000908C000080B586B000AFF8606C
:107A3000B9607A603B604FF0FF337B61FB68032BDA
:107A400014D0FB68032B38D8FB68002B03D0FB68ED
:107A5000022B0FD031E0FEF735FCB860FFF7BEFF18
:107A60001D4BB968184600F0E0FD2FE07868FFF77D
:107A70005FFF2BE0194B1B683B613B6958687B68D3
:107A800019687B6804331A68022300F0A2FC78614D
:107A90007B69002B0ED17B681B681A467B68043318
:107AA0001B6819461046FCF76AF903461A467B68BC
:107AB0001A600BE000F07CF808E0FA681C21084826
:107AC00000F07CF87B686FF083021A60BB68184690
:107AD0001837BD4680BD00BFF80B0020702A00207B
:107AE000948C000080B586B000AFF860B9607A6011
:107AF0002023FB75FB683B61BB6803F00803002B88
:107B000006D0BB6803F00403002B01D07B683B6107
:107B1000B86800F09CFD0346002B12D0B86800F056
:107B2000A8FD034683F00103DBB2002B02D03B69C2
:107B300028333B613B6918331B68023B1B78FB759C
:107B400001E000F035F8BB6803F00803002B0CBF20
:107B500001230023DAB2FB7D03F04003002B14BFA6
:107B600001230023DBB25340DBB2002B01D000F035
:107B70001FF8FB7D03F0A003002B07D1F87DFB6805
:107B80003A69B968FFF750FF03460AE0FB7D1A46E1
:107B90001F21064800F012F83B696FF083021A605B
:107BA000BB6818461837BD4680BD00BFB08C0000CA
:107BB00080B500AFFDF7FEFF00BF80BD80B58AB085
:107BC00000AFF860B9607A6000237B62FB68002B2D
:107BD0000CD0BB68002B09D0B968F868FCF7CFF867
:107BE00078627B6A002B01DA7B6A14E007F11403E8
:107BF00019467868FEF7DCF807F114030C211846E3
:107C0000FCF7BDF838623B6A002B01DA3B6A02E000
:107C10007A6A3B6A134418462837BD4680BD80B453
:107C200085B000AF78607B68FB60FB6883F30A88EF
:107C300000BF00BF1437BD4680BC704780B400AFA2
:107C400000BFBD4680BC704780B584B000AF78608F
:107C5000786800F09CFAF860F86800F0B9FA03461A
:107C6000002B01D000230DE0FEF7F6FAB860FB68A8
:107C70009B685B681B685B68BA689A4201D0002306
:107C800000E0FB6818461037BD4680BD80B584B063
:107C900000AF0346FB71FB79002B03D000F01DFA07
:107CA000F86002E0FEF7D8FAF860FB79FA68D20FC4
:107CB000D2B2934201D0FFF77BFFFB681846103722
:107CC000BD4680BD80B58CB000AFF860B9607A6009
:107CD0003B600023BB62FB68002B02D0BB68002B1B
:107CE00001D1FFF765FFFB681B687B627B6A9B69BC
:107CF0009A007B6A134438333B627B6ADB6918461F
:107D0000FEF73EFBF8610023FB6272E0FA6A13465D
:107D10009B0013449B001946FA6A13465B00134408
:107D20009B001A46FB6913443A6A0A441A60FA6ACD
:107D300013465B0013449B001A46FB691344FA6820
:107D40005A60FA6A13465B0013449B001A46FB69AB
:107D5000134400229A60FA6A13469B0013449B0066
:107D60001A463B6A13449B68BB61BB6903F400730A
:107D7000002B26D07B68002B05D03B68002B02D05F
:107D80003B68802B01D0FFF713FFBB69DBB27B613F
:107D90007B691F2B06D87B699B007A6813441B689C
:107DA000002B01D0FFF704FFFA6A13465B0013446F
:107DB0009B0019467B699B007A681344FA690A4460
:107DC0001A60FA6A13465B0013449B001A46FB696B
:107DD0001344BA6852689A60FA6A13465B00134407
:107DE0009B001A46FB691A44BB685A60FB6A013360
:107DF000FB627B6ADB69FA6A9A4202D2FB69002B5A
:107E000084D1BB6A18463037BD4680BD80B483B08C
:107E100000AF786000BF0C37BD4680BC704780B4AF
:107E200083B000AFEFF3108372B67B607B681846B7
:107E30000C37BD4680BC704780B483B000AF78601B
:107E40007B6883F3108800BF0C37BD4680BC704749
:107E500080B582B000AF78607B6813F1810F03D0EA
:107E60007B6813F1820F09D1FEF710FA034683F005
:107E70000103DBB2002B01D0FFF79AFE00BF0837E9
:107E8000BD4680BD80B485B000AFF860B9607A604F
:107E90007B6801221A70FB6802221A60BB681846D0
:107EA0001437BD4680BC704780B588B000AF78609D
:107EB00039600023FB6100233B610023FB7378687A
:107EC000FFF7C2FEB861BB69002B01D1FFF770FE5E
:107ED000BB699B687B617B69002B01D1FFF768FE62
:107EE000BB69DB6813F1020F25D0B3F1FF3F25D149
:107EF0003B68002B02D17B68FB6137E03B6813F1E4
:107F0000820F08D107F10F031A463968B869FFF7E5
:107F1000B9FFF8612AE03B6813F1830F08D107F13C
:107F20000F031A463968B869FFF7ACFFF8611DE026
:107F3000FFF73EFE1AE00123FB7317E0BB69DB6825
:107F4000002B11DB3B68FB61B869FEF725FB7B6901
:107F50001B689B6803F40073002B07D0BB690222E7
:107F60001A600123FB7301E0FFF722FEFB6913F1A6
:107F7000810F05D1BB695B69002B01DBFFF718FEA0
:107F8000FFF74DFF03463B61F969B869FEF71CFE38
:107F9000F8613B691846FFF74FFFBB691B68022B6E
:107FA00002D0BB6900221A60FB7B002B05D0BB69A5
:107FB00000221A60B869FEF739FFFB6918462037BE
:107FC000BD4680BD80B500AFFDF7F4FD6FF08303C3
:107FD000184680BD80B588B000AFF860B9607A609F
:107FE0003B60FEF753F90346FB77FB7F1846FFF72C
:107FF0004DFEB86107F11003BA69F9681846FEF73B
:1080000063F878617B69002B01D07B691DE03869DA
:108010003B687A68B968FEF709FB78617B69002BD9
:108020000AD0FB6803F08043002B03D03B6918465D
:10803000FEF7FCFE7B6908E03B691846FEF778FD19
:1080400078613B6901221A607B6918462037BD467A
:1080500080BD80B400AF40F201131846BD4680BC1D
:10806000704780B584B000AF7860FEF70FF9034623
:10807000FB737868FDF754FFB860BB68002B01D133
:1080800000230DE0FB7B1A46B9687868FDF7BCFF5A
:108090000346002B01D0002302E0BB681B68DB68AD
:1080A00018461037BD4680BD80B485B000AF7860FB
:1080B00039607B68BB60BB6883F3098800BF3B689D
:1080C000FB60FB6883F30B8800BFBFF36F8F00BFBB
:1080D00000BF1437BD4680BC704780B582B000AF8A
:1080E0004FF0FF337B603B4619467868FEF756FE3B
:1080F0000346002B01D0002300E03B6818460837F8
:10810000BD4680BD80B483B000AFEFF30B837B60CE
:108110007B6818460C37BD4680BC704780B485B07C
:1081200000AF78607B68FB60FB6883F30B8800BF5F
:1081300000BF1437BD4680BC704780B582B000AF29
:10814000FFF7E0FF78607B6880331846FFF7E6FFB3
:108150007B6818460837BD4680BD80B582B000AF49
:10816000FFF7D0FF78607B68803B1846FFF7D6FFAB
:1081700000BF0837BD4680BD80B483B000AF7860D3
:108180004FF4805318460C37BD4680BC704780B50D
:1081900084B000AF78607B68B3F5805F01D00023C6
:1081A00005E0FFF7AFFF0346803BFB60FB68184626
:1081B0001037BD4680BD80B400AF00BFBD4680BC57
:1081C000704780B500AFFFF7B8FF0346184680BD83
:1081D00080B483B000AF7860002318460C37BD46EA
:1081E00080BC704780B400AF00BFBD4680BC704704
:1081F00080B582B000AF7860FFF730FAFFF73CFA45
:108200000346002B02D043F6DA3313E000F000FA05
:108210000346002B02D043F6DA330BE0FEF79EFF55
:108220000346002B02D043F6DA3303E07B680222D8
:108230001A60002318460837BD4680BD90B591B03E
:1082400000AFF860B9607A60FB687B627B6A43E8E4
:1082500000F3BB61BB693B62FA68BB681344013B36
:10826000BB62BB6A43E800F37B617B69FB6197F803
:108270002330BB63FB7F7B63FB683B63FDF71BFC29
:108280000246BB6B93424BD3FDF71CFC02467B6B53
:10829000934245D8B86BFDF701FC02463B6BD31AFD
:1082A0000133FB623B6B7A68F96A184602F076FF8D
:1082B0000346002B01D1002387E0BB6B0133FB6336
:1082C00015E0FB6B1846FDF7DEFB38633C6BFDF7F2
:1082D00000FC03467A681946204602F05FFF034619
:1082E000002B01D1002370E0FB6B0133FB63FB6BC0
:1082F0007A6B9A42E5D8786BFDF7C5FB3863FA686C
:10830000BB681A443B6BD31AFB623B6B7A68F96A11
:10831000184602F043FF0346002B55D1002354E0DA
:10832000FDF7FCFB0246BB6B93424BD3FDF7FDFB15
:1083300002467B6B934245D8B86BFDF7E0FB0246E3
:108340003B6BD31A0133FB623B6B7A68F96A1846C0
:1083500002F024FF0346002B01D1002335E0BB6B64
:108360000133FB6315E0FB6B1846FDF7BAFB38637E
:108370003C6BFDF7E1FB03467A681946204602F0A4
:108380000DFF0346002B01D100231EE0FB6B0133E0
:10839000FB63FB6B7A6B9A42E5D8786BFDF7A1FB28
:1083A0003863FA68BB681A443B6BD31AFB623B6BB9
:1083B0007A68F96A184602F0F1FE0346002B03D1F1
:1083C000002302E0002300E0012318464437BD46A5
:1083D00090BD80B58EB000AFF860B9607A603B6048
:1083E00000237B637B68002B01D100238EE0BB68F8
:1083F000002B02D14CF2DA2388E03B6803F006033D
:10840000062B04D17B6B43F001037B630CE03B68DC
:1084100003F00203002B04D07B6B43F008037B6363
:1084200002E04CF2DA2371E03B6803F02003002BFA
:1084300003D07B6B43F012037B63FB6803F0020302
:10844000002B03D17B6B43F004037B63FB6803F0D9
:108450000103002B18D0EFF39483FB62FB6A3B62AD
:1084600097F8203003F00103DBB2002B04D07B6BC4
:1084700043F004037B6303E07B6B23F004037B6323
:108480007B6B43F012037B63BB687A6B7968184699
:1084900002F084FE0346002B14BF01230023DBB24D
:1084A0003B633B6B002B2AD1BB687B627B6A43E852
:1084B00000F37B617B69FB61BA687B681344013B15
:1084C000BB62BB6A43E800F33B613B69BB61BB7FB6
:1084D00023F07F03DBB2002B11D0BB7E23F07F03A0
:1084E000DBB2002B0BD0FA7FFB7E9A4207D0BB6831
:1084F0007A6B79681846FFF7A1FE03463B633B6B36
:10850000002B01D0002301E06FF07F0318463837BD
:10851000BD4680BD80B582B000AF43F65C237B6072
:10852000FEF73CFF78607B68002B02D043F6DA331D
:1085300028E0FEF745FF78607B68002B02D043F609
:10854000DA331FE000F057F878607B68002B02D028
:1085500043F6DA3316E062B600BFF9F7B7F9FFF772
:1085600055F978607B68002B02D043F6DA3309E0D6
:10857000FFF77EF978607B68002B02D043F6DA3390
:1085800000E0002318460837BD4680BDEFF30880A1
:10859000EFF309812DE9F00F6B467246F9F7F0F819
:1085A00008B0FEF7BBFEFEE700BF80B582B000AFAB
:1085B00078600B467B80FEF79BFF0346002B11D0B3
:1085C0007B88002B0ED1FAF7FBFCBFF36F8F00BF47
:1085D0007B680022C3F84025BFF36F8F00BFFAF716
:1085E000FFFC04E07A887B68C3F8402500BF00BF29
:1085F0000837BD4680BD80B400AF00BF1846BD46F9
:1086000080BC704780B500AFFFF71CF800BF80BD8D
:1086100080B500AFFFF7DEF8FFF7A8F8FFF7B8F86E
:10862000FFF7F0FF0023184680BD04460D46A5461F
:10863000284700BF83F3088896460222EFF314838D
:10864000134383F31488BFF36F8F084700BF80B4D0
:1086500083B000AF78607B689B0903F00103002BB7
:1086600014BF01230023DBB218460C37BD4680BC83
:10867000704780B483B000AF78607B685B0903F01B
:108680000103002B14BF01230023DBB218460C3773
:10869000BD4680BC70470000464154414C204552C5
:1086A000524F523A20000000486172644661756C76
:1086B000740D0A004D656D4D616E616765206661E0
:1086C000756C740D0A0000004275734661756C7418
:1086D0000D0A000055736167654661756C740D0A7B
:1086E000000000005365637572654661756C740D1A
:1086F0000A000000526573657276656420457863F0
:10870000657074696F6E2000506C6174666F726D75
:108710002065787465726E616C20696E7465727222
:1087200075707420284952516E293A2000000000CB
:108730004173736572743A002C00000073746469AD
:108740006F5F696E6974000004020202010000009C
:108750000E000002000000010F000003451A000097
:10876000FD3E0000291D0000491D00005D1D0000A8
:10877000811D0000A51D000031410000C91D000041
:10878000DD1D0000F11D00003B42000051420000D1
:10879000694200004173736572743A002C00000056
:1087A0006E72665F6770696F5F70696E5F706F721F
:1087B000745F6465636F6465000000000000000082
:1087C0000338FDD8704700006E7266785F7561727D
:1087D00074655F696E6974006E7266785F75617248
:1087E00074655F7265636F6E6669677572650000B8
:1087F0006E7266785F75617274655F756E696E69B9
:10880000740000006E7266785F75617274655F69EE
:108810006E69745F636865636B000000706F6C6CF9
:108820005F6F7574000000006E7266785F7561722C
:1088300074655F74780000006E7266785F756172AF
:1088400074655F74785F696E5F70726F677265736D
:10885000730000006E7266785F75617274655F7494
:10886000785F61626F7274006E7266785F756172B4
:1088700074655F72785F656E61626C650000000010
:108880006E7266785F75617274655F72785F62752B
:10889000666665725F736574000000006E726678CC
:1088A0005F75617274655F72785F61626F72740088
:1088B0006E7266785F75617274655F72785F7265FB
:1088C000616479004173736572743A002C00000092
:1088D0006E7266785F637269746963616C5F7365F9
:1088E0006374696F6E5F65786974000041737365C6
:1088F00072743A002C0000006E72665F7370755FD0
:10890000666C617368726567696F6E5F736574002A
:108910006E72665F7370755F72616D726567696FA5
:108920006E5F7365740000007370755F72656769D0
:108930006F6E735F666C6173685F636F6E666967A5
:108940005F6E6F6E5F7365637572655F63616C6C9C
:1089500061626C65000000006E72665F7370755F27
:10896000666C6173686E73635F736574000000000A
:108970007370755F7065726970686572616C5F6352
:108980006F6E6669675F73656375726500000000EE
:108990006E72665F7370755F70657269706865721C
:1089A000616C5F73657400007370755F70657269E8
:1089B00070686572616C5F636F6E6669675F6E6F2A
:1089C0006E5F73656375726500000000506C6174C2
:1089D000666F726D20457863657074696F6E3A0DCD
:1089E0000A000000416C6C2070696E73206861762B
:1089F00065206265656E20636F6E66696775726576
:108A000064206173206E6F6E2D7365637572650DE2
:108A10000A0000000002FF002C0000003001FF00EF
:108A2000080000004001FF000C0000000881FF006A
:108A3000F8020000FFFFFFFF000000000000000040
:108A40000000000030313233343536373839414296
:108A5000434445461B5B313B33346D426F6F746951
:108A60006E672054462D4D2076322E322E301B5B01
:108A7000306D0D0A000000001B5B313B33346D5B31
:108A8000536563205468726561645D205365637546
:108A9000726520696D61676520696E697469616CD2
:108AA000697A696E67211B5B306D0D0A000000005A
:108AB0004173736572743A002C00000074666D5F38
:108AC00073706D5F636865636B5F636C69656E741B
:108AD0005F76657273696F6E0000000074666D5F8B
:108AE00073706D5F636865636B5F617574686F72E7
:108AF000697A6174696F6E0073706D5F6765745F2A
:108B000069646C655F636F6E6E656374696F6E0038
:108B100073706D5F696E69745F69646C655F636FC4
:108B20006E6E656374696F6E00000000417373655B
:108B300072743A002C0000007570646174655F63A4
:108B4000616C6C65725F6F75747665635F6C656E82
:108B5000000000004173736572743A002C0000003D
:108B60006261636B656E645F73797374656D5F7268
:108B7000756E0000617263685F7365616C5F746835
:108B8000726561645F737461636B00004173736548
:108B900072743A002C00000073706D5F6672656538
:108BA0005F636F6E6E656374696F6E003C210020B9
:108BB000442100200000010000000100FF7F0F00A1
:108BC00000FC00000000010000800F00FFDF0F002C
:108BD0004173736572743A002C0000006E72665F18
:108BE0007370755F647070695F636F6E6669675FED
:108BF000736574006E72665F7370755F6770696F1E
:108C00005F636F6E6669675F736574000040005054
:108C1000005000500080005000A0005000B00050F4
:108C200000E0005000F00050000001500010015022
:108C30000040015000500150007001500080015070
:108C400000B0015000C0015000D0015000E00150C0
:108C500000F00150000002500010025000200250AD
:108C6000003002500040025000600250008002506C
:108C700000A00250009003500025845000A0035033
:108C8000000000000F0000004173736572743A0029
:108C90002C000000556E6B6E6F776E2053504D2088
:108CA000535643207265717565737465643A20008C
:108CB000556E6B6E6F776E20535643206E756D62E6
:108CC0006572207265717565737465643A20000081
:108CD00074666D5F617263685F636865636B5F6D27
:0B8CE00073705F7365616C696E670064
:108D00000348044B834202D0034B03B1184770471A
:108D10002C2200202C220020000000000548064BD9
:108D20001B1AD90F01EBA301491002D0034B03B169
:108D3000184770472C2200202C2200200000000041
:108D400010B5064C237843B9FFF7DAFF044B13B193
:108D50000448AFF300800123237010BD4029002098
:108D6000000000000CBA000008B5044B1BB1044918
:108D70000448AFF30080BDE80840CFE700000000E2
:108D8000442900200CBA0000A3F5803A704700BFC8
:108D9000174B002B08BF134B9D46FFF7F5FF002133
:108DA0008B460F461348144A121A02F0B4FB0E4BBE
:108DB000002B00D098470D4B002B00D09847002087
:108DC000002104000D000D48002802D00C48AFF32C
:108DD000008002F05BFA20002900FDF781F802F024
:108DE00041FA00BF00000800000000000000000081
:108DF000F80B00202C220020E038002000000000AA
:108E000000000000009A084B9A4208D110B502F009
:108E1000C5FB02F061FA06BC96460C46744702F0A8
:108E20002AFC00BF18460000A5EDF5FE009A084B8D
:108E30009A4208D110B502F0C8FB02F04DFA06BC08
:108E400096460C46744702F016FC00BF1846000018
:108E5000A5EDF5FE0CB4029A094B9A420CD14FF0E5
:108E6000004319430CBC10B500F026F802F034FAA8
:108E700006BC96460C46744702F0FDFB00BF184640
:108E8000A5EDF5FE009A054B9A4202D10449086807
:108E9000744702F0F0FB00BF18460000A5EDF5FE98
:108EA00034B80000009A034B9A4200D1744702F094
:108EB000E2FB00BFA5EDF5FE80B58AB000AFF8601B
:108EC000B9607A603B60EFF30583BB61BB697B618E
:108ED000BB8AC3F308039BB2002B01D0FEF768FEE8
:108EE000104B1B683B623B687A68B968F868FFF70B
:108EF00071F878620B4B1B68FB613A6AFB699A4216
:108F000008D0FB699B691B69796A1846FEF7CCFF9C
:108F1000786202E0786AFEF79BFF7B6A1846283782
:108F2000BD4680BD702A002080B58AB000AFF860D1
:108F3000B9601346FB7100237B6200233B6107F19C
:108F4000140300221A605A60BB683B620023FB6175
:108F5000FB79642B0CD1BB68002B09DA2D21F86852
:108F600002F09FFB7B6A01337B62BB685B423B6222
:108F7000396A1A4BA3FB0123DA0813469B001344FA
:108F80005B00CA1AD2B2FB69591CF9613032D2B205
:108F900028333B4403F8182C3B6A104AA2FB0323F6
:108FA000DB083B623B6A002BE2D10EE0FB69013B30
:108FB000FB6107F11002FB6913441B781946F8683E
:108FC00002F06FFB7B6A01337B62FB69002BEDD102
:108FD0007B6A18462837BD4680BD00BFCDCCCCCCBF
:108FE00080B58EB000AF7860396000237B630023CA
:108FF000FB607B68002B40F040814CF2DA2351E1AA
:109000007B681B78252B40F02B817B6801337B60CC
:109010007B681B78302B40D17B6801331B78322B67
:109020003BD17B6802331B78782B04D07B680233FA
:109030001B78582B31D13B681A1D3A601B683B6383
:109040003B6B1B0903F00F017B6802331B78782B05
:1090500001D1964A00E0964A07F10C03184602F047
:109060005CFB02467B6B13447B633B6B03F00F019D
:109070007B6802331B78782B01D18C4A00E08C4A44
:1090800007F10C03184602F048FB02467B6B1344C1
:109090007B637B6803337B60EFE07B681B78252B69
:1090A00000F0C580252BC0F2CC80782B00F3C9805E
:1090B000582BC0F2C680583B202B00F2C28001A280
:1090C00052F823F0A3910000439200004392000065
:1090D000439200004392000043920000439200003C
:1090E000439200004392000043920000439200002C
:1090F0001192000049910000439200004392000049
:109100004392000043920000499100004392000006
:1091100043920000439200004392000043920000FB
:1091200043920000C191000043920000439200006E
:10913000F391000043920000679100004392000009
:1091400043920000859100003B681A1D3A6019683F
:1091500007F10C0364221846FFF7E6FE02467B6B1C
:1091600013447B6378E03B681A1D3A60196807F185
:109170000C0375221846FFF7D7FE02467B6B13449B
:109180007B6369E03B681A1D3A60196807F10C03BC
:10919000464A184602F0C1FA02467B6B13447B63D1
:1091A0005AE03B681A1D3A60196807F10C03404AFF
:1091B000184602F0B2FA02467B6B13447B634BE025
:1091C00007F10C033B49184602F08BFA02467B6B11
:1091D00013447B633B681A1D3A60196807F10C035E
:1091E000324A184602F099FA02467B6B13447B63BD
:1091F00032E03B681A1D3A601A6807F10C03114609
:10920000184602F06EFA02467B6B13447B6323E040
:109210003B681A1D3A601B68DAB207F10C0311466D
:10922000184602F03EFA7B6B01337B6314E007F1D2
:109230000C032521184602F034FA7B6B01337B6363
:109240000AE007F10C031C49184602F04AFA0246EC
:109250007B6B13447B6310E07B6801337B600CE025
:109260007B685A1C7A601A7807F10C03114618467D
:1092700002F017FA7B6B01337B637B681B78002B52
:109280007FF4BEAEFB68002B0BD0FA6807F10C032D
:1092900004331146184602F096FA02467B6B1344DB
:1092A0007B637B6B18463837BD4680BD5CB80000D9
:1092B0006CB800007CB8000080B800000020704747
:1092C000704700BF014B1B68184700BF50210020AA
:1092D00010B40446034A044B00201460196010BC0B
:1092E000704700BF54210020502100200246024B4D
:1092F00000201A60704700BF4C21002039B1044B98
:109300000A4610B500211B680446984710BD7047F7
:109310005821002010B5044628B121B1044B0A465B
:109320001B68002198472046BDE81040FFF7CABFE0
:109330005821002038B50446406A10B1A16AFFF7F1
:10934000E9FF0022237FC4E90922012B0FD0023B51
:10935000012B13D8236A012B0CBF15466FF096051D
:109360002C220021204602F0D6F8284638BD236A78
:10937000002B0CBF00256FF09605F1E76FF0960506
:10938000EEE700BF074B5A78022A02D06FF0880040
:1093900070471A78072AF9D10A460146181D00F0CD
:1093A00097B800BF842A002010B5134C23785907C2
:1093B00044BF03F0FB0323709A0716D4637883B984
:1093C000002304210D486370FFF798FF2378DB0723
:1093D00000D410BD00F078F8237823F00103237047
:1093E00010BD064800F086F8EAE700F053F823784D
:1093F00023F002032370E1E7842A0020882A00205A
:1094000038B51E4C62782378022A1AD0DD071CD5A5
:10941000980725D562783AB15A075CBF43F0040338
:1094200023700025284638BDD907F5D5144800F02B
:109430004DF8022305466370F0B1FFF7B5FF2846EB
:1094400038BD072BEDD0DD07E2D400F03BF82378E0
:10945000054643F0010323700028EED19807D9D4C4
:1094600000F010F82378054643F00203237000282B
:10947000D0D0FFF799FFE2E72378CDE7842A0020D8
:10948000882A00200122024B002083F880257047A3
:109490008C2A00202DE9F041DFF824800127444682
:1094A000032608F5B0652762267720462C34FFF79F
:1094B00041FFAC42F7D1002388F88035BDE8F08148
:1094C0008C2A002000207047704700BF00207047A2
:1094D00010B582B0002001AB144600F05FF830B93F
:1094E000019BA34218BF6FF0930002B010BD6FF054
:1094F0009200FAE70020704710B50C4C236813B1B6
:109500000B4B1B682BB900F089FC30B90122084BCA
:109510001A6001232360002010BD0138062801D9FC
:10952000044810BD044B53F8200010BD2830002023
:1095300024300020FE8FFFFF94B80000144B2DE96B
:10954000F043002814BF04461C46124F236883B022
:10955000BB4219D016460D4620464FF4147104F153
:10956000040900F047F804F58E78484600F0CEF87C
:10957000404600F019FA2B464A46404606490096F6
:1095800000F034FB08B92760002003B0BDE8F08389
:109590002C300020A5BCC95A9197000070B50D4C25
:1095A0001D46002814BF064626460B4B306882B085
:1095B00098420DD106F58E7000263346009614466B
:1095C00000F03EFB002818BF34462C6002B070BD8E
:1095D0000248FBE72C300020A5BCC95AE88FFFFFEA
:1095E00038B131B1002201440346013081421A7082
:1095F000FAD1704738B131B100220144034601303D
:1096000088421A70FAD170472DE9F043202B1D468D
:109610000646884691468BB026D8DBB202AF8DF85D
:109620000480B04658F8041B8DF8053021B9404637
:1096300001F038F9044640B9012302224046336064
:1096400001A901F043F9044638B138462021FFF75B
:10965000D1FF20460BB0BDE8F0832A46494640467C
:1096600001F034F90446F0E702AF19461046002332
:109670003A4601F0B1FA04460028E6D12023B94663
:109680001D46CCE72DE9F041D0F8F830A6B0002B0C
:10969000D8BF02AE31DD05460027D0F80C4102AE3E
:1096A000A4F101089022D5F8FC403146D0F8000121
:1096B00001AB0197B8FA88F8A0474FEA581804465A
:1096C00020B9019B53B9B8F1000F16D03046902154
:1096D000FFF790FF204626B0BDE8F08101463246F4
:1096E0002846FFF791FF58B9D5F80431019A134481
:1096F000C5F80431B8F1000FE8D16FF03C04E5E79C
:109700000446204626B0BDE8F08100BF70B50025B4
:109710000446142204F588762946C0F8F850FC3037
:1097200001F0F9FE08222946304601F0F4FE144B00
:1097300030461B689847204640F8045B01F098F8D3
:10974000104B30461B689847C8B9D4F8F830AB4284
:109750000FDC03EB830204EB82022021C2F800013C
:109760000120C2E9421008490133C2F8FC10C4F8D4
:10977000F830064B3046BDE870401B68184770BD96
:109780007C2100207821002075A700007421002092
:109790002DE9F047202A88B07AD83F4B00F5887928
:1097A00004461B6848461746884698470546F8B958
:1097B00040F20116D4F8F830002B65D02046FFF7B0
:1097C00061FF054638B9D4F8F830002B14DC013EAF
:1097D000F2D16FF03B056E4620213046FFF70AFFBD
:1097E0002E4B48461B689847002818BF6FF01D0590
:1097F000284608B0BDE8F087D4E94132934203D34C
:10980000D4F80C21012A02D0013ED7D1E1E71F2B69
:10981000FAD96E4601462022304604F1040A01F0CE
:109820007AFE3146504601F07BF805460028D3D138
:10983000504601F031F8504601F01AF829465046DA
:1098400001F030F805460028C6D1504620223146A6
:1098500001F03CF805460028BED1034632462021DF
:10986000304601F0B9F905460028B5D1D4F8F830F2
:109870003A46002BC8BF002340463146C8BFC4F853
:10988000043101F002FEA7E76FF03F056E46A3E743
:109890006FF03B05ACE700BF782100207421002069
:1098A00070B590B000287AD03E4C0D46402236214B
:1098B0000646204601F02FFE40225C21A01801F050
:1098C0002AFE2B1DA34203D904F144039D4252D327
:1098D0002B682268534023602B68226C534023641A
:1098E0006B686268534063606B68626C534063648A
:1098F000AB68A2685340A360AB68A26C5340A364FA
:10990000EB68E2685340E360EB68E26C5340E36469
:109910002B69226953402361226D2B6953402365D3
:1099200062696B69534063616B69626D5340636543
:10993000AB69A2695340A361AB69A26D5340A365B3
:10994000EB69E2695340E361EB69E26D5340E36523
:109950000021304600F0A6FF044628B940223046D8
:10996000104900F0B3FF044640216846FFF742FE6D
:10997000204610B070BD631E04F13F01013D1F344D
:1099800015F8010F13F8012F42401A7011F8012F3A
:109990002878A34282EA00020A70F1D1D8E76FF07A
:1099A0007304E5E77C32002010B54FF49A72002171
:1099B000044601F0B0FD42F21072044BC4F82021BD
:1099C00004F596701B68BDE8104018477C21002004
:1099D0002DE9F04F04468846914695B0002900F0E5
:1099E000A780002A0CBF0126022600238DF80C3028
:1099F000002C00F09F80DFF844A104AF0AF1400B77
:109A00000021204600F04EFF034648B13846202191
:109A10000193FFF7EFFD019B184615B0BDE8F08FED
:109A200040225146204600F051FF03460028EDD168
:109A300004F1F40520222946204600F047FF0346A2
:109A40000028E3D10122204603A900F03FFF03468E
:109A50000028DBD1022E62D020460CA900F060FF66
:109A600003460028D2D10146204600F01BFF0346E2
:109A70000028CBD140225946204600F027FF03465C
:109A80000028C3D1202220460CA900F01FFF034666
:109A90000028BBD13946204600F042FF034600288B
:109AA000B4D139462046FFF7FBFE03460028ADD16E
:109AB00020222946204600F009FF03460028A5D1B0
:109AC00020460CA900F02CFF034600289ED1014639
:109AD000204600F0E7FE0346002897D14022594671
:109AE000204600F0F3FE034600288FD120222046B6
:109AF0000CA900F0EBFE0346002887D1294620463A
:109B000000F00EFF0346002880D19DF80C200132A2
:109B1000D2B2B2428DF80C20FFF472AF76E74A461B
:109B20004146204600F0D2FE0346002894D06DE75F
:109B300001265AE76FF0730304AF67E77C32002019
:109B40002DE9F0410446884615461F46D0F8180115
:109B5000E0B013B100EB40004008B5F5807F3ED87F
:109B60002844B0F5C07F3AD84FF4C072002168464F
:109B700001F0D1FC6946D4F82431D4F81821D4F886
:109B80002801984770BBD4F8186157B1D4E949301F
:109B900072080DEB0601984720BBD4F8183106EB8C
:109BA0005306B8F1000F00D08DB932466946204601
:109BB000FFF70EFF054610B90123C4F814313146F2
:109BC0006846FFF717FD284660B0BDE8F0810DEB51
:109BD000060041462A462E4401F057FCE5E76FF0A7
:109BE0000405F0E76FF00805EDE700BF2DE9F04749
:109BF000044604F1F4050F4691461E46DDF8208028
:109C000000F036FE29462046FFF74AFE08B1BDE8BF
:109C1000F08728462022012101F07DFCD4F818317C
:109C2000C4F82471C4F8289113B92023C4F818315A
:109C3000424631462046BDE8F0470123FFF780BF8A
:109C4000B2F5806F00F295802DE9F04F89B09A4609
:109C5000129BB3F5807F00F29080D0F82431164635
:109C600004460F464BB3D0F81C31012B05D0D0F879
:109C70001421D0F820319A421FDD5146002320469E
:109C8000129AFFF75DFF014698B900231293002E48
:109C90005ED0DFF8EC9009F1400B0021204600F087
:109CA00001FE202E3546014628BF202504F1F40888
:109CB00090B1084609B0BDE8F08FBAF1000FE6D0C8
:109CC000129B002BE1D051461A462046FFF780FE3A
:109CD00001460028DBD0ECE749464022204600F050
:109CE000F5FD01460028E4D141462022204600F03F
:109CF000EDFD01460028DCD16946204600F010FE4B
:109D000001460028D5D1204600F0CCFD01460028B0
:109D1000CFD159464022204600F0D8FD0146002808
:109D2000C7D169462022204600F0D0FD0146002818
:109D3000BFD14146204600F0F3FD01460028B8D1CE
:109D400038462A46414601F0A0FB761B2F44A4D199
:109D500051462046129AFFF73BFE01460028A8D143
:109D60000846D4F814310133C4F8143109B0BDE801
:109D7000F08F6FF00201084670476FF0040198E71A
:109D80007C320020002130B58DB0282202A801913C
:109D900001F0C1FB02A800F047FF044610B12046C5
:109DA0000DB030BD174D4FF0FF31286800F042F97B
:109DB000044620B1144800F0D3F9012C18D000203B
:109DC00000F068F9D0B9114A02A901A800F0C4FC5A
:109DD0000446012000F05EF960B9286800F032F90D
:109DE0000028DCD00A4800F0BBF920460DB030BD99
:109DF0000524F2E7074800F0B3F9EEE7064800F063
:109E0000AFF9E0E760210020B0B80000FC3200208C
:109E100008B90000E8B80000C8B8000030B583B049
:109E200000F05CF828B100F0ABF80324204603B042
:109E300030BD00F077F8D8B900F02CF9E0B9224C29
:109E4000D4F828391B0EF02B0AD1D4F8242A1F4B42
:109E50009A4231D000F044F8072400F091F8E5E789
:109E6000062400F03DF800F08BF8204603B030BD2A
:109E70000424204603B030BD00F032F800F080F832
:109E8000FFF780FF044698B9114D2B68002BCDD108
:109E900002460146FFF752FB50B968220D4901AB5B
:109EA000FFF77CFB20B920460B4B2B6003B030BD85
:109EB0000524204603B030BD012000F0EBF8002857
:109EC000DAD1C4F80C0ADBE7001084500000E0206F
:109ED0001C350020203500205AEA5A5A00207047CD
:109EE00000207047430504D54FF0FF32034BC3F801
:109EF0000821024BC3F8080A704700BF00108450C5
:109F0000014BC3F8040A70470010845008B100F0F8
:109F10006BB84FF47500704708B100F04FB84FF4BC
:109F20007500704710B5114800F070F800B110BD11
:109F30000F4800F06BF80028F9D10E4C204600F0D5
:109F400065F80028F3D10C4B0C481C6000F05EF85B
:109F500001460028EBD100F02DF8044608B1204658
:109F600010BD00F079F82046FAE700BF702100200C
:109F70006C21002068210020602100206421002045
:109F800008B5084800F04CF8074800F049F80748C1
:109F900000F046F8064800F043F8BDE8084000F03D
:109FA0000BB800BF702100206C2100206821002028
:109FB0006421002000207047704700BF024610B4A3
:109FC000084CD4F8003A1342FBD021B1D4F8043144
:109FD0000B60C4F80831034B0020C3F8082A10BCFA
:109FE000704700BF00108450044AD2F8003A18426B
:109FF000FBD0C2F8080A0020704700BF0010845050
:10A0000001F028BA0A46002101F085BA08B5034BD1
:10A0100002681B6810689847002008BD9C2100203A
:10A0200008B5034B02685B6810689847002008BDBC
:10A030009C210020024B02689B681068184700BFF3
:10A040009C21002008B5034B0268DB681068984724
:10A05000002008BD9C21002070B5094C094D2069E5
:10A06000AB68984718B1084B08485B6898470021CF
:10A07000074AEB6811602069BDE87040184700BFCF
:10A08000882100209C2100208021002020B9000090
:10A0900088350020F8B51A4D1A4E0446B268286972
:10A0A0009047E8B9184F3B684CB1A3B1012B19D0C8
:10A0B000013B3B602869F36898470020F8BD43B92D
:10A0C0000121124AC2F800151149D1F81029002ABD
:10A0D000FBD101333B60F368286998470020F8BD45
:10A0E0000C48F8BD0A4AD2F81039002BFBD1074AB8
:10A0F0006FF07E40C2F80035FFF702FF3B68D7E7FC
:10A10000882100209C2100208835002000008450F8
:10A1100000108450E98FFFFF014B1B68184700BFF8
:10A120009C210020014B9B68184700BF9C21002008
:10A13000014BDB68184700BF9C210020BFF34F8F05
:10A140000549064BCA6802F4E0621343CB60BFF3D3
:10A150004F8F00BFFDE700BF00ED00E00400FA05EF
:10A1600030B44FF0FE320025074B084C08494968CF
:10A17000C3F80024C3F80424C3F80824C3F80C244B
:10A18000C4F8005530BC08470010845000008450CB
:10A190008021002010B5044650B1636813F0685F59
:10A1A00005D0064A934202D000236260236010BDAE
:10A1B000034B04485B689847EFE700BF2C5F5CA93E
:10A1C0008021002040B90000C8B143680D4A934285
:10A1D00013D013F0685F0ED0012350E8002F19460A
:10A1E00040E8001C9CF0000FF7D1012AF5D0BFF326
:10A1F0005F8F0020704704487047044870476FF431
:10A20000E04070472C5F5CA9E98FFFFFEA8FFFFFFA
:10A21000034680B1426809498A420AD012F0685F59
:10A2200005D0BFF35F8F002210461A6070470448C4
:10A230007047044870476FF4E04070472C5F5CA99A
:10A24000E98FFFFFEA8FFFFF10B5044620B100231E
:10A25000034A2360626010BD0248FFF781FFF6E702
:10A260003A00003A68B900002DE9F047002878D09C
:10A270000C46002975D01D46002B72D007461AB136
:10A28000012200232A6003602B68002B64D029463A
:10A29000204600F0B7FD804600285FD1214628689F
:10A2A00000F096FD8046002858D12B68082B6CD012
:10A2B000042B6DD0A3F10209B9FA89F94FEA5919B3
:10A2C0000121354EC6F8C411C6F84011C6F8C411B4
:10A2D000636AC6F83031D6F830219342F6D14FF098
:10A2E000000A4FF0FF30C6F82CA1FFF7FBFD6FF01E
:10A2F0001B035046C6F80031FFF702FEC6F80C916A
:10A30000D6F8040A40F48060FFF7FAFD0A23C6F885
:10A310003831089B012B29D02369204AA2FB032353
:10A320001B09626A404602FB03F303EB43031A4A2C
:10A33000DB039B09C2F8D8310123C2F82C313B68FA
:10A340002A6823F07F4343EA02633B602A6843EABA
:10A3500002233B60BDE8F087DFF844804046BDE85B
:10A36000F087DFF840804046BDE8F0874FF47F0378
:10A37000D3F80C2C013206D0D3F80C3C074AA2FBD0
:10A3800003231B09CDE71623CBE74FF0030997E71B
:10A390004FF0020994E700BF00108450ABAAAAAAAC
:10A3A000310CF100350CF10058B34B1EB3F5047FAE
:10A3B00027D230B54FF0000ECD00744671464B09E0
:10A3C00001F01F0C50F82330BCF11F0F23FA0CF3DF
:10A3D00006D003F0010319B901211C468E46EEE7B1
:10A3E0009C4201F1010106D01C464FF0010EA9422A
:10A3F000E5D1002030BD0EF1010E9645F7D102489F
:10A4000030BD0148704700BF360CF100C0B32DE9E4
:10A41000F0434C1EB4F5047F1DD2E3B1DAB1002540
:10A420002E46A8462C46CF0003F1FF394FEA541CB4
:10A4300004F01F0E50F82C10BEF11F0F21FA0EFC75
:10A440000CD00CF0010C4CB90126E04634463546E0
:10A45000ECE7964216D90C48BDE8F083AB420BD02E
:10A46000C44508BF0136A945F3D001350134BC42CB
:10A47000DCD10020BDE8F0830125E0462E46F5E75B
:10A48000014870471D46F1E7370CF1002DE9F04F08
:10A4900091B08346DDE91B460D46002E6ED10F6953
:10A4A0001C6000231A990B60002A00F02F819D4B3D
:10A4B0006A6AD3F83811D3F830319A4269D10A293F
:10A4C00067D19BF80330089304F108030793042332
:10A4D0000593954B934CA3FB07239B0803EB430386
:10A4E000A7EB4303039306971A9B069E1E60002E5C
:10A4F00000F0EA8000F096FC00230993BBF1000F06
:10A5000000F0D58098464FF0010ADDF81C90002D30
:10A5100000F0CD80089B002B3DD0284608A900F014
:10A5200071FC002839D0814B984220D0089B082B21
:10A5300000F0E48000225B000893294608AB5846EF
:10A540000092FFF791FE7A4B984200F0D38070B9E9
:10A55000DBF80020130A03F47F03134323F07F4347
:10A56000CBF80030059B013B0593BDD10020039043
:10A5700000F058FC039811B0BDE8F08F4FF47F0154
:10A58000D1F80C0C01300CBF4FF40477D1F80C7CDF
:10A5900086E76848EBE76648C5E72946089800F073
:10A5A00017FC0028BFD1089B082B00F0A980042BC2
:10A5B00000F0A980A3F10203B3FA83F35B090493CB
:10A5C000C4F8C4A1C4F840A1C4F8C4A16B6AC4F81B
:10A5D0003031D4F830219342F6D100234FF0FF30D0
:10A5E000C4F82C31FFF77EFC002318466FF01B03E4
:10A5F000C4F80031FFF784FC049B4B4FC4F80C31C6
:10A60000D4F8040A40F48060FFF77AFC0A23C4F807
:10A6100038312B6909A8A7FB03236A6A1B0902FBCF
:10A6200003F303EB4303DB039B09C4F8D831C4F8FD
:10A630002CA1DBF80030089923F07F420B0243EA9B
:10A6400001631343CBF8003000F0B2FB099B03F029
:10A650001A0303437FF46AAFA7FB0637D4F814311B
:10A66000B8EB970F0A93D4F818310B93D4F81C3138
:10A670000C93D4F820310D93D4F824310E93D4F8F0
:10A6800028310F9301D1039B9BB9484618220AA990
:10A69000183EFFF7B5FC09F1180908F101089EB151
:10A6A00000F0C0FB00230993002D7FF433AF224854
:10A6B00039E748461A46F61A0AA9994408F10108EA
:10A6C000FFF79EFC002EEBD1069F079E6A69394674
:10A6D0003046FFF769FEAA6940B94FF480633946F6
:10A6E0003046FFF793FE00283FF440AF00231A9A4C
:10A6F000136018E72B6A002B3FF439AF0F4836E799
:10A70000032304935CE70223049359E701222946BB
:10A710005846009608ABFFF7A7FD00283FF4D4AEDB
:10A7200025E700BF00108450ABAAAAAA020CF100D2
:10A73000310CF100300CF100350CF100320CF1005D
:10A7400010B4DDE9013401940024DDF80CC0CDE93A
:10A7500002C410BCFFF79ABE30B51546012487B07D
:10A7600005AB00930022CDE9015404ABFFF78EFE48
:10A7700007B030BDF0B587B0002966D01E46002B6B
:10A7800063D01446002A60D0314F0D4638684FF030
:10A79000FF31FFF74FFC00284DD10020FFF77AFC76
:10A7A000002844D12B4800F03FFAD8B101204FF0E7
:10A7B000FF35FFF76FFC002835D14FF408712648AC
:10A7C000FEF70EFF04212548FEF70AFF2148282145
:10A7D000FEF706FF3868FFF735FC00282FD1284622
:10A7E00007B0F0BD1C4A0346029205AA019204AAD2
:10A7F00003900092174902461848FFF7A1FF03464D
:10A800000028D3D128461D46059B22469C4228BFDE
:10A810001A46049932600831FFF7F2FB0120FFF776
:10A8200039FC0028C9D00E48FFF79AFCC5E70D484F
:10A83000FFF796FCB6E70C48FFF792FCADE70B4834
:10A84000FFF78EFC284607B0F0BD4FF0FF35C6E796
:10A8500060210020A0350020C83500209C35002054
:10A86000E8B80000C8B80000B0B800008CB900001B
:10A8700010B5044628B12046BDE81040F421FFF78A
:10A88000C1BB0448FFF76CFC2046BDE81040F42132
:10A89000FFF7B8BBA4B9000010B1F421FEF7A0BEC9
:10A8A000704700BF08B521B1012908D06FF036000C
:10A8B00008BD012100F058F80028F7D108BD022199
:10A8C00000F052F80028F9D0F0E700BF30B5054697
:10A8D0008818B0F5801F0B461446A1B001D8802A15
:10A8E0000CD9B3F5801F17D922461946284600F027
:10A8F0007DF8044684B9204621B030BD6846FFF794
:10A900007FFB22466946284600F070F88021044605
:10A910006846FFF777FBEDE76FF03604EBE700BF23
:10A9200070B5E8B10E46D9B1044600F031F80546DD
:10A93000B0B92368012B0BD0022B01D0284670BD83
:10A940001C22304604F10801FFF75AFB284670BD6F
:10A950002022304604F10801FFF752FB284670BD63
:10A960006FF03605EAE700BF78B138B50D46F02143
:10A970000446FFF747FB402320462560E36500F0CF
:10A9800091FA003818BF012038BD0120704700BF80
:10A99000F0B5056EA5B0044604AEE5B90023012765
:10A9A000019330466760294602AA009300F046FAF8
:10A9B00010B1012025B0F0BD2A46204602A900F0C2
:10A9C00099FA0028F5D1204600F0AAFB0028F0D122
:10A9D000206625B0F0BD802D2A46304628BF802253
:10A9E00004F16401FFF70CFB256ED7E7002800F0A7
:10A9F000AE802DE9F04F1446A5B0002A3DD00F4699
:10AA0000002949D0B2F5803F0546006E20D34FF6AD
:10AA1000FF7805F1640AEB6D1A1AB2FBF3F103FB40
:10AA20001122002A65D18342B9464FF6FF7672D0D3
:10AA3000B6FBF3FB03FB0BFBBBF1000F30D1002E89
:10AA400045D1A4F57F44FF3CB4F5803F4744E2D2B2
:10AA5000EA6D161AB6FBF2F302FB1366A64228BF94
:10AA60002646002E75D1824200F08D80B4FBF2F6AE
:10AA700002FB06F62EB9002C79D1002025B0BDE8E6
:10AA8000F08F002331463846CDE9003302AA00F0AA
:10AA9000D5F9002800F09580012025B0BDE8F08FA1
:10AAA000002359464846CDE9003302AA00F0C6F912
:10AAB0000028F1D15A46284602A900F01BFA0028C6
:10AAC000EAD1A6EB0B06286ED944002EB9D0193076
:10AAD0004946324605EB8000FFF792FAA4F57F4421
:10AAE000286EFF3C3044B4F5803F4744286692D23C
:10AAF000AEE7424528BF4246164639465044FFF766
:10AB00007FFA286EEB6D3044834207EB0609286616
:10AB1000A8EB06068CD1802B28BF802351461A460D
:10AB200004A8FFF76DFA0023E96D02AACDE900330E
:10AB300004A800F083F90028AED12846EA6D02A9E6
:10AB400000F0D8F90028A7D1EB6D286670E7012046
:10AB5000704705F16403394632461844FFF750FA4E
:10AB6000286EEA6D3044A41B374428667BE72B6EC1
:10AB70002246193305EB83003946FFF741FA2B6E65
:10AB800023442B6679E7802A28BF802205F16401DF
:10AB900004A8FFF735FA0023E96D04A8CDE90033D6
:10ABA00002AA00F04BF900287FF476AF2846EA6D40
:10ABB00002A900F09FF900287FF46EAFEA6D2866C5
:10ABC00054E73246284602A900F094F900287FF4A1
:10ABD00063AF3744A41B4EE7F8B51C460546114841
:10ABE00016460F46FFF744FE21460E48FFF75AFE71
:10ABF000044620B10B48FFF74FFE2046F8BD3A4609
:10AC000029460848FFF762FE04460028F2D1314683
:10AC10000448FFF785FE04460248FFF73DFE204644
:10AC2000F8BD00BFE83700201C2370B582B001A931
:10AC30000546019300F032F8044638B9019B1C2BFD
:10AC400007D0144C1C212846FFF7DCF9204602B03F
:10AC500070BDD5E90112131E18BF0123003918BFBA
:10AC60000121012628689B00EA6843EA4103002885
:10AC700018BF43F00103EE612AB9C5E90834002B7F
:10AC8000E4D1054CDEE7204643F00803C5E908346B
:10AC900002B070BD370CF0000E0CF0000346002827
:10ACA00066D0002964D00A681C2A61D14FF47F0263
:10ACB0003B49D2F8100C88425CD0D2F8101C01310C
:10ACC00058D0D2F8101C4FF47F021960D2F8140C3F
:10ACD0003449884260D0D2F8141C01315CD0D2F8DB
:10ACE000141C4FF47F025960D2F8181C11F5947FA0
:10ACF0004FD0D2F8181C01314BD0D2F8181C4FF4A9
:10AD00007F029960D2F81C0C274988423ED0D2F8C5
:10AD10001C1C01313AD0D2F81C1C4FF47F02D960C0
:10AD2000D2F8001C70312FD0D2F8001C01312BD08A
:10AD3000D2F8001C4FF47F021961D2F8041CAF3125
:10AD400020D0D2F8041C01311CD0D2F8041C4FF4DE
:10AD50007F025961D2F8080C144988420DD0D2F80C
:10AD6000081C013109D0D2F8082C00209A617047E4
:10AD70000120704740F6FC01A5E740F23732002081
:10AD80009A6170475121E2E79021D3E742F604111E
:10AD9000C3E740F6D861B2E742F2D001A1E700BFB5
:10ADA000FCF8FFFFD020FFFF0429FFFF37F3FFFF70
:10ADB000014608B54FF48060FFF7AEF80022034B60
:10ADC000C3F8C821C3F82C2108BD00BF001084506F
:10ADD0000138072805D8DFE800F0100E040A040443
:10ADE000040607487047CB6800204B6270478B68A9
:10ADF00000204B6270474B68F6E70B68F4E700BF32
:10AE0000310CF1000B6802E0082B0B6006D8026AD7
:10AE100013424FEA4303F7D00020704700487047C1
:10AE2000310CF1000022044B4FF48060C3F82C2158
:10AE3000C3F8C421FFF756B800108450F0B50024C1
:10AE400083B0B0F1005F8DF8074025D38C46844471
:10AE5000BCF1804F04461FD817461D4601220DF154
:10AE6000070300F097F90646B0B99DF80730099A34
:10AE70003C603B7192B14DB10246089928460DF1F4
:10AE8000070300F087F938B99DF807303046099A72
:10AE90001560137103B0F0BD4FF47506304603B072
:10AEA000F0BD00BFD8B108B50368012B04D0022B58
:10AEB0000FD043B10B4808BD20220B490830FFF7E3
:10AEC0009FF8002008BD142208490830FFF798F8C1
:10AED000F7E7202206490830FFF792F8F1E74FF430
:10AEE000730070470100F300B4B90000F4B900002A
:10AEF000D4B900002DE9F843002900F0F980044698
:10AF0000002800F0F98003680F469046002B00F0FF
:10AF1000C380013B012B00F2D7804FF0FF3178480E
:10AF20004FF00209FFF786F8002840F0BF800020AC
:10AF3000FFF7B0F80646002840F0C280714AD2F808
:10AF40001C39002BFBD16F4DD5F8203C002BFBD1D9
:10AF50004FF0FF30FEF7C6FFD5F8040A20F040009E
:10AF6000FEF7CEFF01230722C5F81838C5F80029DF
:10AF7000C5F8C437A36CC5F8CC37E36CC5F8D03737
:10AF8000C5F8C09723685BB1013B012B18D8636AF1
:10AF9000C5F85C36236AC5F85836E369C5F85436F7
:10AFA000A269584BC3F850266269C3F84C2622693F
:10AFB000C3F84826E268C3F84426A268C3F84026CE
:10AFC000504AD2F81039002BFBD1B8F1000F5FD0F6
:10AFD00063684020012B08BFC2F884363A68494BA9
:10AFE000C3F8282CC3F82C8CFEF790FF0646454A80
:10AFF000D2F81039002BFBD1424AD2F8203C002B6A
:10B00000FBD123685BB1013B012B18D8D2F85C3629
:10B010006362D2F858362362D2F85436E361394B72
:10B02000D3F85026A261D3F84C266261D3F84826A3
:10B030002261D3F84426E260D3F84036A3600023AF
:10B040000121304AD2F8CC07A064D2F8D007E064DE
:10B05000C2F8C417C2F88436C2F8C837D2F810391B
:10B06000002BFBD1C2F81838002E3BD1254BD3F86A
:10B07000040A40F04000FEF743FF0120FFF70AF802
:10B0800060BB1F48FEF7DEFF10BB3046BDE8F8830B
:10B090000423C2F8C837AAE74FF0FF3118484FF031
:10B0A0000109FEF7C7FF00283FF441AF1648FFF73C
:10B0B00057F80020FEF7EEFF064600283FF43EAFAB
:10B0C0001248FFF74DF839E7114E3046BDE8F883D6
:10B0D0001048FFF745F83046BDE8F8830E48FFF703
:10B0E0003FF8CEE7102104F10800FEF78BFFBDE723
:10B0F0000A4E3046BDE8F8834FF47306C5E700BF3B
:10B100007021002000108450B0B80000C8B80000C2
:10B110000100F30008B90000E8B800000300F300E4
:10B12000A0B3034670B4D0E90240D3E9041226BAB2
:10B1300005BA0CBA10BAC3E90440D3E90612986AFA
:10B1400009BAC3E9026512BA996100BAD3E90841A4
:10B1500025BA0CBAC3E90725D3E90B12C3E90940A4
:10B1600009BAD86B12BAD962D3E90D4125BAC3E93D
:10B170000C250CBA00BAD3E9101209BA12BAC3E905
:10B180000E40196400205A6470BC70474FF473007D
:10B19000704700BF00201870704700BF431810B5FB
:10B1A00001D21F2A01D9002010BD013902F0140379
:10B1B0000144102B80EA01043CD009DC8BB1042B44
:10B1C000F1D11F2C40E840F315D941E840F10EE0E1
:10B1D000142BE8D11F2C40E8C0F30CD941E8C0F192
:10B1E00005E01F2C40E800F305D941E800F11C46BA
:10B1F0000B468C42D7D122F01402013A0A2AD2D847
:10B2000001A151F822F000BF57B2000051B2000076
:10B2100043B20000A7B10000A7B10000A7B1000031
:10B22000A7B100005DB2000057B200004BB20000B1
:10B2300043B200001F2C40E880F3DCD941E880F1E4
:10B24000D5E713F4001FAFD1ADE713F4801FFAE781
:10B250005B02A9D5A7E713F4002FF4E713F4802FBE
:10B26000F1E700BF08B5074B044613B10021AFF367
:10B270000080054B1868836A03B19847204600F0A8
:10B2800029F800BF0000000008BA000070B50D4D9D
:10B2900000260D4C641BA410A64209D10B4D0026BC
:10B2A0000B4C00F0BBFA641BA410A64205D170BD84
:10B2B00055F8043B01369847EEE755F8043B013654
:10B2C0009847F2E7280F0000280F0000280F000021
:10B2D0002C0F0000FEE700BF002383F300887047B7
:10B2E00000BF80B500AFFCF763FC00BF80BDEFF38B
:10B2F0000880EFF309812DE9F00F6B467246F6F7EF
:10B300003FFA08B0FFF7EDFFFEE700BF80B500AFE2
:10B31000FCF74EFC00BF80BDEFF30880EFF309811E
:10B320002DE9F00F6B467246F6F72AFA08B0FFF7E0
:10B33000EDFFFEE700BF80B500AFFCF739FC00BFB2
:10B3400080BDEFF30880EFF309812DE9F00F6B4624
:10B350007246F6F715FA08B0FFF7EDFFFEE700BFFB
:10B3600080B500AFFCF724FC00BF80BDEFF3088080
:10B37000EFF309812DE9F00F6B467246F6F700FAFC
:10B3800008B0FFF7EDFFFEE700BF80B500AFFCF7A8
:10B390000FFC00BF80BDEFF30880EFF309812DE9BA
:10B3A000F00F6B467246F6F7EBF908B0FFF7EDFFCA
:10B3B000FEE700BF80B487B000AFF860B9607A6084
:10B3C000FA687B6813447B61BA687B6813443B610D
:10B3D0000CE03B69013B3B613A697B69013B7B6166
:10B3E0007B6912781A707B68013B7B607B68002B5D
:10B3F00017D07B6903F00303002BEAD13B6903F00C
:10B400000303002BE5D10CE03B69043B3B613A6947
:10B410007B69043B7B617B6912681A607B68043B33
:10B420007B607B68032BEFD809E03B69013B3B6104
:10B430003A697B69013B7B617B6912781A707B6892
:10B440005A1E7A60002BF0D1FB6818461C37BD46A7
:10B4500080BC704780B584B000AFF860B9607A6096
:10B46000BA68FB689A4206D37A68B968F86800F04F
:10B470000CF8034605E07A68B968F868FFF79AFFA8
:10B48000034618461037BD4680BD80B487B000AF74
:10B49000F860B9607A60FB687B61BB683B610AE079
:10B4A0003A69531C3B617B69591C796112781A70A7
:10B4B0007B68013B7B607B68002B15D07B6903F0C8
:10B4C0000303002BECD13B6903F00303002BE7D10E
:10B4D0000AE03A69131D3B617B69191D79611268A5
:10B4E0001A607B68043B7B607B68032BF1D807E024
:10B4F0003A69531C3B617B69591C796112781A7057
:10B500007B685A1E7A60002BF2D1FB6818461C3704
:10B51000BD4680BC704780B487B000AFF860B960AA
:10B520007A60FB683B61BB681A06BB681B041A4360
:10B53000BB681B021A43BB6813437B6108E03B698D
:10B540005A1C3A61BA68D2B21A707B68013B7B60C0
:10B550007B68002B0DD03B6903F00303002BEED179
:10B5600007E03B691A1D3A617A691A607B68043BFF
:10B570007B607B68032BF4D805E03B695A1C3A6179
:10B58000BA68D2B21A707B685A1E7A60002BF4D166
:10B59000FB6818461C37BD4680BC704780B582B03A
:10B5A00000AFEFF305837B607B683B603B88C3F3B0
:10B5B00008039BB2002B01D0FCF7FAFAFCF749FD17
:10B5C000034618460837BD4680BD80B584B000AF3D
:10B5D0007860EFF30583FB60FB68BB603B89C3F3D6
:10B5E00008039BB2002B01D0FCF7E2FA7868FCF765
:10B5F00038FD034618461037BD4680BD80B586B07D
:10B6000000AFF860B9607A603B60EFF305837B615F
:10B610007B693B613B8AC3F308039BB2002B01D0DB
:10B62000FCF7C6FA3B687A68B968F868FBF776F900
:10B63000034618461837BD4680BD80B586B000AFBA
:10B64000F860B9607A603B60EFF305837B617B69EA
:10B650003B613B8AC3F308039BB2002B01D0FCF78C
:10B66000A7FA3B687A68B968F868FBF7C7F900BFC2
:10B670001837BD4680BD80B582B000AFEFF30583BB
:10B680007B607B683B603B88C3F308039BB2002B65
:10B6900001D0FCF78DFAFCF795FC00BF0837BD46DA
:10B6A00080BD80B582B000AF78600B46FB707B68D0
:10B6B0001B68591C7A6811607A681344FA781A7109
:10B6C0007B681B681F2B08D97B6800221A607B6887
:10B6D00004332021184600F076F800BF0837BD4635
:10B6E00080BD80B584B000AF786039600023FB6016
:10B6F0000AE03B685A1C3A601B7819467868FFF7E5
:10B70000D0FFFB680133FB603B681B78002BF0D156
:10B71000FB6818461037BD4680BD80B58AB000AFC3
:10B72000F860B9607A6000237B6200237B6107F1D7
:10B73000180300221A605A6000233B62BB6803F0C2
:10B740000F037A681A443B6A591C3962127828330D
:10B750003B4403F8142CBB681B09BB60BB68002B7F
:10B76000ECD10EE03B6A013B3B6207F114023B6AFD
:10B7700013441B781946F868FFF793FF7B6A01337F
:10B780007B623B6A002BEDD17B6A18462837BD46A9
:10B7900080BD0FB480B582B000AF00237B6007F19D
:10B7A00014033B6039683869FDF71AFC78607B68E0
:10B7B00018460837BD46BDE8804004B0704702DF38
:10B7C000704700BF184680B582B000AF786039601E
:10B7D00039687868FFF7F3FF034618460837BD4617
:10B7E00080BD2DE9E04F2746A046A146A246A346CC
:10B7F000A446A2B02DEC000A84F300882546264614
:10B80000A447EFF3148515F0080F18BFB0EE400AF7
:10B810003DEC000A22B0BDE8E08F0000F8B500BFA3
:10B82000F8BC08BC9E467047F8B500BFF8BC08BC21
:10B830009E4670477AFFFFFF54464D5F4352595072
:10B84000544F000054464D5F504C4154464F524DAA
:10B850005F534552564943450000000030313233B2
:10B860003435363738396162636465663031323376
:10B870003435363738394142434445463078000044
:10B880005B556E737570706F727465642054616778
:10B890005D000000FF8FFFFFFF8FFFFFFE8FFFFFA8
:10B8A000FE8FFFFFFD8FFFFFFC8FFFFFFC8FFFFF71
:10B8B0004661696C20746F206163717569726520DF
:10B8C0006D757465780A00004661696C20746F209C
:10B8D000696E63726561736520504D20636F756E8C
:10B8E0007465720A000000004661696C20746F2064
:10B8F000646563726561736520504D20636F756E7A
:10B900007465720A000000004661696C20746F2043
:10B9100072656C65617365206D757465780A0000E9
:10B92000436F756C64206E6F74206C6F636B207056
:10B930006F7765722073617665206D757465780028
:10B940006D757465785F667265652063616C6C65A2
:10B95000642077697468204E554C4C207061726188
:10B960006D6574657200000043616E277420696E16
:10B97000697469616C697A65206D757465782C20CD
:10B98000776173204E554C4C0D0A00004661696C7E
:10B9900020746F20756E6C6F636B206D75746578A5
:10B9A0000A0000000A637478206973204E554C4CDD
:10B9B0000A00000067E6096A85AE67BB72F36E3C59
:10B9C0003AF54FA57F520E518C68059BABD9831F6A
:10B9D00019CDE05BD89E05C107D57C3617DD7030E8
:10B9E00039590EF7310BC0FF11155868A78FF9644C
:10B9F000A44FFABE0123456789ABCDEFFEDCBA98B0
:10BA000076543210F0E1D2C3CC21002000000000B7
:10BA10000000000000000000000000000000000026
:10FC00007FE97FE9F9F7FEB87FE97FE9F9F70EB9F7
:10FC10007FE97FE9F9F746B97FE97FE9F9F732B97A
:10FC20007FE97FE9F9F716B9000000000000000045
:10FC300000000000000000000000000000000000C4
:10FC40000090D00300900050000000000000000071
:10FC500000000000000000000000000000000000A4
:10FC60000000000000000000000000000000000094
:10FC70000000000000000000000000000000000084
:10FC80000000000000000000000000000000000074
:10FC900000000000000000004C870000040000008D
:10FCA0000000000000000000FFFFFFFFFFFFFFFF5C
:10FCB000FFFFFFFFFFFFFFFF00000000000000004C
:10FCC0000000000000000000000000000000000034
:10FCD0000000D60100000000000007004401000001
:10FCE000180200002C2200208C2200208C220020F0
:10FCF000A422002090ED00E0003000500090005061
:10FD00006F95005000A003507FA6035093B70000EA
:10FD1000C1920000BD92000017B5000000300050F5
:10FD20006821002098210020902100208C210020B3
:10FD30008821002031A1000025A1000019A10000A8
:10FD4000000000003DA10000C4210020BC210020D3
:10FD5000B421002000000000AC21002049A20000D6
:10FD600095A10000C9A1000011A200008C3500205F
:10FD70003A00003A903500203A00003A94350020CD
:10FD80003A00003A983500203A00003A000000009E
:10FD90000000000000000000000000000000000063
:10FDA0000000000000000000000000000000000053
:10FDB0000000000000000000000000000000000043
:10FDC0000000000000000000000000000000000033
:10FDD0000000000000000000000000000000000023
:0CFDE00000000000000000000000000017
:020000040001F9
:10000000908E01209DAB0100E9A6020089AB0100A2
:1000100089AB010089AB010089AB010089AB01000C
:100020000000000000000000000000006DAD0100B5
:1000300089AB010000000000E9AC010089AB0100C0
:100040002DAF01002DAF01002DAF01002DAF01003C
:100050002DAF01002DAF01002DAF01002DAF01002C
:100060002DAF01002DAF01002DAF01002DAF01001C
:100070002DAF01002DAF01002DAF01002DAF01000C
:100080002DAF01002DAF01002DAF01002DAF0100FC
:100090002DAF01002DAF01002DAF01002DAF0100EC
:1000A0002DAF01002DAF01002DAF01002DAF0100DC
:1000B0002DAF01002DAF01002DAF01002DAF0100CC
:1000C0002DAF01002DAF01002DAF01002DAF0100BC
:1000D0002DAF01002DAF01002DAF01002DAF0100AC
:1000E0002DAF01002DAF01002DAF01002DAF01009C
:1000F0002DAF01002DAF01002DAF01002DAF01008C
:100100002DAF01002DAF01002DAF01002DAF01007B
:100110002DAF01002DAF01002DAF01002DAF01006B
:100120002DAF01002DAF01002DAF01002DAF01005B
:100130002DAF01002DAF01002DAF01002DAF01004B
:040140002DAF0100DE
:1001480081F0004102E000BF83F0004330B54FEA80
:1001580041044FEA430594EA050F08BF90EA020FED
:100168001FBF54EA000C55EA020C7FEA645C7FEA80
:10017800655C00F0E2804FEA5454D4EB5555B8BFA3
:100188006D420CDD2C4480EA020281EA030382EA14
:10019800000083EA010180EA020281EA0303362DA6
:1001A80088BF30BD11F0004F4FEA01314FF4801C79
:1001B8004CEA113102D0404261EB410113F0004F8B
:1001C8004FEA03334CEA133302D0524263EB430342
:1001D80094EA050F00F0A780A4F10104D5F1200EE0
:1001E8000DDB02FA0EFC22FA05F2801841F100013B
:1001F80003FA0EF2801843FA05F359410EE0A5F10F
:1002080020050EF1200E012A03FA0EFC28BF4CF03F
:10021800020C43FA05F3C01851EBE37101F00045F5
:1002280007D54FF0000EDCF1000C7EEB00006EEB02
:100238000101B1F5801F1BD3B1F5001F0CD349088C
:100248005FEA30004FEA3C0C04F101044FEA4452E3
:1002580012F5800F80F09A80BCF1004F08BF5FEA6A
:10026800500C50F1000041EB045141EA050130BD4A
:100278005FEA4C0C404141EB0101013C28BFB1F55C
:10028800801FE9D291F0000F04BF01460020B1FAA7
:1002980081F308BF2033A3F10B03B3F120020CDA7A
:1002A8000C3208DD02F1140CC2F10C0201FA0CF058
:1002B80021FA02F10CE002F11402D8BFC2F1200CBD
:1002C80001FA02F120FA0CFCDCBF41EA0C01904073
:1002D800E41AA2BF01EB0451294330BD6FEA0404BC
:1002E8001F3C1CDA0C340EDC04F11404C4F12002A7
:1002F80020FA04F001FA02F340EA030021FA04F3B9
:1003080045EA030130BDC4F10C04C4F1200220FA0F
:1003180002F001FA04F340EA0300294630BD21FA4D
:1003280004F0294630BD94F0000F83F4801306BF13
:1003380081F480110134013D4EE77FEA645C18BF07
:100348007FEA655C29D094EA050F08BF90EA020F9E
:1003580005D054EA000C04BF1946104630BD91EA96
:10036800030F1EBF0021002030BD5FEA545C05D199
:100378004000494128BF41F0004130BD14F58004D8
:100388003CBF01F5801130BD01F0004545F0FE414C
:1003980041F470014FF0000030BD7FEA645C1ABF81
:1003A800194610467FEA655C1CBF0B46024650EAB8
:1003B800013406BF52EA033591EA030F41F40021E4
:1003C80030BD00BF90F0000F04BF0021704730B56A
:1003D8004FF4806404F132044FF000054FF000013F
:1003E80050E700BF90F0000F04BF0021704730B500
:1003F8004FF4806404F1320410F0004548BF4042D5
:100408004FF000013EE700BF42004FEAE2014FEA29
:1004180031014FEA02701FBF12F07F4393F07F4F04
:1004280081F06051704732F07F4208BF704793F007
:100438007F4F04BF41F40021704730B54FF460741A
:1004480001F0004521F000411CE700BF50EA01021D
:1004580008BF704730B54FF000050AE050EA0102C6
:1004680008BF704730B511F0004502D5404261EB36
:1004780041014FF4806404F132045FEA915C3FF477
:10048800D8AE4FF003025FEADC0C18BF03325FEA14
:10049800DC0C18BF033202EBDC02C2F1200300FAC5
:1004A80003FC20FA02F001FA03FE40EA0E0021FAEA
:1004B80002F11444BDE600BF70B54FF0FF0C4CF4D8
:1004C800E06C1CEA11541DBF1CEA135594EA0C0F8A
:1004D80095EA0C0F00F0DEF82C4481EA030621EAC5
:1004E8004C5123EA4C5350EA013518BF52EA033500
:1004F80041F4801143F4801338D0A0FB02CE4FF0B2
:100508000005E1FB02E506F00042E0FB03E54FF0E1
:100518000006E1FB03569CF0000F18BF4EF0010ED9
:10052800A4F1FF04B6F5007F64F5407404D25FEAD5
:100538004E0E6D4146EB060642EAC62141EA555188
:100548004FEAC52040EA5E504FEACE2EB4F1FD0CCA
:1005580088BFBCF5E06F1ED8BEF1004F08BF5FEA48
:10056800500E50F1000041EB045170BD06F00046FA
:1005780046EA010140EA020081EA0301B4EB5C04A7
:10058800C2BFD4EB0C0541EA045170BD41F480119F
:100598004FF0000E013C00F3AB8014F1360FDEBFC4
:1005A800002001F0004170BDC4F10004203C35DAA0
:1005B8000C341BDC04F11404C4F1200500FA05F323
:1005C80020FA04F001FA05F240EA020001F00042C4
:1005D80021F0004110EBD37021FA04F642EB06013A
:1005E8005EEA430E08BF20EAD37070BDC4F10C0464
:1005F800C4F1200500FA04F320FA05F001FA04F228
:1006080040EA020001F0004110EBD37041F1000113
:100618005EEA430E08BF20EAD37070BDC4F120051E
:1006280000FA05F24EEA020E20FA04F301FA05F286
:1006380043EA020321FA04F001F0004121FA04F22E
:1006480020EA020000EBD3705EEA430E08BF20EAFE
:10065800D37070BD94F0000F0FD101F00046400038
:1006680041EB010111F4801F08BF013CF7D041EABA
:10067800060195F0000F18BF704703F000465200BE
:1006880043EB030313F4801F08BF013DF7D043EA8F
:100698000603704794EA0C0F0CEA135518BF95EA45
:1006A8000C0F0CD050EA410618BF52EA4306D1D1CC
:1006B80081EA030101F000414FF0000070BD50EAEB
:1006C800410606BF1046194652EA430619D094EA75
:1006D8000C0F02D150EA013613D195EA0C0F05D15F
:1006E80052EA03361CBF104619460AD181EA0301B3
:1006F80001F0004141F0FE4141F470014FF000006B
:1007080070BD41F0FE4141F4780170BD70B54FF005
:10071800FF0C4CF4E06C1CEA11541DBF1CEA135585
:1007280094EA0C0F95EA0C0F00F0A7F8A4EB050467
:1007380081EA030E52EA03354FEA013100F088805E
:100748004FEA03334FF0805545EA131343EA126327
:100758004FEA022245EA111545EA10654FEA0026DC
:100768000EF000419D4208BF964244F1FD0404F595
:10077800407402D25B084FEA3202B61A65EB0305F1
:100788005B084FEA32024FF480104FF4002CB6EBAE
:10079800020E75EB030E22BFB61A754640EA0C002E
:1007A8005B084FEA3202B6EB020E75EB030E22BF6E
:1007B800B61A754640EA5C005B084FEA3202B6EBAF
:1007C800020E75EB030E22BFB61A754640EA9C006E
:1007D8005B084FEA3202B6EB020E75EB030E22BF3E
:1007E800B61A754640EADC0055EA060E18D04FEAFC
:1007F800051545EA16754FEA06164FEAC30343EA9C
:1008080052734FEAC2025FEA1C1CC0D111F4801F68
:100818000BD141EA00014FF000004FF0004CB6E761
:1008280011F4801F04BF01430020B4F1FD0C88BF00
:10083800BCF5E06F3FF6AFAEB5EB030C04BFB6EB0B
:10084800020C5FEA500C50F1000041EB045170BDFE
:100858000EF0004E4EEA113114EB5C04C2BFD4EB2B
:100868000C0541EA045170BD41F480114FF0000EAF
:10087800013C90E645EA060E8DE60CEA135594EA2B
:100888000C0F08BF95EA0C0F3FF43BAF94EA0C0F2E
:100898000AD150EA01347FF434AF95EA0C0F7FF4A3
:1008A80025AF104619462CE795EA0C0F06D152EAF7
:1008B80003353FF4FDAE1046194622E750EA4106DB
:1008C80018BF52EA43067FF4C5AE50EA41047FF4EC
:1008D8000DAF52EA43057FF4EBAE12E74FF0FF3C51
:1008E80006E000BF4FF0010C02E000BF4FF0010C22
:1008F8004DF804CD4FEA410C7FEA6C5C4FEA430C9B
:1009080018BF7FEA6C5C1BD001B050EA410C0CBFE9
:1009180052EA430C91EA030F02BF90EA020F00204B
:10092800704710F1000F91EA030F58BF994208BFB2
:1009380090422CBFD8176FEAE37040F0010070476F
:100948004FEA410C7FEA6C5C02D150EA013C07D1C6
:100958004FEA430C7FEA6C5CD6D152EA033CD3D011
:100968005DF8040B704700BF8446104662468C460B
:100978001946634600E000BF01B5FFF7B7FF00283E
:1009880048BF10F1000F01BD4DF808EDFFF7F4FF67
:100998000CBF012000205DF808FB00BF4DF808EDF2
:1009A800FFF7EAFF34BF012000205DF808FB00BF15
:1009B8004DF808EDFFF7E0FF94BF012000205DF837
:1009C80008FB00BF4DF808EDFFF7CEFF94BF0120EC
:1009D80000205DF808FB00BF4DF808EDFFF7C4FFE5
:1009E80034BF012000205DF808FB00BF4FEA410238
:1009F80012F5001215D211D56FF47873B3EB625269
:100A080012D94FEAC12343F0004343EA505311F08F
:100A1800004F23FA02F018BF404270474FF0000021
:100A2800704750EA013005D111F0004008BF6FF05F
:100A3800004070474FF00000704700BF4FEA410286
:100A4800B2F1E04324BFB3F5001CDCF1FE5C0DD924
:100A580001F0004C4FEAC0024CEA5070B2F1004F6E
:100A680040EB830008BF20F00100704711F0804F71
:100A780021D113F13872BCBF01F00040704741F436
:100A880080114FEA5252C2F11802C2F1200C10FA3A
:100A98000CF320FA02F018BF40F001004FEAC1231E
:100AA8004FEAD32303FA0CFC40EA0C0023FA02F3C2
:100AB8004FEA4303CCE77FEA625307D150EA013398
:100AC8001EBF4FF0FE4040F44000704701F0004068
:100AD80040F0FE4040F40000704700BF7BB972B997
:100AE8000029BEBF00204FF0004106E008BF0028E3
:100AF8001CBF6FF000414FF0FF3000F057B8ADF168
:100B0800080C6DE904CE002909DB002B1ADB00F084
:100B180069F8DDF804E0DDE9022304B070474042DB
:100B280061EB4101002B1BDB00F05CF8DDF804E011
:100B3800DDE9022304B0404261EB4101524263EB1C
:100B480043037047524263EB430300F04BF8DDF870
:100B580004E0DDE9022304B0404261EB4101704743
:100B6800524263EB430300F03DF8DDF804E0DDE9B1
:100B7800022304B0524263EB4303704753B94AB9A6
:100B8800002908BF00281CBF4FF0FF314FF0FF308D
:100B980000F00CB8ADF1080C6DE904CE00F022F8B5
:100BA800DDF804E0DDE9022304B07047704700BFB8
:100BB80010F8012B11F8013B012A28BF9A42F7D0FF
:100BC800D01A7047034611F8012B03F8012B002AAD
:100BD800F9D17047034613F8012B002AFBD1181AE4
:100BE800013870472DE9F04786468C460846089E2E
:100BF800154674461946002B40F0C1808542B2FA6A
:100C080082F245D94AB1C2F1200300FA02FC9540AC
:100C180094402EFA03F343EA0C0C4FEA154EA8B29F
:100C2800230CBCFBFEF80EFB18CC08FB00F943EACA
:100C38000C43994528D9EB1808F1FF3704D2994598
:100C480002D9A8F102072B44A3EB0903A4B2B3FB12
:100C5800FEFC0EFB1C330CFB00F044EA0344A042EC
:100C680014D92C190CF1FF3304D2A04202D9ACF1EB
:100C780002032C44241A43EA07401EB1D44000233F
:100C880034607360BDE8F0874746DDE76346F1E707
:100C980092BB431B01214FEA154EAFB2200CB3FBA8
:100CA800FEFC0EFB1C330CFB07F840EA0343984597
:100CB80061D9EB180CF1FF3004D2984502D9ACF198
:100CC80002002B44A3EB0803A4B2B3FBFEFC0EFB0B
:100CD8001C330CFB07F744EA0344A7424DD92C19EF
:100CE8000CF1FF3304D2A74202D9ACF102032C4421
:100CF800E41B43EA0040C0E7C2F12003954094405A
:100D080020FA03F12EFA03F34FEA154E9040AFB2E2
:100D18000343B1FBFEFC0EFB1C10190C0CFB07F87F
:100D280041EA0041884522D969180CF1FF3004D204
:100D3800884502D9ACF102002944A1EB08019BB215
:100D4800B1FBFEFC0EFB1C110CFB07F743EA014349
:100D58009F420ED9EB180CF1FF3104D29F4202D901
:100D6800ACF102012B44DB1B41EA004193E76046EA
:100D7800E3E76146F7E76046A4E76346B8E78342DE
:100D880006D916B9002108467CE7C6E900E0F9E76C
:100D9800B3FA83F78FB9834201D3724508D8BEEB03
:100DA800020460EB030301209C461EB9002169E799
:100DB8003846FAE7C6E9004CF8E7C7F1200CBB4013
:100DC8000EFA07F522FA0CF42EFA0CF1BA401C437D
:100DD80020FA0CF3B8404FEA144901431FFA84FE85
:100DE800B3FBF9F809FB18300B0C08FB0EFA43EAC1
:100DF80000439A4540D9E31808F1FF3004D29A45D8
:100E080002D9A8F102002344A3EB0A0389B2B3FB79
:100E1800F9F809FB183308FB0EFE41EA03418E4539
:100E28002CD9611808F1FF3304D28E4502D9A8F1F4
:100E38000203214443EA0040A1EB0E01A0FB029803
:100E48004145CE46434602D306D14D4504D201382A
:100E5800B9EB020E68EB0403002EA7D0B5EB0E0227
:100E680061EB030101FA0CFC22FA07F3F9404CEAA2
:100E78000303C6E9003199E74046C5E74346D9E789
:100E88002DE9F04F85B006460F461546984683680B
:100E98005B6802AA984700282FDB029CDDF80C90BB
:100EA800A5FB04AB05FB09BB19A3D3E900235046F6
:100EB8005946FFF763FE05464FF0FF335345164B7F
:100EC80073EB0B031CD3A8FB04A408FB094410A371
:100ED800D3E9002350462146FFF750FE03464FF062
:100EE800FF3252450C4AA2410DD3BDF8382000927A
:100EF8002A463946304617F00DFA05B0BDE8F08F9E
:100F08006FF08500F9E76FF08500F6E7AFF3008032
:100F180000CA9A3B00000000FFC99A3B10B50D4A71
:100F280003210D4819F0B6FA00F042F840B900F074
:100F38005FF84FF0FF304FF0FF3120F046F8F8E748
:100F480004460346054A0121034819F0ADFA204634
:100F580010BD00BF7828030088240300A0280300E0
:100F68000378032B00D0704700B5A9B017F087FAB3
:100F780003460B4AA021684614F06AFD02469F28E2
:100F880006D86946074806F00BFB29B05DF804FB54
:100F98000346054A0121054819F086FAF5E700BF1E
:100FA800C42803002C2903000C290300F0230300A4
:100FB80008B50B4A03210B4819F06CFA06F010FB30
:100FC80001F096F801F078F902F016F906F01CFC29
:100FD80002F050F90449054800F0EAF8002008BD7D
:100FE80034290300F0230300690F01004829030096
:100FF80000B5ADF5077D424A0321424819F04AFA87
:1010080004F0BAFD78BB00F0ABFF0346002831D1ED
:1010180005F02CFF0346002835D101F057F90346A7
:10102800002836D102F030F90346002837D102F003
:1010380005FF0346002838D103F004FB03460028C7
:1010480039D104F0C5FA034600283AD104F050FB20
:10105800034600283BD143F69821002004F044FDC4
:1010680004F07EFD3FE00346274A0121254819F098
:101078001BFAC8E7254A0121224819F015FA0DF58F
:10108800077D5DF804FB224A01211E4819F00CFA7D
:10109800F5E7204A01211B4819F006FAEFE71E4A36
:1010A8000121184819F000FAE9E71C4A01211548FE
:1010B80019F0FAF9C0E71A4A0121124819F0F4F9AF
:1010C800BFE7184A01210F4819F0EEF9BEE7164AA2
:1010D80001210C4819F0E8F9BDE7684600F044F929
:1010E800002004F0EFFC002004F0ECFC4FF4004278
:1010F800002369460D4812F04DFF0028EDD0EFE7B8
:101108004C290300F0230300702903008C290300F5
:10111800A8290300C8290300E4290300042A0300BE
:101128001C2A0300382A0300502A030078CE002026
:1011380070B582B088B30646007816F026FF0446DC
:101148004FF0FF324FF0FF33154812F0A5FF7CB186
:1011580040F6CD420023314612481FF028FB0546D1
:1011680080B90F4813F018F87DB9284602B070BD51
:101178000C4B1B6A0F2B02D800220023EBE76FF001
:101188006805EEE76FF06805EBE733780094064AE8
:101198000221064819F093F9E7E76FF01505E4E72F
:1011A80050CE002078CE0020782A0300E8230300E0
:1011B800002900F0CB8090B583B000AF654B1B6869
:1011C8000F2B2FD8644A42F8330002EBC302516058
:1011D8000133604A13606C4600223A7102227A7128
:1011E8008AB0EC461CF1100276D04FF0120E2AB1EC
:1011F800BEF1040F02DD5949CCF8141000213970F2
:1012080002217970002A74D07146BEF1080F01DD01
:10121800CCF818000C2901DDCCF81C300CF12003A7
:10122800002164E06C4600233B7102237B7188B087
:10123800EC461CF1100216D04FF00E0E2AB1BEF18A
:10124800040F02DD464BCCF8143000233B70022318
:101258007B70AAB1BEF1080F01DDCCF818000CF1C3
:101268001C0300210AE06FF0004EE7E701F10800D7
:10127800384410F8080C03F8010B01310129F5D99D
:10128800BEF10D0F25DD0E234AB10321397100216E
:101298007971B9710121F9717868CCF810000021D1
:1012A8006FF300016FF341016FF382016FF3C50122
:1012B800012060F38811C3F30A0363F353216FF32A
:1012C8001F510023274808F00DFAA5466FF00B00C0
:1012D80036E06FF01B03D7E76FF0004E87E701F1A8
:1012E8000800384410F8080C03F8010B01310129F3
:1012F800F5D9BEF1110F26DD12234AB10421397147
:1013080000217971B9710121F9717868CCF8100060
:1013180000216FF300016FF341016FF382016FF356
:10132800C501032060F38811C3F30A0363F3532153
:101338006FF31F5100230B4808F0D4F9A54600208D
:101348000C37BD4690BD6FF01B03D6E76FF0150054
:10135800704700BF20E4002024E40020E02A0300B6
:10136800B42A0300E823030038B50546002406E044
:10137800054B03EBC4035B68284698470134034BCD
:101388001B68A342F4D838BD24E4002020E40020E0
:10139800B0B592B000AF05460846402207F10801F3
:1013A8000EF026FB002863DD6C4600233B71022308
:1013B8007B710123BB710323FB718AB0EC461CF1DE
:1013C800100222D04FF0140E2AB1BEF1040F02DD34
:1013D8002A4BCCF8143000233B7002237B7022B1D7
:1013E800BEF1080F01DDCCF818500123BB700323B0
:1013F800FB70BAB1BEF10C0F03DD07F10803CCF89E
:101408001C300CF1200300210AE06FF0004EDBE7EE
:1014180001F14800384410F8480C03F8010B013179
:101428000329F5D9BEF1130F25DD14234AB1042190
:10143800397100217971B9710221F9717868CCF894
:10144800100000216FF300016FF341016FF3820177
:101458006FF3C501032060F38811C3F30A0363F334
:1014680053216FF31F510023054808F03BF9A546A7
:101478004837BD46B0BD6FF01B03D7E7102B0300FC
:1014880080240300F0B587B000AF102207F10801EF
:1014980000200EF0ADFA002859DD07F1080020F011
:1014A8004AF9FF2801D0002857D16C4600233B7128
:1014B80002237B7188B0EC461CF1100214D00E2078
:1014C80022B1042802DD544BCCF8143000233B70C1
:1014D80002237B70B2B1082802DD504BCCF81830DB
:1014E8000CF11C0300210BE06FF00040E8E701F16C
:1014F800180505EB070E1EF818EC03F801EB01318F
:101508000129F4D90D2825DD0E234AB103213971AB
:1015180000217971B9710121F9717868CCF810004E
:1015280000216FF300016FF341016FF382016FF344
:10153800C501022060F38811C3F30A0363F3532142
:101548006FF31F510023364808F0CCF8A5461C3726
:10155800BD46F0BD6FF01B03D7E7A0F18C016D46C7
:1015680000233B7102237B718AB06C4614F1100290
:101578001CD04FF0160C22B1BCF1040F01DD294B31
:10158800636100233B7002237B70E2B16346BCF1C8
:10159800080F01DD214EA6610C2B00DDE161102B47
:1015A80000DD206204F1240300210AE06FF0004C02
:1015B800E1E701F11800384410F8180C03F8010BA2
:1015C80001310129F5D9BCF1150F22DD162342B1ED
:1015D8000521397100217971B9710121F971786892
:1015E800206100216FF300016FF341016FF3820165
:1015F8006FF3C501032060F38811C3F30A0363F393
:1016080053216FF31F510023054808F06BF8AD46CE
:101618009DE76FF01B03DAE71C2B0300502B030038
:1016280080240300582B030008B5034920F0EFF885
:1016380008B10022027008BD702B030090B5A3B05A
:1016480000AF3B4A802107F1080010F0F1FD10B10E
:101658008C37BD4690BD07F10800FFF7E5FF6C46E3
:1016680000233B7102237B710123BB710323FB71B0
:101678008AB0EC461CF1100223D04FF0140E2AB1A8
:10168800BEF1040F02DD2B4BCCF8143000233B7065
:1016980002237B702AB1BEF1080F02DD264BCCF87D
:1016A80018300123BB700323FB70BAB1BEF10C0FD5
:1016B80003DD07F10803CCF81C300CF120030021EE
:1016C8000AE06FF0004EDAE701F18800384410F8BC
:1016D800880C03F8010B01310329F5D9BEF1130F6A
:1016E80023DD14234AB10421397100217971B971BC
:1016F8000221F9717868CCF8100000216FF300011D
:101708006FF341016FF382016FF3C501032060F3AA
:101718008811C3F30A0363F353216FF31F510023A6
:10172800064807F0DFFFA54692E76FF01B03D9E7ED
:10173800742B0300102B03007C2B03008024030070
:1017480090B5A3B000AF3B4A802107F1080010F024
:101758006FFD10B18C37BD4690BD07F10800FFF74B
:1017680063FF6C4600233B7102237B710123BB712D
:101778000323FB718AB0EC461CF1100223D04FF012
:10178800140E2AB1BEF1040F02DD2B4BCCF8143035
:1017980000233B7002237B702AB1BEF1080F02DDE3
:1017A800264BCCF818300123BB700323FB70BAB169
:1017B800BEF10C0F03DD07F10803CCF81C300CF167
:1017C800200300210AE06FF0004EDAE701F18800FB
:1017D800384410F8880C03F8010B01310329F5D9B6
:1017E800BEF1130F23DD14234AB1042139710021FE
:1017F8007971B9710221F9717868CCF8100000216B
:101808006FF300016FF341016FF382016FF3C501BC
:10181800032060F38811C3F30A0363F353216FF3C2
:101828001F510023064807F05DFFA54692E76FF0B9
:101838001B03D9E7842B0300102B0300902B030014
:1018480080240300404BD3E8AF3F002B7AD0B0B5DB
:1018580082B000AF0C466D4600233B7102237B71BA
:1018680088B0694611F1100214D04FF00E0C22B165
:10187800BCF1040F01DD354B4B6100233B700223A3
:101888007B70A2B1BCF1080F00DD886101F11C0377
:1018980000200AE06FF0004CE9E700F1080EBE44B2
:1018A8001EF808EC03F801EB01300128F5D9BCF16A
:1018B8000D0F3FDD0E2342B10320387100207871EF
:1018C800B8710120F8717868086100216FF3000190
:1018D8006FF341016FF382016FF3C501032060F3D9
:1018E8008811C3F30A0363F353216FF31F510023D5
:1018F800174807F0F7FEAD46FFF7C4FD012115486C
:10190800FFF746FD04211448FFF742FD0A2113485A
:10191800FFF73EFD8CB105211148FFF739FD08217D
:101928001048FFF735FD03210F48FFF731FD083751
:10193800BD46B0BD6FF01B03BDE7FFF77FFEFFF7A5
:10194800FFFEF4E7704700BFA4E40020982B0300D3
:1019580080240300B42B030030690300BC2B030070
:10196800C42B0300D02B0300D82B030008B50A4B67
:10197800D3E8AF3F03B108BD084A0321084818F06F
:1019880089FD00210748FFF75DFF4FF4702200230F
:10199800054812F0ABFEEEE7A8E40020E02B0300B8
:1019A80080240300202C030040CA002090B583B097
:1019B80000AF05280CD843B2002B00F0AA80431EC4
:1019C800042B00F2A680DFE803F01A8389A41A002A
:1019D8005A2840F09E805A4A01215A4818F05AFD68
:1019E800594B0021D3E8EF2FC3E8E01F0028F9D1B5
:1019F800012A00F08A80554812F05EFC99E001281F
:101A08001ED053496C4600233B7102237B7188B07A
:101A1800EC461CF1100215D00E2022B1042802DD7C
:101A28004C4BCCF8143000233B7002237B70B2B1CE
:101A3800082801DDCCF818100CF11C0300210CE07B
:101A48004549DFE76FF00040E7E701F1080EBE44C3
:101A58001EF808EC03F801EB01310129F5D90D282E
:101A680033DD0E234AB10321397100217971B9712F
:101A78000121F9717868CCF8100000216FF300019A
:101A88006FF341016FF382016FF3C501032060F327
:101A98008811C3F30A0363F353216FF31F51002323
:101AA800284807F01FFEA546274B0121D3E8EF2F52
:101AB800C3E8E01F0028F9D1002A3AD127481FF0CF
:101AC800F0F8224812F0F8FB33E06FF01B03C9E787
:101AD800234A03211B4818F0DDFC2AE0214A012192
:101AE800184818F0D7FC184B0021D3E8EF2FC3E8AB
:101AF800E01F0028F9D1012A03D0144812F0DCFBBA
:101B080017E0194812F0D8FB13E0174812F0D4FB7D
:101B18000FE00346154A02210A4818F0C5FC0A4B93
:101B28000021D3E8EF2FC3E8E01F0028F9D1012AEC
:101B380002D00C37BD4690BD0B4812F0BDFBF8E74C
:101B4800B82C030080240300A8E4002068CF0020FC
:101B5800342C03003C2C03002C2C030040CA00202A
:101B68005C2C03007C2C030050CF0020CC2C0300FD
:101B780090B583B000AF037823B1052B06D00C379E
:101B8800BD4690BD007AFFF711FFF8E7037A072BEF
:101B980022D0092B1ED02C496C4600233B7102230E
:101BA8007B7188B0EC461CF1100217D00E2022B1D0
:101BB800042802DD254BCCF8143000233B700223A7
:101BC8007B70C2B1082801DDCCF818100CF11C0399
:101BD80000210EE01E49DFE71E49DDE76FF00040F7
:101BE800E5E701F1080EBE441EF808EC03F801EB26
:101BF80001310129F5D90D2823DD0E234AB103212E
:101C0800397100217971B9710121F9717868CCF8BD
:101C1800100000216FF300016FF341016FF382019F
:101C28006FF3C501032060F38811C3F30A0363F35C
:101C380053216FF31F510023074807F053FDA546B2
:101C48009DE76FF01B03D9E7E82C0300002D030084
:101C5800F82C0300F02C03008024030038B5054657
:101C68000024042C0ADC00221146284616F09AF9B2
:101C780050B1642016F0D3F90134F2E72B46034A39
:101C88000121034818F010FC38BD00BF142D0300D3
:101C98008024030000B583B06249012003F024FFCB
:101CA8000BF064FE68B905F083F8034690B91CF0A0
:101CB800A9FA0346A0B15C4A02215C4818F0F4FB7B
:101CC80016E003465A4A0121584818F0EDFB03B0C4
:101CD8005DF804FB574A0121544818F0E5FBE6E794
:101CE800554B0122D3E8EF1FC3E8E02F0028F9D1B4
:101CF80052480CF0E7FE524A03214C4818F0CAFB40
:101D080047F23051012003F0EFFE27E04D4A03214E
:101D1800464818F0BFFB4C4A0321444818F0BAFB68
:101D280001214A48FFF78EFD0120FFF797FF484B36
:101D3800D3E8AF3F53B1012003F0C4FE4FF4203283
:101D48000023444812F000FB0028F0D1424A022147
:101D5800364818F09FFB0220FFF780FF3F4812F03B
:101D68001BFB3C4812F018FB394BD3E8AF3F002B64
:101D7800CCD13B4A03212D4818F08CFB012003F0FD
:101D8800A1FE00200CF0AEFE034680B1304AD2E836
:101D9800AF2F002ABFD10A220092324A01212348DC
:101DA80018F08DFB42F2107016F039F9D6E74FF4AF
:101DB800702200232C4812F099FC2C4A0023274853
:101DC80016F04EF920B9224BD3E8AF3F002BA2D131
:101DD80025481EF066FF4FF41673254A0121134863
:101DE80018F062FB0F49012003F07EFE1CF0C9F9D0
:101DF800034688B9164B0022D3E8EF1FC3E8E02F4B
:101E08000028F9D147F23051012003F06DFE42F26B
:101E1800107016F004F9A1E7164A0221034818F0D9
:101E280043FBE7E720BF0200B42D03008024030032
:101E38003C2D0300702D0300A4E40020791B010051
:101E4800EC2D0300042E0300F02E0300FC2E0300EB
:101E5800A8E4002050CF0020082F030068CF0020FE
:101E6800302E03006C2E030040CA0020C027090052
:101E78009C2E0300D42E0300F0B583B000AF0446B7
:101E8800056828460CF0A0FA61686C4601233B718E
:101E980003237B718AB0EC461CF1100220D04FF06E
:101EA800160E52B17346BEF1040F02DD2A4ECCF86D
:101EB8001460082B01DDCCF8185001233B70032374
:101EC8007B70D2B17346BEF10C0F01DDCCF81C005B
:101ED800102B01DDCCF820100CF1240300210AE0BE
:101EE8006FF0004EDDE701F10800384410F8080CE7
:101EF80003F8010B01310129F5D9BEF1150F27DDD2
:101F080016234AB10521397100217971B97101216E
:101F1800F9717868CCF8100000216FF300016FF3B5
:101F280041016FF382016FF3C501012565F3881143
:101F3800C3F30A0363F353216FF31F5100230748C8
:101F480007F0D0FBA54607F0EDFA284606F034FB6B
:101F58006FF01B03D5E700BF2C2F0300802403007C
:101F680000B589B000220023CDE90623002304939D
:101F780007220392029301930093094B4FF40062E6
:101F8800084909481EF0D1FE30B1084912F0C4FBD7
:101F9800002009B05DF804FB6FF00B00F9E700BF03
:101FA8009D1C0100502A012088D00020602F0300CA
:101FB800012806D0022806D008B104487047044812
:101FC8007047044870470448704700BF8C2B0300D3
:101FD8006C2F0300742F03007C2F0300B0B582B070
:101FE80000AF04463B4BD3E8EF0FC3E8E24F002AAB
:101FF800F9D1C0B2844267D0FFF7DAFF0546204620
:10200800FFF7D6FF6C4600223A7102227A7101224C
:10201800BA710322FA718AB0EC461CF1100220D082
:102028004FF0140E2AB1BEF1040F02DD2A49CCF894
:102038001410002139700221797022B1BEF1080F05
:1020480001DDCCF818500121B9700321F970AAB14B
:10205800BEF10C0F01DDCCF81C000CF120030021AF
:102068000AE06FF0004EDDE701F10800384410F88F
:10207800080C03F8010B01310329F5D9BEF1130F40
:1020880025DD14234AB10421397100217971B97110
:102098000221F9717868CCF8100000216FF3000173
:1020A8006FF341016FF382016FF3C501032060F301
:1020B8008811C3F30A0363F353216FF31F510023FD
:1020C800064807F00FFBA5460837BD46B0BD6FF0C0
:1020D8001B03D7E7ACE40020842F03002824030067
:1020E800024BD3E8AF0FC0B2704700BFACE400208A
:1020F80008B502490248FFF75BF808BD798102007C
:10210800942F030018B102781AB9024870470148A1
:1021180070477047A42F03002DE9F04FFBB008AFBC
:1021280007F5C67005F04CFBD7F88C01FFF7EAFFFE
:1021380005461FF023F84B0143EAD0634401241AF3
:1021480063EB01039B0043EA9473A400241843EB58
:102158000103DB0043EA5473C4F3103444EA4344F4
:10216800DE0BD7F89001FFF7CDFF8046D7F8940132
:10217800FFF7C8FF8146D7F89801FFF7C3FF8246EB
:1021880007F5CE70FFF7BEFF834607F5D870FFF757
:10219800B9FF0790CDF818B0CDF814A0CDF810907D
:1021A800CDF80C803D4B0293009401962B463C4A97
:1021B8004FF4C07107F10C0013F04AFC0446B0F567
:1021C800C07F28D2024607F10C01364805F0E8F92D
:1021D800034638BB6E4600233B7202237B728AB0EB
:1021E80008AD15F1100223D012201AB1042801DD20
:1021F8002D4B6B6100233B7102237B7112B30346A5
:10220800082801DD2749A9610C2B00DDEC6105F1E7
:102218002003002114E00346244A0121244818F031
:1022280043F933E0234A0121214818F03DF92DE014
:102238006FF00040D9E73C1D645C03F8014B0131A5
:102248000129F8D9112826DD122342B10421397257
:1022580000217972B9720121F972B86828610021E8
:102268006FF300016FF341016FF382016FF3C50152
:10227800032060F38811C3F30A0363F353216FF358
:102288001F5100230A4807F02DFAB54607F5E677EF
:10229800BD46BDE8F08F6FF01B03D6E7543003004E
:1022A800AC2F030080300300A8300300583003002F
:1022B800F02403008830030008B502490248FEF7FD
:1022C80077FF08BDBB810200D430030008B5034A7C
:1022D8000321034818F0DEF8002008BDE4300300AD
:1022E8005024030030B5E7B005460C4616F0C7F891
:1022F8000390049505944FF4C073009306AB03AAAA
:102308000321074806F0D4FE08B167B030BD06A81F
:10231800FEF760FC024606A9024805F041F9F4E719
:10232800A03403002831030038B50546002400E036
:1023380001341F2C14D8562304FB03F3094AD35C39
:10234800002BF5D0562303FB042029460130FEF765
:102358002FFC0028ECD15623024803FB040000E0C0
:10236800002038BDC0E4002038B504460D464FF0C3
:10237800FF324FF0FF330B4811F08EFE2046FFF777
:10238800D3FF10B10278022A03D0064811F004FFE7
:1023980038BDB0F85220AA42F7D1002280F8542064
:1023A800F3E700BF74CD00202DE9F84306460F4639
:1023B80015464FF0FF324FF0FF331E4811F06CFE08
:1023C800002200E001321F2A2DD81B4B1C68144440
:1023D80004F01F04562304FB03F31849CB5C022BBB
:1023E800F0D10B46562101FB043393F85480B8F121
:1023F800000FE7D05622114B02FB043909F1010303
:102408000F4A3946304613F023FBB9F852302B8077
:10241800013404F01F04084B1C60064811F0BCFE90
:102428004046BDE8F883034811F0B6FE4FF00008B7
:10243800F6E700BF74CD0020B8E40020C0E4002017
:1024480020440300F8B505460E4617464FF0FF3204
:102458004FF0FF33394811F01FFE2846FFF764FF9D
:10246800044698B331463130FEF7A2FB38B92578D7
:10247800012D05D0B4F852303B80022500E0032539
:102488002E4811F089FE2846F8BD56232C4C03FB34
:102498000244002C4CD05622002120461FF043F95C
:1024A8002046012300F8013B264F2B463A463021AF
:1024B80013F0CEFA33463A46202104F1310013F0E6
:1024C800C7FA1E4811F068FE0025DCE700221F2A23
:1024D8000AD84FF0560C0CFB02FC194B13F80C30C1
:1024E800002BD2D00132F2E7002300E001331F2B8A
:1024F800CFD8154A12681A4402F01F024FF0560C42
:102508000CFB02FC0E4911F80C100229EED10C4903
:10251800562000FB021191F854100029E6D1084C0E
:1025280000FB0244531C03F01F03074A1360B2E781
:10253800024811F031FE0425A5E700BF74CD002044
:10254800C0E4002020440300BCE4002070B584B03F
:1025580004460D46154BD3E8EF6F721CC3E8E12F14
:102568000029F8D101361EF009FE4A0142EAD0627C
:1025780043011B1A62EB0102920042EA93729B002C
:102588001B1842EB0102D20042EA5372C3F3103324
:1025980043EA4243D20B029600930192044A294629
:1025A800204613F055FA04B070BD00BFB0E4002017
:1025B800343103002DE9F04182B000AF04460D46E6
:1025C800FFF790FE064618BBE84600233B7102233E
:1025D8007B718AB0EC461CF1100276D0122022B131
:1025E800042802DD584BCCF8143000233B7002233A
:1025F8007B70002A76D00346082801DDCCF8184005
:102608000C2B01DDCCF81C500CF12003002167E0F5
:10261800E84600233B7102237B718AB0EC461CF12B
:1026280010021CD0162022B1042802DD474BCCF83A
:10263800143000233B7002237B70EAB1034608285C
:1026480001DDCCF818400C2B01DDCCF81C50102B08
:1026580001DDCCF820600CF1240300210AE06FF0C2
:102668000040E0E701F108043C4414F8084C03F882
:10267800014B01310129F5D9152823DD16234AB16B
:102688000521397100217971B9710121F9717868D1
:10269800CCF8100000216FF300016FF341016FF3D4
:1026A80082016FF3C501022060F38811C3F30A03A6
:1026B80063F353216FF31F510023254807F012F8E5
:1026C800C54638E06FF01B03D9E76FF0004086E796
:1026D80001F1080EBE441EF808EC03F801EB0131C5
:1026E8000129F5D911282BDD12234AB104213971AA
:1026F80000217971B9710121F9717868CCF810005D
:1027080000216FF300016FF341016FF382016FF352
:10271800C501032060F38811C3F30A0363F353214F
:102728006FF31F5100230A4806F0DCFFC54629460F
:102738002046FFF719FE30460837BD46BDE8F08150
:102748006FF01B03D1E700BF74310300443103006D
:102758001024030000B58FB04FF0FF324FF0FF3365
:10276800154811F0F1FD0DF10602302102A8FFF71E
:102778001BFE0028F0D0BDF8061002A8FFF71AFFCC
:102788000028F0D010F1800F12D04FF47A7020EAB0
:10279800E070C0034FF47A72002300F2E7300021A2
:1027A800FEF7ECF902460B46034811F0CDFDDAE7D7
:1027B80042F21070EBE700BF98CF002070B50446D6
:1027C8000D460C4E4FF0FF324FF0FF33304611F0FC
:1027D80063FC2946204615F0F4FC304611F0DCFC79
:1027E80029462046FFF7E6FE00B970BD024811F001
:1027F80063FDFAE774CD002098CF002070B59EB035
:1028080004460D464FF0FF324FF0FF333C4811F0BD
:1028180043FC3C4B1A68561C1E600EB9961C1E6081
:10282800374811F0B9FC00962B46374A40210EA8CC
:1028380013F00EF90246431E3E2B04D80EA90A20B7
:1028480015F0B0FB30B14FF4FA712046FFF7B6FF30
:102858001EB070BD002102912C2203A81EF063FF58
:102868004FF0FF324FF0FF33254811F015FC274B8E
:102878001B78002B3CD1254D01232B706E601EF078
:102888007DFC4B0143EAD0634201121A63EB01035A
:102898009B0043EA92739200121843EB0103DB009A
:1028A80043EA5273C2F3103242EA4342DB0B40F66A
:1028B800B831521843F10003AA60EB602346144A6A
:1028C800302105F1100013F0C3F80D4811F064FC35
:1028D8004FF4C03200230F4811F008FF9DF808306C
:1028E800002BB5D04FF4FA7102A8FFF767FFAFE7E6
:1028F800094B074A302102A813F0AAF8BBE700BF2A
:1029080074CD0020B4E40020A031030080D1002061
:102918002044030050D1002090D1002030B58DB064
:102928000446C9B9C8254FF0FF324FF0FF331648A7
:1029380011F0B2FB154B1B781BB1144B5B68A3421B
:102948000DD0114811F028FC2346114A02211148E4
:1029580017F0AAFD0DB030BD4FF4FA75E3E70E4C41
:1029680023460E4A3021684613F072F8002304F813
:10297800103C054811F010FC09481EF092F9294650
:102988006846FFF71BFFE5E774CD002080D10020E3
:10299800A83103001024030090D100202044030034
:1029A80050D1002030B5ADF5037D048AB4F5007F21
:1029B80028BF4FF4007401AD224600F112012846E9
:1029C8001EF08AFE00232B550A2128461EF0C7FE5A
:1029D80004460A226946284613F046FB1CB1054600
:1029E800009BA34207D00E4A02210E4817F052FD61
:1029F8000DF5037D30BD0028F5D00A226946601C1C
:102A080013F02CFA0146009B1B781BB92846FFF7E8
:102A180085FFEDE7044A0221024817F03BFDE7E78E
:102A2800D431030010240300F831030010B5044624
:102A38001B49FEF7BDF8C0B11A492046FEF7B8F8A1
:102A480020B119492046FEF7B3F8E0B994F8803070
:102A58009BB9164A0221164817F01CFD4FF4C8719D
:102A680004F12000FFF7AAFE10BD01F03DFEC821C9
:102A780004F12000FFF7A2FEF6E7214604F120004A
:102A8800FFF7BCFEF0E70B4A0B49022015F008FDE2
:102A98004FF4C87104F12000FFF790FEE4E700BF8F
:102AA800243203003032030038320300403203007E
:102AB8001024030070320300BC6B030030B58DB0E6
:102AC8001EF05CFB4B0143EAD0634401241A63EB1C
:102AD80001039B0043EA9473A400241843EB010309
:102AE800DB0043EA5473C4F3103444EA4344DD0B77
:102AF8004FF0FF324FF0FF33264811F0CDFA264B46
:102B08001B781BB3244A9368D2681C1B62EB05052B
:102B1800012C75F100031DDA204C2346204A302190
:102B2800684612F095FF002304F8103C194811F08C
:102B380033FB03231B4A02211B4817F0B5FC4FF453
:102B4800FA716846FFF73AFE0DB030BD114811F032
:102B580023FBF9E70F4811F01FFB23462946002DF8
:102B680014DBC90341EA5341DB0340F2E73298180A
:102B78004FF47A724FF0000341F10001FDF7FEFFB8
:102B880002460B46094811F0B1FDDDE7002319465E
:102B9800E7E700BF74CD002080D1002090D100204D
:102BA800204403008C3203001024030050D100207D
:102BB8002DE9F04188B002AF04460D46812200217C
:102BC80028461EF0B0FD05F1200630213046FFF7FB
:102BD800BDFC00E001342378202BFBD0092BF9D071
:102BE8000D2BF7D00A2BF5D07B2B1ED02046FDF7F6
:102BF800F1FF231802E0002203F8012D9C4209D2BC
:102C080013F8012C202AF6D0092AF4D00D2AF2D084
:102C18000A2AF0D022462021284615F0DFFA044679
:102C280020461837BD46BDE8F08107F104080023A7
:102C38007B60BB60FB603B617B612046FDF7CAFFA0
:102C48000146CDF800800523444A204617F0ABFA28
:102C580000292EDB7A68002A69D0D7F80C80B8F1F1
:102C6800000F66D04AB13021304615F0B7FA044655
:102C7800002861D0012385F88030B8F1000F07D013
:102C880042462021284615F0A9FA044600285DD0BE
:102C98007A69002A60D0302105F1500015F09EFABB
:102CA80004460028BCD12E4A02212E4817F0F2FB18
:102CB800B6E76D4688B002AB13F1100231D010248C
:102CC80052B12646042C03DDDFF89CC0C3F814C0BB
:102CD800082E01DD9861D9610F2C25DD10243AB149
:102CE8000421397000217970B970F9703868186159
:102CF80000216FF300016FF341016FF382016FF35D
:102D0800C501022363F38811C4F30A0464F3532151
:102D18006FF31F510023134806F0E4FCAD4600246E
:102D28007EE76FF00044CBE76FF01B04D7E7BA6883
:102D380093E7D7F8108095E70C4A0221094817F065
:102D4800A9FB30213046FFF701FC69E7084A022158
:102D5800044817F09FFB63E7012461E7D0340300C0
:102D68001033030010240300B0320300CC320300F8
:102D7800EC320300B0B5ADF5267D00AF0378032B28
:102D880007D00B2B09D0082B0AD007F52677BD46AC
:102D9800B0BDA44811F090FAF7E7FFF703FEF4E797
:102DA800048AB4F5007F28BF4FF4007407F1940536
:102DB800224600F1120128461EF08EFC00232B55F6
:102DC80007F110012846FFF7F3FE08B13B7C33B941
:102DD8004FF4C87107F13000FFF784FAD5E74FF4D4
:102DE800FA73FB8107F10E0207F1100107F13000B9
:102DF800FFF728FB0138032800F22081DFE810F0F4
:102E080004005600AD0005016D4600233B72022305
:102E18007B7288B06C4614F1100213D00E201AB1E0
:102E2800042801DD804B636100233B7102237B7121
:102E3800A2B1082802DD07F13003A36104F11C03E5
:102E4800002109E06FF00040E9E707F1040C1CF8E5
:102E580001C003F801CB01310129F6D90D2822DD83
:102E68000E2342B10321397200217972B97201210E
:102E7800F972B868206100216FF300016FF3410116
:102E88006FF382016FF3C501032060F38811C3F368
:102E98000A0363F353216FF31F510023634806F0BD
:102EA80021FCAD4671E76FF01B03DAE76D4600239E
:102EB8003B7202237B7288B06C4614F1100213D067
:102EC8000E201AB1042801DD594B636100233B71C0
:102ED80002237B71A2B1082802DD07F13003A36148
:102EE80004F11C03002109E06FF00040E9E707F155
:102EF800040C1CF801C003F801CB01310129F6D9F3
:102F08000D2827DD0E2342B1032139720021797281
:102F1800B9720121F972B868206100216FF30001CC
:102F28006FF341016FF382016FF3C501032060F372
:102F38008811C3F30A0363F353216FF31F5100236E
:102F48003A4806F0CFFBAD46F98907F13000FFF7A4
:102F580035FC1AE76FF01B03D5E76D4600233B727B
:102F680002237B7288B06C4614F1100213D00E2035
:102F78001AB1042801DD2F4B636100233B71022342
:102F88007B71A2B1082802DD07F13003A36104F1C7
:102F98001C03002109E06FF00040E9E707F1040C89
:102FA8001CF801C003F801CB01310129F6D90D281D
:102FB80028DD0E2342B10321397200217972B972DA
:102FC8000121F972B868206100216FF300016FF3E5
:102FD80041016FF382016FF3C501022060F388118C
:102FE800C3F30A0363F353216FF31F5100230F4800
:102FF80006F078FBAD464FF4C87107F13000FFF7D3
:1030080071F9C2E66FF01B03D4E70B4A01210748A8
:1030180017F040FA4FF4FA7107F13000FFF762F940
:10302800B3E600BF98CF002030330300102403001C
:10303800583303008C330300B833030097F860302B
:10304800002B6FD015F01BFA014607F16000FDF761
:10305800AFFD002866D015F012FA01466C46002331
:103068003B7202237B720123BB720323FB728AB07B
:103078006B4613F1100248D16FF000401AB10428D2
:1030880001DD5A4D5D6100253D7102257D7122B13A
:10309800082802DD07F160059D610125BD71032542
:1030A800FD713AB10C2800DDD96103F1200100253A
:1030B800032D2CD9132832DD142542B1042139728D
:1030C80000217972B9720221F972B8681861002179
:1030D8006FF300016FF341016FF382016FF3C501D4
:1030E800022363F38811C5F30A0565F353216FF3CF
:1030F8001F5100233E4806F0F5FAA5464FF4C87163
:1031080007F13000FFF75AFB3FE61420B6E707F156
:10311800040C1CF805C001F801CB0135C8E76FF0B5
:103128001B05CAE76C4600233B7202237B7201230E
:10313800BB720323FB728AB06B4613F1100248D1AD
:103148006FF000401AB1042801DD2A4959610021B5
:1031580039710221797122B1082802DD07F13001A5
:1031680099610121B9710321F9714AB10C2802DD75
:1031780007F11001D96103F120010025032D2AD997
:10318800132830DD142542B10421397200217972E7
:10319800B9720221F972B868186100216FF3000151
:1031A8006FF341016FF382016FF3C501032363F3EA
:1031B8008811C5F30A0565F353216FF31F510023E6
:1031C8000B4806F08FFAA54607F11000FFF72EFC12
:1031D800DBE51420B6E707F1040C1CF805C001F87C
:1031E80001CB0135CAE76FF01B05CCE7E8330300D4
:1031F800102403001834030000B589B0134914489B
:103208001DF00EFD13491448FDF7D2FF00220023DC
:10321800CDE9062300230493092203920293019324
:1032280000930E4B4FF400620D490E481DF07DFDD2
:1032380028B10D4911F070FA09B05DF804FB0B4A8A
:1032480001210B4817F026F9F6E700BFC52A01004F
:1032580050D100207D2D0100BC6B03005D270100CB
:1032680050320120C0D10020303403003C34030028
:103278001024030008B502490248FDF799FF08BD6C
:10328800238202002035030008B5034A03210348BE
:1032980017F000F9002008BD30350300D0240300E2
:1032A80010F0040F10D110F0020F0FD110F0010F21
:1032B8000ED110F0080F0DD110F0200F0CD110F026
:1032C800100F0BD1064870470648704706487047EC
:1032D80006487047064870470648704706487047D2
:1032E800A42F0300703503007835030080350300F0
:1032F8008835030090350300983503000378242BA4
:1033080024D110B504462A211EF029FA0346F8B143
:10331800427812498A5C12F0440F1BD082788A5C8A
:1033280012F0440F18D0601C002402E010F8012BA2
:1033380054409842FAD310220021581C12F094FEEF
:10334800C0B2844214BF0020012010BD0020704785
:103358000020FAE70020F8E70020F6E70A760300E5
:103368002DE9D0430C46002112F0BEFB8046894669
:103378000022134BFDF7CAF9FDF738FBFDF732F8C9
:1033880006460F4600220E4BFDF796F802460B46FE
:1033980040464946FCF7D8FE00220A4BFDF7B6F92D
:1033A80002460B4630463946FCF7D0FE2378532BAD
:1033B80001D0572B02D101F100431946BDE8D08353
:1033C8000000594000004E4010B588B00446042360
:1033D80007AA062114F037FF042306AA072120466E
:1033E80014F031FF0C230DEB03020821204614F0E2
:1033F8002AFF0C236A460921204614F024FF4FF0C7
:10340800FF324FF0FF33204810F046FE0A22002119
:1034180007A812F029FEC0B21C4B83F8380008B187
:1034280001221A700A22002106A812F01DFE174B6D
:1034380083F839009DF80C309BB99DF80030C3B96A
:10344800114810F0A9FE14F02AFF012819D801200C
:103458000F4BD3E8EF2FC3E8E10F0029F9D108B0EB
:1034680010BD002103A812F03FFB084BC3E90C0173
:10347800E3E70021684612F037FB044BC3E9060175
:10348800DEE714F00CFFE3E7B0CD0020A8D200205F
:1034980088EF002010B596B004460C236A46012137
:1034A80014F0D1FE022315AA1946204614F0CBFECB
:1034B800102311AA0321204614F0C5FE022310AAE6
:1034C8000421204614F0BFFE10230CAA0521204633
:1034D80014F0B9FE02230BAA0621204614F0B3FE0D
:1034E8000C2308AA0721204614F0ADFE0C2305AAD8
:1034F8000821204614F0A7FE082303AA0921204624
:1035080014F0A1FE4FF0FF324FF0FF33294810F0BE
:10351800C3FD9DF85430412B14BF00230123264CD2
:10352800204600F83A3B0B2269461EF054F9072260
:1035380003A904F146001EF04EF99DF8443013B17A
:103548009DF83030B3B99DF8203003BB9DF8143096
:103558002BBB184810F020FE14F0A1FE012826D835
:103568000120164BD3E8EF2FC3E8E10F0029F9D16A
:1035780016B010BD10A911A8FFF7F2FEC4E90201A8
:103588000BA90CA8FFF7ECFEC4E90401DBE7002156
:1035980008A812F0A9FA084BC3E90801D6E70021E8
:1035A80005A812F0A1FA044BC3E90A01D1E714F007
:1035B80076FED6E7B0CD0020A8D2002088EF002004
:1035C80038B50E4D4FF0FF324FF0FF33284610F05C
:1035D80063FD0B4B00241C7083F8384083F8394096
:1035E800284610F0D9FD074BD3E8EF2FC3E8E14F89
:1035F8000029F9D1044B1C7038BD00BFB0CD0020A4
:10360800A8D2002088EF0020282A01200D2830D0D9
:103618000A2809D0174B1B68522B26D8591C154A63
:103628001160154AD054704710B596B0114B1C68FC
:1036380024B9104B00221A6016B010BD532C28BFB5
:10364800532422460C4968461EF046F804F15803F4
:103658006B44002203F8582CADF854400022002394
:10366800694606481DF0A3F8E3E7024B00221A60FA
:103678007047704798EF00209CEF0020D8CE0020BC
:1036880010B582B0204B01221A60204B00221A602C
:103698001F488368DC684CF2503380221D49A047DC
:1036A80048B303461C490A68501C0860062A28BF0C
:1036B80006224FF4FA74944047F230529442A8BF5D
:1036C80014460094154A0221154816F0F8FE610CBC
:1036D800E40340F2E733E0184FF47A724FF0000346
:1036E80041F10001FDF74AFA02460B460D4810F079
:1036F800FDFF02B010BD084B00221A600A4A0221E1
:10370800074816F0C7FEF4E7F4EF002098EF002012
:103718007C200300F8EF0020F0EF0020A435030020
:1037280048240300C0D30020D435030010B5F8B0F6
:10373800234C4FF0FF324FF0FF33204610F0ACFC23
:103748005022204964A81DF0C7FF204610F024FD30
:10375800DDE96823CDE90223DDE96623CDE900230D
:10376800194A4FF4C07104A812F072F90446B0F572
:10377800C07F11D2024604A9062014F013FC224689
:1037880004A9124803F00CFF034668B1104A02214D
:10379800104816F089FE05E003460F4A01210D483E
:1037A80016F082FE78B010BD9DF890319DF8C921C1
:1037B80000920A4A0321074816F081FEF2E700BF8B
:1037C800B0CD0020A8D20020EC3503002836030035
:1037D800343603004824030004360300503603003F
:1037E8002DE9F04194B00446FFF788FDB0B9714A5D
:1037F800136801331360012B08D06F4AA2FB031230
:103808005209C2EB0212B3EB820F04D16B4A0221B8
:103818006B4816F049FE14B0BDE8F081694D2B687D
:1038280001332B601DF0AAFC4A0142EAD062430131
:103838001B1A62EB0102920042EA93729B001B186A
:1038480042EB0102D20042EA5372C3F3103343EA57
:103858004243D20B5C490B604A602B68012B08D0AD
:10386800554AA2FB03125209C2EB0212B3EB820FB4
:1038780004D1564A0321524816F016FE544B012132
:10388800D3E8EF2FC3E8E01F0028F9D1002A7FD042
:10389800504B0022D3E8EF1FC3E8E02F0028F9D1EE
:1038A8002046FDF797F90528B5D9E51C03224A49B2
:1038B80028461DF07EFF002870D00322474928467D
:1038C8001DF077FF05460028A5D12046FFF7E2FD49
:1038D8001DF054FC02464B0143EAD0634001801AB4
:1038E80063EB01039B0043EA90738000801843EB6D
:1038F8000103DB0043EA5073C0F3103444EA434445
:10390800DE0BFEF7EDFB02284CD02F4607F001072F
:10391800DFF8CC804FF0FF324FF0FF33404610F015
:10392800BBFB50222F4968461DF0D6FE404610F0DA
:1039380033FC9DF800301BB19DF8383003B10125E8
:1039480005F00105002F3FF466AF002D3FF463AF8B
:10395800254B1A685B68A21A66EB030342F21071E2
:103968008A4273F10003FFF656AF1F4B1C605E607E
:10397800DDE902011D4BC3E90001DDE904011C4B2F
:10398800C3E900011B4B01221A70FFF7CFFE42E783
:10399800194A03210A4816F07DFD79E72046FFF70A
:1039A80013FD38E703F0D8FB08B10127AEE72F462F
:1039B800ACE700BF90EF002089888888783603003C
:1039C8004824030094EF002088D200209836030092
:1039D80084EF002080EF0020D8360300DC36030097
:1039E800B0CD0020A8D20020A0D2002098D200207C
:1039F80090D20020282A0120C436030010B596B0C2
:103A08000A233F4A03213F4816F04EFD1DF0B6FB3E
:103A18004A0142EAD06243011B1A62EB010292009A
:103A280042EA93729B001B1842EB0102D20042EA61
:103A38005372C3F3103343EA4243D20B32490B604B
:103A48004A604FF4203200236946304810F0A2FA49
:103A5800002848D01DF092FB4A0142EAD062430197
:103A68001B1A62EB0102920042EA93729B001B1838
:103A780042EB0102D20042EA5372C3F3103343EA25
:103A88004243D20B2048016840685B1A62EB00028F
:103A980041F288318B4272F10002D2DB1C4B0022CA
:103AA800D3E8EF4FC3E8E12F0029F9D1194B0122E0
:103AB800D3E8EF1FC3E8E02F0028F9D1944216D0CD
:103AC8000029BED1FFF77CFD012CBAD112488368CA
:103AD8005B6998470028B4D04FF4804200230F4810
:103AE80010F004FEADE76846FFF77AFEB2E7FFF78D
:103AF80067FD05230A4A0221024816F0D5FCE3E7D0
:103B0800E03603004824030088D20020D8CE0020E5
:103B180084EF002080EF00207C200300C0D3002029
:103B28001C37030030B59FB000228DF844200123D4
:103B38008DF845308DF846208DF84720042418E08C
:103B480002EB4200474901EB80014968D800C140B7
:103B580004F17800684400F8341C0133DBB2013406
:103B680002EB42003F4901EB8001097A9942E7D80C
:103B78000132072A20D802EB42033A4951F8233090
:103B880004F17800684400F8343CC3F3072C04F1CE
:103B98007901694401F834CCC3F3074C04F17A0085
:103BA800684400F834CC1B0E04F17B0169440434EA
:103BB80001F8343C0023D3E7B5238DF8083062239D
:103BC8008DF8093006238DF80A308A238DF80B30DA
:103BD8008DF80C40C4F307238DF80D30224611A947
:103BE8000DF10E001DF078FD01AA211D0DF10A004E
:103BF80014F014FBE31D9DF8042004F17E010DEB85
:103C0800010505F8702C08349DF8052078336B44BD
:103C180003F8702C144810F0BFFB144883685D68E3
:103C28004FF0FF33224602A9A847034670B94FF464
:103C3800804200230C4810F087FB68B923460C4AE1
:103C480003210C4816F030FC1FB030BD0A4A02218F
:103C5800084816F029FCF7E7084A0221054816F03B
:103C680019FCF1E77038030008CF00207C2003001E
:103C78009C370300482403005437030074370300BB
:103C88002DE9F04182B000AF0C460B78062B0FD817
:103C9800DFE803F0BCBC12140E2B32006268A36884
:103CA8002B44D05CFFF7B2FC0135E368AB42F5D892
:103CB8000837BD46BDE8F0810025F6E7554B1C687E
:103CC80083681B698022544901EBC4119847034655
:103CD80028B9504A136883F001031360E8E74F4A94
:103CE80002214F4816F0E0FBF3E74FF4804200232F
:103CF8004C4810F0FBFCDBE74B4B1A6801321A60AA
:103D08004A4A0121D2E8EF0FC2E8E51F002DF9D198
:103D18001D688D4208D0464BA3FB0523DB0803EB47
:103D28008303B5EB430F61D194F804804046FFF755
:103D3800B7FA6E4600233B7102237B718AB0EC46CA
:103D48001CF110021FD04FF0160E2AB1BEF1040F5D
:103D580002DD384BCCF8143000233B7002237B7013
:103D6800F2B17346BEF1080F01DDCCF818000C2B38
:103D780001DDCCF81C80102B01DDCCF820500CF1B3
:103D8800240300210AE06FF0004EDEE701F108008D
:103D9800384410F8080C03F8010B01310129F5D952
:103DA800BEF1150F24DD16234AB105213971002112
:103DB8007971B9710121F9717868CCF81000002186
:103DC8006FF300016FF341016FF382016FF3C501D7
:103DD800022060F38811C3F30A0363F353216FF3DE
:103DE8001F5100230E4805F07DFCB546002509E06B
:103DF8006FF01B03D8E7A268E3682B44D05CFFF799
:103E080005FC013523699D42F5D351E70A4810F0B6
:103E180053FA4DE7F4EF0020F8EF0020CC37030009
:103E280048240300C0D300208CEF002080EF00203E
:103E3800CDCCCCCCF437030008CF002010B588B027
:103E48002A481CF01CFC90B1284B9B681B68B3B136
:103E58000022274925489847044698B12346254A11
:103E68000121254816F020FB204608B010BD234A42
:103E78000121214816F00EFB6FF01204F4E76FF0F1
:103E88005704EBE71E491F481CF0CAFEFFF74AFE1D
:103E98001D4B01221A6015488368DC684CF25033C8
:103EA80080221A49A0470446B0B900220023CDE970
:103EB800062300230493092203920293019300939B
:103EC800134B4FF44062134913481CF02EFF50B1B6
:103ED800124910F021FCC7E70346114A01210648A0
:103EE80016F0E2FAC0E76FF00B04BDE77C20030090
:103EF800893C010030380300482403001C380300C3
:103F080089360100C0D30020F4EF0020F8EF00202C
:103F1800053A0100503A0120F8D200206C3803001D
:103F28005038030038B51A4BD3E8AF4F8CB900238B
:103F38001D464FF0FF324FF0FF33164810F0ACF833
:103F4800154B1B7883B1144B93F838306BB10123B0
:103F58000BE014F0A4F9001B41F28833984201D811
:103F68000123E5E70023E3E700231C46094810F096
:103F780013F90A4BD3E8AF3F1BB125B12CB9002088
:103F880000E0002038BD0020FCE70120FAE700BF70
:103F980088EF0020B0CD0020A8D2002084EF0020B8
:103FA8000023034A1370034A1360034A13607047DF
:103FB800292A012008F9002004F9002000B5B1B031
:103FC8002A4B1B78032B3ED8DFE803F0020C1B3387
:103FD800AA2838D1264B18700123264A1360234A91
:103FE800137030E0552804D0AA282CD0FFF7D8FF4A
:103FF80029E01F4B587002231E4A13601B4A137096
:1040080021E01C490A68531C0B6019498854052B88
:1040180019D1CB780A7943EA0223B22B06D80733A1
:10402800154A1360114B03221A700CE0FFF7B8FF12
:1040380009E010490B685A1C0A600D49C8540E4B18
:104048001B689A4202D231B05DF804FBADF8042037
:104058000DF106001DF040FB0022002301A90748CE
:104068001CF0A5FBFFF79CFFEDE700BF292A012004
:104078000CF9002008F9002004F90020A8CE00203F
:1040880006296DD92DE9F04383B0054690461C46B4
:104098000378AA2B67D14378552B67D190F8029003
:1040A800C678037946EA0326F31D8B4261D1731D56
:1040B800C75CB31DC35C47EA0327F11C023014F048
:1040C80008F9B8421AD1B9F1810F55D1012E56D944
:1040D8006B79C8F80030AB791846102B16DC03EB67
:1040E800830203EB4202023296420FD1EA1D0A997B
:1040F800994200DA08464FF0000C2CE0214A0221D0
:10410800214816F0C7F94FF0FF3026E000933346F8
:104118001E4A02211C4816F0D2F94FF0FF301CE06D
:104128000CEB4C0E04EB8E01136844F82E30938888
:104138008B8092F906308B71D379CB7192F9083064
:104148000B7292F809E0937A4EEA032EA1F80AE07E
:104158000B320CF1010C6045E2DC03B0BDE8F083E2
:104168004FF0FF3070474FF0FF30F6E74FF0FF3069
:10417800F3E74FF0FF30F0E74FF0FF30EDE74FF097
:10418800FF30EAE7D038030028250300E8380300A9
:1041980038B51C4CAA232370552363700123A370E0
:1041A8000223E370002323716071A3710521A01C11
:1041B80014F08FF8E071C0F307202072002200236A
:1041C800114810F0C1F8114883685D68104B092246
:1041D8002146A847044640B94FF4804200230A48C4
:1041E80010F0B2F840B9204638BD0346094A02210A
:1041F800094816F059F9F6E7084A0221064816F068
:1042080049F9F0E7F8F80020C8CF00205C20030047
:10421800A08601002039030028250300383903004F
:104228002DE9F04F91B0054689460D9214F027F913
:1042380004461CF0A3FF4B0143EAD0634201121A63
:1042480063EB01039B0043EA92739200121843EB5D
:104258000101C90041EA5271C2F3103242EA4142F7
:10426800C90BADB14A4B0D9804900393494B029387
:10427800009201912346484A4FF40061474811F0E3
:10428800E7FB8046B0F5006F04D200240F9539E0B3
:10429800434BE8E7434A0121434816F0FBF856E050
:1042A800424B0C930E9404EB440209EB820319F879
:1042B80022200B925A789D78DE781F7993F805C0F2
:1042C80093F906E093F807A093F908B05B8909937E
:1042D800CDF820B0CDF81CA0CDF818E0CDF814C06A
:1042E80004970396029501920B9A00920C9B304A10
:1042F80011F0AEFB002811DBC8F5006383420DDD29
:10430800804401340D9BA34224DD24484044C8F571
:104318000061002CC4D0274B0C93C3E70F9D0E9B64
:10432800254A0221204816F0BFF8244AC8F5006142
:104338001A48404411F08CFB002803DBC8F50063E1
:10434800834209DC1E4A0121174816F0A3F811B070
:10435800BDE8F08F0F9DE8E708EB00040022114646
:10436800072013F01FFE22460C49164803F018F9DF
:10437800034628B1144A02210B4816F095F8E6E7DF
:1043880000950D9B114A0321074816F098F8DEE7BF
:104398004C3903005430030060390300F8F0002062
:1043A80054390300E039030028250300685E030040
:1043B800043A03005C390300783A0300983A030092
:1043C8009C3A0300B83A0300C03A0300D83A030005
:1043D80010B5E2B04FF4A022002333A92D480FF006
:1043E800D9FD60BB2C4B0122D3E8EF1FC3E8E02FB7
:1043F8000028F9D1BDF8CC10052903D99DF8D03093
:10440800822B32D0002332931023009302AB32AABE
:104418000DF1CE00FFF734FE041E2EDB1F4B0122E8
:10442800D3E8EF1FC3E8E02F0028F9D102F094FE8B
:1044380048B3224602A93298FFF7F2FE13E0184B60
:104448001A6801321A60144A0021D2E8EF0FC2E854
:10445800E41F002CF9D11B6800930A23114A02219A
:10446800114816F02CF862B010BD9DF8D3300F4AF1
:1044780002210D4816F018F8F5E70D4A02210A48FE
:1044880016F008F8EFE723460A4A0321064816F013
:104498000BF8E8E7A8CE002060FA002064FA0020B4
:1044A80050FA0020003B030028250300303B03009E
:1044B8005C3B0300803B030010B5244A13680133BA
:1044C80013600022224B1A60224BD3E8EF1FC3E887
:1044D800E02F0028F9D1FFF763FD1F481CF06FF9A2
:1044E8001E4B01221A601E488368DC6844F620636C
:1044F80040221C49A0470346C0B91B4B0122D3E800
:10450800EF1FC3E8E02F0028F9D10A20FFF740FE8B
:1045180090B1154BD3E8AF3F1BB1114883685B6975
:1045280098470B4B1B68012B09D810BD0F4A022175
:104538000F4815F0B9FFF8E7FFF74AFFE9E70D4A1A
:1045480002210B4815F0B0FFEFE700BF54FA002036
:104558004CFA002058FA0020A8CE0020C8F9002004
:104568005C200300CCF900205CFA0020B43B030077
:1045780028250300D43B030038B50C460B78062BDE
:1045880035D8DFE803F004041315342C350024482B
:104598000FF092FE2BE06268A3682B44D05CFFF713
:1045A8000DFD0135E368AB42F5D820E00025F9E7B9
:1045B8001C4B1C6883681B6940221B4901EB841152
:1045C8009847034628B9174A136883F00103136014
:1045D8000DE0164A0221164815F066FFF3E7154B61
:1045E8000022D3E8EF1FC3E8E02F0028F9D138BD37
:1045F800114A136801331360104B0121D3E8EF2FE0
:10460800C3E8E01F0028F9D112B1FFF7C9FCEEE7B3
:1046180023790B4A0221064815F046FFF5E700BF4B
:10462800C8CF0020C8F90020CCF900200C3C0300BA
:10463800282503005CFA00204CFA002058FA0020D4
:10464800343C030010B588B01E481CF018F890B12F
:104658001C4B9B681B68B3B100221B49194898473B
:10466800044698B12346194A0121194815F01CFF40
:10467800204608B010BD174A0121154815F00AFF59
:104688006FF01204F4E76FF05704EBE7FFF788FCCC
:1046980000220023CDE90623002304930922039274
:1046A8000293019300930C4B4FF440620B490C4862
:1046B8001CF03BFB18B10B4910F02EF8D8E76FF04F
:1046C8000B04D5E75C200300814501003038030066
:1046D80028250300683C03001547010050460120C7
:1046E800F0D300207C3C030008B502480FF0E4FD3D
:1046F80008BD00BFB0CF0020034BD3E8AF0F003890
:1047080018BF0120704700BF60FA002010B582B0C2
:104718000A2300934FF49673274A0321274815F07C
:10472800CEFE4FF496701DE002F016FD08B101238D
:1047380034E0002332E0224A0321204815F0AAFE83
:10474800FFF7BAFEFFF7D8FF10B14FF4967009E0F3
:104758000F231C4A0321194815F0A6FE0F2001E07B
:104768004FF496704FF47A7303FB00F0410CC003CA
:1047780040F2E733C0184FF47A724FF0000341F16A
:104788000001FCF7FBF902460B460F480FF0DCFD71
:104798000446FDF7A5FC0228C6D00023002CCAD089
:1047A800002BDDD0FFF7BEFB0028D9D1074A032133
:1047B800024815F06FFEC3E7883C03002825030074
:1047C8000C3D03002C3D0300B0CF0020DC3C03006F
:1047D800002803DBB42802DDB42000E000204FF4F9
:1047E800E16303FB00F08008054BA3FB0030800861
:1047F80000F516704FF47A7303FB00F0704700BFA2
:10480800176CC11608B5C0EBC00045F69A12002314
:10481800024901EBC0000FF069FF08BDB8D40020C1
:1048280010B582B00446C0EBC0004FF4F02200235C
:10483800074901EBC0000FF059FF631C0F220092DB
:10484800044A0321044815F03AFE02B010BD00BF27
:10485800B8D40020543D0300F824030070B5044682
:104868000D460E4E4FF0FF324FF0FF3330460FF03B
:1048780013FC0B4800EB0410846830460FF08CFCE6
:104888003DB1A4F15A00002806DDB428A8BFB42021
:1048980070BD04F15A00F6E70020F9E760CD00206A
:1048A800D0CA0020F8B507460E4615464FF0FF322D
:1048B8004FF0FF330E480FF0EFFB0E4B1C781CB186
:1048C8005B68BB4205D0002409480FF065FC204610
:1048D800F8BD084B9B78B34201D00024F4E7054BA0
:1048E8009D70DDE9062304480FF000FFECE700BFE8
:1048F8003CCE002068FA002028D5002070B582B090
:104908000546114E4FF0FF324FF0FF3330460FF09F
:10491800C3FB286B002300930C4A0D4951F8201063
:104928000C48FCF7ADFA044630460FF035FC0CB9DC
:1049380002B070BD2B6B01330094074A022107486F
:1049480015F0BDFDF4E700BF14CE0020002D3101A5
:10495800C43F0300DC200300783D0300F824030073
:1049680000B9704710B58CB00446009103460B4A55
:10497800282102A811F06CF80246431E262B04D801
:1049880002A90B2013F00EFB28B12346044A01218B
:10499800044815F089FD0CB010BD00BF9C3D030014
:1049A800A43D0300F824030010B504464FF0FF327D
:1049B8004FF0FF330F480FF06FFB0F4B1B7883B19D
:1049C8000D4B5B68A34201D000240BE00A4B9B7897
:1049D800012B01D0002405E0074B9C6800229A6057
:1049E80000E0002403480FF0D7FB00212046FFF722
:1049F800B7FF10BD3CCE002068FA002038B5054648
:104A08000C464FF0FF324FF0FF330D480FF044FBD8
:104A18000C4B1B7853B10B4B5B68AB4201D00025A4
:104A280005E0084B9D6800221A7000E00025044844
:104A38000FF0B2FB21462846FFF792FF38BD00BFB2
:104A48003CCE002068FA002030B587B004460B46FB
:104A58001546124A1821684610F0FAFF69462046A2
:104A68001CF0FCFEB0B104466846FCF7B3F83A21E6
:104A780020441CF074FE78B1013000E00130037866
:104A8800202BFBD0092BF9D01CF055FE2860012003
:104A980007B030BD0020FBE70020F9E7D43D030054
:104AA80008B5C0EBC000034B03EBC0001CF0F9F8DD
:104AB80008BD00BFB8D400202DE9F04782B000AF90
:104AC80004460E464FF0FF384FF0FF39DFF81CA1BF
:104AD80042464B4650460FF0DFFA454BDD685046DC
:104AE8000FF05AFB42464B4642480FF0D5FA424B6C
:104AF8001B781BB1404BD3F8088001E04FF0000849
:104B08003D4B5A6801325A6001221A705C700022CB
:104B18009A709E604FF47A7202FB05F5DD60002200
:104B2800002336480FF0E2FD32480FF035FB6FF0F6
:104B38008B014046FFF714FFECB1314900233B716C
:104B480002237B7188B0EC461CF1100215D00E20B0
:104B580022B1042802DD2B4BCCF8143000233B7023
:104B680002237B70B2B1082801DDCCF818100CF1D3
:104B78001C0300210CE02449E0E76FF00040E7E760
:104B880001F108043C4414F8084C03F8014B0131C6
:104B98000129F5D90D2825DD0E234AB103213971E4
:104BA80000217971B9710121F9717868CCF8100088
:104BB80000216FF300016FF341016FF382016FF37E
:104BC800C501032060F38811C3F30A0363F353217B
:104BD8006FF31F5100230D4804F084FD0837BD46CC
:104BE800BDE8F0876FF01B03D7E700BF60CD00205A
:104BF800D0CA00203CCE002068FA002028D500202A
:104C080030320300DC3D030038320300F82403008F
:104C18002DE9F04184B002AF05460C46334E4FF003
:104C2800FF324FF0FF3330460FF036FA304B53F86F
:104C380025802046FFF7CCFD0346002200922D4A2E
:104C480041462D48FCF71CF9044630460FF0A4FAFB
:104C5800002C40D005F1010C254B53F825506E4629
:104C68008AB002AB13F110023AD0142182B108467F
:104C7800042903DDDFF884E0C3F814E0082801DD27
:104C8800C3F818C00C2800DDDD61102800DD1C62A7
:104C9800132928DD14253AB10521397100217971CC
:104CA800B971F9717868186100216FF300016FF329
:104CB80041016FF382016FF3C501012363F388118A
:104CC800C5F30A0565F353216FF31F5100230C4800
:104CD80004F008FDB54620460837BD46BDE8F0811A
:104CE8006FF00041C2E76FF01B05D4E714CE002037
:104CF800C43F0300002D3101DC200300F83D030010
:104D0800F824030070B5002416E00D4D4FF0FF3273
:104D18004FF0FF3328460FF0BFF90A4B03EB04139B
:104D28009E6828460FF038FA31462046FFF770FF94
:104D38002046FFF767FD0134012CE6DD70BD00BF9A
:104D480060CD0020D0CA00202DE9F04786B000AF22
:104D580004460D464FF0FF324FF0FF3359480FF02D
:104D68009BF9594B03EB04130FCB07F1180606E91F
:104D78000F003A1D55492846FFF766FE38B17B6893
:104D8800002B40F39180B42BA8BFB423BB603A1D1D
:104D98004F492846FFF758FE38B17B68002B40F38F
:104DA8008580B42BA8BFB423FB603A1D4949284627
:104DB800FFF74AFE30B17B68002B79DDB42BA8BF22
:104DC800B4233B613A1D44492846FFF73DFE30B104
:104DD8007B68012B6EDD3C2BA8BF3C237B613A4BE3
:104DE80003EB041C07F1180313E90F008CE80F000C
:104DF80034480FF0D1F904F10109D7F80880D7F841
:104E08000CE0D7F810C07D696E468CB06B4613F184
:104E1800100251D01C20CAB10146042803DDDFF876
:104E2800BCA0C3F814A0082901DDC3F818900C2908
:104E380001DDC3F81C80102901DDC3F820E0142926
:104E480001DDC3F824C0182900DD9D621B2836DD6A
:104E58001C253AB10721397000217970B970F970B1
:104E68003868186100216FF300016FF341016FF397
:104E780082016FF3C501032363F38811C5F30A05A3
:104E880065F353216FF31F510023154804F02AFCE2
:104E9800B54639692046FFF7BBFE2046FFF7B2FC4E
:104EA8001837BD46BDE8F08700236FE700237BE78E
:104EB800002386E7012391E76FF00040ABE76FF02E
:104EC8001B05C6E760CD0020D0CA00201C3E0300A9
:104ED800243E03002C2C0300303E0300383E030020
:104EE800F8240300F0B583B000AF04460D4616461B
:104EF80032492846FBF75CFE18B301346E4601239D
:104F08003B7103237B718AB0EC461CF110021DD063
:104F180012204AB10346042802DD2949CCF81410AE
:104F2800082B01DDCCF8184001233B7003237B706C
:104F3800CAB10C2801DDCCF81C500CF1200300216B
:104F48000FE031462046FFF7FFFE31E06FF00040EA
:104F5800DFE701F108043C4414F8084C03F8014B5E
:104F680001310129F5D9112825DD12234AB104217F
:104F7800397100217971B9710121F9717868CCF81A
:104F8800100000216FF300016FF341016FF38201FC
:104F98006FF3C501022060F38811C3F30A0363F3BA
:104FA80053216FF31F510023064804F09BFBB546BD
:104FB8000C37BD46F0BD6FF01B03D7E7683E030012
:104FC800703E0300F824030003780A2B00D07047D2
:104FD8002DE9F041ADF5047D00AF048AB4F5007FFA
:104FE80028BF4FF4007407F10C05224600F11201A6
:104FF80028461CF071FB00232B550A2128461CF07B
:10500800AEFB0446C0B3002304F8013B3E7B0A21F3
:1050180020461CF0A4FB0546A0B3002305F8013B7D
:10502800E84601233B7103237B718AB0EC461CF1EF
:10503800100229D04FF0120E52B17346BEF1040F80
:1050480002DD4949CCF81410082B01DDCCF81860B2
:1050580001233B7003237B70CAB1BEF10C0F01DD45
:10506800CCF81C400CF12003002101290FD8785CF2
:1050780003F8010B0131F8E73C4A02213C4815F0DE
:1050880009FA56E03B4DCBE76FF0004ED4E7BEF18E
:10509800110F31DD12234AB10421397100217971D0
:1050A800B9710121F9717868CCF8100000216FF30B
:1050B80000016FF341016FF382016FF3C501032013
:1050C80060F38811C3F30A0363F353216FF31F518D
:1050D8000023274804F006FBC5460A2207F1080109
:1050E800284610F0C1FF80462B7843B1BB681B7877
:1050F8003BB14FF0000804E06FF01B03CBE74FF023
:1051080000081D492046FBF753FDB8B11B4920464E
:10511800FBF74EFDB8B1312E19D0322E1DD02A46DC
:1051280021460020FFF7DEFE2A4621460120FFF730
:10513800D9FE07F50477BD46BDE8F0814146012058
:10514800FFF7BAFCF5E74146FFF7B6FCF1E72A4658
:1051580021460020FFF7C6FEEBE72A46214601203C
:10516800FFF7C0FEE5E700BFAC3E0300903E03003A
:10517800F8240300685E030030320300383203006D
:105188002DE9F04385B002AF4FF0FF324FF0FF3307
:10519800B7480EF081FFB74B1B78ABB1B54BD3F8CE
:1051A8000480DE689C785D78B1480EF0F5FF95B113
:1051B800DFF8C492042C00F20182DFE814F00F003B
:1051C8008100A6002001A901A9480EF0E5FF0C37CF
:1051D800BD46BDE8F083DFF8A492EBE7294600203E
:1051E800FFF73CFB06460020FFF75AFC314600203B
:1051F800FFF70EFD014600BB6C4600233B710223FE
:105208007B718AB002AD15F110021AD012201AB1C2
:10521800042801DD9A4B6B6100233B7002237B70ED
:10522800E2B10346082801DDC5F818900C2B00DD13
:10523800EE6105F1200300210EE04046FFF7DEFB9A
:10524800C5E76FF00040E2E701F108063E4416F8B2
:10525800086C03F8016B01310129F5D911282CDDFF
:10526800122342B10421397100217971B9710121E8
:10527800F9717868286100216FF300016FF341012B
:105288006FF382016FF3C501032060F38811C3F344
:105298000A0363F353216FF31F510023794804F085
:1052A80021FAA54645F69A120023CDE900230122EA
:1052B80000214046FFF7F6FA89E76FF01B03D0E7B5
:1052C8003446B6F52F7F28BF4FF42F744046FFF7BA
:1052D8006BFBB6F52F7F15D9301B410CC00340F28C
:1052E800E733C0184FF47A724FF0000341F1000120
:1052F800FBF744FC00900191022201214046FFF790
:10530800D1FA64E700200146F4E75F4C4FF0FF3222
:105318004FF0FF3320460EF0BFFE5C4B9E682046E0
:105328000EF03AFF31460020FFF772FC014618BB29
:105338000020FFF767FA6C4600233B7102237B715C
:105348008AB002AD15F110021AD012201AB1042841
:1053580001DD4F4B6B6100233B7002237B70E2B190
:105368000346082801DDC5F818900C2B00DDEE6116
:1053780005F1200300210EE04046FFF73FFB26E73A
:105388006FF00040E2E701F108063E4416F8086CA9
:1053980003F8016B01310129F5D911282CDD1223FD
:1053A80042B10421397100217971B9710121F97172
:1053B8007868286100216FF300016FF341016FF3F2
:1053C80082016FF3C501032565F38811C3F30A034E
:1053D80063F353216FF31F5100232A4804F082F925
:1053E800A5464FF400420023CDE900232A460221B6
:1053F8004046FFF757FAEAE66FF01B03D0E7294665
:105408000120FFF72BFA05460120FFF749FB294643
:105418000120FFF7FDFB014618BB0120FFF700FA4A
:105428006C4600233B7102237B718AB002AE16F1F1
:1054380010021AD012201AB1042801DD154B73612D
:1054480000233B7002237B7082B30346082801DDEA
:10545800C6F818900C2B00DDF56106F12003002139
:1054680022E04046FFF7CAFAB1E66FF00040E2E7F3
:105478003CCE002068FA00203032030038320300A6
:10548800D03E0300F824030060CD0020D0CA0020DD
:10549800EC3E0300143F030001F108053D4415F8F4
:1054A800085C03F8015B01310129F5D911282CDDCD
:1054B800122342B10421397100217971B971012196
:1054C800F9717868306100216FF300016FF34101D1
:1054D8006FF382016FF3C501032565F38811C3F3E8
:1054E8000A0363F353216FF31F510023364804F076
:1054F800F9F8A54645F69A120023CDE900230422BF
:1055080029464046FFF7CEF961E66FF01B03D0E766
:105518006C4600233B7102237B7188B002AD15F104
:10552800100212D00E201AB1042801DD274B6B613E
:1055380000233B7002237B70A2B1082801DDC5F867
:10554800189005F11C0300210AE06FF00040EAE71B
:1055580001F108063E4416F8086C03F8016B0131A6
:105568000129F5D90D2826DD0E2342B10321397111
:1055780000217971B9710121F971786828610021D8
:105588006FF300016FF341016FF382016FF3C501FF
:10559800032060F38811C3F30A0363F353216FF305
:1055A8001F510023084804F09DF8A54600214046F5
:1055B800FFF724FA0BE66FF01B03D6E76FF015012F
:1055C8004046FFF71BFA02E6F8240300303F0300C9
:1055D800F0B583B000AF36481BF051F828B1354913
:1055E80035481BF01DFB002411E0344A01213448E2
:1055F80014F050FF6FF0120050E0C4EBC4033148C0
:1056080000EBC300046330491BF00AFB0134012C92
:10561800F3DDFFF777FB2D492D48FBF7C9FD2D4B2F
:105628009C686D468AB06B4613F1100239D014217C
:1056380082B10846042901DD274E5E61082801DD94
:1056480002269E610C2800DDDC61102802DD4FF483
:105658007A701862132927DD14243AB105213971AB
:1056680000217971B971F9717868186100216FF3B7
:1056780000016FF341016FF382016FF3C50103234A
:1056880063F38811C4F30A0363F353216FF31F51C3
:1056980000230B4804F026F8AD4600200C37BD4621
:1056A800F0BD6FF00041C3E76FF01B04D5E700BF02
:1056B800DC2003008951010028D500204C3F03005D
:1056C800F8240300B8D4002005490100D14F010097
:1056D800683F0300D0CA0020703F030008B50246A7
:1056E8000821024812F068FE08BD00BF1C20030014
:1056F80010B588B023481AF0C2FF002830D04FF404
:10570800B011214812F03DFE0446002830D1012096
:10571800FFF7E4FF43F2343000211BF056FC002071
:10572800FFF7DCFF00220023CDE9062300230493C2
:105738000A220392029301930093144B4FF4407290
:10574800134914481BF0F1FAC8B113490EF0E4FFED
:10575800124A0321124814F09DFE204608B010BDDD
:10576800104A01210E4814F095FE6FF01204F4E778
:1057780003460D4A01210A4814F096FEEDE76FF042
:105788000B04EAE71C20030060400300DB830200EF
:105798005052012058D5002008400300144003004F
:1057A80058240300CC3F0300E83F03002DE9F04FE5
:1057B80087B000AF06469B4BD3E8AF3FE3B99A4B9F
:1057C8001B68C31A4EF66022934240F22481974B1D
:1057D8000822D3E8EF1F002903D1C3E8E02F0028EF
:1057E800F7D106D14EF66023914A0121914814F071
:1057F8005BFE4FF0000810E18F4BD3E8AF9F002409
:105808004FF0010838E06FF0004C60E000233B7473
:1058180002237B74002A62D1BCF10D0F77DD0E23C1
:1058280042B10320387500207875B8750120F875E5
:10583800786908616FF3000A6FF3410A6FF3820A0F
:105848006FF3C50A032161F3881AC3F30A0363F3EC
:10585800532A6FF31F5A00235146764803F042FF3C
:10586800D7F80CD0ED43714BD3E8EF1F2940C3E8BC
:10587800E21F002AF8D10134022C00F3CE80012562
:10588800A54015EA090FF6D0A2006C4B03EB840380
:10589800D3E8AF3F6A490A44D2E8AF1FF31A09B107
:1058A8008B4237D8614BD3E8AF3F1D42E3D0654BFD
:1058B80053F82400C7F80CD000233B7502237B75EE
:1058C80088B0694611F110029DD04FF00E0C002AE5
:1058D8009CD0BCF1040F99DD5B4B4B6196E7BCF1A2
:1058E800080F00DD886101F11C0300200CE07B60DB
:1058F80000F1080E07F110039E441EF808EC7B68BF
:1059080003F801EB7B6001300128F0D984E76FF0E0
:105918001B0385E7454AD2E8EF0F40EA050CC2E8C9
:10592800EECFBEF1000FF6D1284071D1454A52F8AA
:105938002420BA60C7F80CD000223A7502227A7582
:105948008AB0EC461CF110023CD04FF0160E32B172
:10595800BEF1040F03DDDFF8F480CCF814804FF0BB
:10596800000887F810804FF0020887F8118062BBA2
:10597800BEF1150F49DD16234AB1052139750021FD
:105988007975B9750121F9757869CCF810006FF34C
:10599800000B6FF3410B6FF3820B6FF3C50B012103
:1059A80061F3881BC3F30A0363F3532B6FF31F5B85
:1059B800002359461F4803F095FED7F80CD04FF046
:1059C800000858E76FF0004EC1E77546BEF1080FB2
:1059D80003DDD7F80880CCF818800C2D01DDCCF851
:1059E8001C30102D01DDCCF820100CF1240309E047
:1059F80000F1080107F11005294411F8081C03F803
:105A0800011B01300128F3D9B2E76FF01B03B3E79C
:105A18004FF000082FE74FF0010840461C37BD46FD
:105A2800BDE8F08F94FA002078FA002098FA002058
:105A380068400300182503009CFA002088FA00201B
:105A48007CFA0020CC410300A4400300C4400300BA
:105A580010B500240EE00134144BA3FB04239B086B
:105A680003EB4303B4EB430F19D04FF4A0200021FC
:105A78001BF0ABFA12F0C9FCFFF798FE0028F4D02F
:105A88000B4B19680B488368DB6898470346002866
:105A9800E1D0094A0121094814F006FDE5E723464B
:105AA800074A0321054814F0FFFCDEE7ABAAAAAABF
:105AB800F0CA00209C200300FC40030018250300C6
:105AC80010410300022800D9704710B5054C04EBBB
:105AD800800412F09AFCD4E8EF3FC4E8E20F002AF1
:105AE800F9D110BD88FA0020022819D810B504464B
:105AF800A9B10C4B03EB8003D3E8EF2FC3E8E01FF9
:105B08000028F9D12046FFF7DDFF0123A340064A0C
:105B1800D2E8EF0F1843C2E8E10F0029F8D110BD11
:105B2800704700BF7CFA00209CFA0020022812D897
:105B380001238340DB43084AD2E8EF0F1840C2E84C
:105B4800E10F0029F8D1054AD2E8EF0F1840C2E862
:105B5800E10F0029F8D170479CFA002098FA00203C
:105B6800044B0122D3E8EF1FC3E8E02F0028F9D146
:105B7800704700BF94FA002010B58CB02E481AF078
:105B88007EFD00283DD02D4B0DF1200C0FCB8CE86D
:105B98000F00294883689B6861469847284B18601E
:105BA800002836DB244883681B680221984704468E
:105BB800002837D112F029FC224B1860002200235C
:105BC800CDE90623002304930A220392029301934A
:105BD80000931D4B4FF440721C491D481BF0A5F85B
:105BE80038B31C490EF098FD42F21073009347F247
:105BF8003053194A0321194814F061FC20460CB0AF
:105C080010BD174A0121154814F044FC6FF0120426
:105C1800F4E70346134A0121104814F045FC084BE9
:105C28001C68EBE70346104A01210C4814F03CFCC1
:105C3800E4E76FF00B04E1E79C20030090250300E4
:105C4800F0CA002078FA0020595A01005055012066
:105C580020D600208441030090410300182503004A
:105C6800304103004C4103006C41030076300E289C
:105C780011D8DFE800F00C1008100A1010121010EC
:105C8800101010100E000648704706487047064866
:105C9800704706487047064870470648704700BF77
:105CA800D841030024420300384203004C42030059
:105CB8006C4203000442030005490A88531C9BB246
:105CC8000B800BB902320A80014B1888704700BF5D
:105CD800202A012000230F2B06D8054A32F813206A
:105CE800824203D00133F6E7002070470120704755
:105CF800BCFA0020037A012B09D1054A1368808A6F
:105D0800044921F81300013303F00F0313607047AF
:105D1800B8FA0020BCFA0020F0B59DB000AF5422BC
:105D2800002107F118001BF0FEFC01233B627B6297
:105D380007F16C0307F118020021744814F0F3FE10
:105D4800054600284CD1FB6EDB69714C93E80300D3
:105D580084E80300012626804BF222336380102357
:105D680007F10802211D304615F0EBF86C460023B8
:105D78003B7102237B71BE710323FB718AB0EC4631
:105D88001CF1100200F084804FF0180E2AB1BEF109
:105D9800040F02DD5F4BCCF8143000233B70022364
:105DA8007B702AB1BEF1080F02DD584BCCF81830D1
:105DB8000123BB700323FB70002A76D07346BEF123
:105DC8000C0F03DD07F10801CCF81C10102B03DDC4
:105DD80042F2B323CCF820300CF12403002162E016
:105DE8006E4600233B7102237B718AB06C4614F126
:105DF800100216D012201AB1042801DD464B636147
:105E080000233B7002237B70C2B10346082801DDE2
:105E18003E49A1610C2B00DDE56104F1200300215E
:105E28000AE06FF00040E6E701F170053D4415F81F
:105E3800705C03F8015B01310129F5D9112824DDD3
:105E4800122342B10421397100217971B9710121FC
:105E5800F9717868206100216FF300016FF3410147
:105E68006FF382016FF3C501012060F38811C3F35A
:105E78000A0363F353216FF31F510023274803F0EC
:105E880031FCB5466FF0040538E06FF01B03D8E726
:105E98006FF0004E7AE701F17000384410F8700C8A
:105EA80003F8010B01310329F5D9BEF1170F29DDDC
:105EB80018234AB10521397100217971B97102217C
:105EC800F9717868CCF8100000216FF300016FF3C6
:105ED80041016FF382016FF3C501032060F388115C
:105EE800C3F30A0363F353216FF31F5100230B48D5
:105EF80003F0F8FBA546F86E14F03EFE284674370A
:105F0800BD46F0BD6FF01B03D3E700BF844203001A
:105F1800D80A0120B84203009C420300B8240300B9
:105F280038B5044601F040FC0546204615F0F1FE60
:105F380094F8883043F0020384F888301B4BE365FB
:105F48001B4B236765652846FAF744FEA065194B85
:105F58002366194B5B683BB3174B6366042384F8CD
:105F680086307823A4F88430144B63674FF40073A9
:105F7800A367134AE267C4F88030012384F8243009
:105F88000222226300256563A563E3630D4B236446
:105F98000D4BA36484F85050202229460B481BF06F
:105FA800C2FB0B4B1D6038BD0023D6E7D80A012081
:105FB80081730100FCCA0020F4CA0020D80801201F
:105FC800D8060120004B030084420300BCFA0020DD
:105FD800B8FA00200B7A012B00D0704700B583B0C7
:105FE8008B8AADF8043001A915F00FFF034610B9EC
:105FF80003B05DF804FB034A0221034814F054FA85
:10600800F6E700BFD4420300B82403002DE9F843A3
:106018000646884617461848FAF7DCFD7568854233
:1060280024D30446D6F800900246134948461BF08C
:1060380086FBF0B9A54205D019F804302F2B07D0FC
:10604800002014E00023C8F800303B6001200EE077
:10605800631C9D4201D8002009E04B44C8F8003079
:1060680073681B1B013B3B60012000E00020BDE87A
:10607800F8830020FBE700BF94FB0020B0B586B092
:1060880002AF0021F97307F10F022A2009F006FF79
:1060980038BBFB7B6BB334496C4601233B7203234B
:1060A8007B728AB00DF1080C1CF1100223D012206B
:1060B80052B10346042802DD2C4DCCF81450082BAD
:1060C80002DD2A23CCF8183001233B7103237B71AE
:1060D800FAB10C2801DDCCF81C100CF120030021CA
:1060E80015E000902A23224A0221224814F0E7F9F9
:1060F80034E02149D0E76FF00040D9E701F11005FD
:1061080005EB070E1EF80CEC03F801EB0131012931
:10611800F4D9112825DD12234AB10421397200214E
:106128007972B9720121F972B868CCF810000021AF
:106138006FF300016FF341016FF382016FF3C50143
:10614800032060F38811C3F30A0363F353216FF349
:106158001F510023074803F0C5FAA5461037BD466E
:10616800B0BD6FF01B03D7E7E842030024430300E8
:10617800FC420300B8240300F442030030B587B0A2
:1061880005220023CDE9022300230493174BDC6A80
:106198001023009302AB14220121204605F036FBA0
:1061A80050B91023009302AB15220121204605F0B7
:1061B8002DFB70B907B030BD1BF09AFE04460C4D9C
:1061C80043590C4A01210C4814F06EF960594042B9
:1061D800F0E71BF08DFE0446054D4359074A01219F
:1061E800054814F061F960594042E3E7F00A0120DC
:1061F8000C0000003C430300B82403006443030080
:1062080090B583B000AF00233B7102237B7188B047
:10621800EC461CF1100213D00E2422B1042C02DD2E
:106228002A4BCCF8143000233B7002237B70A2B1B8
:10623800082C01DDCCF818000CF11C0300210AE041
:106248006FF00044E9E701F10800384410F8080C41
:1062580003F8010B01310129F5D90D2C32DD0E238C
:106268004AB10321397100217971B9710121F9719C
:106278007868CCF8100000216FF300016FF341013A
:106288006FF382016FF3C501012464F38811C3F32E
:106298000A0363F353216FF31F5100230C4803F0E3
:1062A80021FA0C4BD3E8EF2FC3E8E14F0029F9D1CD
:1062B800094BD3E8EF2FC3E8E14F0029F9D10C3798
:1062C800BD4690BD6FF01B03CAE700BF8C430300B7
:1062D800B8240300E4FA0020E8FA002010B512B947
:1062E8000024204610BD15F0B6FE04460028F8D05C
:1062F8000346044A0121044814F0D6F80348FFF77E
:106308007FFFEEE7A8430300B8240300C843030057
:106318002DE9F04FADF5077D04AFD1F81090B9F530
:10632800007F5AD880460D4616461C464A466D4997
:10633800FFF7D4FF002859D16A4B002203F809203F
:10634800002E61D0012C56D03023664A9B46A246C7
:10635800029201960094644A4FF4007107F1080014
:106368000FF076FB0246431EB3F5FF7F73D807F1A3
:1063780008010A2011F016FE0346002875D16C4664
:1063880002233B7104237B718CB00DF1100C1CF1BE
:10639800100270D01A206AB10346042802DD53495E
:1063A800CCF81410082B01DDCCF818B00C2B01DD4B
:1063B800CCF81CA002233B7004237B70002A63D016
:1063C8000346102801DDCCF82060142B01DDCCF841
:1063D80024900CF12803002154E04B46444A022142
:1063E800444814F061F84448FFF70AFF07F50377BB
:1063F800BD46BDE8F08F3378A3F13102D2B2012A4D
:1064080003D93023374AA1E73023B9F1000F05D06B
:10641800344A12787B2A17D04C4606E04C4604E0F2
:10642800644602E0644600E064468CB104F1FF3C37
:106438002C4A12F80C200A2AF2D00D2AF2D0202A6F
:10644800F2D02E4A274E81E7264A07242C4E7DE7B4
:106458002A4A244E7AE72B4A0221264814F01AF8D1
:106468002946404611F0EBFFC0E7274A01212148A1
:1064780014F01AF8BAE76FF000408CE77E5C03F876
:10648800016B01310129F9D9192827DD1A234AB1ED
:106498000621397100217971B9710121F971786882
:1064A800CCF8100000216FF300016FF341016FF386
:1064B80082016FF3C501032060F38811C3F30A0357
:1064C80063F353216FF31F5100230A4803F00AF9BD
:1064D800A5462946404611F0B2FF87E76FF01B0337
:1064E800D5E700BFD4FC0020184403006C44030027
:1064F800E4430300B824030000440300685E03007B
:10650800683E0300244403004C44030008B50A69AC
:10651800B2F5007F06D80649FFF7E0FEB0FA80F032
:10652800400908BD0348FFF76BFE0020F9E700BFEC
:10653800D4FC00209C4403002DE9F04184B000AF56
:1065480006460C460D690B7A012B27D0A37D13F064
:10655800020F3ED19849204611F07CFF002800F038
:10656800A080B5F5007F00F20F812A469349304696
:10657800FFF7B4FE002840F01081904900234B55E6
:106588002A46082011F00EFD0346002800F0098174
:106598008B4A01218B4813F087FFFEE08B7D13F0B7
:1065A800010FD3D0888AFFF795FB0028CED021466B
:1065B8003046FFF7ABFF002800F0EF80A38A824A3D
:1065C8000321804813F070FF21463046FFF702FD93
:1065D800E3E021463046FFF799FF002800F0DD8010
:1065E800D4F804E021686D4601233B7303237B73D1
:1065F8008AB0EC461CF1100219D0122052B10346A1
:10660800042803DDDFF8C481CCF81480082B01DDF1
:10661800CCF818E001233B7203237B72A2B10C284B
:1066280001DDCCF81C100CF1200300210AE06FF00A
:106638000040E3E701F1100EBE441EF808EC03F831
:1066480001EB01310129F5D9112827DD12234AB1BF
:106658000421397300217973B9730121F973F8683A
:10666800CCF8100000216FF300016FF341016FF3C4
:1066780082016FF3C501022060F38811C3F30A0396
:1066880063F353216FF31F5100234E4803F02AF898
:10669800AD462146304611F0D2FE7EE06FF01B0376
:1066A800D5E73A1D39462046FFF7B0FC30BBD4F891
:1066B80004E021686D4601233B7303237B738AB092
:1066C800EC461CF1100220D0122052B103460428D7
:1066D80003DDDFF8FC80CCF81480082B01DDCCF852
:1066E80018E001233B7203237B72DAB10C2801DD29
:1066F800CCF81C100CF12003002111E07B683A68EB
:1067080021463046FFF704FE47E06FF00040DCE723
:1067180001F1100EBE441EF808EC03F801EB01313C
:106728000129F5D911282CDD12234AB10421397326
:1067380000217973B9730121F973F868CCF8100056
:1067480000216FF300016FF341016FF382016FF3D2
:10675800C501022060F38811C3F30A0363F35321D0
:106768006FF31F510023174802F0BCFFAD462146C6
:106778003046FFF7CBFE80B12146304611F05FFE70
:106788000BE06FF01B03D0E72B46124A02210D489D
:1067980013F08AFE1048FFF733FD1037BD46BDE8F9
:1067A800F0812B460D4A0321064813F07DFE214651
:1067B800304611F044FEF0E734FC0020D4FC002001
:1067C8005C450300B8240300B8440300DC4403001C
:1067D8000045030020450300404503007C450300B5
:1067E800124B0022D3E8EF1F012903D1C3E8E02FA1
:1067F8000028F7D113D110B50024042C10DC002296
:106808001146042011F0CEFB78B10220FFF75AF9A7
:1068180040F6CD4000211AF0D8FB0134EDE770476F
:10682800034A0121034813F035FE10BDDCFA0020AD
:1068380098450300B82403002DE9F04385B000AF64
:10684800FFF76AFA064620B130461437BD46BDE860
:10685800F083B348FFF764FBB24B0024D3E8EF2F73
:10686800C3E8E14F0029F9D1AF4BD3E8EF2FC3E8D4
:10687800E14F0029F9D1AD4BD3E8EF2FC3E8E14F41
:106888000029F9D1AA4BD3E8EF2FC3E8E14F00293B
:10689800F9D1FFF7F3FB6D463C7102237B718CB095
:1068A8006C4614F110022AD01A201AB1042801DD0E
:1068B800A04B636100233B7002237B7012B3034635
:1068C800082801DD9C49A1610C2B02DD42F2B321AD
:1068D800E161102B01DD2A212162142B01DD022345
:1068E800636204F12803002101290BD801F1100685
:1068F8003E4416F8106C03F8016B0131F4E76FF0B1
:106908000040D2E719284CDD1A2342B1062139711B
:1069180000217971B9710121F9717868206100212C
:106928006FF300016FF341016FF382016FF3C5014B
:10693800032060F38811C3F30A0363F353216FF351
:106948001F5100237D4802F0CDFEAD46744815F076
:10695800F8F9064600286BD0FFF788F96D46012341
:106968003B7103237B718AB06C4614F110021BD073
:106978004FF0120C42B16346BCF1040F01DD7049BF
:106988006161082B00DDA66101233B7003237B7046
:10699800BAB1BCF10C0F00DDE06104F12003002165
:1069A8000DE06FF01B03B0E76FF0004CE2E701F178
:1069B8001000384410F8100C03F8010B01310129BC
:1069C800F5D9BCF1110F30DD122342B10421397120
:1069D80000217971B9710121F9717868206100216C
:1069E8006FF300016FF341016FF382016FF3C5018B
:1069F800012060F38811C3F30A0363F353216FF393
:106A08001F5100234D4802F06DFEAD464D4C4FF02E
:106A1800FF324FF0FF3320460DF03EFB404815F0A3
:106A2800A2FA20460DF0B8FB0EE76FF01B03CCE787
:106A3800FFF7A4FB064678BB47F230510220FFF768
:106A480053F80023BB60FB60354BDB6ABB60012356
:106A5800BB811AF093FB4FEA411848EAD068450118
:106A68002D1A68EB01084FEA880848EA9578AD00C6
:106A78002D1848EB01084FEAC80848EA5578C5F3CD
:106A8800103545EA48454FEAD83847F23053ED18F3
:106A980048F10008344675E02A4C4FF0FF324FF0B9
:106AA800FF3320460DF0F8FA1D4815F05CFA204631
:106AB8000DF072FBC8E61BF01BFA234B1B58234A48
:106AC80001211E4813F0F0FC4FF0FF324FF0FF3366
:106AD8001C480DF0E1FA164B0022D3E8EF1FC3E87B
:106AE800E02F0028F9D1104BD3E8AF3F002B00F07E
:106AF800C8800B4815F037FA12480DF04DFBFFF728
:106B08006FFE0220FEF7DEFF084BD3E8AF3F002BF5
:106B18007FF49AAE002C00F0B980264694E600BFB8
:106B2800F00A0120E8FA0020E4FA0020E0FA002048
:106B3800F0FA0020C445030084420300B82403008F
:106B48000846030000CE00200C0000002846030081
:106B58003446B7F90E3013F0010F4FD14D480DF000
:106B68001BFB002C4FD14C4BD3E8AF3F002B51D12E
:106B78004A4BD3E8AF3F002B52D0B7F90E3013F091
:106B8800380F78D1464BD3E8AF3F002B9CD002207A
:106B9800FEF798FFDFF8FC904FF0FF324FF0FF331D
:106BA80048460DF079FA3F4815F01FFA0446484662
:106BB8000DF0F2FA0220FEF785FF41F288339C427D
:106BC80000D91C460023FB812246012107F1080059
:106BD80013F0F0FE041EFFF66EAF4FF0FF324FF0D9
:106BE800FF332C480DF058FA2E4815F0D2F9044618
:106BF80010F10B0FACD00028B0D1AAE7294815F046
:106C08000DFA0446AAE72346274A0121274813F02C
:106C18004BFC59E7264A0221244813F03BFC53E772
:106C28001AF0ACFA4A0142EAD06243011B1A62EB3D
:106C38000102920042EA93729B001B1842EB010189
:106C4800C90041EA5371C3F3103343EA4143C90B06
:106C5800AB4271EB080190DB164A0121134813F08F
:106C680019FC154B0122D3E8EF1FC3E8E02F0028D9
:106C78003FF42AAFF7E7114A02210C4813F014FC3D
:106C880022E70021074815F0EBF835E76FF07006AA
:106C9800DAE500BF00CE0020E8FA0020E0FA002084
:106CA800ECFA0020F00A012038460300B82403005B
:106CB8005446030088460300E4FA0020A446030073
:106CC80038B54FF47A7303FB00F517E041F28834C6
:106CD800AC4228BF2C460220FEF7F4FE610CE0030C
:106CE80040F2E733C0184FF47A724FF0000341F1D5
:106CF8000001F9F743FF1AF068F92D1B25B1034B82
:106D0800D3E8AF3F002BE1D138BD00BFECFA00203B
:106D180038B5214A0321214813F0BCFB02E00220C8
:106D2800FEF704FF0220FEF701FF4FF0FF324FF09D
:106D3800FF331B480DF008FB1A490220FEF7D4FE6A
:106D48000A25194BD3E8AF3F002BE8D0154902209C
:106D5800FEF7CAFEFFF770FD0446134BD3E8AF3FBA
:106D6800002BEED000B90A252B46104A03210B4808
:106D780013F09AFB47F230510220FEF7B5FE284681
:106D8800FFF79EFF002CDCD06D00B5F5967F28BF7D
:106D98004FF49675D5E700BFC4460300B824030036
:106DA80080CF002020BF0200ECFA0020EC46030050
:106DB80010B582B040F21633244A00212A2008F088
:106DC800EDFF0446B0B101281BD010F1020F2DD100
:106DD80040F216331D4A00212A2008F0A7FF044676
:106DE80060BB2A231A4A02211A4813F05DFB204689
:106DF80002B010BD2A23184A0321164813F054FB89
:106E0800F5E72A23154A0321124813F04DFB002108
:106E18002A2009F017F804460028D9D000902A2320
:106E28000F4A01210B4813F04AFBE0E700902A23A0
:106E38000C4A0121074813F042FBD8E700902A23A7
:106E4800094A0121034813F03AFBD0E7044B030039
:106E580004480300B8240300044703002C47030038
:106E68006047030084470300AC47030000B589B0BE
:106E780000220023CDE9062300230493082203926D
:106E8800029301930093094B4FF480520849094833
:106E980019F04BFF30B108490DF03EFC002009B055
:106EA8005DF804FB6FF00B00F9E700BF196D0100F6
:106EB80050580120E8D600206448030008B5064B66
:106EC8000122D3E8EF1FC3E8E02F0028F9D10348D7
:106ED8000DF0F2F908BD00BFECFA002080CF0020C9
:106EE800044B0022D3E8EF1FC3E8E02F0028F9D1B4
:106EF800704700BFECFA00202DE9F04188B000AFE0
:106F0800002800F009810D4614468046002900F04B
:106F18000681002A00F00681B2F5006F00F20581B3
:106F2800854BD3E8AF3F002B00F002814FF4C0320D
:106F3800002382480DF0B0F8B8BB7F4BD3E8AF3FD1
:106F4800002B40F086806FF07F057C480DF024F917
:106F580015F1800F00F0D880002D40F09C806E461F
:106F680001233B7103237B718AB0EC461CF11002AC
:106F780000F0988012204AB10346042802DD7049C7
:106F8800CCF81410082B01DDCCF8184001233B7015
:106F980003237B70002A00F092800C2801DDCCF8D6
:106FA8001C800CF12003002187E06C4600233B7114
:106FB80002237B7188B06D4615F1100212D00E20A5
:106FC8001AB1042801DD5F4B6B6100233B7002237B
:106FD8007B70A2B1082801DDC5F8188005F11C03F3
:106FE80000210AE06FF00040EAE701F120063E4484
:106FF80016F8206C03F8016B01310129F5D90D2829
:1070080024DD0E2342B10321397100217971B97150
:107018000121F9717868286100216FF300016FF38D
:1070280041016FF382016FF3C501022060F38811FB
:10703800C3F30A0363F353216FF31F51002342483C
:1070480002F050FBA5466FF00F055DE06FF01B03E3
:10705800D8E73E4E2246294630461AF03DFBC7F88F
:1070680008804046F9F7B6FDF86001233B747E615D
:10707800BC61FEF721FEB883BB7F6FF30003BB77CB
:10708800DBB26FF34103BB7707F10801304814F016
:107098007CFE054659E72B462E4A01212A4813F063
:1070A80003FA31E06FF0004065E701F120043C4449
:1070B80014F8204C03F8014B01310129F5D91128A6
:1070C80027DD12234AB10421397100217971B97180
:1070D8000121F9717868CCF8100000216FF30001E4
:1070E8006FF341016FF382016FF3C501032060F371
:1070F8008811C3F30A0363F353216FF31F5100236D
:10710800114802F0EFFAB54628462037BD46BDE8DB
:10711800F0816FF01B03D5E76FF01505F4E76FF00A
:107128001505F1E76FF01505EEE76FF01505EBE7CC
:107138006FF07F05E8E700BFF0FA002000CE0020DE
:10714800BC48030070480300B8240300D8FE0020A0
:10715800F00A0120A4480300034BD3E8AF0F00381E
:1071680018BF0120704700BFF0FA0020C8B170B501
:1071780082B00D4614460646B1B1C2B11378CBB100
:1071880000F012FB019400900D4B0E4A2946304640
:107198000EF05EFC002802DBA8420ED2002002B0EE
:1071A80070BD6FF0150070476FF01500F7E76FF0CE
:1071B8001500F4E76FF01500F1E76FF01B00EEE73C
:1071C800D8480300E0480300F0B585B000AF054695
:1071D8005C4AA0215C48FFF7C9FF002861D15B4ADF
:1071E800A0215B48FFF7C2FF5A4AA0215A48FFF77F
:1071F800BDFF044600285FD1584C53482060F9F77A
:10720800E9FC6060012626725348E060F9F7E2FC69
:1072180020612675BC600223BB81FEF74DFDF88115
:107228004F4A108007F10801284614F046FE04462C
:10723800002848D1F9896D4600233B7102237B71F0
:107248000123BB710323FB718AB0EC461CF11002C9
:1072580040D04FF0180E2AB1BEF1040F02DD414BA9
:10726800CCF8143000233B7002237B702AB1BEF1A6
:10727800080F02DD344BCCF818300123BB70032310
:10728800FB70A2B37346BEF10C0F02DD3248CCF896
:107298001C00102B01DDCCF820100CF12403002178
:1072A80023E004460346304A0121304813F0FCF835
:1072B80020461437BD46F0BD03462D4A01212B4810
:1072C80013F0F2F8F4E703462A4A3146274813F048
:1072D800EBF8EDE76FF0004EBDE701F11000384420
:1072E80010F8100C03F8010B01310329F5D9BEF190
:1072F800170F23DD18234AB105213971002179714F
:10730800B9710221F9717868CCF8100000216FF387
:1073180000016FF341016FF382016FF3C501032090
:1073280060F38811C3F30A0363F353216FF31F510A
:1073380000230E4802F0D6F9AD46B9E76FF01B03FB
:10734800D9E700BF8C34030034FC0020683F0300F9
:1073580094FB00200C490300F4FA0020A0FA002056
:10736800222A012050490300EC480300B8240300F6
:107378001449030034490300F0B583B000AF044654
:107388000B78072B41D8DFE813F008002A00ED003E
:1073980040004000400040004300CB696BB1734A95
:1073A8000121734813F080F8724B0122D3E8EF1FD4
:1073B800C3E8E02F002828D0F8E76F4A03216C487B
:1073C80013F068F82046FFF7FFFEF0B1694B012281
:1073D800D3E8EF1FC3E8E02F002816D0F8E7CB6901
:1073E800664A0221624813F05FF8654B0022D3E831
:1073F800EF1FC3E8E02F0028F9D15E4B0122D3E844
:10740800EF1FC3E8E02F0028F9D10C37BD46F0BDC7
:10741800CC6924B98A885B4B1B889A4246D0B1F85C
:1074280004C0CE686D468AB06B4613F1100249D08D
:10743800142182B10846042903DDDFF84CE1C3F8C2
:1074480014E0082801DDC3F818C00C2800DDDC6151
:10745800102800DD1E62132937DD14243AB10521F6
:10746800397100217971B971F97178681861002151
:107478006FF300016FF341016FF382016FF3C501F0
:10748800012666F38811C4F30A0464F353216FF3E9
:107498001F510023364802F025F9AD46354BD3E895
:1074A800EF2FC3E8E16F0029AFD0F8E7CD68022DD0
:1074B800B5D100239D4219D98868C05C802807D0BF
:1074C8000133F7E76FF00041B3E76FF01B04C5E73E
:1074D8002E4A0121264812F0E7FF264B0122D3E865
:1074E800EF1FC3E8E02F00288FD0F8E71346284A9B
:1074F80003211F4812F0D8FF214B0122D3E8EF1FC8
:10750800C3E8E02F0028F9D1224BD3E8EF1FC3E8E6
:10751800E02F0028F9D100221146032010F042FD87
:10752800B0B11D4A0121124812F0B4FF144B0022D9
:10753800D3E8EF1FC3E8E02F0028F9D10D4B012253
:10754800D3E8EF1FC3E8E02F00283FF45EAFF7E76A
:10755800124B0122D3E8EF1FC3E8E02F00283FF4C5
:1075680054AFF7E70431FEF7E7FF4EE7744903002D
:10757800B8240300E8FA0020B8490300F4490300DE
:10758800F0FA0020222A01200C4A0300384A03009E
:10759800584A0300E0FA0020844A0300DCFA00207D
:1075A80070B5A8B00D4616460246A0216846FFF7FA
:1075B800DDFD40B9324629466846FFF79DFC044682
:1075C800204628B070BD04460346034A01210348FB
:1075D80012F06AFFF4E700BFB04A0300B8240300C2
:1075E800F0B585B000AF0821781805F0FFF9061E40
:1075F8005DDC3346654A0221654812F055FF654B4C
:10760800654C0FCB07C424F8023B1B0C23706D4656
:1076180000233B7102237B7188B06C4614F1100281
:107628007DD00E201AB1042801DD5C4B6361002374
:107638003B7002237B70002A7ED0082801DD564B60
:10764800A36104F11C03002174E005F110033B441D
:1076580013F8083C524AC4F130014F4820440EF058
:10766800F7F902340135B54204DA002C02DBA31C19
:107678002F2BEAD96D4600233B7102237B7188B01A
:107688006C4614F1100215D00E201AB1042801DD41
:10769800444B636100233B7002237B70BAB1082816
:1076A80001DD3D4BA36104F11C0300210DE0002521
:1076B8002C46D8E76FF00040E7E701F110063E449A
:1076C80016F8106C03F8016B01310129F5D90D2862
:1076D80022DD0E2342B10321397100217971B9717C
:1076E8000121F9717868206100216FF300016FF3BF
:1076F80041016FF382016FF3C501032060F3881124
:10770800C3F30A0363F353216FF31F510023204887
:1077180001F0E8FFAD4633E06FF01B03DAE76FF0E6
:1077280000407FE701F110063E4416F8106C03F89C
:10773800016B01310129F5D90D2824DD0E2342B151
:107748000321397100217971B9710121F9717868C2
:10775800206100216FF300016FF341016FF3820193
:107768006FF3C501032060F38811C3F30A0363F3C1
:1077780053216FF31F510023054801F0B3FFAD46B5
:107788001437BD46F0BD6FF01B03D8E7404E030029
:1077980020240300804E0300800B0120904E03003C
:1077A8001C4E0300244E030008B5044B1B780BB194
:1077B800024808BDFFF714FFFAE700BF800B01205D
:1077C800C0B110B50446FFF7EFFF20600B4B6360B4
:1077D8000B4BA3600B4BE360142204F11001132040
:1077E80010F051FE182204F124010E2010F04BFE77
:1077F800002010BD6FF01500704700BFAC4E0300AD
:1078080054300300B84E030008B502490248F9F79E
:10781800CFFC08BDA7840200CC4E03002DE9F04F31
:1078280091B005920293134602F004020092C3F34A
:10783800C20210F00303019340F02B8280468A466F
:107848000132041D00284FD0B8F1000F05D0A4EB79
:1078580008030433534500F21F82029B5D1E019BFF
:1078680004930693039300264FF0FF3B0427B94681
:10787800B8F1000F01D0029B2360531E0793002A22
:1078880040F35D81059B13F0020228D00120A4EB90
:1078980008018B081AB1B1F5007F80F003820399C3
:1078A8000F2900F20282B8F1000F00F06081DBB20C
:1078B80001F140026A4402F8103C02F820BC00289A
:1078C80000F0518163F07F0301F140026A4402F83D
:1078D800103C049B01330493039B0133039304344A
:1078E8000022CC4640463DE001F0070A5444CAF164
:1078F800080AA9E7002634E0002632E0002630E036
:107908000827BC462DE025292BD10BF1010B0126B8
:107918000427BC4625E04729EED82A2914D32A395A
:10792800C9B24FF0010E0EFA01F14FF6DA7E11EAF4
:107938000E0F16D111F0625F40F0C08011F0010FF8
:1079480040F08C8000260CE0252903D10BF1FF3B89
:10795800002606E001D9002603E0202901D02329CA
:10796800CCD11D466B1C6978002900F01981002EC6
:10797800C9D07A29BED84C29CDD34C392E2961D803
:107988000FF2040E5EF821F06B7901004D7A0100C8
:107998004D7A01004D7A01004D7A01004D7A0100BF
:1079A8004D7A01004D7A01004D7A01004D7A0100AF
:1079B8004D7A01004D7A01005D7A01004D7A01008F
:1079C8004D7A01004D7A01004D7A01004D7A01008F
:1079D8004D7A01004D7A01004D7A0100C57A010007
:1079E8004D7A01005D7A01005D7A0100C57A0100D7
:1079F800C57A0100C57A01006B7901005D7A010042
:107A0800097901004D7A01006B7901004D7A010076
:107A1800217B01005D7A0100217B01004D7A010084
:107A28004D7A0100297B0100577A01005D7A010037
:107A38004D7A01004D7A01005D7A01004D7A01000E
:107A4800517A010000268CE70427BC4689E7042701
:107A5800BC4686E729786C2924D000263C44013CA2
:107A6800B4FBF7F407FB04F420B1211A6144514533
:107A780000F21581002A58D1BCF1040F00F088806B
:107A8800BCF1080F40F014811A99073121F0070161
:107A980001F108051A95D1E9008908B1C4E90089FE
:107AA80008345EE713F8021C6C2903D0002604276B
:107AB800BC46D3E700260827BC46CFE729784C29DF
:107AC8001AD01A99073121F0070101F108061A9610
:107AD800D1E90067073424F0070440B1211A0831BE
:107AE800514513D829784C2913D0C4E900670834C4
:107AF80000260827BC4634E71A99073121F0070108
:107B080001F108061A96D1E90067E3E76FF01B0058
:107B1800BCE0C4E90067EAE700260427BC469DE705
:107B2800324600260427BC4698E7E14680461A9A62
:107B3800111D1A9112680292079A1D4698E6624B27
:107B4800029A9A4204D3614B9A420AD3002300E076
:107B58000023002B7FF496AE059B03F00202002061
:107B680095E60123F5E7069B01330693B4E610B1C9
:107B78000AF1010AB0E6009B13B10AF1020AABE66A
:107B88000298F9F727F80AEB000303F1020AA3E6C3
:107B98001A990D1D1A95096800B121600434E0E6B0
:107BA8008046231AB3F5806F80F0858090B100225B
:107BB80002609B080370009B83B1069BC370049B03
:107BC80088F802301BBB019DDDF80C90DDF810B081
:107BD800029F3DE05344A3F1080057E0069B437021
:107BE800EDE701339842EED903F140026A4412F8F6
:107BF800101C12F9102C002AF3DA01F07F01A4EB13
:107C080008020132524559D804F8011BE9E7019BE3
:107C18000398E7E7009B43B305F140036B4413F86F
:107C2800203C04F8013B019EA4EB080333440133D4
:107C3800534546D805F140036B4413F8103C04F84B
:107C4800013B32463946204619F046FD3444013599
:107C5800A94519D9BBF1000FDCD005F140036B44ED
:107C680013F9103C002BD5DAF1E705F140036B441A
:107C780013F8103C58F82370002248F8232038469F
:107C8800F8F7A8FF461CCFE7A4EB080011B0BDE841
:107C9800F08F6FF00D00F9E76FF01B00F6E76FF05B
:107CA8001B00F3E76FF01500F0E76FF01500EDE744
:107CB8006FF01500EAE76FF01500E7E76FF01B00BB
:107CC800E4E76FF01B00E1E70C1F03006C7703008B
:107CD8002DE9F04F97B000AF8346BA613B61D7F802
:107CE8008030C3F3C0033B62F96011B910F041FF63
:107CF800F8609BF80260B14636B1D7F8803013F0CF
:107D0800010F0DD1002300E000239BF803207A62C5
:107D180042B1D7F8802012F0020F22D1002202E0EF
:107D28000123F2E7002202B9EBB19BF80050AA0048
:107D3800BA60DBF804207A610BEB8505BA69F2B109
:107D4800002B40F00481B9F1000F00F00F81D7F843
:107D5800803013F0040F40F00D810020F8610646D2
:107D6800F9E00122DFE7BB691BB13A69F9685846B7
:107D78009847FC6820465C37BD46BDE8F08FFC6834
:107D8800E3B94D4400233B6123E004440135013647
:107D98004E451AD22A7800235BF822201946B86982
:107DA80010F0FCFEBAF1000FEFD0D7F888309845F4
:107DB800EBD22AF8180008F10108E6E70026C7F810
:107DC8001C80B046D7F884A0E2E7C7F81080D7F83F
:107DD8001C80D7F8803003F00503FB604FF0000AE1
:107DE800A146C7F81CB09CE000253B6A7BB9002D72
:107DF80079D0D7F8803013F0010F79D1FB68002BC8
:107E08006FD10223A9EB030988E00125EDE7594664
:107E1800786910F009FF0028E9D06C46002387F83C
:107E28002C30022387F82D308AB0694611F11002F0
:107E380037D012251AB1042D01DDB34B4B61002355
:107E480087F82830022387F829306ABB112D45DDD1
:107E5800122362B1042087F82C00002087F82D0037
:107E680087F82E00012087F82F00F86A08616FF361
:107E780000086FF341086FF382086FF3C508022109
:107E880061F38818C3F30A0363F353286FF31F5889
:107E9800002341469D4801F025FCA546A9F10209A9
:107EA8003CE06FF00045C5E72B46082D01DD7869F9
:107EB80088610C2B01DDC1F81CB001F12003002002
:107EC80009E000F1300C07F1280EF4441CF830CC1E
:107ED80003F801CB01300128F3D9B7E76FF01B0392
:107EE800B7E701238EE7D7F8803013F0020F15D0DB
:107EF800002322461946B86910F050FED7F884309E
:107F080053B13B69D7F88820934205D2D7F884202B
:107F180022F8130001333B61013881440AF1010A58
:107F280035467B6A9A4510D22E4616F802BB6B7806
:107F3800FA6952F82340764B9C42FFF455AF754BD3
:107F48009C42FFF462AF00254FE74C4612E707F169
:107F580044000023FB6118B14A46294619F0BCFBCE
:107F68004D444FF00008C7F804901EE00020F86167
:107F78000646F0E7FE6107F134000026EBE700252E
:107F88003B6A33BB002D3BD0D7F8803013F0010F8C
:107F980026D0731C06F1300207F12801561806F89E
:107FA800149CDEB208F1010825467B6A98454AD23E
:107FB8002C4614F802AB95F801905BF82930544A26
:107FC8009342DCD3534A934201D30025D8E70125D5
:107FD800D6E75146786910F027FE0028D2D0E1E7AD
:107FE800D7F8803013F0040FDCD0FA69531C303214
:107FF80007F128010A4402F8249CDBB2FB61D1E7AF
:10800800D7F8803013F0020F09D0731C06F1300244
:1080180007F12801561806F8149CDEB2C2E7F86981
:10802800431C00F1300107F128028A1802F824AC39
:1080380002460232D2B2FA6107F1580252FA83F3C9
:1080480003F8249CAEE7D7F804909BF8003087F833
:1080580054309BF80130334487F85530D7F88030D6
:1080680013F0020F0ED1FB69C3F3470387F85730AB
:10807800D7F8803013F0010F06D113F0040F3ED16A
:10808800002302E00023F1E7002387F85630DBF8ED
:1080980000003863786DCBF80000D7F810804246AE
:1080A800B9685846D7F818A0D047041EFFF662AE44
:1080B800386BCBF80000C7F810804246F96907F121
:1080C8003400D04700285EDB04EB0008B968494457
:1080D8007B6A01EB4301D7F810904A46FB68591AAE
:1080E8002846D047041EFFF645AE08EB04054FF0BE
:1080F8000008C7F824B0B3465446CA4621E0FB69D5
:10810800C3E74FF0000909E0D84E0300002403003C
:108118000C1F03006C7703004FF000095246012141
:1081280007F12C00A04700282FDB05444B463246B8
:108138005146204610F032FD002828DB054408F19E
:108148000108D84518D208F1300307F12802134472
:1081580013F8143C87F82C307A6A52F82360D7F861
:108168008430002BCDD0D7F888309845D4D2D7F8B2
:10817800843033F81890D1E73A6900210846BB6982
:1081880098472C46F6E50446F4E50446F2E504462D
:10819800F0E500BF30B483682E4A93422FDD2E49A4
:1081A80081FB0321DA17C2EB2172002B33DB29494B
:1081B8008B4213DD04684168012C71F100050DDB69
:1081C800E443C1F1FF4101F5FF0101F5FF417F31B2
:1081D8004FEAE27C94426446A14139DB1D498B4257
:1081E80025DD01684468511844EBE274016044607D
:1081F8001A4901FB02338360012030BC7047002B11
:1082080001DB0022D1E7134AD21A520A1449A1FB12
:108218000212D209C9E7056841680029C7DA01F1E5
:108228000041D4179542A141C1DA0020E5E7002BAF
:1082380001DB0120E1E701684468891A64EBE27414
:1082480001604460074901FB023383600120D4E7E1
:108258000020D2E7FFC99A3BA12FB844003665C475
:10826800834B040000CA9A3B10B4C40B44EA41444F
:10827800C90BC0F30E00054BA0FB030CC00B40EA72
:108288004C4014605160906010BC704700CA9A3B23
:1082980001282BD110B584B00C468A68164B9A4237
:1082A80027D818F06BFF6A46FFF7DEFF684610F024
:1082B8001BFD2146684610F0DEFC0023EFF3118C0D
:1082C800202282F31288BFF36F8F0AE00B4C04ABB5
:1082D80013E90F0084E80F008CF31188BFF36F8F48
:1082E8000123002BF2D0002004B010BD6FF0150060
:1082F80070476FF01500F7E7FFC99A3BB0D7002029
:10830800014B1860704700BF04CB002080B50546BC
:108318000E46174698460CF055FE034619F0E8FD40
:108328000446DFF8189049F800304246394630468E
:10833800A84754F8090002F0B9FC00BF0800000083
:1083480000B503280BD800EB4000000108300C4BA7
:108358001844D0E8AF3F53B100205DF804FB19F092
:10836800C7FD084B09221A504FF0FF30F5E719F006
:10837800BFFD044B09221A504FF0FF30EDE700BF54
:10838800B00B01200C000000002003280AD800EBE5
:1083980040031B010833094A1344D3E8AF3F5BB1DC
:1083A8000130F2E700B519F0A3FD054B17221A506A
:1083B8004FF0FF305DF804FB704700BFB00B0120A1
:1083C8000C00000000B5024602EB42031B01083313
:1083D80010490B44D3E8AF1FC9B1481ED3E8EFCF0B
:1083E8008C4504D1C3E8EE0FBEF1000FF6D1EBD1F6
:1083F80001290AD1074B02EB42010901002058501C
:1084080002EB420203EB021358605DF804FB0846D6
:10841800FBE700BFB00B012000EB4000030108336D
:10842800044A1344D3E8EF0F0130C3E8E20F002AEF
:10843800F8D17047B00B012070B504460E461546BA
:10844800FFF77EFF002813DB04EB4402094B03EB24
:1084580002135B6833602DB113010833054A1344D6
:1084680004332B6004EB44042401024B185970BDFB
:108478000020FCE7B00B012070B54FF0FF324FF041
:10848800FF3313480BF008FEFFF77EFF041E04DAE3
:108498000F480BF081FE204670BD2046FFF7BCFF59
:1084A8000C4E650004EB4403190106EB031300228C
:1084B80072505A609A62084608303044043018F006
:1084C800EAF9281900012030304418F0F9FBDFE7F9
:1084D8009CCD0020B00B012070B504461546154808
:1084E80004EB44024FEA021C00EB021240F80C10A5
:1084F8005560D362CDB1EB68BBB119F0F9FC0E4BF6
:108508001E5804EB44031B0108330A4A134404337E
:1085180040F20512284610F010FC5F2E05D019F025
:10852800E7FC054B1B585F2B00D070BD024B1E505B
:10853800FBE700BFB00B01200C000000F8B50446B3
:10854800FFF7FEFE002832DB660004EB44052D0130
:108558000835184F3D4404354FF0FF324FF0FF33D4
:1085680028460BF099FD264407EB06177B689E68A2
:10857800DEB104EB4402FB6A13F4404F0DD0130143
:1085880021460C4AD058B047064628460BF004FE50
:10859800204610F0E2FB3046F8BD04EB44031B0113
:1085A800044AD058B0470646EFE70026EDE74FF0FB
:1085B800FF36F0E7B00B012008B50446EFF311834E
:1085C800202383F31288BFF36F8F05F04DF92046FF
:1085D80012F0B3F8024810F0A2FB12F0D6F8FCE74C
:1085E800904F030070B59646022A8CBF00220122E4
:1085F800801A61F10001002978DBCC1704F021050D
:10860800C0F3130C020D42EA0132C2F31302944480
:10861800C1F3132294440CEB117CAC44554AA2FBE1
:108628000C52D20802EB820202EB8202ACEB020C83
:1086380024F01704A444B0EB0C0261EBEC714E4C2F
:108648004E4D02FB05F504FB0155A2FB042129440C
:108658008C460029C0F28780120942EA0C714FEA61
:108668002C1C474A02FB0100BEF1020F7FD96FF0B4
:108678000202724402EBC20202EB02120232414CC5
:10868800A4FB024203EB9202830840F26D1404FB40
:108698000033384CA4FB0040A3EB501083184FEA7A
:1086A800CC0040EA5170CA0052184CEB000000019F
:1086B80040EA1270120152184CEB0000000140EA27
:1086C80012701201521A60EB0C00810141EA9261AA
:1086D8004FEA821CBCEB020261EB0001D01841F1A9
:1086E8000001294BC01861F1000170BD6FF4C77219
:1086F800821861F10001CD1705F0210CC2F31304B3
:10870800160D46EA0136C6F313063444C1F31326A0
:10871800344404EB11746444164EA6FB046C4FEA0F
:10872800DC0C0CEB8C0C0CEB8C0CA4EB0C0425F087
:1087380017052C44121B61EBE4710F4C0F4D02FB23
:1087480005F504FB0151A2FB04240C44A446002CAB
:1087580005DB120942EA0C714FEA2C1C81E70F3243
:1087680044F1000CF5E70F3241F1000C74E70922DF
:108778007FE700BF1F85EB51295C8FC2F5285C8F0E
:1087880070FEFFFFCDCCCCCC9405F5FF2DE9F0436E
:1087980083B0044608461546238B13F0080F05D10D
:1087A80003F0070600230093019354E0012909D040
:1087B80043F02003238385F31188BFF36F8F03B041
:1087C800BDE8F08343F010032383F4E7204610F05C
:1087D800ABFE42E0D4F814904A466946204610F0B1
:1087E800BCFE4FF00008238B03F00707B74269D09F
:1087F800A268002A66D0012243F00803238385F388
:108808001188BFF36F8F002A64D1009B2BB14B46B0
:108818003A466946204610F019FFB8F1000F02D019
:1088280034492046C047EFF31185202383F312888B
:10883800BFF36F8F238B23F008032383238B13F05D
:10884800100F4DD023F0100323830120268B06F050
:1088580007060028AFD00228B8D00028ABD00138CE
:1088680004282BD801A353F820F000BFDD870100AE
:10887800C5880100898801009D880100B188010030
:108888002369D3F800800621204610F023FE4FF01C
:108898000009A8E72369D3F804800421204610F0D2
:1088A80019FE4FF000099EE72369D3F808800521D7
:1088B800204610F00FFE4FF0000994E74FF0000833
:1088C800C14690E7009A0AB1002295E7B8F1000F77
:1088D80092D1B3E74A463946204610F003FE94E7A2
:1088E80013F0200F04D023F0200323830220ADE7E8
:1088F8000020ABE78396020038B5054610F0C0FFAC
:1089080031E02121284610F0A8FF002008E02228A5
:1089180029D02F2827D02121284610F09EFF00209B
:1089280038BD284610F0A0FF234B1B5C13F0440F02
:10893800F1D0284610F098FF1F4B1B5C13F0440F32
:10894800E9D0284610F090FF1B4B1B5C13F0440F36
:10895800E1D0284610F088FF174B1B5C13F0440F3A
:10896800D9D0222C18D0284610F07EFF04460028C3
:10897800C7D05C28F5D1284610F076FF7528CADCE8
:108988005C28C4DB5C38012383400C4A1342EAD1DB
:1089980013F0007FBFD0C4E7284610F074FF2221EF
:1089A800284610F05AFF284610F05EFF284610F0BF
:1089B80067FF0348B4E700BF0A7603004104440197
:1089C800998A010010B5044610F05DFF204610F0AA
:1089D8004BFF662812D0742804D10E49204610F0A7
:1089E80060FF28B12121204610F037FF002010BD7C
:1089F8007421204610F031FF0748F8E70749204660
:108A080010F04FFF0028EDD16621204610F025FF19
:108A18000148ECE7BC4F0300998A0100C04F0300EE
:108A280010B50446084910F03CFF002805DB6E210C
:108A3800204610F012FF054810BD2121204610F0F5
:108A48000CFF0020F8E700BF0C6C0300998A0100B6
:108A580010B50446204610F007FF0B4B1B5C13F0C3
:108A6800040FF7D12E28F5D06528F3D02B28F1D0A4
:108A78002D28EFD0204610F006FF3021204610F0B8
:108A8800ECFE024810BD00BF0A760300998A010077
:108A980038B50546284610F0E7FE044600283BD0C6
:108AA800002856DB7D2854DC222852DBA0F1220363
:108AB8005B2B4ED8DFE803F02E4D4D4D4D4D4D4DFF
:108AC8004D4D36404D4D4D4D4D4D4D4D4D4D4D4DF2
:108AD800364D4D4D4D4D4D4D4D4D4D4D4D4D4D3EE4
:108AE8004D4D4D4D3E4D4D4D4D4D4D4D4D4D4D4DBD
:108AF8004D364D364D4D4D4D4D4D4D4D3C4D4D4DDD
:108B08004D4D4D4D614D4D4D4D4D3C4D4D4D4D4D8A
:108B18004D364D361C4825E00021284610F09DFEB4
:108B280000201FE0C1B2284610F097FE174819E050
:108B3800174817E0174815E0284610F0A8FE164B0E
:108B48001B5C13F0040F1AD1284610F0A0FE492828
:108B580017D0114B1B5D13F0080F04D113F0040F4D
:108B680005D00E4838BD284610F08AFE92E721212C
:108B7800284610F072FE0020F4E70948F2E707489B
:108B8800F0E70448EEE700BF01890100998A010077
:108B9800CD890100CF9802000A760300598A0100A6
:108BA800298A0100044B0360416081601144C1605F
:108BB8005F230374704700BF998A01007B2824D87B
:108BC800662810D238281CD8222809D32238C0B2E7
:108BD800114BC34013F0010F11D16FF0150070470E
:108BE8006FF0150070476638C0B20C4BC34013F0E5
:108BF800010F02D16FF01500704700207047002068
:108C080070475B2804D1002070476FF0150070474B
:108C18006FF01500704700BF01C07B0009E020001D
:108C280010B4024600244C60012010E093F800C004
:108C3800BCF15D0F07D0BCF1220F25D0BCF15B0F52
:108C480003D1013001E001380FD0013393609368FC
:108C5800D2F80CC0634519D0002CE7D093F800C0B7
:108C6800BCF1220FF1D10024EFE70C681B1B013384
:108C78004B60084B13609368013B936093610B68EA
:108C880053615F23137403E00124DEE76FF01500DE
:108C980010BC7047998A010070B506460C46154607
:108CA80001210848A047002805DB2A46214630460E
:108CB80010F0D2FF00B170BD2A4601210148A0473B
:108CC800F9E700BFC84F030030B587B00C4615461A
:108CD8000068F7F799FBCDE90001094A102102A8BD
:108CE80010F0E0FF002805DB0F2805DC2A460146C6
:108CF80002A8A04707B030BD6FF00B00FAE700BF2D
:108D0800CC4F030030B589B00C461546D0E9002396
:108D1800CDE90023084A182102A810F0C3FF002853
:108D280005DB172805DC2A46014602A8A04709B03A
:108D380030BD6FF00B00FAE7D44F030070B505465D
:108D48000C46164601210748A047002809DB324691
:108D580069682868A047002803DB324601210148DA
:108D6800A04770BDC84F030008B50B46017819B974
:108D780005210348984708BD042102489847FAE7A7
:108D8800543903004C3903002DE9F04182B0044600
:108D98000E46826892F800800023137019F0A8F834
:108DA80005460C4FC3510A2201A960680DF056F818
:108DB8003060A36883F80080E85930B9A268019B45
:108DC8009A4204D102B0BDE8F0814042FAE76FF060
:108DD8001500F7E70C0000002DE9F04182B00446C9
:108DE8000E46826892F800800023137019F080F80C
:108DF80005460C4FC3510A2201A960680DF034F9E9
:108E08003060A36883F80080E85930B9A268019BF4
:108E18009A4204D102B0BDE8F0814042FAE76FF00F
:108E28001500F7E70C0000002DE9F04182B0044678
:108E38000E46826892F800800023137019F058F8E3
:108E480005460D4FC3510A2201A960680DF07CF850
:108E5800C6E90001A36883F80080E85930B9A26820
:108E6800019B9A4204D102B0BDE8F0814042FAE782
:108E78006FF01500F7E700BF0C0000002DE9F04186
:108E880082B004460E46826892F800800023137070
:108E980019F02EF805460D4FC3510A2201A9606842
:108EA8000DF048F9C6E90001A36883F80080E85985
:108EB80030B9A268019B9A4204D102B0BDE8F081A2
:108EC8004042FAE76FF01500F7E700BF0C0000001A
:108ED80030B585B00C4615460368094A0C2101A82F
:108EE8000CF0B6FD002805DB0B2805DC2A460146F8
:108EF80001A8A04705B030BD6FF00B00FAE700BF2E
:108F08002043030030B585B00C4615460368094A6E
:108F18000C2101A80CF09CFD002805DB0B2805DCC2
:108F28002A46014601A8A04705B030BD6FF00B00E6
:108F3800FAE700BF1C57030030B589B00C46154648
:108F4800D0E90023CDE90023084A152102A80CF036
:108F58007FFD002805DB142805DC2A46014602A807
:108F6800A04709B030BD6FF00B00FAE7DC4F0300F3
:108F780030B589B00C461546D0E90023CDE9002369
:108F8800084A152102A80CF063FD002805DB142807
:108F980005DC2A46014602A8A04709B030BD6FF09B
:108FA8000B00FAE7E44F03002DE9F047074688462F
:108FB80092461D46089E32460121194898470028C6
:108FC8002BDB002400E00134444522D2230107EBC7
:108FD800041932462946F858FFF75EFE00281CDBC4
:108FE800324601210F48A847002816DB33462A4697
:108FF8005146484611F0ECF800280EDB08F1FF3323
:10900800A342E0D9324601210748A8470028DADA06
:1090180003E0324601210548A847BDE8F08700BFB4
:10902800EC4F0300F04F03005C39030008290300EC
:109038002DE9F04706460D469846DDF82090C3888E
:10904800D7584A4601211748C047002827DB7379BB
:1090580003F0FE03B62B05D0304610F049FD8246DA
:10906800002403E0B668F7E755440134BC4212D245
:10907800F1884B464246691A304611F0A9F8002893
:109088000DDB7B1EA342EFD94A4601210648C047A3
:109098000028E9DA03E04A4601210448C047BDE850
:1090A800F08700BFF44F03005C390300F84F03005A
:1090B80030B587B003AC0025039504950595039357
:1090C8000A9B05930094024BFFF76EFF07B030BD73
:1090D800ABA0020038B505460B4C00E010340B4B32
:1090E8009C420FD263685B79002BF7D02946204653
:1090F80011F01AF90028F1D023681B682946204688
:109108009847EBE738BD00BF302503004025030032
:1091180070B506460D46084C04E02A4631462046FE
:1091280098471034054B9C4204D223689B69002B56
:10913800F3D1F6E770BD00BF3025030040250300DA
:109148002DE9F041074605460AE007EA0807144BEF
:1091580003EB06135B6804221968204611F02EF908
:10916800D5B195FAA5F6B6FA86F60D4C04EB0614B9
:109178000123B3406FEA030825EA0305237B002B8C
:10918800EED03301064AD3581B69002BDDD02046A8
:1091980098470028E4D1D8E73846BDE8F08100BFF9
:1091A800302503002DE9F04180460F461D4BD3E8DA
:1091B800EF5F6A1CC3E8E12F0029F8D16DBB1A4C98
:1091C800002607E0636804221968204611F0F6F8C3
:1091D80001361034154B9C4211D2237B002BF7D05B
:1091E800204611F095F823681B69002BEAD0204629
:1091F80098470028E6D00123B3401D43E8E7B8F1BB
:10920800000F0BD055B12846FFF79AFF0546002FEF
:10921800F8D00A2011F08EF8F4E700252846BDE8BA
:10922800F08100BF840C0120302503004025030095
:1092380008B5064B186018B1054B1B68092B00DCF4
:1092480008BD04480BF038F8FAE700BF780C012095
:10925800800C012038CF002008B502480BF02CF80C
:1092680008BD00BF38CF002030B589B000220F49B3
:109278000F4817F0F2FF0F4D00220023CDE9062317
:10928800002404940E2303930294019400940A4B3F
:109298004FF440720949284617F047FD0849284607
:1092A8000BF03AFA204609B030BD00BF61920100C8
:1092B80090DC0020C0D700201596010050680120DE
:1092C80014500300014B53F820007047305003003E
:1092D80048B108B5054A1060054B1960084600F00A
:1092E800F5FC002008BD6FF01500704708CB002082
:1092F800740C012008B5054B1B781BB1034B0122E8
:109308001A7008BD02480AF0D7FFF7E72A2A012099
:1093180038CF002008B50C4BD3E8EF1F0131C3E864
:10932800E21F002AF8D130B9084817F0A2FF084810
:109338000AF0C2FF08BD074BD3E8EF1F0139C3E8A5
:10934800E21F002AF0D0F7E77C0C012090DC002017
:1093580038CF0020800C0120044B00200146D3E8C0
:10936800EF0FC3E8E21F002AF9D170477C0C0120F7
:1093780038B5FFF7F1FF0546094C00E01034094BFA
:109388009C420BD263685B79002BF7D023685B683B
:10939800002BF3D0294620469847EFE738BD00BF99
:1093A8003025030040250300034B18680028D4BF6C
:1093B80000200120704700BF7C0C012010B5044C30
:1093C800044920460FF026FE034B1C6010BD00BF69
:1093D800F4CC00201C500300700C012008B50023B9
:1093E8000C4A13700C4A13600C4A13604FF4004186
:1093F8000B48FFF76DFFFFF7E1FF0A4A06E0094B4C
:10940800D31A1B11013351680B711032064B9A4263
:10941800F5D308BD2B2A01207C0C0120800C0120EB
:1094280035A30200302503004025030008B5014696
:10943800014810F095FF08BDF4CC002008B502489B
:109448000FF0CBFE08BD00BFF4CC002008B50146E4
:10945800024B186810F08AFF08BD00BF700C01208D
:1094680008B5024810F086FF08BD00BFF4CC002004
:1094780010B582B000220023CDE90023264B1878CE
:1094880008B902B010BD684610F08CFF044660B100
:10949800FFF720FE2046FFF7D9FF204BD3E8EF1F48
:1094A8000139C3E8E21F002AF8D1FFF77DFF58B958
:1094B8001B4A1368516813F57A7341F10001136070
:1094C8005160FFF7CDFFDCE717F058FE4A0142EA8A
:1094D800D06243011B1A62EB0102920042EA9372C6
:1094E8009B001B1842EB0102D20042EA5372C3F3FD
:1094F800103343EA4243D20B0948016840685B1ABB
:1095080062EB000240F2E9318B4272F10002CFD3E4
:10951800FFF72EFFCCE700BF2A2A0120800C01208C
:1095280088DC00200F4B1B7803B1704710B5002171
:109538000120FFF737FE0C4C00E010340B4B9C4227
:1095480008D263685B79002BF7D023689B682046B4
:109558009847F2E7FFF78CFF0028FBD1014B012267
:109568001A7010BD2B2A0120302503004025030066
:1095780010B582B0184BD3E8EF2F511CC3E8E01F99
:109588000028F8D1154B1B7863B9154B1B68B3B18C
:10959800BAB1092A13D1134817F06BFE12480AF022
:1095A8008BFE0CE0EFF31184202383F31288BFF3C2
:1095B8006F8FFFF75DFF84F31188BFF36F8F02B0E1
:1095C80010BD00220023CDE900234FF40042002300
:1095D80004480CF04BF8F2E7800C01202B2A0120FC
:1095E800780C012090DC002038CF002010B504460C
:1095F800044B1B689847A0602146034810F0D6FE2C
:1096080010BD00BF08CB0020F4CC00202DE9F041AC
:1096180000210846FFF7C6FD804650B140F2676654
:10962800002718F065FC154B1858FFF701FE0025B8
:1096380015E04FF0FF364FF0FF37F2E74046FFF7EF
:109648007FFD804670B94FF0FF364FF0FF3709E0D5
:109658002C4632463B460A480AF076FE2546B8F1C3
:10966800000FEBD1FFF704FF04460028F6D1002DC8
:10967800EED000210846FFF74BFDEAE7080000009E
:1096880038CF00200248034BC01AC008704700BFFB
:1096980030250300E823030010B50C46FFF7F2FF5E
:1096A800A04203D9024B53F8340010BD0020FCE758
:1096B800E823030000B589B00592069300230793B9
:1096C80062B1074A0C9B02930B9B01930A9B009380
:1096D80005ABFEF7FDFA09B05DF804FB0022F1E7DF
:1096E800DBA302002DE9F04F8BB004AF05461E4600
:1096F8008846C1F34A24002C00F089809146002254
:10970800FA603A617A6104230293FB1801930A23F1
:10971800009307F10C0321464846FEF7D9FAB0F545
:10972800006F58D3D9F804106D4600233B73022309
:109738007B738AB004AC14F1100217D012201AB14E
:10974800042801DD3B4B636100233B7002237B70DF
:10975800CAB10346082800DDA1610C2B02DD40F2E6
:10976800FF73E36104F1200300210AE06FF0004079
:10977800E5E701F118063E4416F8186C03F8016B8A
:1097880001310129F5D9112822DD122342B1042122
:10979800397300217973B9730121F973F86820616D
:1097A80000216FF300016FF341016FF382016FF342
:1097B800C501022060F38811C3F30A0363F3532140
:1097C8000023C1F313011C4810F086FEAD462DE0BE
:1097D8006FF01B03DAE760F35328C0F30A0A0AEBB9
:1097E8001850173020F007008008FFF71FFE834647
:1097F800B0B104230293FB1801930A230093534644
:1098080000F1100221464846FFF754FF08E004EB38
:109818001154173424F00704A008FFF707FE834605
:10982800334642462946584610F0ECFD1C37BD46E3
:10983800BDE8F08F50500300602403002DE9F04F7D
:1098480085B080460D4617461E46DDF838B0DDF86F
:109858004090B9F1000F41D0119B039300934B4600
:109868000F9A10210020FDF7D9FFB0F5006F2DD217
:1098780082460BEB0003173323F0070300246FF332
:1098880000046FF341046FF3820468F3C50467F3BF
:10989800881460F353246BF31F549808FFF7C6FD30
:1098A800074650B11030B9F1000F06D0119B009354
:1098B8004B460F9A5146FDF7B1FF334622462946DB
:1098C800384610F09FFD05B0BDE8F08F40F2FF73F9
:1098D800034A0221034810F0E7FDF4E70020C7E738
:1098E8009050030060240300406820B1034BC01A65
:1098F80040F3CF0070474FF0FF307047E823030074
:109908000EB400B582B0014603AB53F8042B0193A3
:10991800034801F0EFFC02B05DF804EB03B07047B8
:1099280017A5020010B584B011F0440F05D01A4BEA
:109938001B6833B9002004B010BD1849FFF7E0FFD9
:10994800F9E717490968B2FBF1F2B2FBF3FC03FB34
:109958001C224FF47A7E0EFB02F2B2FBF3F403FBF7
:1099680014210EFB01F1B1FBF3F10E4AA2FB0C32FC
:10997800D20A4FF4616303FB12CC0B4BA3FB0CE33D
:109988005B0902910194C3EB0311ACEB81010091D7
:109998000649FFF7B5FFCEE78C0C0120C85003003D
:1099A800880C0120C5B3A29189888888D450030007
:1099B80061B108B52AB1064A52F8232012B9054AFE
:1099C80000E0044A0449FFF79BFF08BD704700BF49
:1099D80070510300F0500300204403002DE9F041CA
:1099E80005461746069EDDF81C8081B900242EB175
:1099F800324611492846FFF783FF0444B8F1000FA7
:109A080014D06FB1099B042B13D00C4909E00C4BFF
:109A1800099A53F822200B49FFF772FF0446E6E73C
:109A2800064942462846FFF76BFF04442046BDE836
:109A3800F0810549F5E700BF0C510300FC50030015
:109A48008451030004510300F85003002DE9F04F3E
:109A580087B005460C46049205939DF84C7001F0BA
:109A6800020B01F0010AC1F3C00801F4807910F07B
:109A7800A3FC18B3024616492846FFF741FF0646DD
:109A8800BBF1000F1CD13A465146284610F066FD3E
:109A9800B9F1000F01D0002311930397129B029391
:109AA800119B0193109B00930023049A414628467A
:109AB800FFF794FF304407B0BDE8F08F0026DFE7DA
:109AC800059A21462846FFF72DFF0644DBE700BF2D
:109AD8001051030011F0100F0BD108B511F0200F31
:109AE80003D00449FFF70CFF08BD0349FFF708FF3F
:109AF800FAE7704754640300702B03002DE9F04126
:109B080005460F46164698460699FFF7E3FF0024D8
:109B1800444505DA24492846FFF7F2FE0134F7E701
:109B2800002409E020492846FFF7EAFE0BE01F4918
:109B38002846FFF7E5FE01340F2C0CDC002C02DD73
:109B480014F0070FEED0B442F1D23A5D1849284616
:109B5800FFF7D6FEEFE717492846FFF7D1FE0024A6
:109B680009E011492846FFF7CBFE0BE012492846C9
:109B7800FFF7C6FE01340F2C13DC002C02DD14F0B5
:109B8800070FEED0B44207D23A5D0C4B9B5C13F042
:109B9800970FEBD12E22E9E703492846FFF7B0FEDD
:109BA800E8E7BDE8F08100BF085103001C5103003D
:109BB8001451030020510300245103000A760300C6
:109BC8002DE9F04184B004469DF82C500C9F0E9E60
:109BD80095B9012B1ED019484FF0000827B13B4614
:109BE800224617490EF0F0FFC6B905BB204610F013
:109BF80077FC04B0BDE8F08103950A9802900193C0
:109C080000920B4600220F992046FFF71FFF80465F
:109C18000C48E3E70B484FF00008DFE70F9B009381
:109C2800434632460D99204610F0B0FCDDE72A463F
:109C38000F99204610F09EFCD8E700BF47A5020008
:109C4800FDB2010017A502002DE9F04383B00646D6
:109C5800056842F20F738B4228BF0B46184A05214C
:109C680068460BF0F5FE04467368D3F804900B279A
:109C7800DFF8508005E04A4639464046A8473F1A73
:109C88008044002FF7D17368D3F804806F4605E04D
:109C9800424621463846A847241A0744002CF7D1E3
:109CA80073685F681B24084E05E03A462146304633
:109CB800A847241A0644002CF7D103B0BDE8F08366
:109CC800204303004451030028510300074B01229D
:109CD8001A6004E04008054A13685B001360044BEF
:109CE8009842F7D8034B1860704700BF880C0120D2
:109CF80040420F008C0C0120034B01221A70034BC9
:109D0800034A1A60704700BF2C2A0120B40C0120B6
:109D1800B80C012008B5034B01221A70024810F054
:109D280083FC08BD2D2A0120DC510300014B19607A
:109D380000207047A40C012008B518B9074B002271
:109D48001A7008BD064B1B7823B142F2107016F04A
:109D580077FCF6E70A2010F07EFCF2E72C2A0120B7
:109D68002D2A012038B504460A4B01221A700A4BE5
:109D78001B782BB938BD651E2046FFF7DDFF2C4642
:109D8800002007F081FD0028F4D0024B1B78002B3F
:109D9800F1D1EFE72C2A01202D2A01202DE9F041ED
:109DA80007460E464FF001080DE0324639460020BE
:109DB80007F0B0FC044616E04046FFF7D3FFF4B9BD
:109DC800134B1B78DBB1134B1B78002BEDD115F02F
:109DD80098FA054632463946002007F09BFC0446AF
:109DE800284615F096FA002CE6D1094B1B78002B73
:109DF800E5D008F1FF384046FFF79EFFDFE714B9CA
:109E0800034B1B7803B934462046BDE8F08100BFF8
:109E18002C2A01202D2A01202DE9F041394B1A68FE
:109E2800394BD31A012B26D0364B1C680D2204F867
:109E3800012C621C1A600A232370344B1E68002E02
:109E480002DD334B1B68D3B115F05BFA05462D4B89
:109E58001A682D49521A002007F05CFC044628466F
:109E680015F057FA002C47D1284A136801331360BC
:109E78000020BDE8F0810132224B1A60D4E7B046D9
:109E8800632EA8BF4FF063081F4D521B294605F1EA
:109E9800170017F02EFC1F4F0FCF0FC597E80300D0
:109EA80045F8040B25F8021B090C29701834154BCA
:109EB8001C60174B01221A60092E08DC124B202265
:109EC8005A7508F1300883F81480DA74BCE7124A2E
:109ED80082FB08324FEAE873C3EBA203194603EB8F
:109EE8008303A8EB43033033074A537501F130036A
:109EF80013753E23D374A7E70023044A1360044A6A
:109F08001360B5E7B40C0120B80C0120AC0C01209B
:109F1800A80C0120985103006766666608B50A28F0
:109F28000AD00B4B1B680B4A93420ED2591C084AA5
:109F380011601870002009E0FFF76EFF18B9044B94
:109F4800054A1A6002E0012000E0002008BD00BFB9
:109F5800B40C0120370D0120B80C012070B505465E
:109F68000E46094B1B784BB90446AB19A34208D9D6
:109F78002078FFF7D3FF20B90134F6E7FFF70EFF8B
:109F880000E0601B70BD00BF2D2A012008B5024803
:109F9800FFF75AFE08BD00BFDC51030010B50C46A0
:109FA800044B1868FFF78EF903460F222146024832
:109FB800984710BDA40C0120DC510300014B03603D
:109FC80000207047EC51030030B4D0F818C04FEAB5
:109FD8001C2101F47F4141EA1C614FEA0C2404F47E
:109FE8007F04214341EA0C6154681568002C08BFBE
:109FF800A94273D1D0F81CC04FEA1C2101F47F415B
:10A0080041EA1C614FEA0C2404F47F04214341EA2D
:10A018000C619268914264D1027802F00702042A26
:10A0280062D14278002A62D0816A0A0A02F47F4229
:10A0380042EA11620C0204F47F04224352EA0162EC
:10A048000CD1C16A0A0A02F47F4242EA11620C0288
:10A0580004F47F04224352EA01624BD0C16A0A0A1F
:10A0680002F47F4242EA11620C0204F47F042243A4
:10A0780042EA01629A60816A0A0A02F47F4242EA6D
:10A0880011620C0204F47F04224342EA01620024B4
:10A0980094461A605C60816A0A0A02F47F4242EAC6
:10A0A8001162080200F47F00024352EA016209D4F7
:10A0B800134A1CEB020244F100041A605C600020A1
:10A0C80030BC70470F498A4217D90D4A1CEB02026F
:10A0D80064F100041A605C600020F1E76FF0210071
:10A0E800EEE76FF02100EBE76FF01500E8E76FF09F
:10A0F8000F00E5E76FF01500E2E76FF01500DFE706
:10A108008081557C7F7EAA832DE9F0418EB004467C
:10A1180030252A46002102A817F005FB9DF80830D3
:10A12800032262F3C5038DF80830DBB262F3020341
:10A138008DF8083017F022F884464A0142EAD062C6
:10A1480043011B1A62EB0102520242EAD3525B023C
:10A158001B1842EB0100820142EA93629E01F61A43
:10A1680062EB000716EB0C0647EB010716F5804675
:10A1780047F10007F60B46EA4746FF0B1C4A002347
:10A1880030463946F6F7AAFC804620616161184AD4
:10A19800002330463946F6F7A1FC41F2C60303FB1B
:10A1A80002F1A1614FEA182303F47F4343EA1863DD
:10A1B8004FEA082202F47F02134343EA08630C9330
:10A1C8000A0A02F47F4242EA11620B0203F47F0397
:10A1D8001A4342EA01620D92E0680023019300935A
:10A1E8002A4602A901F06CFA0EB0BDE8F08100BF62
:10A1F80040420F0088B370B50C461646054679B341
:10A208002022002117F08FFA20881122022101F064
:10A21800F7F9E860002811DB3246214601F01EFA02
:10A22800002811DBAB68EA6845F8332005EBC30268
:10A23800012191800B44AB60002070BD17F058FEDF
:10A24800094B18584042F8E7E86810F0A2FC17F0EC
:10A258004FFE054B18584042EFE76FF00D0070476E
:10A268006FF00D00E9E700BF0C00000070B58EB07C
:10A2780004460D4616463022002102A817F053FA6C
:10A28800A1682A46204610F095FB002815DB00B38C
:10A29800E068002301930093302202A901F07CFAC0
:10A2A800002810DB302817D1334604F11002302182
:10A2B80002A8FFF789FE0EB070BD17F019FE084B13
:10A2C80018584042F7E717F013FE054B185840425C
:10A2D800F1E76FF07300EEE76FF07900EBE700BF8E
:10A2E8000C00000008B503480EF019FD02480EF0F6
:10A2F80016FD08BDF45103002C52030008B50348AD
:10A30800034A121A002110F0DDF908BD88D0002098
:10A31800502A012008B50648064A121A064910F0C4
:10A32800D5F90648064A121A064910F0CFF908BDB1
:10A3380040CA002084D000208477030028CA002067
:10A3480040CA00206C7703002DE9F04182B000AFCD
:10A358000446D0F800E0D0F804C085686E468AB09C
:10A368006B4613F1100200F0888014218AB1084668
:10A37800042903DDDFF81C81C3F81480082801DDF7
:10A38800C3F818E00C2801DDC3F81CC0102800DD54
:10A398001D62132974DD14253AB105213971002194
:10A3A8007971B971F9717868186100216FF300014A
:10A3B8006FF341016FF382016FF3C501012363F36A
:10A3C8008811C5F30A0565F353216FF31F51002364
:10A3D8003148FFF787F9B546D4F80CC02669656996
:10A3E800E8468AB06B4613F110024CD0142182B1B2
:10A3F8000846042903DDDFF8A4E0C3F814E00828C0
:10A4080001DDC3F818C00C2800DDDE61102800DD6E
:10A418001D6213293ADD14253AB10521397100214D
:10A428007971B971F9717868186100216FF30001C9
:10A438006FF341016FF382016FF3C501012666F3E3
:10A448008811C5F30A0565F353216FF31F51124DA7
:10A4580000232846FFF746F9C546E369104A314606
:10A46800284610F021F8A3690E4A3146284610F014
:10A478001BF80837BD46BDE8F0816FF0004175E76D
:10A488006FF01B0588E76FF00041B0E76FF01B0520
:10A49800C2E700BF5C520300E02403008C520300B3
:10A4A800BC520300CC52030038B504460D4611B126
:10A4B8000846FFF749FF012C04D02946204609F039
:10A4C80079FA38BDEFF30583103B034A01210348AD
:10A4D8000FF0EAFFF1E700BFFC520300E02403009D
:10A4E80030BFFFF7FDBF00BF38B50446054D2A460B
:10A4F800054917F0F1F8054A0021601917F013F91A
:10A5080038BD00BF000000008425030008000000DB
:10A5180070B50646064D074B1D444C1B2046FFF7F9
:10A52800E3FF083CC6F8B84005F1080070BD00BF5D
:10A53800000000000800000008B5064BDA699B68B7
:10A548009A4204D0044A536843F0805353600AF097
:10A55800F5F808BD10E2002000ED00E081690D4B20
:10A568005A6942F480725A61BFF34F8FBFF36F8FFD
:10A5780031F8021C5A6922F480725A61BFF34F8F76
:10A58800BFF36F8F4DF60273994201D000207047D8
:10A598000120704700ED00E0F8B51D4600232B7040
:10A5A80002F07F43B3F17F4F22D106460F4614468F
:10A5B80012F0010F1ED112F0400F07D10020034600
:10A5C800BBB914F0080F0FD0384612E00A4A01212F
:10A5D8000A480FF05FFF14F0040F02D03846012339
:10A5E800EEE730460123EBE7304601232B7000E00D
:10A5F8000020F8BD0020FCE710530300E02403000E
:10A6080008B5314A012131480FF044FF304B9B6AAD
:10A6180013F0007F26D11D202D4B9B6A13F0807FFD
:10A6280027D12B4B9B6A13F4801F29D1284B9B6A97
:10A6380013F4002F2BD1264B9B6A13F4802F2DD1B6
:10A64800234B9B6A13F4003F2FD1214B9B6A13F4D1
:10A65800803F31D11E4A936A6FEA03436FEA13437E
:10A66800936208BD1B4A012118480FF013FF1E20F2
:10A67800D2E7194A012115480FF00CFF1F20D0E737
:10A68800164A012111480FF005FF0220CEE7144AAF
:10A6980001210E480FF0FEFE2120CCE7114A0121CE
:10A6A8000A480FF0F7FE2220CAE70F4A012107489F
:10A6B8000FF0F0FE2320C8E70C4A012103480FF0F1
:10A6C800E9FE2420C6E700BF34530300E02403005A
:10A6D80000ED00E04C530300605303007C5303007B
:10A6E800A8530300C8530300F05303000C5403009D
:10A6F80008B500230B70034A012103480FF0CAFE76
:10A7080008BD00BF38540300E024030090B583B0AF
:10A7180000AF0F2923DC2F4C103900233B71022393
:10A728007B718AB0EC461CF110021AD0122022B1BB
:10A73800042802DD284BCCF8143000233B70022398
:10A748007B70E2B10346082801DDCCF818400C2BD9
:10A7580001DDCCF81C100CF1200300210DE01F4C8A
:10A76800DAE76FF00040E2E701F1080404EB070EB6
:10A778001EF808EC03F801EB01310129F4D911287E
:10A7880024DD12234AB10421397100217971B9718C
:10A798000121F9717868CCF8100000216FF30001ED
:10A7A8006FF341016FF382016FF3C501012060F37C
:10A7B8008811C3F30A0363F353216FF31F51002376
:10A7C8000748FEF78FFF0C37BD4690BD6FF01B039F
:10A7D800D8E700BF5C54030090540300745403008E
:10A7E800E0240300F8B505460F461446394A01210E
:10A7F80039480FF04FFE394B9B6A13F0100F31D1D7
:10A808001026364B9B6A13F0080F32D1334B9B6AE4
:10A8180013F0020F34D1314B9B6A13F0010F4BD167
:10A828002E4B9B6A13F0200F4DD12C4B9B6A13F0D3
:10A83800100F01D1294B9B6A284B9B6A13F0200FFC
:10A8480004D0264A536A23F400535362234A936A76
:10A8580043F0FF039362012128460FF047FF207061
:10A868003046F8BD1E4A01211B480FF013FE112681
:10A87800C7E71C4A012118480FF00CFE1226C5E74D
:10A88800194A012114480FF005FE144A536B926AC5
:10A8980012F0800F01D11326BDE7144A01210E489A
:10A8A8000FF002FE37B10D4A936A23F080039362DA
:10A8B8001326B0E71326AEE70D4A012106480FF02C
:10A8C800E9FD1426ACE70B4A012103480FF0E2FD2D
:10A8D8001526AAE7A4540300E024030000ED00E0D5
:10A8E800BC540300F0540300045503001C55030036
:10A8F8003455030054550300F8B505460F46144671
:10A90800374A012137480FF0C5FD374B9B6A13F4CE
:10A91800805F25D11626344B9B6A13F4006F26D12D
:10A92800314B9B6A13F4007F28D12F4B9B6A13F499
:10A93800806F3FD12C4B9B6A13F4807F41D12A4B07
:10A948009B6A13F4005F43D1274A936A43F47F4319
:10A958009362012128460FF0C9FE20703046F8BDE9
:10A96800224A01211F480FF095FD1726D3E7204AF8
:10A9780001211C480FF08EFD1826D1E71D4A012140
:10A9880018480FF087FD184A936B926A12F4004F2B
:10A9980001D11926C9E7184A012112480FF084FD90
:10A9A80037B1114A936A23F4004393621926BCE72E
:10A9B8001926BAE7114A01210A480FF06BFD1A2639
:10A9C800B8E70F4A012107480FF064FD1B26BBE7D3
:10A9D8000C4A012103480FF05DFD1C26B4E700BFB7
:10A9E80084550300E024030000ED00E09C550300BB
:10A9F800F0540300B0550300CC550300E4550300A0
:10AA0800005603005455030070B506460D462B4A00
:10AA180001212B480FF03EFD00232B70294BDC6AE7
:10AA280014F002040AD1274BDB6A002B0DDB254BFF
:10AA3800DC6A14F080440ED1204670BD224A012100
:10AA48001F480FF027FD0024F6E7204A01211C4883
:10AA58000FF020FDF0E71E4A012119480FF01AFDFA
:10AA68003046FFF77BFD98B9164B9B6A13F0FF0F32
:10AA780016D1144B9C6A14F47F4418D1114B9B6A6D
:10AA8800B3F5803FD8D33046FFF7BAFD0446D3E785
:10AA98003368104A01210A480FF006FD3468CBE7F5
:10AAA8002A4601213046FFF79DFE0446C4E72A46A0
:10AAB80001213046FFF720FF0446BDE71856030082
:10AAC800E024030000ED00E0305603005456030074
:10AAD800645603008456030030B58BB01F4B5D6885
:10AAE800C5F30805002383F31188BFF36F8F0DF1B9
:10AAF8002603FFF751FD04460DF1270229460FF002
:10AB0800F7FD9DF827300BB10BB030BD05460DF1B0
:10AB1800040C20686168A268E368ACE80F0020694B
:10AB28006169A269E369ACE80F009DF826304BB172
:10AB3800089BC3F308025AB96FEA53236FEA432309
:10AB4800089305E0089B23F4FF7323F0010308939F
:10AB580001A92846FFF7A8FCD6E700BF00ED00E0F2
:10AB6800064B5A6942F010025A615A6942F48062EF
:10AB78005A615A6922F008025A61704700ED00E0F4
:10AB8800EFF30880EFF3098101B57246FFF7A4FFE0
:10AB980001BD00BF002080F31488BFF36F8F002031
:10ABA80080F30A8880F30B88144880F30888002013
:10ABB8001349087013F0B7FB002012490860BFF36F
:10ABC8004F8F00F049F8202080F311880E484FF08D
:10ABD800AA014FF400620FF075FD0B484FF40061B5
:10ABE800401880F30988EFF314800221084380F3AA
:10ABF8001488BFF36F8F00F017F90000908E0120C2
:10AC08004D2A012094ED00E050750120BFF34F8FCD
:10AC18000549CA6802F4E062044B1343CB60BFF3F2
:10AC28004F8F00BFFDE700BF00ED00E00400FA050C
:10AC3800084BD3F89000C0F30720002306E0054A2C
:10AC4800C2F898300021C2F8A01001338342F6DB25
:10AC5800704700BF00ED00E010B572B6002484F321
:10AC68001388FFF7E5FF234608E003F120010E4AA9
:10AC78004FF0FF3042F821000133DBB20F2BF4D93B
:10AC8800002308E003F16001074A4FF0FF3042F863
:10AC980021000133DBB20F2BF4D962B6BFF34F8F1B
:10ACA800BFF36F8F10BD00BF00E100E008B50A4B8D
:10ACB8009B68834202D00AF08BF908BDEFF3058345
:10ACC800002BF8D0054B5A6842F080525A605A6AF5
:10ACD80022F400425A62EEE710E2002000ED00E0A4
:10ACE80001B516F044F8BDE801401B498A6882F8AE
:10ACF800C5E04FF040001044EFF3098C80E8F01FE6
:10AD0800202080F31288BFF36F8F144F4FF0006636
:10AD1800CA698A603E60D2F8B800114C206092F986
:10AD2800C5E0D2F8BC000023C2F8BC3080F311881B
:10AD380002F1400090E8F01F8CF3098802F100004E
:10AD480004B50FF013FDBDE8044001B509F07CFD22
:10AD5800BDE801407047000010E2002004ED00E06B
:10AD6800500D01201EF0040F0CBFEFF30880EFF325
:10AD78000980816911F8021C0229FFD001B57246C9
:10AD88000FF0A8FC01BD00BF002807DB00F01F0280
:10AD9800400901239340024A42F82030704700BF1F
:10ADA80000E100E000280CDB00F01F02400901234D
:10ADB80093402030034A42F82030BFF34F8FBFF34F
:10ADC8006F8F704700E100E0002808DB4901C9B235
:10ADD80000F1604000F5614080F80013704700F012
:10ADE8000F004901C9B2014B1954704714ED00E036
:10ADF8004209054B53F8222000F01F00012303FAF3
:10AE080000F01040704700BF00E100E0044B23F061
:10AE18007F03044A9360BFF34F8FBFF36F8F704770
:10AE28000000010000ED00E008B5FFF7EFFF074A5A
:10AE3800D2F8883023F47003C2F88830FFF75EFA3E
:10AE4800FFF768FA00F054F808F0BAFF00ED00E0E8
:10AE580010B4A2F12004104942F8081C21F00101A5
:10AE680042F8081C42F8203C019B42F81C3C029B1B
:10AE780042F8183C039B42F8143C4FF0807342F8A8
:10AE8800043C04660023C0F8BC30C0F8C430BC23BE
:10AE980080F8C53010BC70471583010008B504461A
:10AEA8000E4615460D4B9860D0F8B8200C4B1A602A
:10AEB80009F0CAFCD4F8A83083F30B882C4686F333
:10AEC80009880020034B98472046002100220023D0
:10AED800014C204785A702001583010010E20020DD
:10AEE800500D0120014B10221A61704700ED00E05F
:10AEF800002206E003F00F030949194420230B76CA
:10AF08000132402A0ADC53B2002BF3DB03F1604321
:10AF180003F56143202183F80013F1E7704700BF70
:10AF2800FCEC00E008B5EFF30583103B044A02EBA4
:10AF3800C301496852F833008847FFF7FDFA08BD96
:10AF4800FC20030010B584B00A4C23460A4A0121AC
:10AF58000A480FF00CFD0023019302930393084B5A
:10AF68000193E41A0294012101A80FF004FD04B032
:10AF780010BD00BF0000042080C50020A0560300BB
:10AF880088D00020024B034AC3F8C020704700BF96
:10AF980000ED00E0AAFF4400034BC3F89800C3F893
:10AFA8009C10C3F8A020704700ED00E00E4BC3F8DA
:10AFB8009800C3F89800D3F89C000A7A60F304025A
:10AFC8000A72D3F8A020C2F34202087A62F347104B
:10AFD8000872D3F89C2022F01F020A60D3F8A03030
:10AFE80023F01F03CB60704700ED00E070B5054605
:10AFF8000E46002400E00134A6421EDD04EB4403A3
:10B008009A0005EB830359680029F4D0A8580FF07B
:10B0180008FC04EB84030B4A42F8230010F1160FD6
:10B028000CD0094B1B78984209DA04EB840302EB35
:10B0380083010431FFF7BAFFDDE7002070BD6FF030
:10B048001500FBE7540D01202E2A012010B50446F7
:10B058000A4BD3F89030C3F30723013B984203D837
:10B068000FF0B9FB204610BD0346054A01210548EB
:10B078000FF01AFA6FF01500F5E700BF00ED00E0D9
:10B08800B0560300B02403002DE9F04F87B0814685
:10B09800009101931446002648E03346614A012195
:10B0A80061480FF001FA6FF0150407E03B465F4A6C
:10B0B80001215D480FF0F8F96FF01504204607B03C
:10B0C800BDE8F08FD84564D12946C0B20FF0BAFB6D
:10B0D8002BE0574AC2F89870D2F89C3003F01F034F
:10B0E80021F01F010B43C2F89C302946E0B20FF053
:10B0F800A9FB044610F1160FE0D0013415E0013B1E
:10B108004B49C1F89870D1F8A02002F01F0223F033
:10B118001F031343C1F8A0302946E0B20FF092FB99
:10B12800044610F1160FC9D001340136009B9E4227
:10B13800C4DA06EB46054FEA850A09EB85056F6810
:10B14800002FF2D0019B23B128460FF058FB0028AE
:10B15800A3D0394659F80A000FF063FB074610F1EF
:10B16800160FA3D08442A1DD314BC3F89800D3F861
:10B178009C2022F01F02C3F89800D3F8A03043F0B7
:10B188001F0859F80A306968194401F1FF3B9342D6
:10B1980098D093429DD0D845B1D0013B2449C1F8FD
:10B1A8009870D1F8A02002F01F0223F01F03134368
:10B1B800C1F8A0302946E0B20FF044FB044610F174
:10B1C800160F3FF47BAF0130194BC3F89870D3F8D2
:10B1D8009C109DF8102061F304028DF81020D3F81C
:10B1E800A030C3F34203D2B263F347128DF81020A4
:10B1F80059F80A306A681344029323F01F03A8EB36
:10B208000B084344013B23F01F03059302A9C0B276
:10B21800FFF71CFF044610F1160F3FF44FAF01343F
:10B2280083E700BFD8560300B0240300FC56030090
:10B2380000ED00E010B5034C01232278FFF724FF4E
:10B24800207010BD2E2A0120044B0522C3F894203B
:10B25800BFF34F8FBFF36F8F704700BF00ED00E063
:10B26800BFF35F8F024B0022C3F89420704700BFE2
:10B2780000ED00E038B51C4B1D681C4BD3F890302E
:10B28800C3F307239D422BD8FFF7EAFFFFF77AFEA7
:10B29800002407E0144B596801EB041120460FF015
:10B2A8009AFA0134A542F5D8114805700FF0E9FA69
:10B2B80010F1160F13D00E4B1A780C4BD3F89030B0
:10B2C800C3F307239A4207DA084BC3F898200021F2
:10B2D800C3F8A0100132F0E7FFF7B6FF002038BD31
:10B2E8004FF0FF30FBE700BF2057030000ED00E000
:10B2F8002E2A012030B587B00D461146002400944F
:10B308000194029403940494059402228DF8022077
:10B31800044A0192049005951A4668460BF02AF8EB
:10B3280007B030BD87A9020008B5024B1B689847D3
:10B33800002008BD680D0120034B1860034A93786C
:10B3480043F0020393707047680D01200CCB002076
:10B3580008B5064921F00701C1F1005202F5802223
:10B3680003480DF076FB002008BD00BFCF0F022078
:10B378006C0D01202DE9F04F9DB0064606900D4654
:10B3880007911746984608A815F0FCFEDDE9083431
:10B39800CDE904340DAB0C9334464FF00009CA468E
:10B3A800CDF80C9012E00027B8463A463B4608A86C
:10B3B80015F0E8FEDDE90823CDE904233D460A98A7
:10B3C80008F0EAFE002D35DB083435466E1E002DE8
:10B3D80038D020680028F7DB0AAA0BA9FDF72CF85B
:10B3E80083460028F0D00A984FF0FF324FF0FF3321
:10B3F80008F052FE1CAB01930CAB009323464FF4AC
:10B40800817259460B980FF0C5FA054610F1780F6E
:10B41800C9D010F1120FD2D1BAF1000F03D0002514
:10B4280001230393CBE7DDF82CA0D946002501239F
:10B438000393C4E76D4216F05BFD594B1D504FF066
:10B44800FF3A28E0039B6BB3B8F1FF3F08BFB7F1A1
:10B45800FF3F24D04FEA481242EAD7627B01DB1B48
:10B4680062EB0802920042EA93729B00DB1942EBFE
:10B478000802D20042EA5372C3F3103343EA42434C
:10B488000193079B0093069B4FF4827249465046EE
:10B498000FF080FA824650461DB0BDE8F08F4FF09D
:10B4A800FF33EDE7DDE9042308A815F0A1FE089FA6
:10B4B800DDF82480AB4658E00DAB0C93069C079B47
:10B4C800DA46039D05E02023E3800AF1010A0834E7
:10B4D80033465E1E002B37D00023E3802068984255
:10B4E800F5DB0AAA0BA9FCF7A7FF81460028EAD0DA
:10B4F8000A984FF0FF324FF0FF3308F0CDFD0CAB48
:10B508000093234640F2031249460B980FF042FA83
:10B5180081460A9808F040FE19F10B0F12D0B9F1D4
:10B52800000F06D1B4F90630002BD0D00AF1010A79
:10B53800CDE7C9F1000316F0DBFC194A13504FF0B0
:10B54800FF3AA8E70125C2E76DB1BAF1000FA2DC06
:10B55800DDE9042308A815F04BFE089FDDF82480D8
:10B5680058EA070397D0002D95D00DA80C9B191AFF
:10B5780089100C4B03FB01F13A4643460AF0C8F820
:10B58800002899D010F10B0F96D010F1040F93D02A
:10B59800434216F0ADFC024A13504FF0FF3A7AE7E7
:10B5A8000C000000CDCCCCCC68B108B5064A074BDE
:10B5B8001B680749A1FB03139B0C00FB03F042F037
:10B5C8000103984708BD7047E025030058CC0020C8
:10B5D80083DE1B43024B0122C3F84025002070473D
:10B5E8000090034008B505484FF6FF7303603F23FA
:10B5F800436005F015FC002008BD00BF780D012050
:10B60800F8B505460E461746114C124B9C4216D209
:10B618002368AB4200D083B9A3683A46314628462E
:10B62800984750B116F064FC0B4B0022C250E368F7
:10B638003A46314628469847F8BD1034E5E716F0F3
:10B6480057FC054B6A221A504FF0FF30F4E700BF51
:10B65800D8230300E82303000C00000070B582B073
:10B668000D46144601AA6946FCF7E6FEB8B106463F
:10B67800009B9B69CBB101984FF0FF324FF0FF332D
:10B6880008F00AFD009B9B692246294630469847E8
:10B698000446019808F080FD204602B070BD16F0FF
:10B6A80027FC064B09221A5004E016F021FC034B34
:10B6B8005F221A504FF0FF34EEE700BF0C00000085
:10B6C8002DE9F04184B00E4615461C4603AA02A98E
:10B6D800FCF7B2FEF0B10746029B5B6A03B303981E
:10B6E8004FF0FF324FF0FF3308F0D6FC029BD3F83F
:10B6F80024800B9B01930A9B009323462A463146DC
:10B708003846C0470446039808F046FD204604B072
:10B71800BDE8F08116F0ECFB054B09221A5004E055
:10B7280016F0E6FB024B5F221A504FF0FF34EDE7AC
:10B738000C00000070B582B00D46144601AA694697
:10B74800FCF77AFEB8B10646009B5B6BCBB101985B
:10B758004FF0FF324FF0FF3308F09EFC009B5B6B0D
:10B7680022462946304698470446019808F014FDB9
:10B77800204602B070BD16F0BBFB064B09221A50DA
:10B7880004E016F0B5FB034B5F221A504FF0FF346C
:10B79800EEE700BF0C0000002DE9F04184B00E4632
:10B7A80015461C4603AA02A9FCF746FEF0B1074657
:10B7B800029B9B6A03B303984FF0FF324FF0FF33AD
:10B7C80008F06AFC029BD3F828800B9B01930A9B24
:10B7D800009323462A4631463846C0470446039814
:10B7E80008F0DAFC204604B0BDE8F08116F080FBD2
:10B7F800054B09221A5004E016F07AFB024B5F222F
:10B808001A504FF0FF34EDE70C0000002DE9F0412D
:10B8180084B00E4615461C4603AA02A9FCF70CFE86
:10B82800E0B10746029B1B6BF3B103984FF0FF3260
:10B838004FF0FF3308F030FC029BD3F830800A9BAE
:10B84800009323462A4631463846C04704460398A3
:10B8580008F0A2FC204604B0BDE8F08116F048FBD1
:10B86800054B09221A5004E016F042FB024B5F22F6
:10B878001A504FF0FF34EDE70C000000014B187030
:10B88800704700BF2F2A012008B5034B186001201C
:10B89800FFF7F4FF08BD00BF800D0120054B1B68B2
:10B8A80023B1054B1B781BB9002070470020704757
:10B8B80001207047800D01202F2A012010B5024C6D
:10B8C80024682468A04710BD800D012008B5024BEC
:10B8D8001B685B68984708BD800D012020B3F8B548
:10B8E8000D46074619B30846F5F774F906460828C1
:10B8F80020D8134C07E02046721C2946083015F062
:10B908001EFFD0B144340F4B9C4205D2BC42F9D043
:10B91800002CF0D0201DEFE7721C294607F10C001F
:10B9280015F0DAFE0020F8BD6FF0150070476FF0D3
:10B938001500F8E76FF05A00F5E76FF07700F2E7C7
:10B94800F8CF00203CD0002010B584B004460FF09A
:10B95800ABFA70B10C4A1368591C11600B4A0921E3
:10B9680001A80AF075F801A92046FFF7B7FF04B04F
:10B9780010BD074A1368591C1160064A092101A81D
:10B988000AF066F8EFE700BF880D0120745703003E
:10B99800840D01207C57030038B54FF0FF324FF07B
:10B9A800FF33104808F078FB0F4C02E0254606E00C
:10B9B80044340E4B9C4210D2002CF7D0251D002396
:10B9C800AB60EB602B7420460FF0AEF92B7A002B9E
:10B9D800EED12046FFF7B8FFEAE7024808F0DCFBA3
:10B9E80038BD00BFECCD0020F8CF00203CD00020AF
:10B9F80010B5084C00E04434074B9C4209D203219F
:10BA080020460FF020F90028F5D120460FF014FA4F
:10BA1800F1E710BDF8CF00203CD0002010B58646D5
:10BA2800141E04DB70464FF0090C0F4B0BE0012489
:10BA3800F8E7303200F8012B64460CF1FF3C0B4A62
:10BA4800A2FB0323DB08BCF1000F08DBB1FBF3F218
:10BA580003FB12116445ECDC002AEED0E9E7002371
:10BA68000370A0EB0E0010BD00CA9A3BCDCCCCCC25
:10BA78002DE9F0410C461546012811D0022840F066
:10BA880002812E21204615F06AFE00284BD006269A
:10BA980023783A2B49D02046F5F79CF800224CE051
:10BAA800002111600F460B46084619E02E2A32D0B5
:10BAB800012807D9092B40F2D180022802D9632B2B
:10BAC80040F2CF80002800F0CF80FF2B00F2CF801B
:10BAD8006B54237813B30131C9B2002318460134DB
:10BAE80003291BD82278002AE0D02E2ADED0A2F122
:10BAF8003006F6B2092E00F2BD800130C0B203282C
:10BB080000F2BB8003EB83035B009BB21A4492B242
:10BB1800303A93B2E3E70137BFB2C9E7032F40F0E9
:10BB2800AF80002020E00826B2E70134B3E7613B8C
:10BB3800DBB2052B00F2AD800132824216DAA35C3B
:10BB4800A3F13001C9B20929F6D9462BEFD82E2B1B
:10BB5800C0F09C802E3BDBB2584921FA03F313F066
:10BB6800010FE9D16FF01500BDE8F081002704E06E
:10BB7800731EBB4200F396800137B7423ADA002CB5
:10BB880000F08A802378002B00F089803A2B1FD0A0
:10BB98001022002120460AF061F9C0F3072810227C
:10BBA800002120460AF05AF948EA002825F81780AB
:10BBB8003A21204615F0D3FD04460028D8D0013498
:10BBC800DAE705EB4702002305F817305370013711
:10BBD800B742F6DB3A21204615F02AFE844203D00C
:10BBE800062E0BD0771E11E0062E02D06378002BAC
:10BBF800F6D10134062E15D00020B5E70138F1E75B
:10BC0800002F52DB431E844205D0184603783A2B96
:10BC1800F6D1013FF4E70134AEE7022E1ADC6FF0EB
:10BC28001500A1E70026032E16DC002C40D023784F
:10BC3800002B40D00A22002120460AF00FF906F115
:10BC48000C03E8542E21204615F089FD04460028EF
:10BC5800E3D001340136E6E7002085E76FF01500F0
:10BC680082E76FF015007FE76FF015007CE76FF053
:10BC7800150079E76FF0150076E76FF0150073E7A8
:10BC88006FF0150070E76FF015006DE76FF01500A5
:10BC98006AE76FF0150067E76FF0150064E76FF06B
:10BCA800150061E76FF015005EE76FF015005BE7C0
:10BCB8006FF0150058E76FF0150055E70110F8010F
:10BCC80003684268D21A012A06D9054A128823F85D
:10BCD800022B4360002070476FF00B00704700BFD5
:10BCE800845703002DE9F04105460C4690F888700A
:10BCF80007F0020790F88630032B0BD038482668E7
:10BD08000536266021460FF01CFD034620B1184673
:10BD1800BDE8F0813348F2E7214695F886000FF038
:10BD28006CFC03460028F2D1D4F8008021460FF0BD
:10BD380064FC03460028EAD12146B5F884000FF0D8
:10BD480068FC03460028E2D1214605F154000FF0B3
:10BD5800F8FC03460028DAD1A86EE0B147F00407E2
:10BD6800037ADB0003F018033B435BB295F88820A5
:10BD780002F0010243EA4213DFB221460FF0E1FC70
:10BD880003460028C3D1E86E10B321460FF0D9FC52
:10BD980003460028BBD1286E38B147F080072146FA
:10BDA8000FF0CFFC03460028B1D1686E38B147F0D8
:10BDB800400721460FF0C5FC03460028A7D188F8A4
:10BDC80000702246314610200FF059FC03469EE7CA
:10BDD80020460FF07DFC03460028DCD097E700BF23
:10BDE8009C570300A457030003684268D21A012A2B
:10BDF80006D9054A128823F8022B436000207047B1
:10BE08006FF00B00704700BF88570300F0B585B08E
:10BE18000446C66D308806220121FFF7F1FBE06277
:10BE2800002824DB0546A36AA3B1194A02AF92E8A9
:10BE3800030087E8030007221946384615F0CBFCB3
:10BE4800082300933B46192201212846FFF7DEFC10
:10BE5800002814DB3388012B0FD01822E06AE16D2B
:10BE6800FFF7FCFB00280ADB002005B0F0BD16F048
:10BE78003FF8084B18584042F7E70822EEE7E06A17
:10BE88000EF087FE16F034F8024B18584042ECE7E3
:10BE9800A02503000C000000F0B583B007460E464D
:10BEA8001546002400E00444AC420FD2F86A311968
:10BEB8002A1B002301930093FFF702FC0028F2DA03
:10BEC80016F016F8034B1858404200E0002003B063
:10BED800F0BD00BF0C000000F8B507460C46002670
:10BEE800334605E0A26802EBC302526816440133E8
:10BEF800E2689A42F6D800251AE015F0F9FF154BCA
:10BF08001858404223E0401A002159600132E36882
:10BF180093420DD9A36803EBC20359688142F2D951
:10BF2800091A5960A16851F83230034441F8323097
:10BF3800B5420BD2F86A00222146FFF7FBFB002826
:10BF4800DBDB0544AE4203D90022E0E70020F8BD60
:10BF58000020FCE70C00000010B582B053B10023AC
:10BF6800C06A002401940094FFF716FC002803DB44
:10BF780002B010BD4023F3E715F0BAFF014B185883
:10BF88004042F5E70C00000008B5C06A0EF001FE5B
:10BF9800002801DB002008BD15F0AAFF014B185846
:10BFA8004042F8E70C00000008B590F8243003EB95
:10BFB8008303024A52F82330984708BDAC57030060
:10BFC80010B590F8243003EB8303034C04EB830390
:10BFD8005B68984710BD00BFAC57030008B590F8E0
:10BFE800243003EB8303034A02EB83039B689847DF
:10BFF80008BD00BFAC57030010B590F824C00CEB87
:10C008008C0C034C04EB8C0CDCF80C40A04710BDE6
:10C01800AC57030008B590F8243003EB8303034AB8
:10C0280002EB83031B69984708BD00BFAC570300A8
:10C03800F0B585B00446C76D90F85030002B59D143
:10C04800012138884FF48172FFF7DAFA0546E06279
:10C05800002851DBA36AA3B1484A02AE92E8030064
:10C0680086E8030007221946304615F0B4FB08237A
:10C0780000933346192201212846FFF7C7FB002801
:10C088006FDBE06A04F130030422009205224FF4CA
:10C098008D71FFF7BBFB002863DBA36B13B1626BE9
:10C0A800002A2FD1236C13B1E26B002A35D1A56C7D
:10C0B80075B1E66A2846F4F78DFD013000902B46ED
:10C0C80002224FF48D713046FFF7A0FB002848DBB1
:10C0D800636C012B2CD0E36C002B36D13B88012BF1
:10C0E80049D01822E06AE16DFFF7B8FA002838DB7A
:10C0F80000203EE02249A4E715F0FAFE214B18582B
:10C10800404236E0E06A9200009203224FF48D71BB
:10C11800FFF77CFB0028C5DA23E0E06A9200009272
:10C1280001224FF48D71FFF771FB0028BFDA18E088
:10C13800E06A04F14403042200920C224FF48D714A
:10C14800FFF764FB0028C6DA0BE0E06A04F14C0351
:10C15800042200920A224FF48D71FFF757FB002842
:10C16800BCDAE06A0EF015FD15F0C2FE054B185852
:10C17800404205B0F0BD0822B4E700BFA82503007F
:10C18800010000400C000000F0B583B007460E46E1
:10C198001546002400E00444AC420FD2F86A311975
:10C1A8002A1B002301930093FFF78AFA0028F2DA8A
:10C1B80015F09EFE034B1858404200E0002003B0E3
:10C1C800F0BD00BF0C000000F8B507460C4600267D
:10C1D800334605E0A26802EBC302526816440133F5
:10C1E800E2689A42F6D800251AE015F081FE154B50
:10C1F8001858404223E0401A002159600132E36890
:10C2080093420DD9A36803EBC20359688142F2D95E
:10C21800091A5960A16851F83230034441F83230A4
:10C22800B5420BD2F86A00222146FFF783FA0028AC
:10C23800DBDB0544AE4203D90022E0E70020F8BD6D
:10C248000020FCE70C00000010B582B053B10023B9
:10C25800C06A002401940094FFF79EFA002803DBCB
:10C2680002B010BD4023F3E715F042FE014B185809
:10C278004042F5E70C00000008B5C06A0EF089FCE2
:10C28800002801DB002008BD15F032FE014B1858CC
:10C298004042F8E70C0000000B4BD3F80C3403F4D1
:10C2A8008033014628B1084AD2F80C2402F0010272
:10C2B800027023B10B78012B03D0002070470020B7
:10C2C80070470120704700BF005000400048704789
:10C2D800E00D0120034BC01A8010034B03FB00F054
:10C2E800704700BFA00D0120B76DDBB638B5054615
:10C2F8000C46FFF7EFFF0146402203480FF035FFD9
:10C3080001462846A04738BDFC1F030030B583B05E
:10C3180005460C46FFF7DEFF0146402300932346FF
:10C32800054A06480FF03BFF011E01DB03B030BD94
:10C338002846A047FAE700BFEFC10200FC1F030030
:10C3480008B510B101280DD008BD002108480FF02C
:10C3580098FE836813F0070FF6D1002104480FF008
:10C36800F2FEF1E7012102480FF0EDFEECE700BF15
:10C37800FC1F030010B582B0EFF31184202383F370
:10C388001288BFF36F8F134A136843F002011160DC
:10C3980013F0010F09D1002384F31188BFF36F8FC5
:10C3A8009BB90FF028FF02B010BD0DF10700FFF791
:10C3B80073FF9DF80730012B01D00023ECE7FFF74E
:10C3C80085FF0FF0AEFE0123E6E7002102480FF0DB
:10C3D800BAFEE8E7F00D0120FC1F030010B5EFF3EB
:10C3E8001184202383F31288BFF36F8F074A1368E1
:10C3F80023F00201116013F0010F04D084F31188B7
:10C40800BFF36F8F10BD0FF0FBFEF7E7F00D0120B3
:10C4180070B50546012806D12C4BD3F81C3403F01F
:10C428000303022B33D014F06DFC044610B9284BDB
:10C438001B786BB9EFF31186202383F31288BFF3BF
:10C448006F8F012484B9214B0222C3F808230BE023
:10C458000026F7E7E4B130460EF0A4F91B4BD3F8F9
:10C468001835DBB2012B17D0184BD3F81824D3F8A2
:10C47800183403F0030312F4803FEBD0022B01D0F1
:10C48800012DE7D1ECB186F31188BFF36F8F70BD32
:10C4980001200FF0BAFEE1E70C4BD3F80431002B72
:10C4A800E2D00A4B0022C3F80421D3F80421022267
:10C4B800C3F81825074A2021C2F8801101229A6082
:10C4C800D2E7024B0222C3F80423E0E70050004001
:10C4D8004D2A012000E100E000B587B0CDF800D07A
:10C4E800CDF804D0002302930123039304AB0493F3
:10C4F80005936B46064A0FF06EFE002805DB4FF4E5
:10C5080080420023684607F01FFF07B05DF804FB70
:10C518003FC20200F8B506460022012105200EF0B0
:10C5280019F9114804F0A8FCD8B9074604F0C2FC70
:10C53800002403E00123AB601C44E4B2012C0ED8B4
:10C54800214630460FF09DFD0546214630460FF046
:10C55800A5FD06490DF09FF8031EEBDA1F46384685
:10C56800F8BD6FF00407FAE749C30100D457030088
:10C5780010B504460E4B0121D3E8EF2FC3E8E01FA6
:10C588000028F9D11AB1631E012B0DD910BD094835
:10C598000FF084FD084900234B608B60CB600123BA
:10C5A8008B600DF095F8EEE72046FFF731FFEDE7D9
:10C5B8009C0D0120FC1F03008C0D012010B5044CBC
:10C5C8002046FBF79DFE2046FEF7B6FE002010BD74
:10C5D800DDC5010030B583B005468DF8070002249B
:10C5E80001220DF10701002005F032F938B9094B95
:10C5F8001B785BB13CB10FF041FE013CF0E7054B05
:10C6080001221A7002E0034B00221A70284603B078
:10C6180030BD00BF302A0120034BD3F8003413F09B
:10C62800010FF9D0704700BF00900340024B0B6028
:10C6380001231360704700BFF40D012000487047C4
:10C64800B0580300F0B583B00E46154612F078FBDB
:10C658000446294630460FF03FFE50B3B6FBF4F3CC
:10C6680004FB136353B9B5FBF4F304FB13532BB961
:10C67800AC420DD90024204603B0F0BD00953346E6
:10C68800114A012111480DF01AFF6FF01504F2E765
:10C698000F4F4FF0FF324FF0FF33384607F054FE8C
:10C6A800294630460FF03EFE0446384607F004FEA1
:10C6B800E1E700953346074A012104480DF0FFFEE3
:10C6C8006FF01504D7E700BF2C5803003824030087
:10C6D800FC0D01204C5803002DE9F04182B00C46B6
:10C6E80016461D46194620460FF0F6FD50B114F0C7
:10C6F800030711D115F0030F0ED1BDB9384602B0AA
:10C70800BDE8F08100952346124A012112480DF038
:10C71800D6FE6FF01507F1E7009523460F4A012171
:10C728000D480DF0CCFE6FF01507E7E7DFF8308015
:10C738004FF0FF324FF0FF33404607F005FE2A4620
:10C74800314620460FF00FFE0746404607F0B4FD7D
:10C75800D4E700BF4C580300382403006C5803008A
:10C76800FC0D012070B582B00D4616461C461946D0
:10C7780028460FF0B1FD58B1D4B1B5F5803F11DBB3
:10C7880022462946304614F0A7FF002002B070BDAB
:10C7980000942B46074A012107480DF090FE6FF0E0
:10C7A8001500F3E72246294630460EF029F9EDE751
:10C7B8000020EBE74C5803003824030010B5012291
:10C7C8001146064814F02DF912F0BEFA044C206008
:10C7D80012F0B6FA6060002010BD00BFFC0D012009
:10C7E800F40D0120F0B51C46059F069E00F01F0CB5
:10C7F800400934D1274D0CF1800355F8233081B31B
:10C80800012082B34FF0020E40EA0E0074B34FF0DD
:10C818000C0E40EA0E0067B34FF4E06E40EA0E00DB
:10C8280056B34FF4403E40EA0E0023EA000031B30D
:10C838000B7832B312785200134324B32278920053
:10C84800134317B33A781202134306B3327812042B
:10C85800134303430CF1800C45F82C30F0BD002540
:10C86800C9E70020CDE74FF0000ECDE74FF0000EEE
:10C87800CFE74FF0000ED1E74FF0000ED3E70023CB
:10C88800D7E70022D8E70022DAE70022DCE7002217
:10C89800DEE700BF0025844008B902487047002041
:10C8A800704700BF1C2003002DE9F04786B088467A
:10C8B80016469946446801F01F05237C45EA43154E
:10C8C80020460FF0CFFD002862D0B6F5001F30D00B
:10C8D8000DF10C0A002703970497494630460FF0DC
:10C8E800F6FD8DF80C00009701970297CDF804A08B
:10C8F800E36823FA08F313F0010F02D1B6F1A07F21
:10C908001DD00DF117022946A06812F0C2F90028BF
:10C9180038D06A462946A06812F0AFF9002805DB2E
:10C9280001222946A06812F0D1F9002006B0BDE81E
:10C93800F0872946A06812F0CDF90020F6E705F047
:10C948001F036A0913D1144A803352F8233013F0B5
:10C95800010FD6D10DF117022946A06812F099F9F6
:10C9680010F1160F05D00DF117030493D1E73A46DD
:10C97800EAE70DF11702414620460FF0D9FD0028DD
:10C98800F1DAD3E79DF81710A06812F092F9C0E722
:10C998006FF08500CAE700BF0025844038B504461B
:10C9A800456828460FF05EFD20B90E4920460FF075
:10C9B80008FD38BDA86812F074F90028F5D10021E7
:10C9C800A86812F06AF950B900220749A86812F05D
:10C9D8005CF90022052131200DF0BCFEE5E76FF07F
:10C9E8000400E6E72DC502000FC5020030B585B08A
:10C9F80005460C460822144968460EF001F8019ACB
:10CA0800130A03F47F4343EA1263110201F47F011E
:10CA18000B4343EA02630293009A130A03F47F4329
:10CA280043EA1263110201F47F010B4343EA0263F4
:10CA38000393082C00D90824224602A9284614F09A
:10CA48004BFE204605B030BD0402FF0070B400F074
:10CA58001F0C400917D10D4D0CF1800055F82060CE
:10CA68000B4C344041EA420141EA83039DF80C2013
:10CA780043EA02239DF8102043EA0243234345F882
:10CA8800203070BC70470025E6E700BF00258440D1
:10CA9800F0F8FCFF51B900F01F01400904D1094A20
:10CAA80001238B40D36070470022F9E700F01F0193
:10CAB800400904D1034A01238B4093607047002248
:10CAC800F9E700BF002584402DE9F04F85B00746FF
:10CAD8008A460392002423E04FF0FF3638E0039B98
:10CAE800C3F80C654FF001084146B6F1FF3F15D079
:10CAF800B1F1FF3F40F0A38057F8093013F4004F1D
:10CB080040F0A180454600220192CDF800B0C3F361
:10CB18004123424629463046FFF798FF0134E4B2E4
:10CB2800544580F093804FEA840957F82430C3F3C2
:10CB3800C725C3F3C322C3F3080615F0080540F060
:10CB48008780474911F802B040F2FF129642C3D0DD
:10CB58001B0E192B7FD801A252F823F0E7CA010057
:10CB6800CDCB0100DBCB0100E9CB01005FCC01009C
:10CB78005FCC01005FCC01005FCC01005FCC0100FD
:10CB88005FCC01005FCC01005FCC01005FCC0100ED
:10CB98005FCC01005FCC01005FCC01005FCC0100DD
:10CBA8005FCC01005FCC01005FCC01005FCC0100CD
:10CBB8005FCC0100F7CB01000BCC01001FCC0100BA
:10CBC80033CC0100039BC3F81465A8464FF0FF312E
:10CBD8008BE7039BC3F808654FF00108414684E7DB
:10CBE800039BC3F81065A8464FF0FF317DE7039B10
:10CBF800C3F8606557F80910C1F300414FF0010808
:10CC080073E7039BC3F8646557F80910C1F3004143
:10CC18004FF0010869E7039BC3F8686557F80910E6
:10CC2800C1F300414FF001085FE7039BC3F86C654F
:10CC380057F80910C1F300414FF0010855E7304695
:10CC4800FFF728FF58E74FF001085CE7002004E0F1
:10CC58006FF0150001E06FF0850005B0BDE8F08FBA
:10CC6800D858030051B900F01F01400904D1094AFE
:10CC780001238B40D36070470022F9E700F01F01C1
:10CC8800400904D1034A01238B4093607047002276
:10CC9800F9E700BF0025844010B5134644680269CF
:10CCA800906998422CD092F81CC0012000FA01F13A
:10CCB8003CEA010C10D118460021B0F5004F12D300
:10CCC80040080131C9B20729F7D90E4A01210E4897
:10CCD8000DF0EAFB002010BD0C4A01460A480DF091
:10CCE800D9FB0020F7E7936151771368A27DC3F859
:10CCF8000C15C3F8042580B2C3F808050120EAE73B
:10CD08000120E8E7F8580300E8240300E05803008E
:10CD18002DE9F04F85B00E46D0F804A00469BDF89F
:10CD2800388003290FD805461F4608F001089AF8ED
:10CD38001630012B10D0FFB1BA4210D8002301934E
:10CD480047F6FF7B1BE00B46394A012139480DF0B5
:10CD5800ABFB6FF0150538E052087F08EBE731466A
:10CD68002846FFF799FF019000285ED0637F27FAD5
:10CD780003F31FFA83FB02E0002301939B46B8F1FB
:10CD8800000F26D04FF0000928460FF0D0FC49EAE2
:10CD98000B0920F81690019BF3B1237F0122B240C2
:10CDA80013432377237F83B3A37F33B10023A37770
:10CDB800204612F07DF90028FAD0102301220AF14A
:10CDC8002001204612F014F90025284605B0BDE8D8
:10CDD800F08F4FF40049D7E7224603A930460FF0F9
:10CDE800AAFC58B1391E18BF0121B8F1000F02D0B2
:10CDF800B7FA87F149090398FFF734FF237F012227
:10CE0800B24023EA02032377CCE728460FF0A3FCBD
:10CE1800051E03DB0123A3770025D6E72B46064A28
:10CE2800012104480DF040FBCFE76FF01505CCE772
:10CE380024590300E82403003C590300F0B583B0EB
:10CE480000AF044600690346304A616812F0BDF835
:10CE5800051E08DB2E4920460FF057FC05462846DC
:10CE68000C37BD46F0BD21686E4600233B71022396
:10CE78007B7188B06C4614F1100211D00E201AB1E3
:10CE8800042801DD234B636100233B7002237B7080
:10CE98009AB1082800DDA16104F11C0300210AE011
:10CEA8006FF00040EBE701F1080CBC441CF808CC1B
:10CEB80003F801CB01310129F5D90D2822DD0E2314
:10CEC80042B10321397100217971B9710121F971D8
:10CED8007868206100216FF300016FF341016FF35F
:10CEE80082016FF3C501012060F38811C3F30A03BF
:10CEF80063F353216FF31F5100230748FCF7F2FB3C
:10CF0800B546ACE76FF01B03DAE700BF3DC7020088
:10CF1800A3C7020050590300E8240300F0B583B00A
:10CF28000646436807690021186B0FF026FC0024A9
:10CF3800254604E0002311E02B43DDB20134032C25
:10CF480014D83A4601A920460FF0F5FB0028F5D081
:10CF5800019B03F01F025B09ECD10F4B5B68D340C8
:10CF680013F00103E8D00123A340E5E7002407E01C
:10CF78004FF4004730460FF0DAFB20F81470013404
:10CF8800032C05D80123A3401D42F1D00027F1E767
:10CF9800002003B0F0BD00BF002584402DE9F84310
:10CFA80005460F46466813F0ADFE20B9234B1B78A3
:10CFB8000BB3002300E00123D5F810906A68D2F87B
:10CFC8000080F3B928460FF022FD0446736813F079
:10CFD800040F03D04FF48003C8F80433336A1F707A
:10CFE8000122316A28460FF05EFD84F31188BFF3F1
:10CFF8006F8FBDE8F8830123DEE784F31188BFF360
:10D008006F8FEFF31184202383F31288BFF36F8FA0
:10D0180028460FF0FCFB0028EFD0D9F80030002B91
:10D02800D4D0D3F8A420002AD0D0D3F8B420002A32
:10D03800CCDAD8F84C25C3F8B420C7E74D2A01202C
:10D048002DE9F04F85B09846D0F810B0DBF80040D5
:10D05800D0F804A0DAF800509AF80830002B40F015
:10D06800B58081460F46164694F86130002B40F093
:10D07800B08094F86230002B40F0AE806365B8F160
:10D08800FF3F44D0B8F1040F16DDA3F1993383FBB9
:10D0980008234FEAE870C0EB6300C117C90341EAEF
:10D0A8005041C0034E4BC0184E4A4FF0000341F1A7
:10D0B8000001F3F763FD01E000200146A065E1658A
:10D0C800276466640023A364E3642365DAF8043004
:10D0D80013F0040F20D1DAF8043013F0040F02D053
:10D0E80094F8602052BBC5F83475C5F8386500203F
:10D0F800C5F81001D5F81031C5F84C01D5F84C31F8
:10D10800012384F861302B6005B0BDE8F08F002260
:10D118000023C4E91623D3E7EFF3118303932023F5
:10D1280083F31288BFF36F8F022148460FF0AFFCDC
:10D13800039B83F31188BFF36F8FCCE7B24228BFFC
:10D1480032469146DAF81C10384614F0C5FA4F44B6
:10D15800B6EB090614D0B8F1FF3FC4D00023C5F8D8
:10D168000831D5F8083104F10800D4E916234FF046
:10D1780000084FF00009CDE9008908F077FAB2E716
:10D1880094F86020A2EB0902D2B284F86020DAF8A1
:10D198001C0000EB090114F0ACFA0BF11803D3E8FA
:10D1A800EF1F41F00401C3E8E21F002AF7D145F35D
:10D1B8000735002D08DB05F01F026D090123934098
:10D1C8004035094A42F8253000209DE76FF0850078
:10D1D8009AE76FF00F0097E76FF00F0094E700BF32
:10D1E8003F420F0040420F0000E100E0F0B583B07D
:10D1F80004461D460669EFF31187202383F312883E
:10D20800BFF36F8F3368D3F8A40000BBC3F8A42022
:10D218003368C3F8A01001F06043B3F1005F1DD17B
:10D228003368C3F8A8103368C3F8AC2031462046E9
:10D238000FF054FC87F31188BFF36F8F20460FF06F
:10D2480015FB80B3B5F1FF3F10D100202CE087F328
:10D258001188BFF36F8F6FF00F0025E0336800224D
:10D26800C3F8B02020460FF0AFFDDFE7346868341C
:10D2780025EAE575E917C90341EA5541ED030B486D
:10D2880028180B4A4FF0000341F10001F3F776FC30
:10D2980002460B4600200021CDE90001204608F097
:10D2A800E5F9002000E0002003B0F0BD3F420F0088
:10D2B80040420F0070B50446056943681E68286837
:10D2C80000220A49083013F0C8FF2B68DC6328687D
:10D2D80000220749683013F0C0FF2B68C3F89C4050
:10D2E800044BC6F80433002070BD00BF35CF0200E0
:10D2F80031CD020014020A0038B50D4601F11C02B6
:10D3080000F10C0100F5907011F066F8041E05DBC1
:10D31800287F03F099FD0024204638BD024A0121E8
:10D3280002480DF0B7F8F7E7EC59030010250300A1
:10D3380038B5044645680121E8680FF08DFB63683D
:10D3480019682B69C1F824356A7DA87D2B7D0243B5
:10D358001343C1F86C3523691B6823B12046FFF7D6
:10D36800A9FF002803DB20460FF01CFE00B138BDE2
:10D37800024920460FF01AFAF9E700BF4BCB02002A
:10D3880021F07F4100F5A870014B43F82010704749
:10D39800005001404FF480338340024AC2F84433BE
:10D3A800704700BF005001404FF480338340024A69
:10D3B800C2F84833704700BF00500140014BD3F812
:10D3C80004057047005001402DE9F8430546894699
:10D3D8009046FFF7E9FF28460FF025FF4E46032742
:10D3E80010E0FFF7EBFF044649460FF00BFFB0F5DE
:10D3F800000F26D928460FF016FFB8F1000F22D1EA
:10D408003E19013731462846FFF7BAFF2846FFF78D
:10D41800C1FFFFF7D3FF0446C11C30460FF0F2FEF0
:10D428000A4B98420AD928460FF0F0FE0028D8D1B6
:10D43800B8F1000FE4D06FF0150000E00020BDE85F
:10D44800F8830020FBE76FF01500F8E7FDFF7F0089
:10D45800034B044AC3F80823C3F84823704700BFA6
:10D468000050014003000F0010B5012383406FEA0C
:10D47800030C0C4AD2E8EF1F01EA0C0EC2E8E4EFF5
:10D48800002CF7D14FF4803282400748C0F80823B7
:10D49800BFF35F8FBFF36F8F0B4214BF01200020D3
:10D4A80010BD00BF4C0E0120005001404FF48033E6
:10D4B8008340124AD2F80423134201D10020704756
:10D4C80010B5044601238340DB430D49D1E8EF2F13
:10D4D80002EA0300C1E8EC0FBCF1000FF6D122FA12
:10D4E80004F313F0010F03D120460FF08FFE18B19B
:10D4F80020460FF098FE012010BD00BF00500140EB
:10D50800480E012001B97047012383400D4AD2E833
:10D51800EFCF4CEA030CC2E8E1CF0029F7D14FF472
:10D5280080338340084AC2F80433084BD3E8AF3F3E
:10D53800C34013F0010FE6D0054B4FF40012C3F8B7
:10D548000021E0E74C0E012000500140480E012068
:10D5580000E100E038B51446104619460FF06FFE9A
:10D5680002460D490B68E01A1B184C6844F1000488
:10D578000B604C60A2F50013B3F5400F09D2074BBE
:10D588001B68190A1B06D41841F10005044BC3E9AE
:10D59800004507F05BFF38BD58DE0020500E012023
:10D5A80060DE002038B50D4B1C68250A2406BFF341
:10D5B8005F8FFFF703FF0346001945F10001B3F53C
:10D5C800801F0AD2064BD3E90023904271EB030374
:10D5D80003D210F1807041F1000138BD500E0120D6
:10D5E80060DE00202DE9F041064614461D469DF8F0
:10D5F8002080104619460FF022FE0746FFF7D2FF9B
:10D60800A04271EB050319D2201A65EB01011B4BEF
:10D61800984271F100012BD2194B03EB0613D3E9A1
:10D628000223AB4208BFA24201D1002014E04246C7
:10D6380039463046FFF7C8FE70B117E0B8F1000F61
:10D6480019D10123B3400F4AD2E8EF0F1843C2E8BB
:10D65800E10F0029F8D10020094B320103EB06162F
:10D66800C6E9024506999950079B7360BDE8F081A9
:10D678006FF01500FAE76FF01500F7E7010080007A
:10D6880048DE0020480E012030B585B0FFF7E0FEE7
:10D6980000231E4AC2F80835002B25DD1B4C022545
:10D6A800C4F804531A4B4FF40012C3F88021002227
:10D6B800012115200DF04EF815200DF041F8012339
:10D6C800A3602360134A1360002402940194124B50
:10D6D8000093124A002320460FF0C1FD2846FEF7AA
:10D6E80047FF204605B030BD0D4A02EB03124FF04C
:10D6F800FF304FF0FF31C2E902014FF480329A4007
:10D708000249C1F804230133C6E700BF00500140B5
:10D7180000E100E04C0E01205DD50100FFFF7F0015
:10D7280048DE00202DE9F04782B00446FFF7BEFE30
:10D7380010B902B0BDE8F087FFF734FF82460D4606
:10D748000FF080FD0646154B03EB0413D3E902895D
:10D75800C24575EB09050BD2002530460FF07AFD5E
:10D76800002DE6D0009742464B462046A847E0E702
:10D778000A4A230102EB0411D5584F680020D05003
:10D788004FF0FF324FF0FF33C1E902232046FFF785
:10D798000BFE20460FF047FDDFE700BF48DE002004
:10D7A80010B50D4BD3F8043313F0020F03D1002446
:10D7B800002C0BDD10BD022107480FF0EDFC0028FE
:10D7C800F5D0064A136801331360F0E72046FFF7E7
:10D7D800A9FF0134ECE700BF00500140500E0120C2
:10D7E80010B584B0B0F1FF3F18D001281BDD154BF0
:10D7F8009842A8BF18460446134B01221A70FFF737
:10D80800D1FE124B1A685B68801AB0F5000F0CD273
:10D818000444B4F5000F09D30A4C07E00A4B002270
:10D828001A70084CEBE70124E6E7064C00201219B1
:10D83800029001900649009143F100030FF00FFD9B
:10D8480004B010BDFFFF7F00352A012058DE0020FC
:10D858005DD5010008B5FFF7A5FE024B1B68C01A8D
:10D8680008BD00BF58DE002008B5074B01225A60EA
:10D8780015200CF06AFFFFF7EBFD044B4FF4001284
:10D88800C3F8802108BD00BF0050014000E100E05E
:10D8980030B583B0046994F835306BBB0D460B7B0B
:10D8A800022B2CD10B686BBB94F83430EBB94B6866
:10D8B800591E174A914228D823630DF107012046C3
:10D8C80011F083FC10F10C0F0DD0AA6822B19DF85D
:10D8D8000730043344F8232094F83430013384F8B3
:10D8E80034309DF8070003B030BD4A68236B9A4274
:10D8F800E3D06FF01500F6E76FF00F00F3E76FF075
:10D908008500F0E76FF01500EDE76FF01500EAE726
:10D91800FEFFCF0710B504690022012118200CF082
:10D9280019FF0023024A1946204611F035FC10BDA4
:10D938003DD9010008B513460A46014601480FF0D3
:10D94800EEFC08BD9C20030038B50546054C04E0F4
:10D9580023686168284698470834034B9C42F7D3EC
:10D9680038BD00BF547703005477030038B5002250
:10D9780001212A200CF0EEFE0B4803F0D1FF0546EA
:10D9880008B90A4C0BE00346094A012109480CF082
:10D998008BFDF6E723686168284698470834064BEC
:10D9A8009C42F7D3284638BD245B03005477030014
:10D9B800F85A0300D82403006C77030010B4044617
:10D9C8004FF0000C1048034600E008339BB10E4AA4
:10D9D800934210D3503293420DD21A68A24211D00A
:10D9E80042B10A4A12685968521A9445EDDA9446C7
:10D9F8001846EAE718460460044B1B68013B43607D
:10DA080010BC70471846FBE74C0F0120400F01205F
:10DA1800014B1B6843607047400F012008B54268FE
:10DA2800044B1B689A4201D1012008BDFFF7F0FFA3
:10DA38000020FAE7400F012038B50446EFF31185BE
:10DA4800202383F31288BFF36F8F14F051FA0C4B25
:10DA58001858FFF7B3FFFFF7E1FF38B10023236041
:10DA6800084B5B683BB11C60064B5C6085F3118812
:10DA7800BFF36F8F38BD034B5C601C60F6E700BFD7
:10DA880008000000440F012010B50146EFF311848F
:10DA9800202383F31288BFF36F8F08480FF06AFCC6
:10DAA80014F026FA064B1858FFF788FFFFF7B0FF67
:10DAB80084F31188BFF36F8F10BD00BF440F01209E
:10DAC80008000000054B002018605860044BD3E89C
:10DAD800EF2FC3E8E10F0029F9D17047440F012067
:10DAE800400F012000B5024614F002FA014B1A500B
:10DAF8005DF804FB0C00000010B503682BB10E4C58
:10DB0800A34202D3D834A3420ED30C4B1B78082B64
:10DB18000ED803F1010C094C84F800C003EB430351
:10DB2800054C04EBC3030360006812F07AFF10BDD4
:10DB38006FF00B00FBE700BF680E0120372A0120B9
:10DB480008B503682BB10C4A934202D314329342AE
:10DB58000BD30A4B1B7863B9591C084A117003EBA5
:10DB68008303054A02EB83030360006812F093FE07
:10DB780008BD6FF00B00FBE7540E0120362A012088
:10DB880038B50546104BD3E8EF1F0131C3E8E21F53
:10DB9800002AF8D10D4B1C6806E0201D06F08CFB0E
:10DBA800236803B164B11C4664B1E369AB42F4D0A5
:10DBB800002DF2D0002BF0D02346002CF0D1F2E754
:10DBC8002346F0E738BD00BF400F0120440F012075
:10DBD80008B5014600220023014806F041F908BDB6
:10DBE8009C13012008B50146014812F0B7FD08BD95
:10DBF8009C13012008B5014600220023014806F0C5
:10DC08002FF908BDB013012008B50146014812F0EC
:10DC1800A5FD08BDB013012008B54FF48062054981
:10DC2800054812F093FD4FF402520449044812F0DB
:10DC38008DFD08BD9C0F01209C130120E884002065
:10DC4800B013012010B5074B1C6854B1201D06F015
:10DC580033FB23462468002CF7D0002BF5D11C4653
:10DC6800F3E710BD440F012038B50546054C04E024
:10DC780023686168284698470834034B9C42F7D3C9
:10DC880038BD00BF447703005477030008B518B9BE
:10DC9800054804F063FA08BD0346044A0121044814
:10DCA8000CF002FCF7E700BF71DC01005C5B0300CD
:10DCB800D82403000023072B09D85A0105498A589C
:10DCC800824201D00133F6E701EB43107047002090
:10DCD800704700BF4814012003460F490878C0B9AF
:10DCE8000E49097839B1A2F58071022912D9A2F535
:10DCF8008872012A0ED9022B07D0032B07D0012BDB
:10DD080000D0002303F0010070470123FAE7012344
:10DD1800F8E70020704700BF392A0120382A01207F
:10DD2800002305E05A0104494FF0FF3088500133C1
:10DD3800072BF7D9002070474814012070B5054615
:10DD48000E464FF0FF324FF0FF330D4806F0A4F9AE
:10DD58000023072B0ED85A010A4CA258B2F1FF3FF4
:10DD680001D00133F5E75901224604EB431455501D
:10DD7800666000E00024024806F00EFA204670BDF6
:10DD880088CD00204814012038B50446094D4FF0CD
:10DD9800FF324FF0FF33284606F07EF94FF0FF328E
:10DDA80022600023A3606260E361284606F0F4F96C
:10DDB80038BD00BF88CD00202DE9F04186B08046EF
:10DDC8000C4615461E460768002303930493012951
:10DDD80001D1192A18D005AA294620460FF0EEFBD2
:10DDE800002819DB012C1FD0B4F58D7F2AD0012C17
:10DDF8002DD00C9B00933346059A2146384605F0F2
:10DE08005FF806B0BDE8F08114F072F8184B5F2295
:10DE18001A504FF0FF30F4E714F06AF8144B6D22F3
:10DE28001A504FF0FF30ECE7A5F11403012BDBD8B3
:10DE3800002EDED033680393B368049308230C9351
:10DE480003AED6E70C2DD2D104230C93D1E740F2D0
:10DE580027439D42CDD136B13368C8F81C3004231E
:10DE68000C93044EC5E70023C8F81C30C1E700BF77
:10DE78000C00000024CC0020F0B58BB00C461546F1
:10DE88001E4607680022079208920823069309AAEB
:10DE9800294620460FF092FB002810DB012C16D0F3
:10DEA800109A33460092099A2146384605F0F2F84E
:10DEB800074608B9012C14D038460BB0F0BD14F051
:10DEC80017F8194B6D221A504FF0FF37F4E7A5F1F8
:10DED8001403012B02D9109A3346E3E706AA07ABCD
:10DEE800E0E7042D15D0143D012DE5D8109B1C68E2
:10DEF800102C28BF1024079B029300230393089B30
:10DF08000493224602A9304613F0E6FB109B1C60DE
:10DF1800D2E730680028CFD0FFF7E4FD13F0E8FF20
:10DF2800014B1B583360C7E70C0000002DE9F04790
:10DF380088B004460D4690461E46109FD0F80090C3
:10DF4800806808B106F028F90FB33988012929D06B
:10DF5800022939D10DF1080A514638460FF07FFCE5
:10DF680016230193CDF800A0334642462946484679
:10DF780011F086FE0546A06828B14FF0FF324FF039
:10DF8800FF3306F089F8284608B0BDE8F08700237B
:10DF980001930093334642462946484611F070FEE5
:10DFA8000546E8E70DF1080A514638460FF0F8FA39
:10DFB80008230193CDF800A0334642462946484637
:10DFC80011F05EFE0546D6E713F092FF024B6A2277
:10DFD8001A504FF0FF35CEE70C0000002DE9F04F46
:10DFE80083B029B1814692460D4600210A460DE0CC
:10DFF80013F07EFF394B16221A504FF0FF3458E0C9
:10E00800AB6803EBC1035B681A440131EB688B42D0
:10E01800F6D8802A03D94FF0000BD8464FE04FF0CE
:10E02800FF324FF0FF332E4806F036F8002427461B
:10E038000FE0AB68E60003EBC402526853F83410F3
:10E048002848384413F048FBAB6833445B681F44E6
:10E058000134EB68A342ECD800263446B74210DD01
:10E06800002C0EDB2B686A68019200935346BA1B9A
:10E078001C4931444846FFF759FF041EEEDD26448B
:10E08800ECE7174806F088F813E02644A044AB688C
:10E09800DA195268B24210D9D9592B6868680190C8
:10E0A80000935346921B31444846FFF73FFF041E36
:10E0B800EBDA204603B0BDE8F08F0BF1010BEB68FB
:10E0C8005B4509D9AB684FEACB0703EBCB035B6829
:10E0D800002BF2D00026DAE74446EAE70C000000FD
:10E0E80028CE0020C413012010B586B00B46046862
:10E0F8000A88012A0CD0022A14D1694618460FF062
:10E10800AEFB16226946204611F0AAFC06B010BDE7
:10E11800694618460FF044FA08226946204611F06D
:10E128009FFCF3E713F0E4FE024B6A221A504FF00B
:10E13800FF30EBE70C00000070B586B015460668A6
:10E148001F4A0292B1F90420ADF80C2001228DF883
:10E158000E202A689A4224D000F10C04204613F0BD
:10E1680048FA234600220121286813F00BFA0823F5
:10E1780000936B443C220121304604F0A1FE064680
:10E18800D0B92B6814332B6000230493059305AA98
:10E1980004A9204613F032FA049B53B9304606B05E
:10E1A80070BD13F0A5FE074B0C221A504FF0FF3636
:10E1B800F4E76FF07706F1E74FF0FF36EEE700BFC0
:10E1C800FBD902000C00000010B582B00346019292
:10E1D800032915D004291BD1111D019112683AB1E8
:10E1E800B2F5804F04D013F083FE0D4916240C506D
:10E1F800C2F380320421184611F0BDFF02B010BDF1
:10E208000022032111F0B7FF800300F48040F5E7F6
:10E2180013F06EFE024B16221A504FF0FF30EDE756
:10E228000C000000F8B5064617460C1E1ADB14F061
:10E23800804F1DD1FAF720F9051E33DB3A462146F7
:10E2480030460FF043FC041E18DB29462046FFF732
:10E2580075FD0146C0B10023144A2846FAF73CF977
:10E268002846F8BD124B21460FF01AFC0546F7E781
:10E27800104B21460FF014FC0546F1E728460AF03A
:10E288006CFD4FF0FF35EBE713F032FE0A4B0C2222
:10E298001A50204604F0E0FD28460AF05EFD4FF0D3
:10E2A800FF35DDE74FF0FF35DAE700BF9C5B030081
:10E2B800392A0120382A01200C0000002DE9F043FA
:10E2C80089B005460E461746FAF7D6F80446286878
:10E2D800002C5CDB86B397B33B68082B27D016234A
:10E2E800019301AA0DF10808414611F02BFC051E07
:10E2F8004ADB21462846FFF721FD814610B366B167
:10E308005FB1B8F80030012B22D0022B28D1182396
:10E318003B6002A930460FF08CFA00231D4A49469B
:10E328002046FAF7D9F8204609B0BDE8F0830193F2
:10E3380001AA0DEB0308D7E73246B046D4E73A46C0
:10E34800B846D1E713F0D4FD134B0C221A500CE059
:10E3580008233B600DEB030130460FF028F9DCE79A
:10E3680013F0C6FD0C4B86221A50284604F074FDA3
:10E37800B9F1000F02D04846FFF706FD20460AF023
:10E38800ECFC4FF0FF34CEE74FF00009F0E74FF018
:10E39800FF34C8E79C5B03000C00000010B504467E
:10E3A800064B18600368064ADA610648FDF76CFAFE
:10E3B800032120460FF031FC10BD00BF441401209A
:10E3C8002DE20100945B030000230E2B0BD8074AB3
:10E3D80002EBC3025268824201D00133F5E7034AD7
:10E3E80052F8330070470248704700BF845D03004D
:10E3F800E05B030070B51CE00C34134B9C4214D254
:10E4080020460FF013FC0028F6D120460FF012FC2E
:10E418000028F1D1351D294620460FF00FFC0028B1
:10E42800EAD0636828469847E6E73146074812F07D
:10E4380095F900220023064805F004FF064608B1B6
:10E44800044CDAE770BD00BFE0CC00204CCD0020C2
:10E45800E0CF0020A4CC00202DE9F04182B000AF2D
:10E468000546464C4FF0000801E0B0460C34444BDA
:10E478009C4214D220460FF0D9FB0028F6D1294639
:10E4880020460FF0DBFB06460028EFD020460FF0B1
:10E49800D1FB0028E9D0636828469847E6E7B8F139
:10E4A800000F03D10837BD46BDE8F0812846F2F7D2
:10E4B80091FB00220023411D324805F0D1FC04469F
:10E4C80058B129460430F2F77DFB21462E4812F058
:10E4D8009CFA2E4806F0B4F8E4E76C4600233B713A
:10E4E80002237B7188B06E4616F1100211D00E20FF
:10E4F8001AB1042801DD264B736100233B70022307
:10E508007B709AB1082800DDB56106F11C03002173
:10E518000AE06FF00040EBE701F108053D4415F80B
:10E52800085C03F8015B01310129F5D90D2822DDCA
:10E538000E2342B10321397100217971B97101218A
:10E54800F9717868306100216FF300016FF34101C0
:10E558006FF382016FF3C501022060F38811C3F3E2
:10E568000A0363F353216FF31F5100230948FBF794
:10E57800B9F8A54696E76FF01B03DAE7A4CC0020AC
:10E58800E0CC00204CCD0020E0CF002034CC00208F
:10E59800FC5D0300F823030008B5064803F0D8FD26
:10E5A80008B9002008BD0346034A012103480BF0BF
:10E5B8007BFFF6E761E40100285E0300F82303000F
:10E5C80048B1026852B142685AB10269084B9A428E
:10E5D8000AD1002070476FF0150070474FF0FF30E8
:10E5E80070474FF0FF3070474FF0FF30704700BF63
:10E5F800EEFFC00030B583B0019001A80FF02CFBEE
:10E608000024032C0DD8094B53F824502846F2F760
:10E61800E1FA02462946019813F0CBF820B10134FB
:10E62800EFE7002003B030BD0120FBE78C5E03005C
:10E638002DE9F04184B00446002001900290039037
:10E64800002A7BD00F461E4690462046FFF7B8FFAB
:10E65800054618B1284604B0BDE8F08101AA39463C
:10E6680020460FF011FC05460028F3D19DF80C3028
:10E67800052B04D0082B64D16FF03C05EAE713F0B2
:10E6880037FC3C4B0022C250052E13D10198037869
:10E698002D2B59D00A22002107F04CFD034613F018
:10E6A80027FC344A1258222A51D0C8F80030C8F83A
:10E6B8000410CFE70A220021019807F045FC034621
:10E6C800042EC7D8DFE806F0030F17252F0010F532
:10E6D800004241F10001B2F5803F71F1000139D2E9
:10E6E800A8F80030B6E7B0F5803F71F1000134D2E8
:10E6F800A8F80030AEE710F1004241F100014FF0F8
:10E70800FF3090424FF000028A4129D3C8F8003008
:10E71800A0E74FF0FF3282424FF000028A4122D335
:10E72800C8F8000096E713F0E3FB124A1258222AB1
:10E738001CD0C8F80030C8F804108BE76FF0150536
:10E7480088E76FF05E0585E76FF0210582E76FF0D7
:10E7580021057FE76FF021057CE76FF0210579E758
:10E768006FF0210576E76FF0210573E76FF021055B
:10E7780070E700BF0C000000034658B169B10020E3
:10E78800186058609860D860186119605960044A28
:10E798001A6170476FF0150070476FF015007047E9
:10E7A800EEFFC00010B50B78412B16D8232B16D3DB
:10E7B800233B1E2B13D8DFE803F01712171212128F
:10E7C800121217121212121212121212121212121C
:10E7D80012121212121212122800612B15D00023E5
:10E7E80003604360836010BD01F1010C4B785A2B24
:10E7F80006D8412B30D2303BDBB2092BEFD82BE0C7
:10E80800613BDBB2192BEAD826E04B78542B01D0B8
:10E81800742BE4D18C1C8B78233BDBB2082B06D8F5
:10E8280040F2051C2CFA03F313F0010F2DD102B1AD
:10E838001460641A002303604360836001604460CD
:10E8480003230372CFE7303BDBB2092BC7D803E0C1
:10E85800613BDBB2192BC2D864461CF8013F3A2B46
:10E8680005D0F0D95A2BF3D8412BB8D3F4E70234AA
:10E8780002B11460641A013C0023036043608360A2
:10E888000160446004230372ADE701F1030CCB7807
:10E898005A2B6BD8412B03D2303BDBB2092BC6D89D
:10E8A8006446A44614F8013F5A2B65D8302BBED3D2
:10E8B800303B2A2BBBD80FF2080E5EF823F000BFBE
:10E8C800ABE80100ABE80100ABE80100ABE80100F0
:10E8D800ABE80100ABE80100ABE80100ABE80100E0
:10E8E800ABE80100ABE8010037E8010037E80100B8
:10E8F80037E801008DE9010037E80100B1E90100BE
:10E9080037E80100ABE80100ABE80100ABE8010023
:10E91800ABE80100ABE80100ABE80100ABE801009F
:10E92800ABE80100ABE80100ABE80100ABE801008F
:10E93800ABE80100ABE80100ABE80100ABE801007F
:10E94800ABE80100ABE80100ABE80100ABE801006F
:10E95800ABE80100ABE80100ABE80100ABE801005F
:10E96800ABE80100ABE80100ABE80100613BDBB2BA
:10E97800192B3FF65CAF93E7613BDBB2192B3FF6EF
:10E9880056AF8EE70CF1020364783F2C1BD002B11E
:10E9980013605B1A013B00220260426082600160E2
:10E9A8004360032303721EE70CF1020302B11360F4
:10E9B8005B1A013B00220260426082600160436092
:10E9C800022303720FE70CF1030302B113605B1A11
:10E9D800023B0022026042608260016043600123C2
:10E9E800037200E710B50B78392B0FD8302B1AD2E9
:10E9F800202B0FD14C1C4B785A2B26D8412B2AD2CE
:10EA0800303BDBB2092B05D821460CE05A2B06D83F
:10EA1800412B08D200230360436083604BE0613BD5
:10EA2800DBB2192BF6D88C46E6461CF8013F392B89
:10EA380024D8202B13D20D2B0FD10EF102039CF8F2
:10EA480001400A2C39D0634626E0613BDBB2192B22
:10EA5800E0D82146E7E72146E5E763461CE0203B8E
:10EA6800DBB24FF0010E0EFA03F3154C1C40002CDC
:10EA7800DAD113F4805F1FD163460DE05F2BD3D04A
:10EA880005D9613BDBB2192BCED9634604E0413B83
:10EA9800DBB2192BC8D9634613F8014C02B11360D5
:10EAA800ACEB01022C2C14BF00230123016042604F
:10EAB80009220272437210BD63460133ECE700BFBE
:10EAC8000168FF0308B510B100F066F808BD034AF5
:10EAD800032103480BF0DEFCF8E700BF9C5E03004F
:10EAE8007824030008B528B100F056F8002000F09B
:10EAF8004BFB08BD00F088F80028F7D0034A012135
:10EB080003480BF0C7FC6FF01500F2E7105F030035
:10EB18007824030008B580B900F0AEF80D4B1978D9
:10EB28000D4B18780FF03AFB034668B901210B48E2
:10EB380003F01AFB00F0AEFD08BD0346084A0121A8
:10EB480008480BF0B1FCF7E7074A012105480BF02C
:10EB5800ABFCEBE7A0CC0020A1CC0020A05F030019
:10EB6800305F030078240300685F03008446094B84
:10EB78001868002204E0CCF80020704702461846C6
:10EB880038B143688B42F6D003460028F6D00368B4
:10EB9800F4E770474815012010B582B004464FF0DD
:10EBA800FF324FF0FF33164805F076FA214601A8E8
:10EBB800FFF7DCFF28B1124805F0EEFA002002B09A
:10EBC80010BD082006F06EFE019070B100220260B0
:10EBD800426044600B4A52686AB11060094A50604A
:10EBE800074805F0D9FA0020E9E7054805F0D4FA06
:10EBF8006FF06800E3E7034A50601060F0E700BF79
:10EC0800D8CD002048150120024B1868B0FA80F0D2
:10EC1800400970474815012038B50546FFF7F4FF4D
:10EC280000B138BD4FF0FF324FF0FF33104805F008
:10EC380033FA104B1B6823B11C683CB133B91C462E
:10EC480004E01C4602E02246234614465BB15B689A
:10EC580028469847002CF6D02268002AF4D0002CC9
:10EC6800F2D12246F0E7024805F096FAD9E700BF4C
:10EC7800D8CD00204815012000B591B0154A402193
:10EC8800684603F0D5FA50B91349684612F0E6FD14
:10EC980060B1124B01221A7011B05DF804FB0346F3
:10ECA8000F4A01210F480BF0FFFBF5E70E496846B4
:10ECB80012F0D4FD18B1094B02221A70ECE70B4987
:10ECC800684612F0CBFD0028E6D0044B03221A70E8
:10ECD800E2E700BF742B0300E45F03003A2A012037
:10ECE800B45F030078240300F05F0300FC5F0300B7
:10ECF800014B1878704700BF3A2A012000B587B049
:10ED080003AB0022039204920592064A03920093F1
:10ED18000E234FF480620449044805F099FC07B0BB
:10ED28005DF804FB0C600300506C012068DE0020D5
:10ED38002DE9F0478EB000AF80460D4614461E46BA
:10ED4800D7F858A00A233B614FF00009C7F80C9088
:10ED580004230B7030224946204612F0E4FC4FF0A1
:10ED6800FF32A260E26086F80090CAF80420CAF870
:10ED78000020414607F12000FFF7FEFC07F13402AE
:10ED8800012107F120000FF013F9002877D17B6BE0
:10ED98002B7007F10C0107F120000FF0E2F8804614
:10EDA800002878D12B785A2B02D0FB68032B79D80E
:10EDB80007F13402042107F120000FF0F9F808B92F
:10EDC8007B6B337007F10802052107F120000FF073
:10EDD800EFF805463A1D062107F120000FF0E8F884
:10EDE800284353D1D7F80880B8F1000F40F0888045
:10EDF800D7F80490D4F808E0D4F80CC034786D46FD
:10EE08008AB06B4613F1100274D018209AB10146EB
:10EE1800042801DD3B4E5E61082901DDC3F8189026
:10EE28000C2901DDC3F81CE0102901DDC3F820C05E
:10EE3800142900DD5C6217285FDD18243AB1062129
:10EE4800397000217970B970F9703868186100213B
:10EE58006FF300016FF341016FF382016FF3C50196
:10EE6800022363F38811C4F30A0363F353216FF396
:10EE78001F5100232448FAF735FCAD4606E08046CA
:10EE88000346224A012120480BF00EFB4046383742
:10EE9800BD46BDE8F08703461D4A01211A480BF01C
:10EEA80003FBF3E707F1100307F11402022107F14E
:10EEB80020000FF082F8A8B10A233B6107F1100384
:10EEC80007F11402032107F120000FF076F800285B
:10EED8007FF46EAF1022002107F1140007F0C4F888
:10EEE800A06065E71022002107F1140007F0BCF8C4
:10EEF800E060E1E76FF0004088E76FF01B049DE7F2
:10EF08008046C3E79C600300782403001C6003006C
:10EF18004C600300F0B5A5B002AF044638220021CA
:10EF280007F1500012F0FFFB07F10C03009307F103
:10EF3800170307F1180207F14F012046FFF7F8FE03
:10EF480098B997F84F30012B6CD0052B6AD097F8F9
:10EF58004F30372B72D8322B75D2052B73D96A4AAA
:10EF680001216A480BF0A0FA56E003466D460122DB
:10EF78003A7203227A728AB00DF1080C1CF1100261
:10EF880018D012204AB10146042802DD604ECCF8A0
:10EF98001460082901DDCCF8183001233B710323E4
:10EFA8007B71A2B10C2801DDCCF81C400CF12003C8
:10EFB80000210AE06FF00040E4E701F188043C44D6
:10EFC80014F8844C03F8014B01310129F5D91128B3
:10EFD80025DD12234AB10421397200217972B972F0
:10EFE8000121F972B868CCF8100000216FF3000114
:10EFF8006FF341016FF382016FF3C501012060F3E4
:10F008008811C3F30A0363F353216FF31F510023DD
:10F018003E48FAF767FBAD468C37BD46F0BD6FF04A
:10F028001B03D7E7386A0FF0C3F818B9042387F829
:10F038004F308CE7374805F03FF988E7A3F15A02CB
:10F04800D2B2012A8BD8FFF7DFFD0028E4D197F868
:10F058004F30314A127893423ED1304B9B683A6A1E
:10F068009A4204D12D4BDB687A6A9A4221D0042354
:10F0780087F85030294C07F1180CBCE80F000FC472
:10F08800BCE80F000FC49CE80F0084E80F0007F1EC
:10F09800580407F1180CBCE80F000FC4BCE80F00B7
:10F0A8000FC49CE80F0084E80F0007F15000FFF739
:10F0B800B3FDFB7D1A4A12789342ADD00E2B05D8CA
:10F0C80044F28122DA4012F0010F11D1154A0121D0
:10F0D8000E480BF0E9F99FE70F4A1370002287F8F2
:10F0E800502087F8583007F15000FFF795FDB4E736
:10F0F8000B4A1370052287F8502087F8583007F11B
:10F108005000FFF789FD87E71C610300782403009E
:10F11800F060030020CF00203B2A012050DF0020B0
:10F128003C2A01204461030010B582B000230093FB
:10F13800F8B104466B460DF106020F490F4803F07B
:10F148005FF9002807DD00980FF032F860B9042352
:10F15800237002B010BD0346094A012109480BF08B
:10F16800A3F96FF00D00F4E7BDF806302370002016
:10F17800EFE76FF01500ECE75C610300842B0300F8
:10F188001C6003007824030030B583B00446304B7C
:10F198000121D3E8EF2FC3E8E01F0028F9D102BB13
:10F1A8000DF10600FFF7C0FF054610BB9DF80630BD
:10F1B800012B0BD0052B09D00DF1070000F07CF8CE
:10F1C80000B300246FF00D05002C3BD1204B00222A
:10F1D800D3E8EF1FC3E8E02F0028F9D1284603B091
:10F1E80030BD1C4A02211C480BF054F96FF076051B
:10F1F800F4E71A4A012118480BF04CF900246FF083
:10F208000D05E1E7164805F0C7F8012000F07AF887
:10F218000546A8B914B9002DD8D0D5E74FF0967295
:10F2280000230F4805F090F8054610F10B0FF2D1B6
:10F238000C4A032108480BF02DF96FF07305C3E75A
:10F248000024C1E79DF8070000F05CF8BEE700BFA6
:10F25800501501207C6103007824030098610300A5
:10F2680020CF0020C461030008B5074802F07CFFE6
:10F2780000B908BD0346054A012105480BF014F9F9
:10F288006FF00D00F5E700BFEC610300F8610300C3
:10F298007824030008B5FFF7E7FF00B108BD00F0C8
:10F2A800E5F80028FAD1034B1B78002BF6D000F0C4
:10F2B80083F9F3E73D2A0120C8B110B582B00446AE
:10F2C8000DF106020B490C4803F09AF8012805D104
:10F2D800BDF806302370002002B010BD0346074A6F
:10F2E800012107480BF0E0F86FF00D00F4E76FF02C
:10F2F800150070473862030044620300506203003F
:10F308007824030010B50446042806D8042813D826
:10F31800DFE800F01F2D3A121F002E280CD8142801
:10F328000AD3A4F11402D2B201239340214A134212
:10F338000FD113F0020F08D123461F4A01211F489D
:10F348000BF0B2F86FF0150008E0FFF7A3FF0346D3
:10F3580028B921461A4802F007FF10BB10BD194A08
:10F36800012116480BF0A0F86FF00D00F6E7FFF743
:10F3780091FF03460028ECD0124A01210F480BF0F8
:10F3880093F86FF00D00E9E7FFF784FF03460028C4
:10F39800DFD00C4A012109480BF086F86FF00D0008
:10F3A800DCE7094A012105480BF074F86FF00D00FD
:10F3B800D4E700BF010C3007B862030078240300CB
:10F3C800D46203008C620300E062030030B587B0AA
:10F3D8000D46144601466846FFF7CEF905AA2146B0
:10F3E80068460EF0E5FD044628B9059B53B92B7015
:10F3F800204607B030BD0346084A012108480BF0F3
:10F4080053F8F5E7012B01D12B70F1E7054A0121EB
:10F4180003480BF049F86FF01504E9E71C63030093
:10F42800782403004863030010B58EB004463822E0
:10F438000021684612F077F9012202A92046FFF759
:10F44800C5FF38B903238DF800306846FFF7E4FBA1
:10F458000EB010BD0346034A012103480BF024F8FF
:10F46800F6E700BF646303007824030008B5074883
:10F4780002F07AFE00B908BD0346054A0221054894
:10F488000BF012F86FF00D00F5E700BFCC63030036
:10F498008C6303007824030070B505460E460024EB
:10F4A800072C10D80B4B03EBC403586878B12946D6
:10F4B800F1F77EFB034608B10134F1E7054A12F87B
:10F4C8003420327001E06FF03C03184670BD6FF0D5
:10F4D8003C03FAE7D064030030B587B005460C4614
:10F4E80005AA194906F0E0FA012816D00223039369
:10F4F80003AB009304AB05AA1449284606F0D4FAD6
:10F50800012810DD08232370059B2371049B637178
:10F51800039BA371002007B030BD06232370059B11
:10F5280023710020F7E705AA0949284606F0BCFA26
:10F53800012805D109232370059B63600020EAE7B1
:10F548006FF03C00E7E700BFD8630300EC630300FB
:10F558001464030010B58EB00446382200216846B2
:10F5680012F0E1F80B238DF80030083402A9204688
:10F57800FFF792FF58B90B238DF800309DF808303B
:10F58800012B0BD06846FFF747FB0EB010BD02A950
:10F598002046FFF7A1FF0028EDD0F6E7FFF7A8FB0C
:10F5A8000328EFD040F6CD420023024805F096F834
:10F5B800EBE700BF70CA002008B5084802F0D4FD88
:10F5C80020B9074B01221A70002008BD054802F037
:10F5D800CBFD0028F5D06FF00D00F6E72C64030092
:10F5E8003D2A01203864030038B50446431E072B22
:10F5F8000ED80D46042914D8082823D1D1B91A48A1
:10F6080002F0B2FD38BB194B1C70194B1D7038BD88
:10F618000346184A012118480AF046FF6FF0150002
:10F62800F5E70B46154A012113480AF03DFF6FF034
:10F638001500ECE7124A01210F480AF02BFF6FF082
:10F648001500E4E70F4B5A5C0F4B53F820100F4896
:10F6580002F08AFDD6E70E4A012107480AF01AFF90
:10F668006FF00D00D3E700BFA4650300A1CC002014
:10F67800A0CC002010650300782403003465030043
:10F688005C650300F46503002C660300C065030095
:10F69800D86503002DE9F0418CB000AF07F12C03C9
:10F6A800FB6001233B8204237B8207F11C037B61FF
:10F6B80002233B8310237B830024012C1BD807F1F2
:10F6C800300303EBC40333F8205C53F8246C324650
:10F6D8003A49284603F0D4FE804608B90134ECE7DD
:10F6E80007F1300303EBC40434F81E2C31462846D6
:10F6F80010F0C7F830B9B8F1000F0DD03037BD465B
:10F70800BDE8F08112F0F4FB2D4B1B582D4A012166
:10F718002D480AF0C9FEF1E76D4600233B7202232B
:10F728007B7288B06C4614F1100212D00E201AB108
:10F73800042801DD254B636100233B7102237B71A3
:10F74800A2B1082801DD1D4BA36104F11C030021AF
:10F758000AE06FF00040EAE701F130063E4416F88F
:10F768002C6C03F8016B01310129F5D90D2822DD34
:10F778000E2342B10321397200217972B972012135
:10F78800F972B868206100216FF300016FF341013D
:10F798006FF382016FF3C501012060F38811C3F391
:10F7A8000A0363F353216FF31F5100230648F9F747
:10F7B80099FFAD46A2E76FF01B03DAE74C6603003A
:10F7C8000C000000546603007824030080660300E0
:10F7D80000B587B001466846FEF7CEFF0DF1160268
:10F7E800012168460EF0DFFB38B9074B1B689DF80E
:10F7F8001600984707B05DF804FB0346034A012149
:10F8080003480AF051FEF5E754150120A8660300E5
:10F81800982403002DE9F04F9BB002AF81468B4638
:10F8280090460023FB656B49104612F017F818B193
:10F8380000250570404655E06C4600233B710223C5
:10F848007B7188B002AB13F1100212D00E201AB1EE
:10F85800042801DD6049596100213970022179705D
:10F86800A2B1082801DDC3F8188003F11C010025A6
:10F878000AE06FF00040EAE705F160063E4416F83A
:10F88800606C01F8016B0135012DF5D90D2824DDD7
:10F898000E2542B10321397100217971B971012115
:10F8A800F9717868186100216FF300016FF3410165
:10F8B8006FF382016FF3C501022363F38811C5F367
:10F8C8000A0565F353216FF31F5100234348F9F7E5
:10F8D80009FFA5466FF015056FE06FF01B05D8E727
:10F8E800581C01353E4911F0B9FF03460028F7D1ED
:10F8F800002D62D04FF0010A00242CE060333B4415
:10F90800002203F8442C202107F11C0011F027FFE6
:10F9180030B10022027007F11C00F1F75BF9F865BD
:10F928004846F1F757F901464844ABEB0106BAF1EE
:10F93800000F39D02B4B07F11C0200922A4A31469E
:10F9480006F086F800283FDD864240D3013D2DD0E1
:10F9580001344FF0000A08EB04062149304611F043
:10F968007DFF40B3831B01331C44002308F8043097
:10F97800314607F10800FEF7FFFE4023FB6507F15B
:10F988005C0307F11C02042107F108000EF015FBC7
:10F99800C0B9FB6D002BB1D10134013DDBD1484624
:10F9A800F1F718F9054608E0104BC4E74846F1F7A7
:10F9B80011F9054601E06FF00D0528466437BD468C
:10F9C800BDE8F08F0546F8E76FF07905F5E76FF0C9
:10F9D8007905F2E7645E0300CC660300982403000F
:10F9E800702B0300685E0300E4660300C86603002A
:10F9F800F0B5A9B004460D461646002708977C22A4
:10FA0800394609A811F08FFE0697002D00F0828074
:10FA1800002E00F082802F704A4B53F824703B6808
:10FA2800494A802108A802F003FC002878D1022C5A
:10FA380012D0092C2BD008A901A8FEF79DFEBB7A8D
:10FA4800012B2BD0022B47D00E2C53D0069F002F12
:10FA580075D0384629B0F0BD282108A811F07FFEDE
:10FA68000446292108A811F07AFE002C5BD0002852
:10FA78005CD0002343702046F1F7ACF80690B04202
:10FA880057D221462846F1F79DF8069FE1E708AAD4
:10FA980031462846FFF7BEFE0746DAE70DF11E029B
:10FAA800397A01A80EF07FFA074670B9BDF81E3002
:10FAB800264A3146284605F0CBFF069000283BD061
:10FAC8008642C1D26FF07907C3E70346204A012175
:10FAD80020480AF0E9FCBCE7069606AB2A46397AC4
:10FAE80001A80EF06AFA07460028B2D1069B002248
:10FAF800EA54A9E728460EF075FB069B142BA5D1FE
:10FB0800013BEA5C462AA1D10022EA54069B013B4C
:10FB180006939BE76FF015079BE76FF0150798E7CB
:10FB28006FF0040795E76FF00D0792E76FF00D0788
:10FB38008FE76FF079078CE76FF0790789E76FF047
:10FB4800850786E7C46903002044030020430300B7
:10FB5800EC6603009824030008B50146014802F04A
:10FB680003FB08BD386B030000B583B001AA0A493E
:10FB78000A4802F045FC031E06DB0198003818BF4E
:10FB8800012003B05DF804FB054A022105480AF08C
:10FB98008BFC0020F5E700BF446B0300506B0300AB
:10FBA8005C6B0300A824030000287DDB08B520F463
:10FBB8007F03B3F5047F70DCB3F5007F0DDDA3F29E
:10FBC80001220F2A69D8DFE802F030384068684817
:10FBD80050686868686868685860322B1DD009DD0D
:10FBE8003C2B5AD1314A022131480AF053FC6FF0BC
:10FBF800070011E04BB1172B4FD12E4A02212C4898
:10FC08000AF048FC6FF0060006E02B4A022128485B
:10FC18000AF040FC6FF0040008BD284A022124487D
:10FC28000AF038FC6FF01500F6E7254A0221204853
:10FC38000AF030FC6FF00100EEE7224A02211C486E
:10FC48000AF028FC6FF00C00E6E71F4A022118486A
:10FC58000AF020FC6FF00B00DEE71C4A0221144872
:10FC68000AF018FC4FF0FF30D6E7194A0221104875
:10FC78000AF010FC6FF07700CEE7164A02210C4814
:10FC88000AF008FC6FF01500C6E7134A022108487D
:10FC98000AF000FC6FF08B00BEE7104A012104480F
:10FCA8000AF002FC0E48B7E7704700BFC46B0300B8
:10FCB800A8240300946B0300846B0300A46B030067
:10FCC800D46B0300E46B0300F86B0300106C0300B3
:10FCD8003C6C0300506C0300606C0300906C0300E4
:10FCE800ADBAADBA30B585B004460D460DF10F007A
:10FCF8000EF08FFA009523460A4A4FF480510A48BD
:10FD080002F096FA04469DF80F301BB12CB9204634
:10FD180005B030BD0EF078FAF8E72046FFF744FF4B
:10FD28000446F4E7AC6C030058150120F0B585B023
:10FD38004AB305460E461C4617463BB34FF0FF3202
:10FD48004FF0FF33134804F0A7F90DF10F000EF040
:10FD580060FA00972346324629460F4802F004FA13
:10FD680004469DF80F3033B10A4804F015FA2CB94F
:10FD7800204605B0F0BD0EF047FAF5E72046FFF73C
:10FD880013FF0446F4E76FF01504F1E76FF015046C
:10FD9800EEE700BFC4CD0020C06C03002DE9F041A0
:10FDA800002A47D004460D461E4617464FF0FF323C
:10FDB8004FF0FF33214804F06FF929462046FFF73A
:10FDC80091FF804680BB00251D4C022D08D82221BA
:10FDD800204611F0C4FC0446F0B101340135F4E7C3
:10FDE8002221204611F0BBFC0346C0B110F8012CBB
:10FDF8000A2A0FD0721EB95C0A2900D032461B1B92
:10FE080093420FD13946204611F099FC60B14FF06A
:10FE1800010809E0431EEDE76FF0010804E06FF008
:10FE2800010801E04FF00108044804F0B5F9404624
:10FE3800BDE8F0816FF01508F9E700BFC4CD0020D8
:10FE48005815012030B583B004460D464FF0FF32F7
:10FE58004FF0FF330F4804F01FF90DF107000EF0C3
:10FE6800D8F92A4621460C4802F07EF904469DF846
:10FE7800073033B1074804F08FF92CB9204603B096
:10FE880030BD0EF0C1F9F5E72046FFF78DFE0446B8
:10FE9800F4E700BFC4CD0020D86C030070B584B06F
:10FEA800A2B304460D4616464FF0FF324FF0FF331B
:10FEB800184804F0F1F80DF10F000EF0AAF91648F1
:10FEC8000023037000952346144A4FF4805102F032
:10FED800AFF904469DF80F306BB17CB90E48F0F7C6
:10FEE80079FE04280FD9012333700A4804F054F925
:10FEF800204604B070BD0EF087F9EEE72046FFF704
:10FF080053FE0446F1E700233370EEE76FF0150463
:10FF1800EEE700BFC4CD002058150120EC6C0300AB
:10FF280008B5FF2801D0044B1870044B1B680BB1AF
:10FF38000148984708BD00BF5825012064250120C5
:10FF480008B5037823B9037A012B02D0052B00D01A
:10FF580008BD0EF071F90028FAD14FF400420023D1
:10FF68000249034810F081FEF2E700BFA0CA002052
:10FF780088DF002008B5134B0121D3E8EF2FC3E831
:10FF8800EC1FBCF1000FF8D1C2B94FF47A7303FB30
:10FF980000F0410CC00340F2E733C0184FF47A7206
:10FFA8004FF0000341F10001F0F7E8FD02460B466F
:10FFB8000549064810F059FE002008BD6FF00A00F8
:10FFC800FBE700BF60250120A0CA002088DF0020D1
:10FFD80008B5064B0022D3E8EF1FC3E8E02F00283E
:10FFE800F9D14FF46150FFF7C5FF08BD5C2501202A
:08FFF80008B5084BD3E8EF2F18
:020000040002F8
:10000000511CC3E8E01F0028F8D1002A03DA3C2085
:10001000FFF7B4FF08BDFFF7DFFFFBE75C2501201A
:1000200000B587B003AB0022039204920592084A00
:10003000039200930E234FF4A0620649064804F091
:100040000BFB0648FEF742FD07B05DF804FB00BF5E
:100050001C6D03005070012088DF002049FF010063
:10006000034A13685268134314BF012000207047ED
:1000700080DF002008B5184A13685268134325D062
:1000800011F080F88E464A0142EAD06243011B1A01
:1000900062EB0102920042EA93729B001B1842EB52
:1000A0000102D20042EA5372C3F3103343EA4243DF
:1000B000D20B0948016840685B1A62EB00020749ED
:1000C0008B4272F1000204DA002008BD6FF03C00A0
:1000D000FBE76FF03C00F8E780DF002080EE3600A1
:1000E0002DE9F0438FB007460E469046994600250D
:1000F0000A950B950C950D952422294601A811F01F
:1001000016FB11F03FF84B0143EAD0634401241A77
:1001100063EB01039B0043EA9473A400241843EBB0
:100120000101C90041EA5471C4F3103444EA414466
:10013000C90B224B1C605960214BC3F80090FFF79C
:100140004BFF204BD3E8EF2FC3E8E15F0029F9D143
:100150004FF47A72002338463146F0F7C3FCCDE9FC
:100160000A014FF47A72002338463146F0F7BAFCA0
:10017000154B03FB02F20C920AA90120F8F78CF848
:10018000034660B901A90AA805F0C2FBB8F1000F47
:100190000ED14046FFF7C8FE0FB0BDE8F0830B4A12
:1001A00001210B480AF084F90320FFF7BDFEF3E7B5
:1001B000494601A800F046FBEBE700BF80DF0020C6
:1001C00044CC00205C25012040420F00306D03002C
:1001D0001824030008B5024B1B68FFF781FF08BD18
:1001E00044CC002000B587B0FFF744FF00B31B4BA1
:1001F0000022D3E8EF1FC3E8E02F0028F9D16323E2
:10020000059300220023CDE9022305A902A800F0EE
:10021000C3FAA8B100220023CDE90023684600F00C
:100220008DF8A0B1FFF7E8FE0320FFF77DFE04E0A4
:10023000FFF7D2FEFF20FFF777FE07B05DF804FB63
:10024000059B0022DDE90201FFF74AFFF5E70122E5
:10025000DDE90001FFF7BEFFEFE700BF60250120E9
:1002600000B583B00DF107000DF098FF48B99DF877
:100270000730012B0DD0052B0DD0002003B05DF809
:1002800004FB0346054A022105480AF011F9002043
:10029000F4E70120F2E70120F0E700BF506D030012
:1002A0001824030070B5A0B004460E46154654222B
:1002B000002101A811F03BFA4FF4806302931FABB9
:1002C00001AA194920460AF032FCB8B91F9B9A6965
:1002D000D96916A8F9F792FF0446B8B92A463146FB
:1002E00016A80AF0D6F90446B8B91F980AF048FCD7
:1002F00016A80AF0E4F9204620B070BD0446034673
:100300000A4A02210A480AF0D3F8F4E70346094AE8
:10031000022107480AF0CCF8E7E70346064A022123
:1003200003480AF0C5F8E0E78C6D0300906D030008
:1003300018240300A86D0300C06D030038B50446FF
:10034000FFF78EFF20B30025012D26D8174A41F272
:100350008831174B53F82500FFF7A4FFD8B9134A8B
:100360001368556819466A0142EAD3625B015B1A59
:1003700062EB0502920042EA93729B005B1842EB2B
:100380000502D20042EA5372DB002360626038BD8E
:100390006FF03C00FBE70135D6E7064A022106482C
:1003A0000AF07CF86FF03C00F1E700BF70E000203D
:1003B0001C6E0300D86D0300182403002DE9F041E2
:1003C0008EB000AF0446AE4B01221A70FFF752FE0A
:1003D000002800F000812C21204611F0C4F90546C8
:1003E00030B3F0F7FBFB102873D96B78222B00F0A9
:1003F000F9806E4600233B7202237B7288B06D4603
:1004000015F1100200F0B6800E201AB1042801DDAB
:100410009C4B6B6100233B7102237B71002A00F02F
:10042000B680082800DDAC6105F11C030021ACE0BA
:100430006E4600233B7202237B7288B06D4615F135
:10044000100211D00E201AB1042801DD8E4B6B6111
:1004500000233B7102237B719AB1082800DDAC6157
:1004600005F11C0300210AE06FF00040EBE701F109
:1004700038043C4414F8344C03F8014B0131012991
:10048000F5D90D2822DD0E2342B103213972002156
:100490007972B9720121F972B868286100216FF38D
:1004A00000016FF341016FF382016FF3C501012079
:1004B00060F38811C3F30A0363F353216FF31F51F1
:1004C00000237248F9F712F9B54684E06FF01B0378
:1004D000DAE76E4600233B7202237B7288B06D46DA
:1004E00015F1100211D00E201AB1042801DD684B5D
:1004F0006B6100233B7102237B719AB1082800DDF8
:10050000AC6105F11C0300210AE06FF00040EBE74D
:1005100001F138043C4414F8344C03F8014B013128
:100520000129F5D90D2822DD0E2342B103213972AC
:1005300000217972B9720121F972B868286100212D
:100540006FF300016FF341016FF382016FF3C50197
:10055000012060F38811C3F30A0363F353216FF39F
:100560001F5100234948F9F7C1F8B54633E06FF051
:100570001B03DAE76FF0004047E701F138043C4421
:1005800014F8344C03F8014B01310129F5D90D2839
:1005900025DD0E2342B10321397200217972B9722F
:1005A0000121F972B868286100216FF300016FF32F
:1005B00041016FF382016FF3C501012060F38811DF
:1005C000C3F30A0363F353216FF31F5100232F4832
:1005D000F9F78CF8B5463837BD46BDE8F0816FF0C5
:1005E0001B03D7E7072307F10C020E21A81C08F014
:1005F000D7FE06284ED9387B0DF026FE0646B86297
:10060000787B0DF021FE04467862B87B0DF01CFE6D
:100610003862F87B0DF018FEF861387C0DF014FE9E
:10062000B861787C0DF010FE786197F8128008F0C0
:10063000F7000DF009FE054618F0080F00D04542FE
:100640006436BE62013C7C6207F1140008F0F1FEE2
:100650004A0142EAD06243011B1A62EB0102920096
:1006600042EA93729B001C1841EB0201C9002B4621
:100670000022E00041EA5471FFF732FDABE700BF12
:100680003E2A0120786E0300246E03001824030024
:10069000546E03006D4601233B7203237B728AB0C4
:1006A0006E4616F1100218D04FF0120C42B163469C
:1006B000BCF1040F01DD24497161082B00DDB0613C
:1006C00001233B7103237B71A2B1BCF10C0F00DD50
:1006D000F46106F1200300210AE06FF0004CE5E729
:1006E00001F13800384410F8340C03F8010B0131E3
:1006F0000129F5D9BCF1110F22DD122342B10421E9
:10070000397200217972B9720121F972B8683061C9
:1007100000216FF300016FF341016FF382016FF36A
:10072000C501012060F38811C3F30A0363F3532169
:100730006FF31F5100230548F8F7D8FFAD464AE78D
:100740006FF01B03DAE700BFB06E0300182403004C
:1007500008B5064801F00CFD00B908BD0346044A7F
:100760000121044809F0A4FEF7E700BFF46E03007E
:10077000006F030018240300012802D0152800D0C0
:10078000704708B50249034810F044FA08BD00BF9D
:1007900048CC002088DF002030B591B06323069359
:1007A000234B1B78002B3FD004460D4606AB049329
:1007B00007AB039308AB029309AB01930AAB009319
:1007C0000BAB0CAA1B491C4801F01EFE831F012B1A
:1007D00021D80C9B64330C930B9B013B0B9307A814
:1007E00008F027FE4A0142EAD06243011B1A62EB7D
:1007F0000102920042EA93729B001B1841EB020136
:10080000C90041EA5371DB0023606160069B2B60E5
:10081000002011B030BD0346084A0221084809F003
:1008200047FE6FF03C00F4E76FF03C00F1E700BFDB
:100830003E2A01203C6F03006C680300586F0300E0
:1008400018240300134B1B7803B1704710B584B014
:1008500044690269104B83FB04C34FEAE47CCCEB90
:10086000631C0391036802934368019383680093B8
:10087000C3680132642101FB1C41084801F078FC87
:10088000034608B904B010BD054A0121054809F026
:100890000FFEF7E73E2A01201F85EB51EC6F0300A6
:1008A0001C7003001824030008B5037803B908BDC1
:1008B0000146064801F05CFC03460028F7D0044AD4
:1008C0000121044809F0F4FDF1E700BF20440300D2
:1008D000447003009024030010B5B0B90E48FFF730
:1008E000E3FF0E48FFF7E0FF0D4C2046FFF7DCFF6B
:1008F0002046FFF7D9FF2046FFF7D6FF2046FFF737
:10090000D3FF2046FFF7D0FF10BD0346054A012163
:10091000054809F0CDFDF7E76C7003008C7003000B
:10092000685E03005C5B03009024030010B5284B55
:100930005C6D284A0121284809F0B0FD14F4805F5D
:1009400010D1162014F4006F13D114F4007F17D1C6
:1009500014F4806F27D114F4807F2BD114F4005F3E
:100960002FD110BD1D4A01211B4809F097FD17200A
:10097000E8E71B4A0121184809F090FD1820E4E738
:10098000184A0121144809F089FD174B9B6B14F498
:10099000004F01D11920DBE7144A01210E4809F06C
:1009A00087FD1920D4E7124A01210B4809F076FD92
:1009B0001A20D0E70F4A0121074809F06FFD1B20DC
:1009C000CFE70D4A0121044809F068FD1C20C8E763
:1009D0006825012084550300E02403009C55030092
:1009E000F0540300B055030000ED00E0CC550300C7
:1009F000E4550300005603005455030038B52C4D50
:100A0000EC6D2C4A01212C4809F048FDAB6E14F026
:100A1000400F16D114F0010F19D114F0020F1DD19F
:100A200014F0040F21D114F0080F25D114F0100F89
:100A300029D114F0200F2DD114F0800F31D12520B1
:100A40000BE01E4A01211C4809F032FDE2E71C4A76
:100A50000121194809F022FD262038BD194A01213B
:100A6000154809F01BFD2720F7E7174A0121124816
:100A700009F014FD2820F0E7144A01210E4809F07E
:100A80000DFD2920E9E7124A01210B4809F006FD76
:100A90002A20E2E70F4A0121074809F0FFFC2B203A
:100AA000DBE70D4A0121044809F0F8FC2C20D4E7CB
:100AB00068250120B4700300E0240300D070030017
:100AC000E0700300F8700300187103003471030034
:100AD000547103006C7103008871030010B5124B50
:100AE000DC6E124A0121124809F0D8FC14F0020F02
:100AF00007D114F0010F0AD114F0040F0DD1132007
:100B000010BD0C4A01210A4809F0C8FCF1E70A4A65
:100B10000121074809F0C2FCEEE7084A0121044818
:100B200009F0BCFCEBE700BF682501209C710300C5
:100B3000E0240300B8710300E87103001872030099
:100B400090B583B000AF0F2923DC2F4C1039002360
:100B50003B7102237B718AB0EC461CF110021AD063
:100B6000122022B1042802DD284BCCF814300023D7
:100B70003B7002237B70E2B10346082801DDCCF80C
:100B800018400C2B01DDCCF81C100CF120030021C7
:100B90000DE01F4CDAE76FF00040E2E701F10804D6
:100BA00004EB070E1EF808EC03F801EB01310129F4
:100BB000F4D9112824DD12234AB10421397100210E
:100BC0007971B9710121F9717868CCF810000021B0
:100BD0006FF300016FF341016FF382016FF3C50101
:100BE000012060F38811C3F30A0363F353216FF309
:100BF0001F5100230748F8F779FD0C37BD4690BD1B
:100C00006FF01B03D8E700BF5C540300905403004F
:100C100074540300E024030010B5074907480DF0A1
:100C200054FB044608B9204610BD0346044A01217E
:100C3000044809F03DFCF6E7890C02006825012014
:100C40004C720300E024030038B50C4600F00805A0
:100C50000C4B196F20460DF010FB4DB9E369C3F33F
:100C600008025AB96FEA53236FEA4323E36105E0B0
:100C7000E36923F4FF7323F00103E3612146F9F7ED
:100C800017FC38BD6825012000B589B00F4B5A6AA2
:100C900000929A6A0192DA6A02921A6B03925A6B74
:100CA00004929A6B0592DA6B06921A6C0792D86CD2
:100CB00020F005001B6D13F0020F01D040F004007E
:100CC0006946FFF7C1FF09B05DF804FB6825012004
:100CD0002DE9F8430446884617461E4610F016F8DC
:100CE00020B9134B1B7883B1002500E00125A946EC
:100CF0006DB1089B324639464046A0470446B9F1DB
:100D0000000F10D02046BDE8F8830125EFE74FF033
:100D1000FF324FF0FF33074803F0C2F90028E8D054
:100D20006FF08304EEE7034803F03AFAEAE700BF06
:100D30004D2A012064CE002000B589B00790002321
:100D4000039304930593069307AB0393042304933F
:100D5000A1B10B46096805915B68069302237AB13D
:100D600001210191009203AA40F2F531064800F0FA
:100D700031F8002806DB09B05DF804FB0123EEE73B
:100D80000021EEE70120F6E705010040F0B597B03D
:100D900005460C4606AF402632460021384610F084
:100DA000C6FC4FF48073ADF8403004970596029569
:100DB000039414B9002017B0F0BD0123019302AAD7
:100DC000009204AA0021024800F004F8F3E700BFF3
:100DD0000001004010B582B0059CB1F5004F17D25C
:100DE000042B18D8042C19D889B21B0603F0E06C28
:100DF00041EA0C0C240404F4E024049B0093134601
:100E00004CEA040201460748FFF762FF02B010BD3A
:100E10006FF08000FAE76FF08000F7E76FF0800076
:100E2000F4E700BF21FC0000014B1860704700BFD1
:100E3000DC25012010B51446044B18680DF081FA2A
:100E4000002801DB2070002010BD00BFDC25012040
:100E500001238340014AC2F8043570470070014005
:100E600008B5024B1B680020984708BDE02501200B
:100E700008B5024B1B68984708BD00BFE02501205C
:100E800008B50B4B1B797BB9094B186001221A710D
:100E900000B1084800F042F828B9054B186800B1C5
:100EA000054800F0A1F808BD6FF07700FBE700BF30
:100EB000E0250120610E0200710E020008B5034B0F
:100EC0001B680BB10DF0A1FA08BD00BFE0250120A1
:100ED00010B5114B0122C3F808235A600022C3F851
:100EE0000021D3F8003142F2107406E0002393B1E0
:100EF00001200DF022FA013C0DD0074BD3F80C2451
:100F0000D3F80C3403F0010312F4803FEED0002B31
:100F1000EDD00123EBE710BD00500040054B1B79DD
:100F20002BB9044B186001221A71002070476FF032
:100F300077007047E82501200D4B0022C3F80021FF
:100F4000D3F8002101221A600A4B1B681BB1084B21
:100F5000C3F804237047064BD3F80031002BFAD0B6
:100F6000034B0022C3F80021D3F80031704700BFC3
:100F700000500040E825012008B50B4BD3F804339E
:100F800013F0010F0FD0084BD3F800315BB1064BC3
:100F90000022C3F80021D3F800210122C3F808235E
:100FA000024B1B68984708BD00500040E82501200F
:100FB00010B50C4B0222C3F808230122DA6000228C
:100FC000C3F80421D3F8043142F21074054BD3F86E
:100FD000183413F4803F04D001200DF0AEF9013C29
:100FE000F4D110BD0050004008B5084B1B7953B92F
:100FF000064B186001221A710DF030FA044BC3F849
:101000001805002008BD6FF07700FBE7F0250120F0
:101010000050004000B583B02E4BD3F81824D3F80D
:10102000183403F003038DF8073012F4803F1FD10A
:10103000284BD3F8143413F0010F1ED10DF00EFA23
:101040008DF807009DF80720224BC3F818250022D1
:10105000C3F80421D3F8042101229A601E4B1B68B7
:1010600063B31C4B0222C3F8042303B05DF804FBF6
:101070000DF107000DF0F4F9E4E7164BD3F81C343A
:1010800003F003038DF807300DF107000DF0E8F9C8
:101090000028D7D0104B1B6823B10E4B0222C3F897
:1010A0000423E2E70B4BD3F80431002BFAD0094BB1
:1010B0000022C3F80421D3F80431D6E7054BD3F856
:1010C0000431002BFAD0034B0022C3F80421D3F8DB
:1010D0000431CAE700500040F025012010B51D4B37
:1010E000D3F8044304F0020402E01B4B1B6898474A
:1010F00074B3B4FA84F0C0F11F000122824083006F
:101100009BB203F580739BB2C0B2D2B224EA020450
:1011100003F1804303F5A04319680029E8D00021BA
:1011200019601B680B4BC3F80823022ADDD1D3F8E2
:101130001814D3F8183403F00303012BD5D1054B51
:101140000221C3F81815C3F8042301229A60CFE7DF
:1011500010BD00BF00500040F0250120F0B51C4636
:10116000059F069E00F01F0C400934D1274D0CF15D
:10117000800355F8233081B3012082B34FF0020E73
:1011800040EA0E0074B34FF00C0E40EA0E0067B355
:101190004FF4E06E40EA0E0056B34FF4403E40EA92
:1011A0000E0023EA000031B30B7832B312785200FC
:1011B000134324B322789200134317B33A781202F0
:1011C000134306B332781204134303430CF1800C2B
:1011D00045F82C30F0BD0025C9E70020CDE74FF0E1
:1011E000000ECDE74FF0000ECFE74FF0000ED1E735
:1011F0004FF0000ED3E70023D7E70022D8E7002204
:10120000DAE70022DCE70022DEE700BF00258440A9
:1012100000F01F0240090AD10649803251F822002D
:10122000054B034043F0020341F822307047002190
:10123000F3E700BF00258440F0F8FCFF014B03EB0F
:10124000800070475CCC0020014B03EBC00070476E
:101250008872030038B504460D4608460DF09EF925
:10126000083004EB4004A388C3F38203042B0FD09F
:10127000052B0FD005F01F026D0907D1074B1B6925
:10128000D34013F0010F07D0032002E00023F6E75C
:10129000032038BD0220FCE70220FAE70025844045
:1012A000F8B507460E4614461D4610460DF0CFF918
:1012B00060B9022D26D0022130460DF05FF9032CD3
:1012C00024D0022D20D0032D26D0F8BD2246314651
:1012D00038460DF0F0FA06F01F03720910D1104ADB
:1012E000803352F82330C3F301439D42EDD10021F6
:1012F00030460DF043F9294630460DF03FF9E4E75A
:101300000022EDE70321D7E7012CDCD1224631464C
:1013100038460DF0D0FAD8E7022CD6D1F6E700BF58
:10132000002584400023C3B10020704711F0010F55
:101330000CD018E00F4C256A4CF8045B2562013292
:101340005C1CA242F6D350F80E2022B90133002BC8
:10135000ECD0002030BD0120FCE711F0010F01D1DD
:101360000133E0E730B54FEA830E1A4600EB830CF9
:10137000E6E700BF002584402DE9F04383B08146B5
:101380000F46904600230193516801A8FFF7CAFF5A
:1013900000267EB100224FF0004148460DF0CDF806
:1013A000D8F8041001A8FFF7BDFF0028F0D103B062
:1013B000BDE8F08398F8043013F0010F0FD1013627
:1013C000E7E7002405F1800354F82330C3F3014319
:1013D00029463846FFF764FF0123AB40236202AB86
:1013E00003EB860353F8044C002CE8D094FAA4F4E1
:1013F000B4FA84F404F01F0528460DF0CFF8083045
:1014000037F81020C2F3820201AB03EB86034FEAE8
:10141000D40C04F0070413F80C100120A04021EABA
:10142000000103F80C106B09CBD1014CCAE700BFD7
:101430000025844038B5094B1B795BB90D4614462D
:101440002A2009F081F9054B01221A711D609C6068
:10145000002038BD6FF07700FBE700BFF8250120C2
:1014600010B4002308E050F8234003F5A2710E4A9F
:1014700042F821400133DBB2072BF4D900230AE004
:1014800003F1080250F8224003F5B271064A42F80F
:1014900021400133DBB2072BF2D9026C024BC3F8B7
:1014A000042310BC704700BF00A0024008B5002311
:1014B00007E003F5A271104A002042F82100013331
:1014C000DBB2072BF5D9002307E003F5B2710A4A16
:1014D000002042F821000133DBB2072BF5D92A2086
:1014E00009F037F9044B4FF0FF32C3F80823034BE0
:1014F00000221A7108BD00BF00A00240F82501209B
:1015000001238340014AC2F80433704700A002401F
:1015100001238340014AC2F80833704700A002400B
:1015200010B50D4BD3F80C4302E00C4A9168984774
:101530008CB194FAA4F0B0FA80F00123834024EA3D
:1015400003048200064B134400221A60034B1B68FD
:10155000002BEAD1ECE710BD00A00240F8250120E5
:1015600000A10240024B0022C3F88425704700BF4F
:1015700000900340024B0122C3F88425704700BF4E
:1015800000900340024B0222C3F88425704700BF3D
:1015900000900340044BD3F8083413F0010FF9D046
:1015A0000160BFF35F8F70470090034010B50446A1
:1015B0000DF0AEFB70B1FFF7E5FF4FF0FF33236096
:1015C000064BD3F8003413F0010FF9D0FFF7CAFF30
:1015D000002010BD6FF00C00FBE700BF009003403F
:1015E00000F01F0240090AD10649803251F822005A
:1015F000054B034043F0030341F8223070470021BC
:10160000F3E700BF00258440F0F8FCFF38B505463D
:10161000037F33B3437F33BB002407E00021012362
:1016200093408B60FFF7DCFF0134E4B2032C1AD83F
:1016300055F82400B0F1FF3FF6D02B191B7C2BB1DD
:1016400000F01F024309E9D10749E8E700F01F0253
:10165000430904D1044901239340CB60E2E7002110
:10166000F9E70024E2E738BD00258440036801F56E
:10167000C071024A43F82120704700BF3546526EC0
:1016800010B5134CA8220021204610F050F8032377
:10169000236163610F4AA2610F4BE3614FF48063E2
:1016A00023620023A3626362E36222660B4A6266DE
:1016B0001022A2662367E366636706E0C3F10F02A8
:1016C0000749895C024AD15401330F2BF6D910BD6A
:1016D00080C900209872030080C5002070C50020DA
:1016E000A472030008B500230F2B0AD8094AD25C64
:1016F000D2B2C3F10F010848415C8A4204D10133E0
:10170000F2E7002313B908BD0123FBE7FFF7B8FF99
:10171000F9E700BF80C90020A47203002DE9F84357
:1017200004460E461546304B00EB400003EBC0006C
:10173000826A476A601C00EB400003EBC0035868F4
:101740003844BA423CD804EB4401274B03EBC103B5
:10175000D3F82080A8EB070909F1FF339D4204D993
:1017600013449D420ED900202FE02A4631460FF047
:10177000B7FF2F4404EB44041B4B03EBC4035F622D
:10178000012022E04A4631460FF0AAFFA7EB0808E5
:1017900018EB050507D104EB4404134B03EBC4031A
:1017A0005D62012011E0631C03EB43030E4A02EB70
:1017B000C3032A4606EB090158680FF091FFEAE7D8
:1017C000D21B013AAA4202D20020BDE8F8832A4681
:1017D0000FF086FF2F4404EB4404034B03EBC403D8
:1017E0005F620120F1E700BF80C90020F8B50F4615
:1017F0001646451C05EB4505164B03EBC50500EBEE
:10180000400003EBC003DC6A012C11D0022C1CD079
:1018100014B100242046F8BD28460DF010FD864284
:10182000F8D83246394628460DF015FD3446F1E722
:1018300028460DF004FD3446864228BF0446224661
:10184000394628460DF007FDE4E728460DF025FD52
:101850000446DFE780C90020F8B504460E46174667
:101860000A4B1B78DBB2532B0DD10DF04EFD054614
:101870003A4631462046FFF7B9FF044628460DF0A8
:101880004CFD2046F8BDFFF7FBFEEEE780C90020C7
:10189000064B00EB400203EBC202926A00EB4000F1
:1018A00003EBC003586A801A704700BF80C900204C
:1018B00037B50125074C4FF4FA7065610BF09BFDBD
:1018C000002363610193256123690193019B03B0A8
:1018D00030BD00BF0056004030B50D4D89B0036AE1
:1018E00003AC01908DF808300FCD0FC42B6801A810
:1018F00023600DF02FFD40B9044603AD55F8043BBD
:10190000984710B90134052CF8D109B030BD00BF9B
:10191000B0250300034BD3E8EF2FC3E8E10F002904
:10192000F9D170470426012038B50546002850D06B
:10193000436A002B50D0836A002B4DD00124294BE1
:10194000D3E8EF2F002A03D1C3E8E14F0029F7D1F4
:1019500045D1686A00F04EF8FCF762F9224BC820C6
:101960009C660BF048FD2846FFF7B6FF044640B9D9
:1019700001221D4B0220DA66FFF7CCFF002420462F
:1019800038BDFFF795FF002C11DBAB6A2046984766
:10199000164B9C421AD013DCA4F18864033C012C42
:1019A00011D82846FFF798FF04460028E0D001220E
:1019B0000D4BDA66FCF74AF90020FFF7ABFFDEE7D4
:1019C0000B4B9C42EDD06FF00404F0E76FF00A047B
:1019D000EDE76FF00D04D2E76FF01504CFE74FF09D
:1019E000FF34CCE7042601200050004005004004ED
:1019F00001005005014B1860704700BF0826012008
:101A000007B5044BCDE900011B686846984703B051
:101A10005DF804FB08260120014B1870704700BFD9
:101A20003F2A0120024B1878431E58425841704704
:101A30003F2A012070B503680446033BDBB2052B47
:101A400003D8094A52F823502DB9A06858B1BDE80F
:101A5000704000F01DB80DF0C1FC21682B46BDE8B8
:101A60007040090C184770BDB8720300014B5B69E8
:101A7000184700BF64CC0020014B1B68184700BF0B
:101A800064CC0020014B5B68184700BF64CC002089
:101A9000014B1B69184700BF64CC0020014B9B68B9
:101AA000184700BF64CC0020014B1B6A184700BFD9
:101AB00064CC0020014B5B6A184700BF64CC002057
:101AC000014B1868704700BF0C260120002230B57A
:101AD0000B4B19680C6894420FD001EBC2039D6850
:101AE000A8420BD14FF003020433D3E8CF1F0029E3
:101AF00003D1C3E8C02F0028F7D130BD0132EAE797
:101B00002C2601202DE9F041002406460F462046F0
:101B1000DFF854803368A34201D8BDE8F08106EBBA
:101B2000C4056B68DBB2012B16D16A68B8F80030C7
:101B3000B3EB124F10D1022FA8680FD1FFF77AFF35
:101B400001206B6823F0FF0343F003036B60B8F8D8
:101B500000300133A8F800300134DBE70168090CDC
:101B60000DF0ECFBECE700BF242A012010B5074C78
:101B700002216068FFF7C6FF0028F9D10121206823
:101B8000FFF7C0FF0028F3D110BD00BF34260120AD
:101B900070B5072860D8DFE800F00B5F475F435F50
:101BA0003C0401F071FE0320BDE87040FBF7ECBF80
:101BB00003202A4BD3F81446D3F81866284B1D7817
:101BC0001870EDB2FFF728FF012D10D1254B264AE2
:101BD0009C4212D0230C1B04B3F1886F0DD0A4F5E6
:101BE0008033203B022B0FD96FF004031360314682
:101BF000C4F30B00FFF704FF00E014601B4B1868F0
:101C00000BF080FC0020CFE7194931F91330136045
:101C1000F4E70024124B20461C70FFF7FDFEEDE7B1
:101C2000FFF7A4FF0220BFE70D4B1A78012AD0B2BC
:101C30000ED1104A1168104A8C68546049681160CE
:101C400002221A70FFF7E8FE084B18680BF05AFCE6
:101C5000FFF78CFF0120A7E770BD00BF00A0024086
:101C6000412A012001005005302601201C260120B8
:101C7000A075030018260120342601200A23F7B599
:101C80004FF47A750C4E0D4F0193316838680DF0A2
:101C900080FB044640B90BF031FC40B9012001A99A
:101CA0000BF0ADFB6E30F0D1204603B0F0BD0198D3
:101CB00068430BF0A0FBE8E720260120282601203E
:101CC000054B1B782BB9054B1968054B18680DF0AF
:101CD00060BB0020704700BF402A0120242601205D
:101CE0002C26012070B5164B42681B6822F0FF02BB
:101CF00042F00202C31A42601248134A0168C3F359
:101D00008913D2E8DF4F651CC2E8D65F002EF8D1F8
:101D100001EBC3014A6892B242EA04424A60026897
:101D2000032002EBC302536823F0FF0343F00103D7
:101D300053600BF060FB0122044BDA6070BD00BF02
:101D4000242601202C260120262A012000A0024062
:101D50002DE9F04F95B038220021064603A80FF078
:101D6000E6FC02230493082306932023089304230C
:101D70000D93102340250F9380230122CDE91153A9
:101D8000D523002159480B921393FBF7B9FE054662
:101D9000002840F0A880024655493079FFF74AFBF9
:101DA00003A8FFF75DFB34686268B2F59D6F40F0F1
:101DB00097806169E3680B44E16903F59D630B4417
:101DC000B3F5003F00F28C80206829460FF0AFFC8D
:101DD00033681C68D3F81C9004F53A72019204F140
:101DE0006007444A04F1A40804F1200BB9F1000F84
:101DF00060D1C2F800B000254FF0010A257065706F
:101E000084F802A0E570336840461B69636033685C
:101E10005B69C4F814B0A360374BC4F81890C3F8DA
:101E20000080364BE7601F600823C4F8108084F8F8
:101E3000A43088F8015088F8025088F8035084F8DC
:101E400060307D70BD70FD700DF086FA38460DF083
:101E500083FA2B4B04F53A7231681A60294B04F16E
:101E6000E802C8681A60284B284E1860086949695A
:101E700058609960264B2749C3F81046C3F814569A
:101E8000254B264C1D80264B86F800A01D80254B37
:101E9000029525601D611B690293029B134B186814
:101EA0000BF034FB98B103236FF073043370FFF72A
:101EB000FDFA11E09B6904F1400963643368484608
:101EC000DB69C2F800B0236401F0B6FC93E7246834
:101ED000002CECD1144B1C70204615B0BDE8F08FDF
:101EE0006FF01504E3E76FF02D04F5E71C260120E1
:101EF000911B0200182601202C26012028260120F3
:101F000024260120202601200C260120412A012020
:101F100000A00240F0490200262A012030260120BC
:101F2000242A012000560040402A012070B5164B9B
:101F300042681B6822F0FF0242F00102C31A4260AD
:101F40001248134A0168C3F38913D2E8DF4F651CB6
:101F5000C2E8D65F002EF8D101EBC3014A6892B205
:101F600042EA04424A600268032002EBC30253685B
:101F700023F0FF0343F0010353600BF03CFA01220E
:101F8000044B5A6070BD00BF202601202826012086
:101F9000262A012000A0024010B5FFF76FFE0124A1
:101FA00000220321047081704270C270FFF7BEFFEF
:101FB000054B1C700DF0E3F9BDE81040034B47F2F0
:101FC000305118680BF0A2BA402A01201C260120CB
:101FD00038B50A4B04461B78022BDDB20DD1FFF752
:101FE0004DFE50B100220121846001704270857065
:101FF000C270BDE83840FFF799BF38BD412A0120C3
:10200000034A126812B1002800DB1047704700BF76
:10201000482601202DE9F743002581460F46104848
:10202000294690461E46019305F0DEFA041E11DB98
:10203000013420460DF0FFF9C9F8000068B13346BD
:1020400042462146019605F0CFFA28463C6003B08F
:10205000BDE8F0836FF01500F9E76FF00B00F6E7CD
:10206000D825030010B50E4B04461B68A3B1EEF74C
:10207000B5FD082810D9237A3F2B0DD00949082235
:1020800020460FF07DFB014630B904F108000A221A
:10209000BDE8104003F0ECBF4FF0FF3010BD00BFB3
:1020A00048260120A6750300F7B504460F46042014
:1020B000002116461D460DF093F9024638B914B1B9
:1020C00020460DF0BAF96FF00B0003B0F0BD002010
:1020D0006FF0580314600D4C137350739073D073EA
:1020E00020703146032057600DF09AF94FF0FF330E
:1020F00001932378AB4201D10020E6E7022001A939
:102100000BF07DF90028F4D0DFE700BF422A012060
:10211000F8B5054600240F4F57F8046B28463146A2
:102120000FF0A0FB28B90134042CF5D14FF4803016
:102130000DE06CB1A31E012BF8D83046EEF74EFD32
:102140000A220021284403F08DFE40EA0440F8BD35
:102150002046FCE7D0720300014B18600020704756
:102160004C260120014B1860704700BF4826012013
:102170000FB42DE9FF410A9CFFF754FC00284AD018
:10218000002C4BD0284E294F316838680BF0E7F906
:10219000002846D1264D316828680BF0B7F9002891
:1021A00036D122460BAB03A902A80193FFF732FFF9
:1021B000044658B128680BF0A5F938680BF0CBF944
:1021C000204604B0BDE8F04104B07047029C2046B0
:1021D000FFF748FF02230646012220460399FFF736
:1021E00063FF04460028E5D1DFF84880D8F80000F6
:1021F000FFF78EFF0446D8F800000DF018F92868A4
:102200000BF080F9002CD8D13046FFF7F9FED4E767
:102210006FF00A04D1E74FF0FF34D1E76FF00D04FF
:10222000CEE76FF00A04CBE7602601205826012094
:102230005C260120502601200CB42DE9F04F8BB014
:1022400007460E46149CFFF7EDFB002800F0C38004
:10225000002F00F0C380002C00F0C080002E00F0A2
:10226000C080DFF88C81634BD8F8001018680BF041
:1022700076F9002840F0B8805F4DD8F80010286843
:102280000BF044F9002840F0A380224615AB09A9C1
:1022900008A80793FFF7BEFE044618B128680BF0A4
:1022A00031F93CE0DDE908830393544B1C68002CB2
:1022B0005AD0C246DDF80C90CDF804809AF8003070
:1022C000202B36D0093B042B33D90C224FF0000BC6
:1022D0004B4BCDF808B01B6802FB03430493049BEF
:1022E0009C422ED1029B002B3ED028680BF00AF9AD
:1022F000019A114611F8013B202B0191F8D0093BBE
:10230000042BF5D931463846029B9847044618B944
:102310003846FFF7FDFE044640460DF08EF8354B7B
:1023200018680BF018F920460BB0BDE8F04F02B06A
:102330007047B9F1000FC8D00AF1010A09F1FF395D
:10234000BCE7A3685B450DD94B451A46504628BFEC
:102350004A46216805930FF013FA18B9636802938F
:10236000059B9B460C34BAE74046FFF77BFE0223F1
:102370008146012240460399FFF796FE0446002855
:102380008CD1DFF880803846D8E9004AB245524601
:10239000214628BF32460FF0A3F9B245204607D99F
:1023A0000DF045F828680BF0ADF86FF00604B6E7BD
:1023B000FFF7AEFE0446D8F800000DF038F82868A4
:1023C0000BF0A0F8002CAAD14846FFF719FEA6E7AB
:1023D0006FF00A04A3E74FF0FF34A4E76FF00D0499
:1023E000A1E76FF015049EE76FF00A049BE700BFBA
:1023F00060260120582601205C260120402601206D
:102400003C260120502601200EB42DE9F343DDF8CF
:1024100024808146FFF706FB00285FD0B9F1000F4A
:102420005FD0B8F1000F5CD0314C324F2168386872
:102430000BF095F8002857D12F4E216830680BF02B
:1024400065F8002847D14846EEF7C8FB451C2846EA
:102450000CF0F1FF044668B930680BF053F86FF0E8
:102460000B0438680BF077F8204602B0BDE8F04363
:1024700003B0704749462A460FF0B1F92046FFF7EE
:10248000F1FD02238146012220462946FFF70CFE7A
:10249000044618B130680BF035F8E2E7174B3068A6
:1024A0001D680BF02FF8B9F1000F06DB2846FFF787
:1024B0002FFE10B94846FFF7A3FD0AAA4146284659
:1024C000019205F0B9F8041E284608BF6FF04C04CD
:1024D0000CF0ADFFC5E76FF00A04C2E74FF0FF3420
:1024E000C2E76FF00D04BFE76FF00A04BCE700BF5E
:1024F00060260120582601205C260120502601205C
:1025000038B5C3680446A72B01D0206810E0032922
:1025100007D0042926D0022902D10122154B1A70B6
:1025200038BD144B00681A78022A05D10028F7D06C
:10253000BDE838400CF07BBF0F4D2A6862B12B68B4
:102540009847002320682B600CF071FF0B4B186834
:10255000BDE838400AF0D6BF094A10606168516092
:102560000222DCE7074B1B68002BCED0006898479F
:10257000CBE700BF422A0120442601205C2601202F
:10258000502601204C260120012210B511460B488F
:10259000FBF7B6FA70B90A48FBF7D6FA014648B914
:1025A0004FF0FF32074B1A60BDE8104001230522AF
:1025B000FFF77ABD6FF02D0010BD00BF5C26012033
:1025C000582601206026012010B400F11C03D3E836
:1025D000EF2F511EC3E8E41F002CF8D1012A0CDCB8
:1025E000074BD0E8EF2FC0E8E13F0029F9D168227E
:1025F000002110BC04300FF09AB810BC704700BF27
:102600001EF1010010B500240A4B4FF45872214608
:1026100009481C700FF08BF821462246064B0748EC
:1026200001310829C3E900029A6003F16C03F7D174
:1026300010BD00BF432A0120642601201EF10100C5
:10264000164830B5002203464FF0FF34144DD0E851
:10265000EF1FA94204D1C0E8EC4FBCF1000FF6D146
:102660000CBF0121002112D16C2101FB0233012298
:102670000C49DA61097893F8202061F3451283F858
:1026800020200222A3F84C2083F84E2030BD0132D6
:10269000082A00F16C00DAD10846F7E76426012029
:1026A0001EF10100432A012030B5024600236C25AB
:1026B000054905FB03F460180C59944203D001331B
:1026C000082BF6D1002030BD6426012010B5044649
:1026D00004300DF0B9F8A06C08B1FBF787FA064B8F
:1026E000D4E8EF2FC4E8E13F0029F9D12046BDE846
:1026F0001040FFF769BF00BF1EF1ADDE70B50825C1
:10270000064C074E2368B34202D02046FFF7DEFF97
:10271000013D04F16C04F5D170BD00BF64260120B9
:102720001EF101002DE9F8430F4C06460025A04696
:102730004FF06C090D4B0E4F18702368BB420CD044
:1027400009FB058393F8202066F3451283F82020C7
:10275000A36B13B120460CF0D2FE0135082D04F115
:102760006C04EAD1BDE8F88364260120432A0120E5
:102770001EF10100112807DC002801DA0020704753
:10278000064B23FA00F005E0A0F1FF03122BF5D869
:102790000348D84000F00100704700BF410002002C
:1027A0000900040010B5436904461BB90DF09BFDF8
:1027B00023684360044B18680AF0A4FE2046BDE875
:1027C00010400DF092BD00BFC4290120032208B5BE
:1027D00011460448FBF794F9002818BF6FF02D004C
:1027E00008BD00BFC42901202DE9F04F9A460023FF
:1027F00087B081460E461446CDE903330593FFF7B3
:1028000011F940B90120FBF771F96FF00A04204675
:1028100007B0BDE8F08FB9F1000F5CD1002E00F0D9
:10282000C28000F019FD08B90D20ECE7002C49D159
:10283000002506274FF0010801950A2200213046A5
:1028400003F016FC4FF6FE73421E9A4200F21B8103
:102850004FEA002B4BEA102B1FFA8BFB002C6FD09A
:102860002368DB046CD53A2130460EF07CFF00B1C2
:10287000461C304685490EF0F5FF0A22002872D02A
:102880000021033003F0EEFA0446814B4FF47A61E5
:1028900018680AF03BFE002840F08C80B9F1000F68
:1028A00064D04846EEF79AF9014618200CF098FDDE
:1028B000064600285CD1764B6FF0090418680AF0D0
:1028C00021FEA4E7236823F4A05323F002038BB175
:1028D0004FF0FF349BE700F0BFFC0028A4D0002C91
:1028E000F0D1002EA4D1354606274FF00108B3469B
:1028F000019625E0606838B9A06860B10CF044FF2B
:1029000048B96FF0060482E70CF038FF0028F3D1D5
:102910006FF005047BE7E068A8B9606800F05EFE30
:10292000C3B20193A368E768002B08BF0123002FFF
:1029300008BF062725685FFA83F8BFB256B9B346C9
:102940004FF0FF34A1E7A1680CF032FF0028E4D17A
:102950006B2058E705F4A053B3F5805F7FF46DAFAB
:102960004FF0000B7CE7014630468BE749469CE779
:102970000461B9F1000F07D04846EEF72FF9494638
:10298000024630680EF0ACFE019B314647F20D0066
:10299000B361C6F81C803762756103AA00F03EFE81
:1029A0001628044602D16FF0010430E705DC50B16F
:1029B0000B2806D16FF0020429E7722801D1732099
:1029C00021E720461FE72020DDF81090FBF704F9EF
:1029D0000646CAF8000070B3D9F808000DF0E8FB0D
:1029E0007060DAF800607368012B0DD0022B25D0DF
:1029F0003046FBF7FBF86FF00504049800283FF41D
:102A000006AF0CF014FD02E70823C6E90287002791
:102A100033613560F76109F118085A464046B9F844
:102A200014100CF012FD7061DAF8006073693BB9A4
:102A30003046FBF7DBF86FF00904DEE71623E4E726
:102A400015F002051DD0B9F816000130FBF7C4F8E7
:102A5000DAF80030B061986928B95869FBF7C6F810
:102A6000DAF80000E5E7B9F81410B9F81620414487
:102A70000EF036FEDAF80020B9F816309269D75415
:102A8000BBE7B561B9E76FF00704C0E6D475030092
:102A9000C4290120F8B548F20F03994205460E46B5
:102AA00041D022D848F20D03994234D048F20E03A7
:102AB000994234D00069FFF7F7FD044618B3B6F524
:102AC000004F20D9A6F50046013E0B2E1BD8DFE8AB
:102AD00016F07500BD007D007D007D001001100125
:102AE0007D008B001A001A00E00049F204039942AD
:102AF0001DD0B1F5104F40D9C068FFF7D5FD044691
:102B0000002840F03B812868002800F04681BDE89D
:102B1000F8400CF08CBCBDE8F840FFF743BEBDE8C0
:102B2000F8400CF0F5BEBDE8F8400CF09BBE036920
:102B3000082B00F23281DFE813F0100016000900C4
:102B40000E0016003001300118001E000020BDE804
:102B5000F840FFF7E7BD0120F9E70021E868BDE88C
:102B6000F8400CF0CFBD0121F8E70021E868BDE88E
:102B7000F8400CF0D3BD0121F8E70069FFF794FDA0
:102B800004460028BFD048F281039E42BBD10146D3
:102B9000284600F07FFB1CE0A6F51046013E042EFF
:102BA000B1D801A353F826F0092D0200E72C02004A
:102BB000252C0200072B0200312C02006B692BB977
:102BC00028460DF090FBAA6943681A6028460DF06C
:102BD0008CFB20460CF029FD002800F0DE8020460A
:102BE000BDE8F8400CF08BBC90F8203043F00103B6
:102BF00080F820300CF0F0FC18B1684B18680AF02F
:102C000081FC94F82030204623F00A0384F8203019
:102C10000CF00BFD10B120460CF071FC2046FFF7C4
:102C200055FDD3E72869692819D16823A361D0E746
:102C300020460CF0FFFC0028CBD028690DF0FDFAEF
:102C40006A69014620460CF072FCC2E790F8203019
:102C5000EE686FF3410380F82030686918B10DF019
:102C6000ECFAA061B5E720460CF0A0FC28B994F876
:102C7000203043F0040384F8203020460CF096FC0A
:102C80000028A6D0002EA4D00021204600F038FB5A
:102C90009FE76B69F3B928460DF025FBAA694368E5
:102CA0001A60426892F8203043F0040382F8203022
:102CB000436822691A61436862695A6183684BB14B
:102CC00005F10C0205F1300152F8040B8A4243F879
:102CD000040BF9D194F82230002B3FF477AF013B7D
:102CE00084F8223072E794F82230013384F82230DD
:102CF0006FE728460DF0F7FA6B6913B9AB694360CB
:102D000064E74FF0FF33FAE720460CF07EFC0746FD
:102D1000C0B91020FAF760FF064698B13946102274
:102D20000EF005FD2B6873606B683381698A01B30F
:102D30002A8A05F114000CF088FBF060C8B930460F
:102D4000FAF754FF28680CF072FB20460CF01FFCC9
:102D500058B120460CF059FC38B994F8203043F0B3
:102D6000800384F820300C23A36120460CF014FC6F
:102D70002FE7314620460CF0EAFB2AE749F205032B
:102D80009E427FF609AF49F282039E427FF4BBAEBA
:102D90002146284600F096FA1BE7F8BDC829012015
:102DA0002DE9FF412D4B80461B780F4616463BB957
:102DB0000D20FAF79BFE4FF0FF3004B0BDE8F08124
:102DC0000CF0DCFC08B96A20F3E73046FFF7D2FCD0
:102DD00008B97B20EDE738460CF0D6FC08B96B202B
:102DE000E7E7394630460CF0E3FC0028F7D0FFF760
:102DF00027FC054608B91720DBE7002114200CF05A
:102E0000EFFA044620B92846FFF760FC6920D0E7B6
:102E10004FF0FF33037443748374C374404600F06F
:102E2000DDFB606138460DF0CBF90146A06130460C
:102E30000DF0C7F92146E06101AA47F201000295B1
:102E400000F0ECFB044620B12846FFF73FFC20468B
:102E5000AFE7C5E9038728686E61AEE7442A012021
:102E600030B585B00546FFF71FFC044628B9092098
:102E7000FAF73CFE4FF0FF300EE0FEF7D3FD68B9E5
:102E800020460CF0A9FB18B10E4B18680AF03AFB6B
:102E90002046FFF71BFC002005B030BD00210820B4
:102EA0000CF09EFA014608B96920E1E7056101AA24
:102EB00047F2090000F0B2FB0028ECD01628EAD057
:102EC000D6E700BFC82901202DE9F04385B081462F
:102ED000884614461D460C9EFFF7E6FB40B90920C4
:102EE000FAF704FE4FF0FF33184605B0BDE8F08353
:102EF00015B90EB11620F3E7B8F1290F00F0AD8037
:102F00000CDCB8F1010F11D0B8F1060F00F0A18070
:102F1000B8F1000F00F09F806D20E1E7B8F58D7FDC
:102F200045D0B8F5007FF7D11E2C1EE03C2C30D0E8
:102F30001DDC152C26D00ADC022C0CD0142CEBD175
:102F40003246294605B0BDE8F0430DF0D2B9222C37
:102F50000ADC202CE0DD314610200CF041FA074657
:102F600000287FD16920BBE7282CF4D0D4E73D2C82
:102F700016D03F2CD0D13246294605B0BDE8F043EB
:102F80000DF016BA3246294605B0BDE8F0430DF003
:102F9000BEB93246294605B0BDE8F0430DF0C5B9CB
:102FA0003246294605B0BDE8F0430DF0DEB9631E98
:102FB000132BB1D801A252F823F000BF1B3002003E
:102FC00045300200572F0200192F0200373002004F
:102FD0000D300200192F0200192F0200192F0200D4
:102FE000192F0200192F020029300200572F02006A
:102FF000572F0200572F0200192F0200572F0200EF
:10300000572F0200192F0200572F0200324629467F
:1030100005B0BDE8F0430DF0DDB93246294605B0F4
:10302000BDE8F0430DF0EAB93246294605B0BDE8E7
:10303000F0430DF0F8B93246294605B0BDE8F0433B
:103040000DF003BA3246294605B0BDE8F0430DF055
:103050000BBA372C89E71F2C87E7202C3FF47BAF76
:103060003E2C82E7C0F8109040460DF0C9F8786118
:10307000204600F0BBFAB86125B1324629463868CF
:103080000EF02EFB394647F203007E6001AA00F0E5
:10309000C5FA034600283FF427AF21E72DE9F043A6
:1030A00085B08146884614461D460C9EFFF7FCFA03
:1030B00040B90920FAF71AFD4FF0FF34204605B059
:1030C000BDE8F08305B10EB90E20F3E7B8F1290F82
:1030D00000F096800CDCB8F1010F11D0B8F1060FAA
:1030E00000F08980B8F1000F00F088806D20E1E7E2
:1030F000B8F58D7F2DD0B8F5007FF7D11E2C7BE081
:10310000152C1FD00ADC042C15D0142CEED132461D
:10311000294605B0BDE8F0430DF0E0B9A4F1210364
:10312000012BE3D8102031680CF05AF9074600282B
:103130006AD16920BEE73246294605B0BDE8F043B2
:103140000DF0BCB93246294605B0BDE8F0430DF09C
:10315000D4B9621E132AC9D801A151F822F000BFC8
:10316000DB310200E9310200253102002531020085
:10317000CD310200B1310200ED300200ED3002002D
:10318000ED300200ED300200ED300200BF310200F0
:10319000ED30020025310200253102002531020008
:1031A000ED300200ED300200253102002531020031
:1031B0003246294605B0BDE8F0430DF0ADB93246C0
:1031C000294605B0BDE8F0430DF0BCB932462946AA
:1031D00005B0BDE8F0430DF0C7B93246294605B049
:1031E000BDE8F0430DF0D2B93246294605B0BDE83E
:1031F000F0430DF0DDB9372C94D077E71F2CFBE7B7
:10320000202C8FD03E2CF7E7C0F8109040460CF0F1
:10321000F7FF7861204600F0E9F93946B86101AA64
:1032200047F20400D7F8008000F0F8F9044620B116
:1032300040460CF002F920463CE77A683368414684
:103240009A4228BF1A46284632600EF049FA404694
:103250000CF0F3F832E700BF014B1878704700BF5D
:10326000442A012008B5FFF7CDF9FFF7AFFA40B9BE
:10327000012206481146FAF743FC18B90122044B13
:103280001A7008BD6FF02D00FBE700BFC8290120B0
:10329000442A012010B543690C467BB191F82030D7
:1032A0006FF3C30381F8203040690CF0C6FF044B74
:1032B000A061BDE8104018680AF024B910BD00BF35
:1032C000C829012010B591F820300C466FF3C303D4
:1032D00081F82030006960B9DBB223F0140343F0B9
:1032E000140381F82030054BBDE8104018680AF03F
:1032F00009B90CF0A2FFA061F5E700BFC8290120C1
:103300002DE9F743DFF8FC900446D9F8000001915D
:103310000AF0FCF8074650B1019B002B70D1102336
:10332000A3614FF0FF37384603B0BDE8F083A06CCF
:10333000D8B1EDF753FC461C94F84F8031464FEA64
:10334000880808F10C000CF04BF8054678B92046C7
:103350000CF047F908B16923A361D9F800000AF01D
:10336000D1F86920FAF7C2FBDBE73E46E4E72368C1
:103370004246036194F84C3004F15001037594F80F
:103380004E30183000F8023C94F84D3000F8033C01
:1033900094F84F3000F8013C0EF0A2F9F6B1324635
:1033A000A16C28680EF01BFA6E6094F8203004209F
:1033B00043F008032A4647F2810184F820300CF0DC
:1033C0002FF820460CF00DF90028ACD120460CF067
:1033D00003F940B9A0690028A5D0C3E72E706E702C
:1033E000AE70EE70E0E7022001A90AF008F810F1D3
:1033F0000B0F05D00028E9D00028B8BF4042B1E744
:103400007420AFE7C82901202DE9F74F00250746B2
:1034100088462C464FF00A0ADFF868908DF8045071
:1034200001AE17F801BBBBF1000F09D1032D27DD59
:103430000124019BC8F80030204603B0BDE8F08F9E
:10344000594610480EF08FF968B13278A0EB0903A5
:103450001AFB0233FF2B11D814B90135042DEBDC14
:1034600001243370DDE7BBF12E0F07D1002CE3D030
:10347000042D03D0707004460136D2E70024DBE748
:103480005C46D9E7FA7503002DE9F04F87B00D4689
:10349000019201B12AB90E20FAF728FB4FF0FF3054
:1034A00088E0012803D0022808D06A20F4E72846E3
:1034B000019907B0BDE8F04FFFF7A6BF1022002129
:1034C00002A80EF034F92B783A2B03D16B783A2B03
:1034D0006FD101350024A9462746A346A04602AE77
:1034E00015F801ABBAF1000F23D1BBF1000F64D086
:1034F000B51C06AB9D425CD864BA3480B8F1000FAD
:1035000064D006AB9D42A5EB080852D01A460021B4
:103510000123984553DA019A02AB06AD1C4603CC51
:10352000AC4210605160234602F10802F6D101203E
:1035300040E0514627480EF016F988B95146264812
:103540000EF011F970B1244A032F32DC821A42EADC
:103550000414B4F5803F2CD24FF0010B0137BFE7C4
:103560001C4AF1E7BAF13A0F16D1BBF1000F05D1B1
:10357000B8F1000F1DD1A946B046B1E72B78C3B111
:10358000B31C06AA934214D864BA3480A9461E46D6
:10359000044607468346A3E7BAF12E0F09D1351D2D
:1035A00006AB9D4205D831464846FFF72DFF00285F
:1035B000A4DC002007B0BDE8F08F35469EE715F883
:1035C000010D013302F8010D2970A2E706AB9D42FF
:1035D000EFD1A0E7E9750300D875030003289CBF6D
:1035E000014B1856704700BF0576030002383C288F
:1035F0009ABF034B53F820004FF0FF30704700BFD5
:10360000F4720300013804289ABF034B53F82000DA
:103610004FF0FF30704700BFE07203004FF0FF3300
:1036200037B50D4DCA60144615600A4601460420A0
:1036300001930BF0F5FE2068A84202D00CF0FDFDCE
:1036400008E0022001A909F0DAFE0028F3D00028E2
:10365000B8BF404203B030BDEEC100BC2DE9F0411F
:10366000056807460C463DB101F47043B3F5005FB1
:1036700004D1404BC3E90015BDE8F0813E4E3368EC
:1036800063B144F20402914264D00CD844F20203C4
:1036900099424ED044F20303994253D03868BDE8B2
:1036A000F0410BF0C4BE44F2012221F48073934236
:1036B0000FD044F203139942F0D1304C206808B186
:1036C0000BF0B5FE01222E4B1A70256004203368E2
:1036D00026E0DFF8B080D8F8000008B10BF0A7FEB4
:1036E00044F201339C420CBF0322022295F8517030
:1036F000254B264C1A70C8F8005017F0080533689F
:10370000227810D01AB9052098470123237007F0BA
:103710004107012F02D10220336898470120336806
:10372000BDE8F0411847002AF1D0062098472570DF
:10373000EDE7174C206808B10BF079FE03203368E1
:103740002560EDE70D4C206808B10BF070FE0022FB
:103750000B4BB9E72A78032AA0D8DFE802F002056C
:1037600007090720984799E70820FBE70920F9E7B0
:103770000A20F7E7DC290120CC290120D0290120EB
:10378000452A0120D8290120462A0120472A012064
:10379000D429012008B50023094A0A4813700A4AAF
:1037A00013700A4A13700A4A13700A4A13600122FE
:1037B0001146FAF7A5F9002818BF6FF02D0008BDD3
:1037C000472A0120E4290120492A0120482A012012
:1037D000462A0120CC29012010B50B4C206818B1D5
:1037E0000BF025FE00232360084C206818B10BF075
:1037F0001EFE00232360064C206818B10BF017FE54
:1038000000232360002010BDD8290120D4290120E5
:10381000D029012030B4074B1C6844B14368858926
:10382000A4460268C1899BB2E8B230BC604730BC94
:10383000704700BFE829012000210122074B1970C1
:10384000074B1A70074B1970074B1960074B19602B
:10385000074B18600748FAF753B900BF4A2A0120FE
:103860004C2A01204B2A0120F0290120F4290120B3
:10387000042A0120EC290120024B186808B109F044
:1038800041BE7047EC29012070B4284B1B681969B0
:1038900058691A7C00221A745C7C5A749C7C9A7455
:1038A000DC7CDA741C7D1A755C7D5A759C7D03295D
:1038B0009A75DC7DDA7529D0042929D001290FD128
:1038C00085681B4E954210D11A7A01210022197287
:1038D000597A5A72997A9A72DA7A6FF05F02DA72CA
:1038E000144B70BC186809F00DBE911C00EB8101EF
:1038F0004C682178622907D0633918BF012149003B
:1039000046F821400132DDE70121F9E7187ADEE7C8
:10391000187A1972597A5A72997A9A72DA7A6FF019
:103920005F02DA720122044B1A70D9E7042A0120DF
:10393000F8290120EC2901204B2A012004280CD869
:10394000DFE800F0030D0507090006487047064848
:103950007047064870470648704706487047064853
:10396000704700BFE87303000C7403001C7403006D
:103970002874030038740300F873030030B108B5ED
:103980000DF0CAF920B1037823B108BD0248704791
:103990000148FAE70048F8E7A42F030010B50446F1
:1039A000F5F7C4FD034A0121034806F077FD2046E0
:1039B0000CF079FE48740300E02403002DE9F04781
:1039C00082B000AF05460C46EFF31188202383F345
:1039D0001288BFF36F8FDFF8C491D9F80860FFF742
:1039E000ADFF99F81010E94601233B7103237B7169
:1039F0008AB0EC461CF1100221D04FF0160E5AB1DD
:103A00007346BEF1040F03DDDFF894A1CCF814A0D7
:103A1000082B01DDCCF8185001233B7003237B7089
:103A2000D2B17346BEF10C0F01DDCCF81C00102B97
:103A300001DDCCF820100CF1240300210AE06FF026
:103A4000004EDCE701F10800384410F8080C03F8D8
:103A5000010B01310129F5D9BEF1150F50DD1623F7
:103A60004AB10521397100217971B9710121F971CA
:103A70007868CCF8100000216FF300016FF341016A
:103A80006FF382016FF3C501012060F38811C3F366
:103A90000A0363F353216FF31F5100234148F5F7E5
:103AA00025FECD461CB1E369C3F308035BBB30467A
:103AB000FFF764FFE94601233B7103237B718AB062
:103AC000EC461CF1100224D04FF0120E52B1734696
:103AD000BEF1040F02DD3449CCF81410082B01DDCF
:103AE000CCF8186001233B7003237B70F2B1BEF168
:103AF0000C0F01DDCCF81C000CF12003002113E0B9
:103B00006FF01B03ACE7294A0121264806F0C6FCEA
:103B1000CDE76FF0004ED9E701F10800384410F806
:103B2000080C03F8010B01310129F5D9BEF1110F81
:103B300031DD12234AB10421397100217971B97143
:103B40000121F9717868CCF8100000216FF30001B1
:103B50006FF341016FF382016FF3C501012060F340
:103B60008811C3F30A0363F353216FF31F5100233A
:103B70000C48F5F7BBFDCD4621462846FFF70EFF62
:103B800088F31188BFF36F8F3046F7F793F8083743
:103B9000BD46BDE8F0876FF01B03CBE710E20020C5
:103BA00058740300E0240300A4740300807403002D
:103BB00010B586B0C823114C03FB004400EB800C09
:103BC000C0EBC0000E4B03EB80030E4A05920122AE
:103BD00004920F22039200220292019200930A4B58
:103BE0004FF4A072094901EB8C11204600F0C4FD8E
:103BF000637B23F00403637306B010BD80E00020F4
:103C000010E20020BC7403009D070300507D0120DA
:103C100038B505460B4B53F8204002E0236898471F
:103C200008346B1C074A52F82330A34209D9606854
:103C30000028F3D0037F13F0010FF1D10CF00AFD3F
:103C4000EEE738BDC474030008B553EA020102D19F
:103C500001F098F908BD0249183001F061FBF9E75D
:103C60001F0F030010B586B0184C14E0636A05936B
:103C7000236A0493E3690393A3690293636901933D
:103C800023690093E368A2686168206800F074FD0E
:103C900023685C6630340E4B9C42E7D301F08CF80D
:103CA0000A4C00E030340A4B9C420BD2A26AE36A11
:103CB000B3F1FF3F08BFB2F1FF3FF3D02068FFF739
:103CC000C3FFEFE701F090F806B010BD0423030036
:103CD0000423030008B50A4B01221A700320FFF7E2
:103CE00097FFF6F703FB0420FFF792FFFFF7BAFFF9
:103CF000EDF718F9034A137B23F00103137308BD92
:103D00004D2A012048E1002008B50146014A024839
:103D1000F7F7C8F8D53C020048E1002010B504468A
:103D2000FFF746FFC8230D4903FB04110C4BC4EBFE
:103D3000C40203EB8202D16014740A4901EBC4216E
:103D400001F500615160E21C03EB0212C4EBC404F4
:103D500003EB84039A610123137210BD80E00020FD
:103D600010E200205075012070B586B001F074F8A3
:103D7000104D114BDD61114B059301230493002479
:103D800003940294019400940D4B4FF480520D491A
:103D9000284600F0F1FC06466B7B23F004036B73AE
:103DA00028460DF054F82046FFF7B8FF304606B01D
:103DB00070BD00BF48E1002010E20020BC280300D5
:103DC000D53C0200907E012008B50020FFF720FFBF
:103DD000194B03F5006282F3088883F30A88174CB5
:103DE000E02384F822300023E37723766376A376FA
:103DF00084F82030626A42F4E022626284F8233060
:103E0000F6F7B2FEF7F772F84FF0FF33A362E36202
:103E1000F7F734FAF7F79AF8F5F7E4FA084800F0FC
:103E20001FFD0120FFF7F4FE0220FFF7F1FEFFF770
:103E30009BFFFFF769FF00BF5075012000ED00E018
:103E400050E2002010B5064C05E0A26861682046EB
:103E50000CF080FC1434034B9C42F6D3002010BDC0
:103E600038CD002060CD002010B584B0044C029401
:103E7000CDE900230A4600210CF01DFC04B010BD62
:103E8000518A02002DE9F04F83B004460D469DF89B
:103E9000309000F1080AEFF31187202181F3128896
:103EA000BFF36F8FB846006AE16888425BD226682C
:103EB000B44227D0B6F1000B18BF4FF0010B1EBB68
:103EC000BBF1000F31D1B9F1000F3AD1A2692369DA
:103ED0009A4245D0A069A268801AA06129460DF0D7
:103EE000FFFB236A01332362102104F124000DF04B
:103EF00065FB00283CD03946504600F031FF4FF0BA
:103F0000000B39E00026D5E77268336813605A6009
:103F1000002333607360727B22F002027273B3601D
:103F200006F118000DF0FBF8CAE7A26829463069CF
:103F30000DF0D6FB0023C6F8C03030460CF087FFEA
:103F4000D9E7A2682946E0690DF0CAFBE369A268D7
:103F50001344E36162699342C3D12369E361C0E71B
:103F60006369A361B6E753EA020109D16FF0220B3E
:103F700088F31188BFF36F8F584603B0BDE8F08F08
:103F8000054989680D6100920193224639465046E1
:103F900000F024FE8346EFE710E200202DE9F04117
:103FA00082B00446084604F10807EFF31186202585
:103FB00085F31288BFF36F8F256A65B953EA020152
:103FC00060D16FF0220586F31188BFF36F8F28460A
:103FD00002B0BDE8F081A268A1690DF081FBA36980
:103FE000A2681344A361626993422AD0236A013B09
:103FF0002362D4F80080444526D0B8F1000518BFEC
:104000000125B8F1000F22D1002DDCD0A268D8F82C
:104010001010E0690DF064FBE369A2681344E361EA
:10402000626993422BD0236A013323620025C8F8CA
:10403000C05040460CF00BFF3146384600F090FE71
:10404000C5E72369A361D1E74FF00008D5E7D8F8A9
:104050000420D8F8003013605A600023C8F80030FC
:10406000C8F8043098F80D2022F0020288F80D20DC
:10407000C8F8083008F118000DF051F8C4E72369BA
:10408000E361D0E7054989680861009201932246FF
:104090003146384600F0A2FD054698E710E20020C0
:1040A0002DE9F04182B00446EFF31187202181F31E
:1040B0001288BFF36F8FC16899B9002950D1364B70
:1040C0009B6893F90E3023610131E160324B9B68AC
:1040D000A36087F31188BFF36F8F002002B0BDE8A3
:1040E000F08116461D4682682B4B9B689A42E4D0AD
:1040F00055EA060136D092F90E80414693F90E003A
:104100000CF0B7FB804534DC4FF0000800960195B9
:1041100022463946214800F061FD0028DED0EFF349
:104120001185202383F31288BFF36F8FA36843B3F5
:1041300023689C4223D013B3216993F90E000CF03D
:1041400098FB014620460CF09FFBE8B9B8F1000F40
:104150001AD185F31188BFF36F8F6FF00A00BDE7A6
:104160002369B0E787F31188BFF36F8F6FF00F00FB
:10417000B4E7014620460CF087FB8046C6E721697C
:10418000E0E7B8F1000FE4D02946044800F0E8FD6C
:104190006FF00A00A2E700BF10E20020082A012009
:1041A000F8B58368002B47D00446264A92689342AC
:1041B00045D1C368012B04D9013BC36000252846C3
:1041C000F8BDEFF31186202383F31288BFF36F8FBE
:1041D00001690CF059FB2768A7420CD03D1E18BF9F
:1041E000012557B9A760CDB90023E36086F3118894
:1041F000BFF36F8FE3E70027F0E77A683B6813604F
:104200005A6000233B607B607A7B22F002027A7363
:10421000BB6007F118000CF082FFE3E797F90E305E
:1042200023610025C7F8C05038460CF010FE314617
:10423000054800F095FDC2E76FF01505BFE74FF0A8
:10424000FF35BCE710E20020082A012010B582B03B
:1042500001468446EFF31184202080F31288BFF3D7
:104260006F8F5CF8080B88B1036823F003030B60C1
:104270004A68904208D001210CF0BCFB84F31188FD
:10428000BFF36F8F02B010BD4B60F4E753EA020139
:104290000BD00092019362462146604600F09EFCDE
:1042A00048B9064B9B681869ECE784F31188BFF3A3
:1042B0006F8F0020E6E70020E4E700BF10E2002057
:1042C000F8B50446EFF31186202383F31288BFF379
:1042D0006F8F0568A84216D02F1E18BF0127A5B9F9
:1042E00027BBA368E268934228D001221344A3604D
:1042F000022104F110000DF061F908BB86F311886A
:10430000BFF36F8FF8BD0025E6E76A682B6813607E
:104310005A6000232B606B606A7B22F002026A7392
:10432000AB6005F118000CF0FAFED9E70023C5F8E0
:10433000C03028460CF08BFD0120DEE70022D5E7D7
:104340003146024800F00CFDDCE700BF082A0120DE
:1043500010B582B0EFF31181202484F31288BFF3EB
:104360006F8F846844B1013C846081F31188BFF38E
:104370006F8F002002B010BD53EA020406D00092F5
:1043800001930246054800F029FCF3E781F3118808
:10439000BFF36F8F6FF00F00ECE700BF082A01201A
:1043A0002DE9F0410546EFF31187202383F31288AE
:1043B000BFF36F8FB846002619E000241AE0626848
:1043C000236813605A60002323606360627B22F0DD
:1043D00002026273A36004F118000CF0A0FE6FF0FB
:1043E0000A03C4F8C03020460CF031FD01262C68C9
:1043F000A542E2D0002CE2D1002CF0D10023AB602A
:10440000022105F110000DF0D9F828B926B988F37A
:104410001188BFF36F8F03E03946024800F0A0FC1B
:10442000BDE8F081082A012080B338B50D46044666
:104430001C4B9A68D0F8C8309A421BD000231A4609
:10444000D4F8E430C3F38001C3F3C00013F0010FCC
:104450001FD001B102B300B109B300232B60D4F81F
:10446000D03073B11D60C4F8D05020460CF035FB3D
:10447000012038BD0CF04AFC08B90123DFE7002316
:10448000DDE7C4F8D050C4F8CC50EEE76FF015006B
:1044900070476FF01200ECE76FF00F00E9E76FF084
:1044A0000F00E6E710E2002010B5C36823F0020316
:1044B000C360134B1C687CB1236803B10CB10021AD
:1044C0000FE02346FBE722460D480CF0C1FA04F149
:1044D0000800FFF7F5FE10BD2346F0E71A461C461C
:1044E0001346002CF7D062688242ECD02146002BA4
:1044F000F4D01A68002AF2D0002BF0D11A46EEE769
:10450000082A012070B584B00546EFF311862023F8
:1045100083F31288BFF36F8FD5F8CC40002C3FD0C7
:104520002368C5F8CC30D5F8D02094424DD0D5F8CA
:10453000E43043F00203C5F8E430E36843F00102DD
:10454000E26023F0040343F00103E360636886F351
:104550001188BFF36F8F20469847EFF31186202311
:1045600083F31288BFF36F8FE36823F00103E360E6
:1045700013F0100F44D1E36813F0020F44D1D5F8C3
:10458000E43023F00203C5F8E430C3F3002386F3DC
:104590001188BFF36F8F002BB7D100F065FCB4E733
:1045A000D5F8E43023F00402C5F8E42013F0040F3A
:1045B0000ED112F0100F14D00023C5F8E43086F3AA
:1045C0001188BFF36F8F04B070BDC5F8D030AEE76F
:1045D00005F1DC040022012120460CF038FD002802
:1045E000F8D1002302934FF0FF324FF0FF33CDE9B3
:1045F000002305F1D4023146054800F0A3FD84E70D
:1046000020460CF0D1FAB6E72046FFF74DFFB6E79B
:10461000102A012008B58446084653EA02010CD04E
:10462000C16841F00801C160DCF8001081620549F1
:10463000103000F075FE012008BD61460CF057FAFD
:10464000FAE700BF4F0B030008B5014601480CF024
:10465000E1FA08BD38E30020F0B589B004460E9DAC
:104660000020C4F8CC00C4F8D00004F1D400C4F891
:10467000D400C4F8D80004F1DC00C4F8DC00C4F8AD
:10468000E0003DB3287938BB0120C4F8E4004FF0C6
:10469000FF364FF0FF37CDE9066700200490039303
:1046A0000290019000940E4B20460CF042FB55B155
:1046B000296811B1204600F033F86B791BB1237BD8
:1046C00043F001032373204600F05CFCC4F8C840AB
:1046D00009B0F0BD0120D8E740F20110D5E700BFD6
:1046E0000545020008B5014601480CF0A9FA08BDCD
:1046F00038E3002008B5014601480CF0BAFA08BDBD
:1047000038E3002008B553EA020102D100F03AFC78
:1047100008BD0249183000F003FEF9E71F0F03003F
:1047200010B5044640B11F2204F188000DF057F87F
:10473000002084F8A70010BD014B9C68F3E700BF80
:1047400010E200200B4B9B685A7B12F0010F10D136
:10475000D3F8A8301A68B2F1F03F0AD04FF0F03227
:104760001A60002383F31188BFF36F8F022318466A
:1047700002DF704710E200202DE9F04F85B00446BB
:104780000F4615461E46DDF838A0DDF83C90DDF8F2
:104790004080DDF84CB000F168038366C366129B6D
:1047A000042211990CF0BAFA2A46394620460CF038
:1047B0008FFA0546CDF80880CDF80490CDF800A01A
:1047C0003346024639462046F6F746FB0023636629
:1047D0006667C4F878A0C4F87C90C4F88080EFF3D2
:1047E0001182202383F31288BFF36F8F174B996ACE
:1047F000C4F884109C6282F31188BFF36F8FBBF101
:10480000000F1BD01F22594604F188000CF0E7FF6F
:10481000002384F8A7300D4B9B689BB1D3F8B430CC
:10482000C4F8B430002323636363A363E363012309
:1048300084F83830284605B0BDE8F08F002384F8AE
:104840008830E8E7C4F8B430F4E700BF10E2002095
:1048500008B5024B986800F0E3FF08BD10E20020A5
:1048600010B504460123437303730023C0F8A83036
:10487000C0F8AC3001F026F8014B9C6010BD00BFC1
:1048800010E20020437B90F90D20002A51DB13F049
:104890001F0F4ED110B563F07F034373254A52F8C2
:1048A000203F93420ED100230CE05A68426003601F
:1048B000106058601EE01A461E49496A8A420FD0AD
:1048C0001B687BB173B190F90E1093F90E209142E1
:1048D000F1D0521A002AE8DC1A46002BECD1F0E79E
:1048E0000023EEE7134B5A6A03F120010160426096
:1048F000106058620F4B53F8204F9C420ED06CB1A1
:104900000C4B9B685A7B12F01F0F0AD1DA897F2A61
:1049100007D9A2692AB9074AD36109E0054BDC68C7
:10492000EEE7A34202D0204600F056FC014BDC61CA
:1049300010BD704710E2002010B5437B90F90D20A8
:10494000002A14DB154B9A6853F8204F9C4219D06B
:10495000C4B1824219D0537B13F01F0F15D1D389F4
:104960007F2B12D9A36983B90C4BDA6114E003F0F1
:104970007F0343734268036813605A600023036037
:104980004360DFE7054BDC68E3E7A24202D0204644
:1049900000F022FC014BDC6110BD00BF10E20020E2
:1049A00010B50446FFF7CEFE0A4A9368C3F8BC4030
:1049B0006FF00A01C3F8C01007494B6843F08053F9
:1049C0004B60002383F31188BFF36F8F9368D3F894
:1049D000C00010BD10E2002000ED00E02DE9F8431A
:1049E00005460C46414B9E68737B13F0600F2BD03D
:1049F00013F0200F2DD008271F4225D13B4373739E
:104A000013F0800F27D1082F30D04FF00009374B1B
:104A100053F8208F98454ED0B8F1000F4BD0334B50
:104A20009B68434502D0404600F0D6FB2F4BC3F8AD
:104A30001C80102F08D0304605F0A1FE304600F053
:104A40002BFCB9F1000F3AD184F31188BFF36F8FBB
:104A500046E01027D0E703F07F0373737268336872
:104A600013605A60002333607360CCE7B3685BB1B6
:104A70007268336813605A60002333607360727B1E
:104A800022F002027273B36030460CF0ACF906F10A
:104A900068000CF0ADF9154B9B689E4202D04FF0B8
:104AA0000009B4E7EFF3058313B94FF00009AEE74F
:104AB0004FF00109ABE70D4BD3F80C80AFE70C4882
:104AC000FFF7CEFEC0E7EFF31184202383F31288B3
:104AD000BFF36F8F0BF06DFE84F31188BFF36F8F00
:104AE0006B7B13F0600FEED1BDE8F88310E200207D
:104AF00050E20020B3F1FF3F08BFB2F1FF3F00D109
:104B0000704708B50249183000F00AFC08BD00BF24
:104B10001F0F030010B5437B90F90D20002A0ADB1C
:104B2000437B63F07F0343732B4A52F8203F934249
:104B300019D1002317E003F07F0343734268036831
:104B400013605A60002303604360E9E75A684260DB
:104B50000360106058601EE01A461F49496A8A4285
:104B60000FD01B687BB173B190F90E1093F90E2032
:104B70009142F1D0521A002AE8DC1A46002BECD1FF
:104B8000F0E70023EEE7144B5A6A03F120010160BD
:104B9000426010605862104B9A6853F8204F9C4254
:104BA0000ED06CB182420ED0537B13F01F0F0AD18E
:104BB000D3897F2B07D9A3692BB9074BDA6109E0A9
:104BC000054BDC68EEE7A24202D0204600F004FB71
:104BD000014BDC6110BD00BF10E2002010B50C4697
:104BE00011460A4882680A4B1A60EFF311832023AA
:104BF00083F31288BFF36F8FDDE9022380680CF026
:104C00001AF92046FFF7CCFE10BD00BF10E20020CD
:104C1000102A01202DE9F04104460E460023EFF34F
:104C20001185202282F31288BFF36F8F1F4650E058
:104C300003F07F0363736268236813605A60002384
:104C40002360636071B2A173637B63F07F0363735E
:104C5000424A52F8203F93420ED100230CE05A689A
:104C60006260236014605C601CE01A463B48406A46
:104C700082420DD01B686BB163B193F90E20914253
:104C8000F3D0521A002AEADC1A46002BEED1F2E7E2
:104C90000023F0E7314B5A6A03F120012160626082
:104CA00014605C622D4B53F8208F984520D0B8F1EA
:104CB000000F1DD0294B9B68984502D0404600F05C
:104CC0008BFA264BC3F81C8085F31188BFF36F8FD6
:104CD0000123002B3FD1637B03F01F02002A0CBF8E
:104CE00001270027A4D013F0020F05D1A673EBE72C
:104CF0001A4BD3F80C80DDE7A16862682368136063
:104D00005A6000232360636070B2A0730B689942FD
:104D10000DD100230BE05A686260236014605C6070
:104D2000D2E79C464A6894450DD01B686BB163B1CD
:104D300093F90E209042F4D0121A002AEBDC9C4624
:104D4000002BEFD1F2E70023F0E74B6821606360AE
:104D50001C604C60B8E73846BDE8F08110E20020E6
:104D600008B50B4659B9EFF3058242B9064AD06936
:104D70009268904203D00846FFF712FE03E083F3E7
:104D80001188BFF36F8F08BD10E2002008B50346FD
:104D900050B9EFF305823AB9064AD1699268914257
:104DA00002D0FFF7FDFD03E083F31188BFF36F8F9F
:104DB00008BD00BF10E200200023EFF31181202284
:104DC00082F31288BFF36F8F09E0064B9A68D37B9A
:104DD000013BD37381F31188BFF36F8F0123002B45
:104DE000F3D0704710E2002038B50023EFF31185AF
:104DF000202282F31288BFF36F8F0EE0154BDC6820
:104E000017E0A24202D0204600F0E6F9114BDC6127
:104E100085F31188BFF36F8F0123BBB90D4B9A68DF
:104E2000D17B0131D17353F8204F9C42E6D0002C46
:104E3000E4D0537B13F01F0FE3D1D3897F2BE0D94C
:104E4000A369002BDDD1034BDA61E1E70CF09BF89D
:104E500038BD00BF10E2002008B502480CF0B5F8DC
:104E600008BD00BF2CE2002038B5EFF311842023E9
:104E700083F31288BFF36F8F224B9A685B6A9A4262
:104E800005D01368516812680A60516006E000237B
:104E9000F8E71C4A526A934212D01B6893B1194A30
:104EA000906890F90E1093F90E209142F1D0521AA9
:104EB000002AEEDD5A6842600360106058600AE024
:104EC0000023EBE70F4B9A68596A03F1200010604A
:104ED00051600A605A620B4B53F8205F9D420DD01F
:104EE00065B1084B9B689D4202D0284600F074F9DA
:104EF000044BDD612046FFF753FD38BD014BDD68F3
:104F0000EFE700BF10E20020F8B551EA000328D017
:104F100005460C46EFF31187202383F31288BFF375
:104F20006F8F154EB068154B1860FFF705FDB06820
:104F30002A4623461249183000F0F2F90446B268B6
:104F4000537B43F0040353733846FFF729FDB368DE
:104F50009A6ADB6AB3F1004F08BF002A05D000202F
:104F6000F8BDFFF781FF0020FAE70CF007F9201ADF
:104F70000028F5DC0020F3E710E20020102A0120D1
:104F80001F0F030038B5EFF31185202383F3128838
:104F9000BFF36F8F437B13F0040F04D185F31188A7
:104FA000BFF36F8F38BD044618300CF0B8F8637B40
:104FB00023F0040363732046FFF764FC294602488C
:104FC000FFF7CEFEEEE700BF102A0120014B9868E4
:104FD000704700BF10E200202DE9F843037B03F087
:104FE0000107EFF31186202383F31288BFF36F8F3D
:104FF000457B15F0080F1AD10446B14600F1680848
:105000000BF0BDFE10B345F020056573EFF305838B
:105010009BB131462046FFF7E1FC67B1002383F3E3
:105020001188BFF36F8F0423184602DF03E086F375
:105030001188BFF36F8FBDE8F88341463F4B9868F6
:105040000BF09FFE3046FFF7ABFCE6E745F00803A8
:10505000637313F0800F36D1A3685BB16268236875
:1050600013605A60002323606360627B22F00202B7
:105070006273A36004F118000CF051F840460BF085
:10508000B7FE2E4B9A6894422AD000262B4B53F839
:10509000205F9D422BD055B3AA4202D0284600F093
:1050A0009BF8264BDD61204605F069FB204600F0A9
:1050B000F3F8FEB9214B9B689C421FD089F31188FD
:1050C000BFF36F8FA9E705F07F0545F0080565730D
:1050D0006268236813605A60002323606360BBE743
:1050E000EFF305830BB90026D0E70126CEE7134B7B
:1050F000DD68D1E71248FFF7B3FBDBE7EFF3058389
:10510000002BDBD1237B13F0010F12D089F3118820
:10511000BFF36F8F002383F31188BFF36F8F0423D6
:10512000184602DFEFF31189202383F31288BFF3BF
:105130006F8F4846FFF734FC6FE700BF10E2002096
:1051400050E200202DE9104883B0089CDDE906BC40
:10515000CDE900BCFFF742FD1CB1034B9B681B6906
:10516000236003B0BDE8108810E20020044BC01A91
:10517000C010044B03FB00F0034B01221A5470478C
:1051800018E30020ABAAAAAA142A0120C3897F2B06
:1051900011D80E4B1B687BB190F90E200C4B1B688D
:1051A0009A420CDB437B13F01F0F0AD1094B984244
:1051B00009D0012300E0002303F001007047002321
:1051C000FAE70023F8E70023F6E700BF8CCC0020C5
:1051D000182A012080E0002070B505460D4B1E7C8A
:1051E00006EB46030C4C04EBC30420460BF097FF80
:1051F0000A4B00229A552846FFF7C8FF00B970BD38
:10520000074B1A68013AD3170649204600F088F880
:10521000F5E700BF10E2002018E30020142A012067
:105220008CCC00206D51020038B5EFF3118520239E
:1052300083F31288BFF36F8F144B9C68144B1B6869
:10524000A34217D0124B00221A60104B1B7C114A4C
:10525000D35C53B12046FFF799FF30B1637B13F065
:105260001F0F0FD02046FFF7B7FF85F31188BFF35C
:105270006F8F38BD2046FFF7AFFF85F31188BFF36E
:105280006F8FF6E72046FFF745FCEBE710E20020C2
:10529000102A0120142A0120EFF31181202383F327
:1052A0001288BFF36F8F0C4B9B6A834205D1D3F8F2
:1052B0008420094B9A620AE013461BB1D3F884207C
:1052C0008242F9D11BB1D0F88420C3F8842081F345
:1052D0001188BFF36F8F704710E20020034B1868EE
:1052E000984200D070470020FCE700BF90CC00201F
:1052F00030B1044A5268904201D0006870470020E3
:10530000704700BF90CC002008B5044B1B680BB160
:10531000002008BDF8F7A2FAFBE700BF1C2A012015
:105320002DE9F04F83B0B3F1FF3F08BFB2F1FF3F6B
:105330000ED0044691461F4681600023EFF3118A88
:10534000202282F31288BFF36F8F1D46019335E050
:10535000002501952846019903B0BDE8F08FFFF7BD
:10536000D3FF8046013547F10006451946EBE0764C
:1053700025616661344A13685268ED1846EB0203F2
:1053800001934FF0010B38E0C91A66EB020201618C
:1053900042614368636020601C60446005E02B4B01
:1053A0005A682360626014605C60FFF797FF844274
:1053B00037D08AF31188BFF36F8F0123002BC9D137
:1053C0004D460197002FCADA1F4B19685B686918B0
:1053D00043EB07036FF00102521A4FF0FF3161EB0C
:1053E000030310461946012A73F1000301DA012074
:1053F0000021206161614FF0000BFFF76FFF002873
:10540000CDD001694669236962698B4272EB060E51
:10541000BADB5B1A62EB060223616261FFF768FF89
:10542000EDE70B4B1B68002BC3D1BBF1000F06D07F
:1054300040460BF059FE0021F8F7D6F9B9E7FFF71F
:1054400063FF8046F4E700BF30E3002090CC0020EB
:105450001C2A012070B5EFF31186202383F31288F4
:10546000BFF36F8F2A4B1860FFF738FF044623E025
:10547000284A136851685B1941EBE571136051606C
:1054800000220023C4E9042320460BF016FE86F315
:105490001188BFF36F8FA36820469847EFF31186FA
:1054A000202383F31288BFF36F8F194A13685B1BA5
:1054B0001360FFF713FF04463CB125696169144B83
:1054C0001A68D317AA428B41D2DA44B123696269C0
:1054D0000F4909685B1A62EBE172236162610D4A50
:1054E0000B4D2868136851681B1841EBE07113607D
:1054F000516000242C6020460BF0F6FD2146F8F7A1
:1055000073F986F31188BFF36F8FFFF78DFE70BDBF
:105510001C2A012030E3002010B50022EFF3118493
:10552000202383F31288BFF36F8F134611460CE0DC
:10553000FFF7EAFE074A13685168C31841EBE071B0
:1055400084F31188BFF36F8F0122002AF0D0184630
:1055500010BD00BF30E30020F8B5EFF31183202227
:1055600082F31288BFF36F8F026822B183F3118830
:10557000BFF36F8FF8BD04461D46826AC36A52EAC4
:10558000030105D0B3F1FF3F08BFB2F1FF3F27D1C0
:10559000236B01332363236A6BB185F31188BFF357
:1055A0006F8F236A20469847EFF31185202383F3FA
:1055B0001288BFF36F8F04F11803A469A34252D07D
:1055C000002C50D020460BF05DFC0023C4F8C03006
:1055D00085F31188BFF36F8F20460BF038FCC9E7C5
:1055E00016461F46012A73F1000301DA012600273F
:1055F000013E47F1FF370BF0C5FD013041F10001DD
:10560000801947EB0101012871F1000108DA6FF000
:1056100001024FF0FF3316492046FFF781FEB7E73E
:105620000BF0B0FD013041F10001801947EB0101A1
:105630006FF0020383426FF000438B4103DA0022D4
:105640004FF00043E7E70BF09DFD431C41F10002E2
:10565000991947EB02036FF00102521A4FF0FF3124
:1056600061EB0303D7E785F31188BFF36F8F81E701
:1056700059550200F8B51D46EFF31187202383F337
:105680001288BFF36F8FB5F1FF3F08BFB2F1FF3F44
:1056900021D0064614462B46002D08DB012A73F163
:1056A000000301DA01240025013C45F1FF353046B5
:1056B0000BF035FDDDE90623C6E90A230023336339
:1056C00022462B4606493046FFF72AFE87F311880B
:1056D000BFF36F8FF8BD87F31188BFF36F8FF9E7C2
:1056E0005955020000238360437B03F03F03102BD6
:1056F00005D8084A22FA03F313F0010F00D17047CE
:105700000368002BFBD0426813605A6000230360DB
:105710004360F4E7160101002DE9F04383B007462A
:1057200016461D46274B9C68012384F8703084F888
:10573000713055EA02030CBF0123002304F170020B
:105740000BF08FFE8046EFF31189202383F312883C
:10575000BFF36F8F94F870300BB3002384F8703070
:1057600055EA060326D000960195174A4946174880
:10577000FFF734FA0446EFF31182202383F31288F3
:10578000BFF36F8F1546414638460BF050FE85F348
:105790001188BFF36F8F204603B0BDE8F0834A46FF
:1057A000014638460BF043FE89F31188BFF36F8F33
:1057B0000024F0E789F31188BFF36F8F6FF00A04BC
:1057C000E9E700BF10E2002098CC0020202A012049
:1057D00038B50346EFF31185202282F31288BFF318
:1057E0006F8FC160012282600068834210D04268DE
:1057F000036813605A6000230360436001210BF0CB
:10580000A3FE044629460548FFF7AAFA204638BDFC
:1058100085F31188BFF36F8F0024F7E7202A01205A
:1058200008B50BF00EFF014B586108BD10E20020D7
:1058300038B5EFF31185202383F31288BFF36F8F00
:105840000D4B5C693CB90C4B00225A6185F3118801
:10585000BFF36F8F38BD0BF0F4FE041B064B986846
:1058600090F8383023B9214603480BF0D0FEEAE720
:1058700021460BF0DEFEF6E710E2002070B506468A
:105880000C4615460BF042FA50B9064B9B68D3F80C
:10589000B40020B12B46224631460BF0D8FE70BD35
:1058A0000148F7E710E2002038CD002008B5024695
:1058B000024B002102480BF0CAFE08BD518A0200CB
:1058C00038CD0020014BC0F8B430704738CD0020EF
:1058D00008B50146024A0020FFF7D0FF08BD00BF0F
:1058E000518A020000B583B0064B00934FF0FF339E
:1058F0004FF4006204490548FEF7AEFE002003B0F5
:105900005DF804FBEC74030090CE012038E3002026
:10591000F8B54D4A0C4600234C4DD0E90001EBF799
:10592000E1F8002A4FF4616100F52F20B7BF02F5BE
:10593000A83200F66C2000F66B2002F5C072B2FBB4
:10594000F1F301FB13223C21A360B2FBF1F301FB55
:1059500013226360C31C2260072293FBF2F2C2EBA6
:10596000C2029B1A52D50733A361A0F50E33A3F5EB
:105970002C7393FBF5F5364B48F6AC6140F2B45707
:1059800040F26D1603FB05004FF0050CB0FBF1F182
:10599000B0FBF7F30144C91A2E4BB0FBF3F3C91A5D
:1059A00048F69463B1FBF3F3B1FBF6F2B1FBF7F108
:1059B00003445B1A992106FB123303EB83005E1C40
:1059C0000230B0FBF1F779430231B1FBFCF1761AFA
:1059D00040F2F95188424FF4C8708CBF6FF0090152
:1059E000022100FB05253944012998BF0135B3F593
:1059F000997F11D3A3F59973A5F26C75E361002328
:105A00002046E6602362C4E90415F8BD0028A361BE
:105A1000ABDB90FBF5F5AEE7970710D14FF0640CC8
:105A200092FBFCF70CFB17275FB992FBF0F700FB2A
:105A30001722B2FA82F252093B331344DCE7002208
:105A4000FAE70122F8E700BF80510100B13A0200F5
:105A50004FC5FDFFB03A02000CB430B589B0054621
:105A60000C461C22002101A80BF061FE02230595C3
:105A70008DF806300D4B029323462CB1B4F1004F44
:105A800028BF4FF00043013B1D440DAA0C9901A80B
:105A90000695009200F072FC14B1059B00221A706A
:105AA00009B0BDE8304002B0704700BFB71E030028
:105AB0000EB470B589B005461C2200210DAC01A8BA
:105AC00054F8046B0BF033FE012301A82246314643
:105AD0008DF80630054B05950393009401F022F9EB
:105AE00009B0BDE8704003B0704700BFA31E0300BB
:105AF0002DE9F84F00228046894618F80230511CE3
:105B0000202B00F09E81A3F10900042840F2998126
:105B10002B2B0D4633D02D2B36D01846042440F0C5
:105B20002003692B32D06E2B60D000224FF00A0A7E
:105B3000964694461346114614F400666BD040F026
:105B40002007A7F1610BBBF1050F64D8573FFFB2E7
:105B5000BA4540F3F28044F08006E005B6B268D55D
:105B6000F40506F4007079D5002F18BF4CF0010C35
:105B700000B9013218F8050034460135DCE7042489
:105B800018F80100951CCAE74424F9E7AE4B00263B
:105B9000AE4F13F8011B49B118F80520681C42F0FC
:105BA00020028A4226D0AA4A934230D132463B464E
:105BB00030463946EAF7ECFE48B918F80530282B8C
:105BC00005D1013518F805300135292B14D16306AC
:105BD00002D507F100431F46B9F1000F02D045443A
:105BE000C9F8005030463946BDE8F88F994B002679
:105BF000994FCEE70546CCE723F02002413A192A17
:105C0000E0D9A3F13002092ADCD95F2BDAD00026D3
:105C100000270025E0E7A0F13007FFB257452DDA55
:105C200044F0800614F48070B6B299D1BAF10A0F2C
:105C300006D0BEF10F0F93DD44F4C076B6B28FE705
:105C4000BEF1100F8CDD44F4C076042FB6B287D9B4
:105C5000052F4FF0020C08BF074681E700B1013A5B
:105C6000AAFB0334FB180AFB014444F1000153EA88
:105C700001003FF47FAF0EF1010E7BE7FE2F5CD1F8
:105C8000A70556D52006C2D5002E40F0968053EACF
:105C9000010005F1FF3500F0D180200540F1B28010
:105CA0003632B1F5800FC0F091806C4FB1F5000F26
:105CB00080F09180BA42C0F28E804CEA030308461D
:105CC00003F00306032E04D003F00606062E40F070
:105CD0008B80043341F10000B0F5000FC0F08480E8
:105CE0000132B2F5806F80F2A68000234FF480115C
:105CF00002F2FF3221F4801141EA025718461E4693
:105D0000394602F021F90138022804D8544B2222E6
:105D10000CF0F2F81A503046394602F015F9013805
:105D200002283FF654AF4E4B22220CF0E5F81A50F1
:105D30004DE744F40076B6B21CE740F0200004F0D2
:105D40008007782809D147B153EA010A05D144F404
:105D500000664FF0100AB6B20CE7002F3FF457AFC1
:105D60006EB392007026864291D118F805006E1C21
:105D70002B2804D02D2824D144F48064A4B218F830
:105D80000600A0F13006092E81D8AE1C354640F23F
:105D9000D34A00264FF00A0B5645DCBF30380BFBC8
:105DA000060618F805000135A0F13007092FF3D9D0
:105DB000670548BF7642324469E72E20D1E7652661
:105DC000D1E7A0F13007092FE0D960E7DB1802F135
:105DD000FF32494165E75E0803F00103013246EAFC
:105DE000C1764908334361E7B2F5806F23DA9B0837
:105DF000B0F5800F4FEA900143EA8073BFF478AFAB
:105E0000002279E70EEB020010F5A27F10DDB0F55D
:105E10009B7F10DA03F0010040EA0C00013080089B
:105E2000181841F1000101F021FC06460F4672E707
:105E3000002600276FE70026044F6CE700260027A6
:105E4000C5E60A4659E600BF0D7703000000F07F63
:105E5000107703000A7703000000F87F02FCFFFFC1
:105E60000C000000242A2DE9F041044601D8012A43
:105E70004CD1364B16220CF03FF81A5001B10C6091
:105E800000273846BDE8F08135462E4616F8010B4E
:105E90002028F9D0A0F109070346042FF4D92B28B4
:105EA00036D02D2837D14FF0010CAE1C6B78302B3B
:105EB00038D1307840F0200078282FD132F010000F
:105EC0002CD173783446102202360CF100400027A2
:105ED0000138B0FBF2FE02FB1E08392B82BF03F132
:105EE000FF3343F02003263B303B9A421ED97745CF
:105EF00002DC03D1984501D24CF0020C354607FB79
:105F00000237344615F8013B2E46E6E70546BCE766
:105F10004FF0000CC9E74FF0000CC8E7002A08BF9B
:105F20000822D2E7002A08BF0A22CEE701B10C609E
:105F30001CF0010F18BF7F421CF0020FA1D0034BD1
:105F4000222207460BF0D8FF1A509AE70C000000F7
:105F5000242A2DE9F84F8046894601D8012A60D1CC
:105F6000424B16220BF0C8FF1A50B9F1000F01D0B6
:105F7000C9F80080002319461846BDE8F88F31465D
:105F80000E4616F8013B202BF9D0A3F109001C4660
:105F90000428F4D92B2B46D02D2B46D101278E1C5B
:105FA0004C78302C48D1337843F02003782B3ED105
:105FB00032F010033BD17478B0461025023617F149
:105FC000FF3B6FF000432A4643F1000A5846002386
:105FD0005146EAF7D7FD00238C461946392C82BF7B
:105FE00004F1FF3444F02004263C303CA54228D97B
:105FF00098427CEB010E05DB614508BF834203D16B
:10600000A24201D247F00207A5FB033EB04605FBC2
:1060100001EEE3184EF10001B6461EF8014B76463C
:10602000DCE70146ACE70027B9E70027B9E7002A1B
:1060300014BF15460825C2E7002A14BF15460A25D5
:10604000BDE7B9F1000F01D0C9F80080F80702D50B
:106050005B4261EB4101BA078ED5044A22240BF062
:106060004BFF5B465146145086E700BF0C00000012
:10607000242AF0B5044601D8012A40D12E4B16221D
:106080000BF03AFF1A5001B10C600020F0BD2F4612
:106090003D4615F8010B2028F9D0A0F1090603466A
:1060A000042EF4D92B282CD02D282CD10126BD1C50
:1060B0007B78302B2DD1287840F02000782824D10F
:1060C00032F0100021D16B782C46102202350020CE
:1060D000392B82BF03F1FF3343F02003263B303BD3
:1060E0009A421AD9A0FB02040CB9C01801D346F099
:1060F00002062F462C4617F8013B3D46E8E70746C7
:10610000C6E70026D3E70026D3E7002A08BF082207
:10611000DDE7002A08BF0A22D9E701B10C60F207C7
:1061200048BF4042B307B1D5034B22220BF0E4FE37
:106130001A504FF0FF30A9E70C000000242AF0B5F8
:1061400005460E4601D8012A0AD13E4B16220BF015
:10615000D3FE1A5006B1356000200146F0BD20463E
:10616000044614F8011B2029F9D0A1F109070B46B8
:10617000042FF4D92B2939D02D293AD14FF0010C15
:10618000841C4378302B3BD1217841F020017829C1
:1061900032D132F010012FD163782546102202341B
:1061A00000200146392B82BF03F1FF3343F0200367
:1061B000263B303B9A4232D9002729BBA0FB02E59F
:1061C00017F001077046294608D11EEB030E55F162
:1061D0000005704628BF012729460FB14CF0020C7C
:1061E0002746254617F8013B3C46DBE74FF0000CFD
:1061F000C6E74FF0000CC5E7002A08BF0822CFE72A
:10620000002A08BF0A22CBE7A2FB0151A0FB02E053
:106210002D1841F10001002918BF0127D0E706B170
:1062200035601CF0010F02D0404261EB41011CF0CF
:10623000020F93D0034B22220BF05EFE1A504FF058
:10624000FF308AE70C0000002DE9F04101260746E7
:10625000B24201DCBDE8F0813B461F4613F8014B1A
:10626000002CF7D0252CF8D11C780237252CF3D040
:106270000023DFF804819C461D461F2D18D8A4F189
:10628000200EBEF1100F09D9A4F1300EBEF1090F96
:106290001ED80A24202504FB03E304E028FA0EFE9E
:1062A0001EF0010F06D017F8014B002CE5D128E0B5
:1062B0007F2D1CD8A4F1300EBEF1090FE9D9242C92
:1062C00010D1BCF1000F46D0B34246D00023EAE71C
:1062D00024F0040EBEF12A0FF8D06C2C09D145F041
:1062E0008005E0E724F0040EBEF12A0FEED06C2CFE
:1062F00022D06C2C1BD8682C23D06A2C28D04C2C94
:1063000026D0BCF1000FA5D0B445A1D144F02007A0
:106310000B68A7F1650CBCF1020F01D9612F1ED1EA
:10632000073323F00703083301360B608FE7742C23
:10633000B9D07A2CB7D0E4E72C0648BF45F40075F5
:10634000CDE7EC0548BF45F4007545F48075AAE734
:1063500045F42075A7E79C46B8E76324D6E7692C87
:1063600002D007D8632C03D02F0601D5AC05D7D4B3
:106370000433D9E7732CF6E7892801002DE9F04FA3
:10638000436895B08046039383789807CDE9081257
:1063900016D50B4600250D921F789FB1252F15D0DD
:1063A0000133079341463846039B0135984700283F
:1063B00080F22C8498F8023043F0040388F802300D
:1063C0004FF0FF35284615B0BDE8F08F5F789A1C76
:1063D000252F0792E6D000242646A246A346BBF10D
:1063E0001F0F32D8A7F12003102B0AD8DFE803F0E3
:1063F0002409092A0909091B090909220927090988
:106400001900A7F13003092B2DD92A2F39D154B9FE
:106410000D9B1BF0400F53F8042B0D9329D016460B
:1064200001E04BF0010B079B13F8017B0793002F52
:10643000D5D15BE04BF0020B4BF0040BF3E74BF0D4
:10644000080BF0E74BF0100BEDE7BBF17F0F3FD8E7
:10645000A7F13003092BD8D81BF0400F03D00A2234
:1064600002FB0636DFE70A2202FB0A3A4BF0200B5A
:10647000D9E7B2F1000AF9DACAF1000A4BF0280BA9
:10648000D1E72E2F05D11BF0400F9BD14BF0400BD5
:10649000C9E7242F1CD1002C00F03F81099B1BF081
:1064A000400F0D930AD152460DA90898FFF7CCFE74
:1064B0000D9B1A1DD3F800A00D92B4E732460DA92A
:1064C0000898FFF7C1FE0D9B1A1D1E680D92AAE7E2
:1064D0006C2F00F00F8100F20681682F00F012810E
:1064E0006A2F00F017814C2F00F0148134B1099B02
:1064F00022460DA908980D93FFF7A6FE002E47F03F
:106500002009B8BF2BF0400BA9F16503BCBF0026E2
:106510001FFA8BFB022B40F20581B9F1610F40F0AD
:106520005B82FF431BF0400F4BF4C05407F0200385
:1065300008BF4FF0FF3606930D9B073323F0070388
:1065400003F10802D3E90001069B0D920EAA009305
:1065500033460BF0EDFB0130C3B2B342049301DBD1
:10656000049B5E1E01230E9FA3464FF07009059306
:1065700007F10903122B0DD907F16303C62B40F273
:106580000C8107F2E73340F2CE72934294BF0323AB
:10659000042305939DF83C2002F00C0312F0010245
:1065A00040F016811BF0020F40F00F811BF0040435
:1065B00000F0F580002B40F00E8120231BF4405F9B
:1065C00020D1049A002E02F1500208BF01266A442D
:1065D000133A049921B112F8011D302900F03081DD
:1065E0001BF0100F049A18BF3246391DC0F22D81DE
:1065F000B74280F22A81BA424BF4005B40F3278114
:106600007E1C961B1BF400520A9200F0228127EA9E
:10661000E774013403B10134002E00F02281721CB2
:106620001444A245CCBFAAEB040400241BF0090FBC
:1066300004D12C44A54240F0198100243BB11846F6
:106640004146039B013598470028FFF6B3AE1BF483
:10665000006F12D041463020039B98470028FFF678
:10666000A9AE069B41460235C3F17800039B00F0BA
:10667000F80098470028FFF69DAE1BF0080F05D1E3
:106680002C44AC4240F0FE80254600240A9B002B9F
:1066900000F0178127EAE77A7642A7EB0A07049B06
:1066A0000AF1FF3A05F101094146BB4289BF0EAB31
:1066B0003020FB1858795645039B00F3EC8098472F
:1066C000002807F10107FFF675AEBAF1FF3F08D1C8
:1066D00041462E20039B98470028FFF66BAE05F13C
:1066E00002094D46DBE7742F3FF49DAE7A2F3FF44D
:1066F0009AAEFBE61BF0800F18BF4BF4007B4BF00B
:10670000800B90E61BF4807F18BF4BF4007B4BF4AA
:10671000807B88E64BF4207B85E626465446B346CC
:10672000B24680E6FF431BF0400F07F0200308BF8E
:106730000626B9F1650F06930D9B03F1070323F0BD
:10674000070303F10802D3E900010D9213D1731C72
:1067500000224BF4805BDBB21446112BCDE9002400
:1067600028BF11230EAA01F073F80E9FC3B2049341
:1067700002230593FCE6B9F1660F05D14BF4005BEB
:10678000344601221123E8E7F3B200224FF06509F5
:10679000012B144638BF0123DFE70223F9E6002B63
:1067A0003FF40CAFBAF1030F39DC9DF83C30A14E39
:1067B00013F0080FA04B08BF1E463746B94617F81E
:1067C000010BA0BBAE1BB14478E023BB2B23F5E645
:1067D0001BBB2D23F2E62022BAF1040F12DD1BF0C1
:1067E000080FAAF104040ED12C4441462020039B3B
:1067F0000135049298470028FFF6DCADA542049AC3
:10680000F3D192B1002441461046039B01359847CD
:106810000028CADACEE52B22DEE72D22DCE71BF0CA
:10682000080FAAF10304C0D1DEE71446BDE7069BBA
:106830004146C01A039BC0B298470028BEDAB9E5AA
:1068400004990139C9B20491C3E6561EDAE600265E
:10685000D8E61BF4006F059A0CBF032405241444EA
:10686000D8E61BF0100F18BF0134DAE60B9341464F
:10687000039B20209847002805F101050B9BBFF6DC
:10688000D9AE97E541463020039B01359847002853
:10689000BFF6F7AE8EE598470028FFF68BAD1BF0EC
:1068A000100F0BD0BAF1FF3F08D105F102094146A4
:1068B0002E20039B98470028FFF67CAD4D464C44A4
:1068C0002BE241469DF83D00039B98470028FFF6C8
:1068D00071AD002E65DD41462E20039B98470028B0
:1068E000FFF668AD4FF0010A049B4146D3469A4536
:1068F000B7BF0EAB302053445879039B984700280C
:10690000FFF658AD0AF1010A5645EDDA02355D444D
:10691000069B4146A9EB0300039BC0B298470028A1
:10692000FFF648AD002F4146039BB6BF2D202B201C
:106930007F4298470028FFF63DAD059B042B3DD1D3
:106940004FF47A794146039B0335B7FBF9F606F11C
:106950003000C0B298470028FFF62CAD09FB16772F
:106960004FF064094146039B0135B7FBF9F606F188
:106970003000C0B298470028FFF61CAD09FB16771F
:106980004FF00A094146039B0135B7FBF9F606F1C2
:106990003000C0B298470028FFF60CAD09FB16770F
:1069A00013E01BF0100F01D10135B1E741462E2055
:1069B000039B023598470028AADAFBE4059B0235C1
:1069C000032BCDD0059B012BDAD107F1300005F167
:1069D00001094146C0B26CE7A7F16303122B00F234
:1069E000FE80DFE813F013005600FC00FC00FC0002
:1069F000FC005600FC00FC00FC00FC00FC00160142
:106A0000F700FC00FC002B00FC00B8000D9B0124EB
:106A10000EAF1A1D1B680D928DF838301BF0080F51
:106A20002DD03E19B946B1452BD1EF1BB944AAEB85
:106A3000040443E719770300157703000D9B1A1D23
:106A40000D921F68AB4B002F08BF1F461BF0400F75
:106A5000384614BF31464FF0FF310AF0D0FE0446ED
:106A6000DCE741462020039B98470028FFF6A2ACB4
:106A7000013EB442F5D35544B246AD1BD1E756466C
:106A8000F7E7414619F8010B039B98470028CADA3B
:106A900090E41BF0800F0D9B35D01BF4007F2DD0B0
:106AA000073323F0070303F10802D3E900010D9235
:106AB0002BF0100900291FFA89F936DA404249F40F
:106AC000806961EB41010DF1380B0A235A460AF047
:106AD000DFFE19F0400FA0EB0B0B65D029F001028F
:106AE0005E4592B240F3B280002F00F0A98019F009
:106AF00010033446914626D002345CE01A1D186813
:106B00000D92C117D4E71A1D1BF4807F19680D92EE
:106B100001D10846F5E71BF4007F19BF48B241F3E5
:106B2000C01108B241F3C031C2E750EA0103CAD133
:106B30001BF0400FC7D0002EC5D12BF0110B3446EF
:106B40001FFA8BF9B34640F2064319EA03031CBF50
:106B5000013400232FE02BF0100B0A231FFA8BFBCC
:106B60001BF080040D9A57D01BF4007115BF07323B
:106B7000101D22F007020D900FBF106802F10801EE
:106B80000D91D2E9000150EA010252D12BF0160911
:106B90001BF0400F1FFA89F94FD0002E4DD12BF07A
:106BA000170B1FFA8BF9B34619F0100352D0002FC0
:106BB0004ED10BF1010419F0080F5ED119F0010F4D
:106BC00006D0A2456EDDAAEB040404EB0B06544686
:106BD00022464DE04BF0100B10237827C0E7B9F1A7
:106BE000780F04D1C7F1780343F01003B8E74146AA
:106BF0002520039B98470028FFF6DCAB414638462A
:106C0000039B98470028FFF6D5AB0235079BFFF79B
:106C1000C3BB08230027A3E7111D10680D911BF4C7
:106C20008071B0D01BF400711ABFC0B2214680B28F
:106C3000A9E72BF0060B1FFA8BF90DF1380B45E78E
:106C400029F0110934461FFA89F97CE79146ABE730
:106C50005C4651E75C4676E7CDE9042341462020B7
:106C6000039B98470028FFF6A5AB049A059B0132C9
:106C70009245F1DC2C1BA5181446F3B14146302097
:106C8000039B98470028FFF695AB6FB90135A946DD
:106C90002E44A6EB09035B4521DC5D460EAE5DBBD1
:106CA000D944C4E65E4693E7023541463846039B25
:106CB00098470028EBDAFFF77DBB40F2064319EA5C
:106CC000030FE4D019F0020F05F10105414614BF8E
:106CD0002B20202019F4806F18BF2D20E7E74146B4
:106CE0003020039B09F1010998470028D1DAFFF70A
:106CF00061BB00BF1D770300013D4146039B705DF2
:106D000098470028CBDAFFF755BB41462020039B6C
:106D1000013598470028FFF64DAB631B002BF4DCD0
:106D200074E700BF2DE9F04F002391B00290079265
:106D30000E920F9306930D4615F8016BAEB1202EFF
:106D400017D0A6F10903042B13D9252E17D00FA9AC
:106D500002980AF0C4FD031EC0F2F380DBB2B34216
:106D60000BD00FAA02990AF0C4FD069811B0BDE835
:106D7000F08F0FA902980AF0C4FD2946DBE74E7890
:106D80008D1C252EE3D02A2E03BFCD1C8E78012426
:106D900000240027A6F13003DBB2092B19D9A20782
:106DA00023D5242E23D1079B24F0020400220E9326
:106DB000A4B201239F4215DC42B17B1E002F0E9A24
:106DC0004FEA8303D8BF00231A440E9215F8016BD3
:106DD000DFE744F002040A2215F8016BA4B202FBBB
:106DE0000737D7E701330122E4E74FF0FF376C2E76
:106DF00035D007D8682E24D06A2E3FD04C2E37D0FD
:106E000026B9B2E7742E36D07A2E34D0314689486E
:106E10000AF0A9FC0028A8D014F001030C9311BFBC
:106E20004FF0000A0E9B1A1D0E9208BFD3F800A067
:106E30006E2E26D10F9A0023504600940AF076FD5C
:106E40009BE72E78682E04D044F02004A4B20135CC
:106E5000D6E744F030046E78A4B20235D0E72E783D
:106E60006C2E02D044F00404F0E744F00C04F2E786
:106E700044F00C04A4B215F8016BC1E744F0080417
:106E8000F8E7632E1FD114F0020F04F0040408BFCA
:106E900001270FA902980AF022FD002851DBBAF160
:106EA000000F02D064B14AF8040B013FF1D10C9BF2
:106EB000002B7FF462AF069B0133DBB206935CE7E5
:106EC0000AF8010BF1E75B2E5DD12B7800265E2BD3
:106ED00006BF01354FF001094FF000090FA90298D4
:106EE0000AF0FDFC0022A84605F1010E9446114669
:106EF00018F8013BFBB1F04508D05D2B12D02D2BCB
:106F000004D132B90B4601221946F1E7002A08BF25
:106F1000194688424FF00002F6DB9842D8BF4FF086
:106F2000010CF1E7002805DBE14511D10FAA029918
:106F30000AF0DFFCCEB9029B9B7813F00C0F3FF4F4
:106F400014AF069B002B14BF18464FF0FF300DE71F
:106F5000BAF1000F05D063074CBF4AF8040B0AF8DA
:106F6000010B013F4FF00106B8D1BAF1000F01D17A
:106F700045469CE714F0040416BF00238AF800403D
:106F8000CAF80030F4E70FA902980AF0BAFC00280A
:106F9000D7DB582E7BD0643EF3B2142B00F2BD80B9
:106FA000142E00F2BA80DFE806F00BB8B8B8B8418A
:106FB000B8B8B8B8B86F72B8B852B80BB8B87200F1
:106FC0004FF00A080FA902980AF089FC2B2804D078
:106FD0002D280AD144F04004A4B2013FABD00FA940
:106FE00002980AF07CFC0028A5DB302877D1B7F1A5
:106FF000010918D00FA902980AF071FC002812DBD1
:1070000040F0200344F08004782BA4B242D138F041
:10701000100344D1B7F1020905D00FA902980AF074
:107020005EFC002862DA002637464CE04FF000088C
:10703000C8E700BF24770300BAF1000F05D0660748
:107040004CBF4AF8040B0AF8010B013F0FD00FA9FF
:1070500002980AF044FC002809DB202803D0A0F1A4
:107060000903042BE8D80FAA02990AF042FCBAF1EE
:10707000000F3FF41CAF14F0040416BF00238AF87D
:107080000040CAF8003012E74FF008089AE74FF0C6
:10709000100897E7B8F1000F08BF4FF00808002666
:1070A00037463928034682BF00F1FF3343F02003FF
:1070B000263B303B98451CD80FAA02990AF019FCD0
:1070C00020067FF538AF610602D5764267EB4707A9
:1070D00032463B46504600940AF028FCE7E6B946A3
:1070E000B8F1000FDBD14FF00A08D8E74FF01008D5
:1070F000D5E7A8FB066244F080049E1908FB07222E
:10710000A4B242F10007B9F10109DCD00FA902983D
:107110000AF0E5FB0028C4DAD5E70FA902980AF0C7
:10712000DEFB03909DF80C302B2B04D02D2B0DD1C2
:1071300044F04004A4B2013F3FF4FDAE0FA9029811
:107140000AF0CDFB031E0393FFF6F5AE039B43F05D
:107150002003692B69D06E2B00F099804FF0000856
:107160000A234646C146CDE90488220540F1BE8087
:10717000039A42F02002D2B2A2F16101052900F285
:10718000B580573AD2B2934240F3008144F0800B6D
:10719000E1051FFA8BFB40F1CC801BF4807F0BF4E0
:1071A000007100F0D7800598002A18BF40F0010058
:1071B000059009B908F10108013F0D9300F0FB802B
:1071C0000FA902980AF08BFB031E5C4603930D9BEC
:1071D000CBDA21067FF5AFAE2205039A4CBF7023B0
:1071E000652342F0200248BF4FEA88089A4240F0E7
:1071F0002A81B7F1010B00F028810FA902980AF04B
:107200006EFB0346C2B22B2A05D02D2A40F0F18036
:1072100044F48064A4B2B7F1020B40F0CE800FAA10
:10722000029918460AF065FB0FE1734E4FF0000813
:10723000DFF8C89116F801BBBBF1000F13D0013F76
:107240000DD00FA902980AF04AFB031E07DB43F09A
:1072500020035B45EED00FAA02990AF04AFB684B67
:107260009E427FF468AE42464B4640464946E9F7A7
:107270008FFB38BB013F25D00FA902980AF02FFBE6
:10728000282816D00FAA02990AF033FB1AE05D4EA7
:107290004FF00008DFF87091CCE720F02003413B6D
:1072A000192B06D9A0F13003092B02D95F287FF4EE
:1072B00042AE013F3FF43FAE0FA902980AF00FFB28
:1072C0002928EAD1630606D509F10043CDF82880C4
:1072D0000B93DDE90A89BAF1000F3FF4E8AD14F031
:1072E0000C0F00F06D81CAE90089E0E5039A303A9D
:1072F000D2B29A4240DA44F0800BE1051FFA8BFBD0
:107300003FF54BAF0A2B14D114F00C0F1FD1049989
:1073100008297FF742AF44F4C07B042A1FFA8BFB95
:107320007FF63BAF052A4FF0020108BF002205910E
:1073300033E714F00C0F049907D107297FF72DAF1D
:1073400044F4C07B1FFA8BFB27E70F29F6E704996B
:107350001029DEE709B108F1FF38A3FB0661961991
:1073600003FB091141F1000956EA09023FF424AF79
:10737000049A013204921FE7FE2A07D1A2053FF5C5
:1073800028AF44F4007B1FFA8BFB15E7039A04F047
:10739000800342F02002782A7FF41BAF002B3FF4D9
:1073A00018AF56EA09037FF414AF44F4006B1023BE
:1073B0001FFA8BFB00E75C460BE70FA902980D93C1
:1073C0000AF08DFA0D9B1F460346A3F13002092AED
:1073D0001CD918460FAA02990AF08BFA7B1C04D01C
:1073E0000FAA029938460AF084FA0FAADDE90210C2
:1073F00018E74FF0FF37E8E73B7703000000F07F26
:107400003E770300387703000000F87F00270A2248
:1074100040F2D3418F42DCBFA3F1300102FB0717DA
:10742000BBF1010B09D00FA902980AF058FAA0F19C
:10743000300103460A220929EAD96005039348BFAF
:107440007F42B8445F46002FCFD156EA090300F0CF
:10745000B280210504F00C0240F18A80002A4FF02E
:1074600001005F4912BF352318236FF07D015F1CB7
:10747000A3F11F02C7F1200C00FA02F2B84420FA6F
:107480000CFCB84042EA0C02864279EB020751D369
:107490000127A3F11E02C3F11E0C981C07FA02F289
:1074A00027FA0CFC07FA00F042EA0C02864279EB5C
:1074B000020745D2884543DB059A324316464A46C1
:1074C00006F00300032803D006F0060006280BD1BF
:1074D000043649F10002B2F5000F21BF760808F129
:1074E000010846EAC2765208B608C3F13500C3F176
:1074F0001507153B46EA8276920806FA07F726FA40
:1075000003F3824006FA00F03A431A43344B99429F
:1075100025D1B8F5806F5DDAB2F5801F25D308F26A
:10752000FF3822F4801242EA085308900993DDE9FB
:107530000889C7E6B61908F1FF3849EB0909A3E73E
:10754000770806F0010608F1010847EAC9774FEA13
:1075500059093E43AAE7001808F1FF385241B2F535
:10756000801F34D218F57F7FF5DA4FF00008DAE794
:10757000059B06F001001843049B0130434480083A
:10758000301849F100015AB113F5A27F13DDB3F5AC
:107590009B7F1FDA424600F069F88046894691E6F3
:1075A00013F12D0F07DB272B14DC41460AF004FAF8
:1075B000E8F72EFFF1E74FF000084FF0000981E6F1
:1075C00040464946E9F73EFACAF800006FE4B8F5CC
:1075D000806FA4DB4FF00008DFF8089072E600BF70
:1075E00002FCFFFF0000F07FF0B589B005460C46B5
:1075F000164600211C2201A81F460AF098F8022313
:10760000204605958DF806300A4B02932CB1B4F153
:10761000004F28BF4FF00040013805443A4631463C
:1076200001A80695FEF7AAFE14B1059B00221A7068
:1076300009B0F0BDB71E030070B588B006460C4611
:10764000154600211C2201A80AF071F801232A46E0
:1076500021468DF8063001A8034B05960393FFF7EA
:1076600061FB08B070BD00BFA31E03002DE9FF47FA
:10767000804616460F46002900F09E80B1FA81F43C
:10768000341B002E04F10A04C0F29E80304600F044
:107690003FFB0444304600F041FBA4EB06090546DD
:1076A0006946304600F062FBA9EB05036A46404696
:1076B0007D3339460AF050F9A64282460D467FDCFA
:1076C000B9F13F0F7EDC4FF0FF33A9F12000C9F183
:1076D000200103FA00F003FA09F223FA01F103FA98
:1076E00009F3024328EA03030A4327EA0202134389
:1076F0000CBF01200020002D00F08880B5FA85F332
:10770000E31A40F2FE7203F23E43934200F3878095
:10771000002B23EAE376D4BF01223246121BA2F2E9
:107720003341A2F23447A2F25344C1F1200C2AFAA9
:1077300001F325FA04F4C7F1200E05FA0CFC25FA32
:1077400001F105FA0EFE43EA0C03A2F2544CA2F238
:10775000544223432AFA07F425FA0CFC44EA0E04A7
:1077600044EA0C04C7F1200C14F0010F52D0A8B168
:107770004FF0FF3000FA02F200FA07F4144320FA47
:107780000CF2B840144303F001022AEA000A25EA89
:1077900004054AEA020A5AEA050A3BD0013341F1DC
:1077A0000002C2F3130253EA020136D0184642EA3D
:1077B000065104B0BDE8F087B0FA80F420345FE7EA
:1077C000012098E7002096E7C6F10009484600F03E
:1077D000A5FA241A484600F0A1FAA61B05466946F8
:1077E00048462E4400F034FB6A46404606F17C03CE
:1077F00039460AF0B1F882460D464046394600F057
:107800009DFA81458CBF0020012074E7BAFA8AF303
:10781000203375E7C1F31302C8E70136C6E700203D
:107820000049C6E70000F07F1FB502AB074A00938E
:107830004FF0CC330AF042FADDE90201C00840EA19
:107840004170C90805B05DF804FB00BFCDCCCCCCBD
:107850002DE9F04F9BB0044605920A460A93C2F305
:107860000A559DF89030D20F0B93C1F31303099280
:10787000090D7DB950EA03021CD1059A3023012677
:107880005371099B156043F00203137130461BB01E
:10789000BDE8F08F40F2FF7295424BD10343099B44
:1078A000059A4FF0000614BF43F0080343F00403A9
:1078B0001371EBE700F001024FEA830887009A4654
:1078C0000892012248EA9078AA4D1646C5F1000BAD
:1078D0000692584600F016FAB5F1FF3FACBF81465C
:1078E000A0F10109ABEB090B09EB05035846049322
:1078F00000F01CFA16A9A0F17D05584600F036FAF2
:1079000012AB069AA9EB0505019310AB2046029233
:10791000009316AA2B4651460AF0DCF8B9F1010F84
:1079200004460D4600F2D280089B002B40F0C58033
:1079300001276BE043F4801A00F001020343A5F233
:1079400035454FEA8A0808924FEA800748EA90785E
:1079500049D140F2FE7319420CBF01260026002DCA
:107960003246B3DB284600F0C7F9032DC8BF013803
:10797000049000F0DBF9049B7C3016A95D1B0544E4
:10798000184600F065FA12AB204616AA019310AB18
:107990005146029600932B460AF09CF8049B04463D
:1079A0000D46152B00F2868014AB734A38464146CB
:1079B00000934FF0CC330AF081F9149B159A9B0881
:1079C00043EA827303EB8303BB42DDE9109A0CD1D7
:1079D0003846414600F0B2F9049B83428CBF002731
:1079E0000127002612E00126B9E7089B002B51D1A0
:1079F000013F48F1FF31B81B61F1000100F09EF931
:107A0000049B089F83428CBF002601260B9B002B02
:107A100040F09180DDF828B04FF000084FF00A0ADE
:107A2000CDE90688DDE91001FFF7FEFE129BCDE9E6
:107A30000C01184613990E93FFF7F6FE0C9B814636
:107A40000D9A98420B460F91934180F08E8020460C
:107A50002946FFF7E9FE0AFB09F30E9AB8F1000F79
:107A600014BF002707F001070AFB10480D46934298
:107A700014BF002606F001060C9B5FFA88F8044646
:107A800010930D9BCDE911390F9B1393079B013385
:107A90000793C7E7B81C48F1000100F04FF9049BB9
:107AA00083428CBF00200120B9EB00006AF1000284
:107AB000CDE9100200273E46A8E7109B0127119A46
:107AC000013B42F1FF32CDE910328AE7B9F13E0FB6
:107AD000F0D84FF0FF33A9F12000C9F1200103FADB
:107AE00009F203FA00F023FA01F103FA09F3024361
:107AF00027EA03070A4328EA020857EA08070CBFE7
:107B0000012700276DE700FB02FC0133A1FB0012F7
:107B100062448C4275EB020CF5D2049ADDF828B071
:107B20001344259A1344D20F9342B8BF13469B4582
:107B3000A8BF9B4670E70A21002201230846E8E718
:107B40000AFB03F00131A2FB0A230344944275EBC4
:107B50000300F5D2594511DDBBF1000F02D154EA03
:107B600005030BD00123069371E70A2200230121AC
:107B7000ECE700BFCCFBFFFFCDCCCCCC002E2FD050
:107B80004FF00A0A129B139918460D93FFF74CFE0B
:107B90000D9B0AFB00F281460C919A4220D1B8F16C
:107BA000000F14BF002707F00107DDE91001FFF700
:107BB0003BFE0E900D9120462946FFF735FE0D9BAA
:107BC0000AFB10480E9A04460D465FFA88F8109298
:107BD000CDE911390C9B1393079B01330793D1E730
:107BE000DDF81090079B9944002F5DD0B8F1050F88
:107BF0005AD114F001034DD1069A32B9DDE91223AE
:107C00009D4208BF944262D0069B18194FF00A04A7
:107C10004FF000024FF0010645F100012546A04259
:107C200071EB020756D2F3B1B3451CDA0B9B6BB173
:107C300006EB0903259ADDF828B01344012BB8BFE1
:107C400001239B45A8BF9B465E450CDD053009F12D
:107C5000010906F1FF364FF00A024FF0000341F12F
:107C60000001E8F78FFF5E450FFA89F9059BA8BF71
:107C70005E4636B2B14406F1050809F1FF37984473
:107C80004FF00009B1452CDB059B1A461F60099B8C
:107C90001371FBE5069B2BB9DDE912239D4208BF5A
:107CA000944209D00123B0E7069B53B9DDE91223C2
:107CB0009D4208BF944204D1089B002BF2D1002EB4
:107CC000F0D0B8F1040F94BF002301239DE74FF0DB
:107CD0000408F1E705FB02F70136A4FB05423A442C
:107CE0009DE70A220023E8F74DFF303209F1010930
:107CF00008F8012DC6E700BF014B5843800C7047C0
:107D000041340100014B5843000D7047FB2E0B001E
:107D1000014B5843C00C70474F931200024B58431D
:107D2000C00C0130704700BF4F931200024B584304
:107D3000C00C0130704700BF4F93120070B503466E
:107D4000094A00204FF0CC364FF0333506FB03F4E0
:107D500002FB0144A3FB023121449D4275EB010467
:107D600001D30130F2E770BDCDCCCCCC1A232DE984
:107D7000F04FB0FBF3FA334E03FB1A0389B004460D
:107D80000D4606EB0A1653B9D6E90023C1E90023D4
:107D9000D6E90201C5E9020109B0BDE8F08F2A4A1F
:107DA00002EBC303D3E9008904AB40464946009384
:107DB000D6E9022309F082FF06AB83460F46404610
:107DC00049460093D6E9002309F078FF0023814655
:107DD000DDE9066216EB0B0652EB070828BF01230C
:107DE00033B1049B059A013342F10002CDE904321C
:107DF00020460391FFF79AFF07461A2000FB0AF07E
:107E0000FFF794FF3F1A32464346484603990097CE
:107E100009F06FFF0D4A4FEA141C640004F01E03C2
:107E200052F82C40DC4004F003042418304641F1A1
:107E30000001DDE90423C5E900414146009709F04E
:107E400058FFA7E7B8260300E8250300F8740300ED
:107E50002DE9F04F1A2700F11905DFF8E0A089B0ED
:107E600004460E46B5FBF7F56F434FEA051B0AEBD8
:107E700005153A1A0AD1D5E90023C1E90023D5E94D
:107E80000201C6E9020109B0BDE8F08F2C4B03EBFB
:107E9000C203D3E9008904AB404649460093D5E9C3
:107EA000022309F00BFF5AF80B206B68013ACDE969
:107EB000020106A963F1000340460091494609F01A
:107EC000FDFE8A46029900238146DDE906526D18BF
:107ED000039952EB010828BF012333B1049B059A93
:107EE000013342F10002CDE904323846FFF71EFFAC
:107EF00007462046FFF71AFF3F1A2A4643464846E0
:107F00005146009709F0F5FE0E4A4FEA141C640032
:107F100004F01E0352F82C40DC4004F0030401344A
:107F20002418284641F10001DDE90423C6E9004197
:107F30004146009709F0DDFEA3E700BF8827030054
:107F4000E82503004C7503000B4631F0004107D1D2
:107F500090B10D4A1A40002A14BF04200320704734
:107F6000094A13420AD0094B994209D9914209D1D1
:107F7000B0FA80F040097047022070470320704734
:107F800004207047002070470000F07FFFFFEF7F64
:107F900070470138C0B20B2806D840F68F6323FA29
:107FA00000F000F0010070470020704770B5ADF59B
:107FB000067D06460D4614464FF4067200216846BB
:107FC00009F0B5FB8DF8006009F0DCF84A0142EADF
:107FD000D06243011B1A62EB0102920042EA9372E3
:107FE0009B001B1842EB0102D20042EA5372C3F31A
:107FF000103343EA4243D20B029303926DB164B152
:10800000B4F5007F01D94FF40074224629460DF1E2
:10801000120009F065FBADF810406846E9F78CF8EE
:108020000DF5067D70BD38B5054617E041F2883480
:10803000AC4228BF2C460120EDF748FD610CE3035C
:1080400040F2E73298184FF47A724FF0000341F192
:108050000001E8F797FD08F0BCFF2D1B002DE5D1CE
:108060000120EDF733FD38BD2DE9F84307461D1E0D
:1080700002DA002426463EE0144609F083F84E0159
:1080800046EAD06643011B1A66EB0106B60046EAD3
:1080900093769B001B1846EB0106F60046EA5376E2
:1080A000C3F3103343EA4643E41845EBD63622E0E7
:1080B00041F288384FF000090120EDF707FD4946ED
:1080C000B9F1000F4BDBC90341EA58414FEAC83808
:1080D00040F2E73318EB03004FF47A724FF00003DD
:1080E00041F10001E8F74EFD02460B463846FCF729
:1080F0002FF98046B8B3002DDADB09F043F88E463D
:108100004B0143EAD0634FEA401CBCEB000C63EB2D
:1081100001039B0043EA9C734FEA8C0C1CEB000CA0
:1081200043EB0101C90041EA5C71CCF3103C4CEA1D
:10813000414CB4EB0C0C66EBD131BCF1010F71F189
:10814000000316DBE046894641F289339C4571F114
:108150000001B1DB41F288384FF00009ACE74FF085
:1081600000084146AFE70120EDF7B0FC4046BDE80E
:10817000F8836FF00A08F9E708B50378013B032B91
:1081800008D8DFE803F002080E120120E9F72AFF01
:10819000EEF798FE08BD0020E9F724FFEEF7A4FEF5
:1081A000F8E70220E9F71EFFF4E7E9F79DFF022850
:1081B000F0D10120E9F716FFECE708B50378032BAF
:1081C00000D008BDE9F7ACFFFBE710B50C46EAF7B5
:1081D000AFF830B102220270A0F85240012280F8BC
:1081E000542010BDAAB170B505460C46164690B194
:1081F00099B11046E8F7F2FC024680B1844201D8FA
:1082000000200BE001323146284609F069FA0120CE
:1082100004E000207047002000E0002070BD002036
:10822000FCE7704710B54FF0000CE646634608E0E7
:1082300010F80C402344DBB29E445FFA8EFE0CF132
:10824000010C8C45F4D3137082F801E010BDF8B531
:108250000F4615461E46002401E001300134BC42A1
:1082600008DA2C2109F07FFA0028F6D100262E70BA
:10827000304617E0044600E00134217819B12C297A
:1082800001D02A29F8D1013E241AA64228BF264649
:1082900032460146284609F023FA0023AB55F01A6E
:1082A00018BF0120F8BD08B508F06CFF02464B016D
:1082B00043EAD0634001801A63EB01039B0043EA69
:1082C00090738000801843EB0103DB0043EA507396
:1082D000C0F3103040EA434008BD00B586464FF079
:1082E000000C4FF6FF700FE0400080B20133072B07
:1082F00008DC10F4004FF7D041F2210282EA40007E
:1083000080B2F3E70CF1010C8C4505D21EF80C305D
:1083100080EA03200023EAE75DF804FB30B583B070
:1083200084689A4206D32468BDF818500095A04787
:1083300003B030BD6FF01500FAE738B51346856815
:10834000046912F4801F07D012F4402F04D012F0F9
:10835000010F01D082F4402323F4801213F0010FA7
:108360000AD023684FF0010C0CFA01FC43EA0C031D
:1083700023602B68984738BD23684FF0010C0CFA36
:1083800001FC23EA0C032360F3E708B503468C469F
:1083900000681979DA8842EA0C02FFF7CEFF08BDBF
:1083A00008B532B1012303FA01F18368DB6898470D
:1083B00008BD012303FA01F183681B699847F7E7B9
:1083C00010B503691C6801238B401C4202D0B2FA2D
:1083D00082F25209FFF7E4FF10BD10B500240CE053
:1083E00014F0070F0CBF01200020EDF77BF90134DA
:1083F0004FF40050002108F0ECFDE9F775FE02286B
:10840000EED014F0010F0CBF01200020EDF76AF947
:10841000EDE708B508F0B6FE02464B0143EAD0632B
:108420004001801A63EB01039B0043EA90738000D4
:10843000801843EB0103DB0043EA5073C0F31030B4
:1084400040EA434008BD38B505460C460846EDF7FE
:1084500055FC21462846EDF7C1FD38BD38B5044628
:108460000D460846E8F7BAFB6368834201D0002056
:1084700038BD02462946206809F065F908B1002098
:10848000F6E70120F4E708B5EFF792F908BD10B55B
:108490000C4600230B70F7F7AFFA002800DB10BD85
:1084A00000232370FBE770470020704700EBC101F9
:1084B0008368B3F5004F0AD322B14B6843F0010340
:1084C0004B6070474B6823F001034B60704722B14B
:1084D0004B8843F001034B8070474B8823F0010326
:1084E0004B807047C9008368B3F5004F03D308235E
:1084F0001944084470470423FAE710B400EBC10C98
:108500008468B4F5004F1AD3DCF80C30994219D0C6
:10851000B4F5004F2ED3DCF80810063200EB8202CF
:10852000536000EBC102B4F5004F26D3D36000EBDB
:10853000C3038268B2F5004F21D399600DE0BCF807
:108540000630E3E7C3680121914023EA0103C360D9
:10855000063200EB8202002353608368B3F5004FBC
:108560000FD3DCF8042052080369A3EBC2030361B4
:1085700010BC7047BCF80410CFE7D380D7E79980D0
:10858000EBE7BCF80220EEE7931D00EB83035B688A
:1085900043BBC3684FF0010C0CFA02FC43EA0C0326
:1085A000C360063200EB8202516000EBC1038268B7
:1085B000B2F5004F12D399608268B2F5004F0FD325
:1085C000D96000EBC1018368B3F5004F4AD34A6814
:1085D0005208036903EBC203036170479980EBE71C
:1085E000D980EEE710B500EBC30C8468B4F5004FFA
:1085F00028D3DCF8082000EBC10EB4F5004F24D3DB
:10860000CEF808208468B4F5004F21D3CEF80C30A2
:1086100000EBC2028368B3F5004F1CD3D1608368BE
:10862000B3F5004F19D3CCF8081000EBC1018368F3
:10863000B3F5004F14D34A685208036903EBC20331
:10864000036110BDBCF80420D5E7AEF80420D9E7DB
:10865000AEF80630DCE7D180E1E7ACF80410E4E7DF
:108660004A88E9E74A88B3E730B400EBC10C846874
:10867000B4F5004F29D3DCF80450531A891A01EBE2
:1086800055015D00B4F5004F22D3CCF804504C00E6
:1086900000EBC20C8568B5F5004F1CD3CCF8044044
:1086A0008468B4F5004F19D340F832308368B3F5CD
:1086B000004F16D3DCF8044002EB5402B3F5004F30
:1086C00012D340F8321030BC7047BCF80250D4E7E7
:1086D000ACF80250DBE7ACF80240E1E720F83230BA
:1086E000E4E7BCF80240E7E720F83210EBE730B4EB
:1086F00000EBC1018468B4F5004F1ED34B685B08E2
:1087000000EBC20CB4F5004F19D3DCF8045003EBB6
:1087100055035D00B4F5004F14D34D608168B1F589
:10872000004F11D3DCF8044002EB5402B1F5004FC6
:108730000DD340F8323030BC70474B88DFE7BCF8CF
:108740000250E4E74D80E9E7BCF80240ECE720F88E
:108750003230F0E78368B3F5004F04D30823C91A19
:10876000081AC00870470423F9E708B58368B3F511
:10877000004F07D300EBC10252685208012A02D011
:10878000002200E00022A2B900EBC102B3F5004FC5
:1087900010D352685208B3F5004F0DD308230833A5
:1087A000A2EBD3020132B2FA82F2C2F11F02FFF74A
:1087B000A4FE08BD5288EDE70423F0E708B58368FE
:1087C000B3F5004F07D300EBC10252685208012AEB
:1087D00002D0002200E00022A2B900EBC102B3F5F2
:1087E000004F10D352685208B3F5004F0DD3082341
:1087F0000833A2EBD3020132B2FA82F2C2F11F02B5
:10880000FFF7C2FE08BD5288EDE70423F0E7F8B594
:1088100004460D46CE0000EBC1078368B3F5004F58
:108820001FD3796805EB510104EBC102B3F5004F8A
:1088300019D3536813F0010F17D0A368B3F5004F95
:1088400024D3A159691A04EBC102B3F5004F1FD319
:10885000536813F0010F1DD029462046FFF7AEFFE5
:10886000F8BD7988DEE75388E4E72046FFF77DFF0F
:10887000A368B3F5004F07D37A6805EB5202294687
:108880002046FFF734FFD8E77A88F6E7A15BD9E7FF
:108890005388DEE72046FFF768FFA368B3F5004F73
:1088A0000CD3A1592A46691A2046FFF720FFA36876
:1088B000B3F5004F04D3A359ED1ACDE7A15BF1E75F
:1088C000A35BF9E7F8B58568B5F5004F11D3082328
:1088D0000833A1EBD3030133B3FA83F3C3F11F02CF
:1088E000C3F1250400EB8404676857B34FF0030C11
:1088F00013E00423ECE7BEF8026019E02146FFF71D
:10890000FCFD26E0BEF80660941D00EB8404666062
:10891000BCF1010C15D0B74213D0941D00EB8404B8
:10892000646800EBC40EB5F5004FE4D3DEF80460D4
:10893000B1EB560FE2D9B5F5004FE3D3DEF80C608A
:10894000E2E7C468C3F12002012393405B421C406C
:1089500001D12046F8BD94FAA4F2B2FA82F2931D36
:1089600000EB83035C682146FFF7C7FDF1E7E9B13F
:1089700038B504682046FFF7EDFE054600220146A3
:108980002046FFF793FD04EBC503A268B2F5004F44
:108990000AD35A6852086369A3EBC203636129468C
:1089A0002046FFF734FF38BD5A88F3E77047F8B523
:1089B0000468002948D0CD0801F00703A268B2F589
:1089C000004F30D308210B44073305EBD305954204
:1089D00028BF154629462046FFF774FF0646A8B370
:1089E00004EBC007A368B3F5004F1ED37B68B5EB5B
:1089F000530F1CD3012231462046FFF757FD314665
:108A00002046FFF76FFDA368B3F5004F1AD37A68CD
:108A10005208636903EBC2036361A269934238BFE2
:108A20001346A361F8BD0421CDE77B88DFE7354419
:108A30002A4631462046FFF717FE29462046FFF713
:108A4000BDFED7E77A88E3E70020EBE70020E9E7FF
:108A500008B51146FFF7ABFF08BDF8B5B2F5802F9A
:108A600026D30823D21ACC1D24F0070401EB020CF4
:108A70002CF0070CACEB040C4FEADC010460A160A5
:108A80000023E36023616361A361BCF5802F11D3F0
:108A900008230833A1EBD3030133B3FA83F3C3F103
:108AA000200EC3F127039B00DE1DF508002309E01B
:108AB0000423D7E70423ECE79A1D04EB820200208D
:108AC000506001337345F7DB6B00BCF5802F32D368
:108AD0006360BCF5802F30D300232360BCF5802F6A
:108AE0002ED3636843F0010363604A1B570026F0EE
:108AF0000703E018BCF5802F27D34760A068B0F5C6
:108B0000004F24D3E5502CF00703A444A068B0F52F
:108B1000004F1ED30020CCF80400A068B0F5004F31
:108B20001BD3E25001222046FFF7C0FC2946204615
:108B3000FFF744FEF8BD6380CBE700232380CDE739
:108B4000638843F001036380CFE74780D6E7E552AF
:108B5000D9E70020ACF80200DFE7E252E2E710B507
:108B60000C4611461A46029BA04710BD4038C0B2C1
:108B70003A288CBF002001207047F8B506460378DC
:108B80004578847804EB83040444002706E001342C
:108B90002046E8F723F8013004440137AF42F6D30A
:108BA000A01BF8BD70B5144668B10D4619460646BF
:108BB0002BB91046E8F712F883B2013399B22A466E
:108BC0002046B04770BD1046E8F708F80130F9E7D5
:108BD0005BB32DE9F04782B00746884691461D46B3
:108BE0001A785E789C78DB7804EB820404EB43040B
:108BF0002C444FF0000A0AE014F8013B45F82340EA
:108C00002046E7F7EBFF013004440AF1010AB245C0
:108C1000F2D305F1080300936B684A464146384693
:108C2000FFF79DFF02B0BDE8F0876FF015007047B9
:108C30002DE9F0410446884600273E4607E0702DA6
:108C400018D02846FFF792FFB8B9252D0ED014F89A
:108C5000015B75B1002EF8D04745F0D02846FFF7EC
:108C600085FF0028F1D001370026EEE786F00106E7
:108C7000EDE700263046BDE8F0810026FAE738B57A
:108C800003684268002A21DB012B72F100040FDB2C
:108C90000D684C68012D74F1000C09DB6FEA030CC0
:108CA000AC456FF0004CACEB020C7CEB040C1DDB14
:108CB0004C680D685B1942EB0402036042608368F4
:108CC0008A6813448360EFF769FA38BD0D684C6811
:108CD000002CD9DAD3F1000E4FF0004C6CEB020CF3
:108CE000754574EB0C04CFDA0020EEE70020ECE7CA
:108CF00008B503684268B2F1004F08BF002B0AD0E4
:108D00005B4262EB42020360426083685B428360C5
:108D1000EFF744FA08BD0020FCE70020704708B5D3
:108D200001F030FB08BD0FB400B583B004A951F8C1
:108D3000040B0191FFF7F3FF03B05DF804EB04B0FF
:108D400070470CB400B583B00346084604AA52F835
:108D5000041B0192DB68984703B05DF804EB02B096
:108D6000704708B5EFF732FB08BD036913F0080F31
:108D700008D1C3680268934207D8036A9B1A0B6044
:108D8000012070470020086070479B1A0B6000208C
:108D90007047036913F0080F07D1826843689A424D
:108DA00003D89B1A0B6000207047036A82689B1AE5
:108DB0000B600120704710B582B0044601A9FFF78F
:108DC000D4FF20B1E368019A1344013B0193206A68
:108DD000019BC01A013802B010BD38B5036913F009
:108DE000040F00D138BD0446456AFFF7E4FF854211
:108DF00002D9606A6062F5E72046FFF7DCFFF9E719
:108E0000C3681944036913F0010F04D1026A914247
:108E100004D3891A02E0026A013A1140C16023F0CA
:108E200008030361704710B400236FF3000343F09D
:108E3000020361F39F03C269046842F824300368A7
:108E40000B44026912F0010F04D1046AA34204D357
:108E50001B1B02E0046A013C23400360C4689C427F
:108E60000AD043681944036913F0010F08D1036A5B
:108E7000994208D3C91A06E042F008020261F0E7FD
:108E8000036A013B1940416010BC70472DE9F04F67
:108E900083B00446019117469846C569C66805EB3C
:108EA000860B15F8263003F00303022B24D0002193
:108EB00000233B60C8F8003019BB236913F0020F90
:108EC00075D0A36958469847824615F8269019F040
:108ED00001096ED015F8263013F0020F3BD0019B2C
:108EE000BBB962685244236913F0010016D1216AAC
:108EF0008A4216D3521A14E055F82610C1F39D0188
:108F0000D6E72046FFF77CFFE368A3604FF0010936
:108F10004FE019462046FFF786FFE2E7216A013954
:108F20000A406260E168A268914206D0A2682260AD
:108F3000E26043F0080323613BE0524420B9216A18
:108F40008A4204D3521A02E0216A01390A40A2601F
:108F50004FF00009EAE701462046FFF751FFE368BA
:108F6000A360019B23B1E3692268002143F822102A
:108F7000019B5344C8F8003022681344226912F060
:108F8000010F04D1216A8B4204D35B1A02E0216AEB
:108F900001390B40236042F00802226115F82630A7
:108FA0006FF3000305F82630C7F800B001E04FF07A
:108FB0000009484603B0BDE8F08F30B45318046987
:108FC00014F0010F04D1056AAB4204D35B1B02E02D
:108FD000056A013D2B4005689D4214D000236FF3C4
:108FE000000343F0020362F39F03C46944F8213095
:108FF00043681344026912F0010F09D1026A9342D7
:1090000009D39B1A07E0016024F00804046103E01F
:10901000026A013A1340436030BC704708B5002330
:10902000036043608360C360036143618361CA6816
:1090300082618A6842610A68C2614A680262436268
:109040000B6903612AB1511E0A4202D143F00103A8
:10905000036128300122002107F0E7FC08BD2DE95B
:10906000F04F87B09A46002305930393036A8B421F
:10907000C0F0898004468946934600230193012667
:10908000009341E001992046FFF797FF00230393E7
:1090900045E0E369226803EB8201009113F8221096
:1090A0006FF3000103F82210C9B26FF3410103F816
:1090B000221023684B44226912F0010F04D1216A67
:1090C0008B4204D35B1A02E0216A01390B40236012
:1090D000E168994201D0002608E042F008022261CE
:1090E000002603E02046FFF79EFE2E4688F31188F7
:1090F000BFF36F8F059929B163690BB1204698477B
:1091000000230593002E40D0EFF31187202383F333
:109110001288BFF36F8FB846039A002AB2D104A910
:109120002046FFF722FE054604994945B1D20028A2
:10913000D8D15AEA0B030BD1002ED7D02368019364
:1091400003AB05AA04992046FFF7A0FE0646CDE72B
:1091500007F0DCFD0028EFD1002FEDD187F3118857
:10916000BFF36F8F04F128005A465346FBF7F0F81F
:10917000EFF31188202383F31288BFF36F8FB0FAC7
:1091800080F67609B2E700230093009807B0BDE8A7
:10919000F08F70B504460D46836908469847EFF393
:1091A0001186202383F31288BFF36F8F2B7843F04F
:1091B00001032B7063681844236913F0010F04D175
:1091C000236A984204D3C01A02E0236A013B184084
:1091D00060602046FFF701FE86F31188BFF36F8FB2
:1091E00070BDF0B583B004462EE053F8220080082D
:1091F0004DD143E0226A013A1340A3602046FFF7B5
:10920000FFFD01231BE013F8221041F0020103F8D7
:109210002210A768A369304698473844236913F0A1
:10922000010F04D1236A984204D3C01A02E0236AD2
:10923000013B1840A060002301E000231E4685F397
:109240001188BFF36F8F8BB3EFF31185202383F366
:109250001288BFF36F8F01A92046FFF79AFDE369DB
:10926000A26803EB820601990029E6D013F82210C8
:1092700011F0030117D00229B7D0002013F82210F3
:1092800011F0010FBFD110B9A36930469847A36808
:1092900001460344226912F0010FABD1226A9342C6
:1092A000ABD39B1AA9E700231E46C8E7304603B09C
:1092B000F0BD70B504460D468369084698470146DF
:1092C000EFF31186202383F31288BFF36F8F2B787F
:1092D0006FF300032B70236913F0020F0AD0E369C8
:1092E000E26803EB8203AB4204D02B6860F39F0378
:1092F0002B600AE02B786FF341032B70E268A368C0
:109300009A420BD02046FFF77BFD86F31188BFF30E
:109310006F8F04F12800FAF7D3FF70BD0B44226968
:1093200012F0010F04D1226A934204D39B1A02E087
:10933000226A013A1340A360E4E710B582B0EFF36C
:109340001184202383F31288BFF36F8F01A9FFF7E5
:1093500020FD84F31188BFF36F8F0198003818BF88
:10936000012002B010BDA0F13003DBB2092B02D8FE
:109370000B7000207047A0F16103DBB2052B03D80E
:109380005738087000207047A0F14103DBB2052B6D
:1093900003D837380870002070476FF01500704709
:1093A0002DE9F04383B0164601F0010202EB5108AB
:1093B00098452FD807464FEA5109F2B90024A14534
:1093C0002AD965000DF1070117F81400FFF7CBFF4C
:1093D000002828DB9DF807301B01335501350DF1BE
:1093E0000701785DFFF7BFFF00281FDB335D9DF8A5
:1093F0000720134433550134E1E70DF107010078EC
:10940000FFF7B1FF00280BDB9DF8073006F8013BA2
:109410000137D3E74FF00008404603B0BDE8F083C2
:109420004FF00008F8E74FF00008F5E74FF00008AC
:10943000F2E770B505464069C11740F26C73C01879
:109440002A69EB6803F1FF3302F1010241F10001E7
:10945000EFF7CCF82C686E68AD684FEAE57C4FEA10
:109460000C1242EA15722B015B1B62EB0C0292009C
:1094700042EA93729B00F31842EBE6724FEA021C39
:109480004CEA137C4FEA031EBEEB030E6CEB0203A7
:109490009B0043EA9E734FEA8E0212EB040C43EBEF
:1094A000E472031841EB01041B1841EB04010801AD
:1094B00040EA13701C01E41A60EB01010B0143EA5E
:1094C00014732001001B63EB0103DB0143EA5063CB
:1094D000C00110EB0C0042EB030170BD01F007016D
:1094E000038B23F007030B43038370472DE9F041FF
:1094F00006460F469046816821B10C683CB131B9EF
:109500000C4604E00C4602E0234621461C4669B1A5
:109510004D6843463A463046A847002CF4D02368AD
:10952000002BF2D0002CF0D12346EEE7BDE8F0810D
:10953000038B13F0070303D102680AB103207047BD
:10954000022B03D0012B06D000207047428B002A4B
:10955000F8D10420704703680BB105207047002044
:10956000704710B504468C46038B002A07DB03F0D6
:1095700007035A1F012A0ED9042B36D010BDD0E99B
:1095800000018CE803000023236063600121204672
:10959000FFF7A4FFF2E7D0E900018CE80300002206
:1095A00022606260062B1BD1DCF8003053B1628B65
:1095B000013262831A461B68002BF7D0002AF5D1CE
:1095C0001346F3E702212046FFF788FF2046FFF706
:1095D000AFFF0028D2D0238B43F020032383CDE7B5
:1095E00000212046FFF77AFFF0E70021FFF776FF22
:1095F0002046FFF79DFF0028C0D0238B43F02003B7
:109600002383BBE750B110B50C4651B1081D00F0E3
:10961000C2F810B9A368032B06D810BD6FF015006F
:1096200070476FF01500F8E76FF01500F5E72DE9CA
:10963000F04107460C4616461D461946201D00F00F
:10964000C9F828B180462B46324621463846C047E5
:10965000BDE8F0812DE9F04180460C4617461E46D4
:1096600004E033463A464046FFF7E1FF216831B156
:109670000D68256063688B42F3D16560F1E7BDE852
:10968000F08108B5EFF311824FF0200C8CF31288B3
:10969000BFF36F8F41610121EFF77CF808BD0346EE
:1096A00070B181B10A688AB14A6892B1002018602D
:1096B00058609860D8601861586198611961704766
:1096C0006FF0150070476FF0150070476FF01500D0
:1096D00070476FF01500704770B505460E46FFF7EE
:1096E00091FF041E2EDBEFF31182202383F31288F7
:1096F000BFF36F8FB5F818C00CF0070C6B8B4FF6EB
:10970000FF718B422CD06446BCF1020F08D0BCF133
:10971000060F19D8DFE80CF01E1818181E2A1E00B4
:1097200001336B8301230021084628B100203060FB
:10973000686808B306606E6009BB82F31188BFF3E6
:109740006F8F0BBB204670BD6FF0040400231946D9
:109750001846EAE7BCFA8CF1490900230120E4E746
:109760006FF00A04002319461846DEE76FF08504FF
:10977000002319461846D8E76E602E60DCE7022108
:109780002846EFF707F8DDE7002362463146284612
:10979000FFF74DFFD6E70246B0B1436803F003037D
:1097A000022B0BD0032B04D0012B04D06FF015003B
:1097B000704703685BB10020906070470368002B1E
:1097C000F9D16FF0150070476FF0150070476FF01A
:1097D0001500704710B50346426802F0030281602D
:1097E000022A04D0032A05D10468002004E000689E
:1097F000002401E00024204600225A6008B1FBF753
:10980000E7FF204610BD00B59646027C72450BD09E
:1098100003468C4600F1100207CA8CE8070083F863
:1098200010E001205DF804FB0020FBE738B504469A
:109830000D4603E02368204698472060236843B123
:109840005F2229462046FFF7DEFF03460028F1D0BD
:1098500005E0002229462046FFF7D5FF03461846BB
:1098600038BD017443684361836883614360704716
:109870008368C268934203D25A1C8260187870478A
:1098800001328260002070478368436070478368BC
:10989000013B8360704738B50546FFF7E9FF044692
:1098A0002846FFF7F4FF204638BD38B505460C467C
:1098B00000E00134237843B12846FFF7D9FF23782D
:1098C0009842F6D06FF0150000E0002038BD08B5D2
:1098D0002121FFF7C6FF002008BD10B584B0044663
:1098E000EFF764F901A92046FFF7A0FF30B19DF81A
:1098F00004307B2B05D1002004B010BD6FF01500A3
:10990000FAE76FF01500F7E730B585B005460C466D
:1099100001A9FFF78BFF002837D09DF804302C2BCE
:1099200012D07D2B05D0222B17D06FF0150005B07B
:1099300030BD002323606360083404AA12E90700E5
:1099400084E807001846F2E701A92846FFF76EFFF2
:10995000F0B19DF80430222B1DD1029A2260039BA6
:109960009B1A636001A92846FFF760FFB0B19DF81C
:1099700004303A2B15D104F108012846FFF756FFB1
:1099800090B1207AEFF71EF9D1E76FF01500CEE71E
:109990006FF01500CBE76FF01500C8E76FF015000A
:1099A000C5E76FF01500C2E76FF01500BFE738B5E7
:1099B00005460C46FFF73AFF88B123785D2B11D09E
:1099C0002C2B03D02078EFF7FDF838BD2146284630
:1099D000FFF72CFF0028F5D16FF01500F5E76FF0C9
:1099E0001500F2E70020F0E770B505460C460B7A4B
:1099F0007B2B1AD05B2B1AD000201CE07B2B12D0C3
:109A00007D2B00D1013E002E16DD04F10801284611
:109A1000FFF70CFF78B1237A5D2BF3D0EED8212B22
:109A200007D05B2BEFD10136EDE70126EBE70126EE
:109A3000E9E76FF0150070BD0020FCE76FF015003E
:109A400070476FF015007047742812D0662810D048
:109A50005B2818D030281AD030281ED022282DD0CC
:109A6000342931D05B283DD0884214BF002001202A
:109A70007047742905D0662901D000207047012065
:109A80007047012070476D29E4D1012070473129CA
:109A90002CD03729E0D101207047692928D009D876
:109AA000362903D93829D9D1012070473529D5D392
:109AB000012070477529D1D101207047322919D072
:109AC0007329CDD1012070477B2807D05B2807D0B0
:109AD000222801D0002070470120704701207047E4
:109AE000012070473329BFD1012070470120704702
:109AF000012070470120704738B504464279530869
:109B0000B72A2BD8222B21D3223B392B23D8DFE8AD
:109B100003F0202222222222222222222222222278
:109B2000207777772277772077222222222222221B
:109B30002222222222222222222222222222222205
:109B40002222222222222222222222426FF01500E9
:109B500003E0042001E06FF0150038BD7B2B51D8E5
:109B6000662B13D31A3303F07F03012202FA03F3A7
:109B70004AF2080213420CD144F2010213423DD1D1
:109B800013F4001F23D16FF01500E6E76FF0150006
:109B9000E3E7A068E1E7C5688068FFF7ADFF00FB79
:109BA00005F31846A28802F4FE72002AD5D0181DCB
:109BB000D3E70132E36893420CD9A36803EB0213A5
:109BC0001B7903F00303AB42F3D91D46F1E70022F2
:109BD0001546EFE73BB900200123AB40184401389C
:109BE000E840A840B9E7A06803F18053013B00EBCF
:109BF0000310C488FFF780FF2044EDE70120ACE7A5
:109C00000820AAE76FF01500A7E7222817D8082830
:109C100020D3A0F108031A2B0FD8DFE803F01D1999
:109C2000150E13170E0E0E0E0E0E0E0E0E0E0E0E3F
:109C30000E0E0E0E0E0E0E0E2000002070475C2839
:109C40000CD17047662070476E20704772207047B5
:109C500074207047002070476220704700207047D2
:109C6000F0B170B582B00D4616460446002305E0FB
:109C7000324601212046A847034601349BB920788B
:109C800088B1FFF7C2FF0028F2D05C228DF80420D3
:109C90008DF805003246022101A8A8470346ECE7EB
:109CA000002318467047184602B070BD00230370A9
:109CB0006FF01500704708B50B464168006898477B
:109CC00008BD10B582B00C4601A9EFF761F828B9BC
:109CD000019B03F18002FF2A02D8237002B010BD5D
:109CE0006FF01500FAE710B582B00C4601A9EFF746
:109CF0004FF830B9019B03F50042B2F5803F02D224
:109D0000238002B010BD6FF01500FAE710B582B0E5
:109D10000C4601A9EFF764F818B9019BFF2B02D894
:109D2000237002B010BD6FF01500FAE710B582B0D5
:109D30000C4601A9EFF754F820B9019BB3F5803F19
:109D400002D2238002B010BD6FF01500FAE708B50B
:109D5000013A072A11D8DFE802F00407100A1010B0
:109D6000100DFFF7AEFF0AE0FFF7BDFF07E0EFF7CA
:109D70000FF804E0EFF75CF801E06FF0150008BDA4
:109D800008B5013A072A11D8DFE802F00407100AE3
:109D90001010100DFFF7BAFF0AE0FFF7C7FF07E04A
:109DA000EFF71EF804E0EFF76DF801E06FF0150033
:109DB00008BD38B50D4684684168641A944206D2DD
:109DC0002246284607F08CFC0020285538BD6FF04D
:109DD0001500FBE72DE9F04383B080460E4615469B
:109DE0001F4692F800904C79640821464846FFF7D8
:109DF0002BFE002800F09A80223C592C00F29B8018
:109E0000DFE804F08699999999999999999999997E
:109E10009999527E7E3E99666C7278999999999932
:109E200099999999999999999999999999999999A2
:109E300099999999999999999999999999349999F7
:109E40009999999999999999469999589999999916
:109E500099999999998D465F99999999992D3B4628
:109E6000F268B168404600F06DF868E00A9B009324
:109E70003B46F268B168404600F0CFF8C1175EE09B
:109E80006B683B6039464046EEF7CEFEC11756E0A0
:109E9000B9F1740F14BF4FF000094FF0010987F8B2
:109EA0000090002001464AE039462846EEF770FF50
:109EB000C11744E0B26839462846FFF748FFC1178A
:109EC0003DE0B26839462846FFF75AFFC11736E031
:109ED00039462846EEF7ACFFC11730E03946284630
:109EE000EEF7D0FFC1172AE039462846FFF7A6FD56
:109EF000C11724E039462846FFF7A3FDC1171EE02D
:109F00006A683A60AB689B1A7B600020014616E0E5
:109F1000AB68002119706B683B6008460FE0B268BF
:109F200039462846FFF745FFC11708E06FF01500D6
:109F30004FF0FF3103E06FF015004FF0FF3103B039
:109F4000BDE8F0832DE9F04F8BB00390894692462F
:109F50009B464FF00008474642E08046C71757E04F
:109F6000013454453AD2210109EB0416F5885D44C9
:109F7000C4F12002B4F1200028FA04F307FA02F237
:109F800043EA020302D447FA00F0034313F0010F3F
:109F9000E6D1B288C2F38602069B9342E0D159F81B
:109FA0000110059807F0CFFB0028D9D1CDF800B0FB
:109FB0002B4607AA31460398FFF70CFF0028CCDB9D
:109FC0000122A4F12003C4F1200102FA03F322FAD2
:109FD00001F10B43A24042EA08081F4354450AD24C
:109FE00005A90398FFF790FC70B99DF81C307D2BF4
:109FF0000ED00024B5E705A90398FFF7F5FC00286B
:10A00000EEDA8046C71703E06FF015084FF0FF3710
:10A01000404639460BB0BDE8F08F2DE9F04786B0D9
:10A0200006460D4690461C46DDF83890CF884F44D2
:10A030004B7903F0FE03B62B08D000233B60284683
:10A04000FFF75AFD824608FB00480FE08D68F4E7F1
:10A05000CDF80090234603AA29463046FFF7BAFE02
:10A0600000291FDB3B6801333B60544403A93046A1
:10A07000FFF79DFC024660B99DF80C305D2B0AD0BD
:10A0800044450CD06B7903F0FE03B62BE0D1A1461A
:10A09000DEE76FF01502104606B0BDE8F0876FF0FE
:10A0A0001B02F8E76FF01502F5E770B59368556885
:10A0B0005B1B8B420ED90E46144613680A460146B6
:10A0C000581907F00DFB63681E4466602368002082
:10A0D000985570BD6FF00B00FBE710B582B08C4651
:10A0E00011461A460CF1FF3CBCF1070F21D8DFE8FE
:10A0F0000CF0040B20122020201890F9003000935F
:10A100006846EEF7E9FE16E0B0F9003000936846C5
:10A11000EEF7E2FE0FE0036800936846EEF7DCFE20
:10A1200009E0D0E90034CDE900346846EEF708FFD5
:10A1300001E06FF0150002B010BD10B582B08C4682
:10A1400011461A460CF1FF3CBCF1070F1FD8DFE89F
:10A150000CF0040A1E101E1E1E160378009368469B
:10A16000EEF7D4FE15E0038800936846EEF7CEFEC6
:10A170000FE0036800936846EEF7C8FE09E0D0E9F7
:10A180000034CDE900346846EEF7F6FE01E06FF0EA
:10A19000150002B010BD70B50C4615460668304675
:10A1A000E6F71CFD01462A463046A04770BD30B593
:10A1B00089B014461D460A46014601A8FFF78DFBEB
:10A1C000C3171946002B05DB0C9B2A46214601A824
:10A1D000FFF7B8FE09B030BD30B583B086460C46F7
:10A1E0001146C58860199EF805C04FEA5C0CACF1B9
:10A1F000220CBCF1590F7AD8DFE80CF0317979796B
:10A20000797979797979797979794D6D7179755D1E
:10A2100061656979797979797979797979797979EA
:10A22000797979797979797979797979797979799E
:10A2300079797979793A79797979797979797979CD
:10A240002D797951797979797979797979362D57A3
:10A250007979797979431A46EEF78AFD49E01A4609
:10A260006059EEF71DFD44E01A46EEF719FD40E097
:10A2700000930B4622460146DEF80800EEF7DCFEAE
:10A2800037E000930B460246DEF80C10DEF80800BB
:10A29000EEF78EFE2DE01A46EEF71EFE29E00A4686
:10A2A000DEF80810FFF719FF23E00A46DEF8081071
:10A2B000FFF743FF1DE01A46EEF742FE19E01A468B
:10A2C000EEF75AFE15E01A46EEF702FD11E01A46C7
:10A2D000EEF71CFD0DE01A46FFF7EDFC09E01A460B
:10A2E000EEF730FD05E01A46FFF755FF01E06FF08D
:10A2F000150003B030BD7047037813F0040F01D090
:10A30000002070470368C3F34A2000EB1350173056
:10A3100020F007008008704710B504460368DB682A
:10A3200003B19847636801229A7110BD00207047FD
:10A330000120704708B502F0B2FF08BD08B520EA59
:10A34000E070C117C90341EA5041C00340F2E7334E
:10A35000C0184FF47A724FF0000341F10001E6F7A4
:10A3600011FC06F036FE08BD08B500220023FEF7FA
:10A3700076FE08BD08B5FEF79CFF08BD08B5FEF7E0
:10A38000DCFF08BD00B585B003910290002001906C
:10A390000090034602460146EFF754FA05B05DF817
:10A3A00004FB08B50120EEF7B9FF08BD08B5EFF7CB
:10A3B00049F808BD08B5FEF7ECFEEFF7DDF808BD7B
:10A3C0000020704708B54368DA7143681960436834
:10A3D00001225A71EEF792FF08BD91B170B5144693
:10A3E0000D46536896689B1B8B420CD313680A4634
:10A3F0000146981907F074F9A3682B44A360284616
:10A4000070BD002070476FF01B00F9E770B588B190
:10A410000E4614461946054633B11030C2F34A239E
:10A42000120D184407F05CF92C606E602846EFF7B7
:10A43000E1F870BDEEF772FFFBE72DE9F04383B062
:10A4400006460F4615461C4603F101094FEA8908E6
:10A4500008F1170020F007008008EEF7EBFF00225C
:10A4600001928DF8049068B100F1140C019B036116
:10A47000964605E055F82E304CF8043B0EF1010EDF
:10A48000A645F7D3002267F3881268F3532200230E
:10A490003146FFF7BBFF03B0BDE8F08300B583B0E2
:10A4A0000192012301AAFFF7C8FF03B05DF804FB86
:10A4B00000B583B00092019302236A46FFF7BDFF07
:10A4C00003B05DF804FB00B585B001920293069BD2
:10A4D0000393032301AAFFF7B0FF05B05DF804FB67
:10A4E00008B5EFF703F908BD2DE9F041804607688C
:10A4F000856843681C685E6805E032462146284648
:10A50000B847241A0544002CF7D1D8F804300022AB
:10A510001A60BDE8F08138B505460C464B681A68EC
:10A52000CB689A420BD06368D3E8EF2F511CC3E885
:10A53000E01F0028F8D1A3689D54002038BD0846CC
:10A54000FFF7D2FFEFE738B504460D460A2805D0DD
:10A5500029462046FFF7DFFF002038BD0D20FFF71A
:10A56000DAFFF5E708B513460122EFF725FA08BD33
:10A5700008B513460022EFF71FFA08BD38B50546A7
:10A580000C4601F00101FFF7F3FF21462846EFF7E3
:10A59000A5FA38BD2DE9F04383B080460E46154636
:10A5A0001F46DDF828902C46102D28BF1024CDF82A
:10A5B00000903B46224631464046EFF7A3FA264438
:10A5C0002D1BF0D103B0BDE8F0832DE9F04387B037
:10A5D00006460C469046D1F808900F88C7F38217BC
:10A5E0000878C0F3C2050846EFF782F9011E1ADAAF
:10A5F0000023214651F8105BC5F34A256288C2F357
:10A600000B12481905B90021CDF81480049203906B
:10A61000029101970022009249463046EFF7D4FAA2
:10A6200007B0BDE8F0832846EFF73AF80346E0E7C5
:10A630002DE9F04180460768856843681C685E68BC
:10A6400005E0324621462846B847241A0544002C26
:10A65000F7D1D8F8043000221A60BDE8F08108B5BF
:10A6600020EAE070C117C90341EA5041C00340F23B
:10A67000E733C0184FF47A724FF0000341F1000144
:10A68000E6F780FA06F0A5FC08BD08B5EFF76AFC0E
:10A6900008BD70B170B50D461446064662B1EFF7BD
:10A6A00037FD002804DB224629463046EFF7E2FD5D
:10A6B00070BD6FF00D0070476FF00D00F8E720B12E
:10A6C00008B5C06800F069FA08BD704708B507F022
:10A6D0002EF808BD08B507F003F808BD08B5014617
:10A6E0000068EFF7E5FE08BD08B5EFF7FDFEEFF7F0
:10A6F00027FF08BD0020704708B500231370CB1E4C
:10A70000092B1AD8DFE803F005090D1119191919D9
:10A7100019141146F0F77CF908BD0021F0F766F82E
:10A72000FAE70021F0F7ECF8F6E7EFF76DFFF3E753
:10A730001146EFF7E1FF0020EEE7EFF7EBFF002017
:10A74000EAE708B5F0F766FA08B540B2F0F720FB83
:10A7500008BD08B540B2F0F729FB08BD08B50131C6
:10A7600040B2F0F735FB08BD08B500210120EFF736
:10A770009FFE08BDD0F8A83083F30B8870476FF0B8
:10A780008500704761B662B680F31188BFF36F8FA2
:10A79000704772B6002383F31188BFF36F8FBFF346
:10A7A0004F8F30BF62B6BFF36F8F704772B6002312
:10A7B00083F31188BFF36F8FBFF34F8F20BF80F3F8
:10A7C0001188BFF36F8F62B6704740E800F010F455
:10A7D000803F01D0C0B270476FF01500704708B5D8
:10A7E0000B6823F01F0C0B7A03F01F0ECA6822F0CF
:10A7F0001F025B0942EA430242F001024CEA0E01E9
:10A80000F0F7CEFB08BD43681F2B08D913F01F0FCC
:10A8100007D1036813F01F0F05D0002070470020F8
:10A820007047002070470120704770B504460E46FF
:10A83000FFF7CBFF05463444601EFFF7C6FF854295
:10A8400001D1284670BD6FF01505FAE710B584B048
:10A850000B6800934C68B1F808C09DF808206CF3B1
:10A8600004028DF808204989D2B261F347128DF8AD
:10A87000082023F01F032344013B23F01F0303930D
:10A880006946F0F7E7FB04B010BDF0B587B00546A8
:10A8900005A8EFF797FB0646002422E05768095801
:10A8A00027F01F0392681344013B23F01F03019715
:10A8B00002919DF80C20012161F304028DF80C2017
:10A8C000D2B2022161F347128DF80C20049301A942
:10A8D0002878F0F7BFFB002847DB2B7801332B707B
:10A8E0000134B44244D22001059901EB0412D3682B
:10A8F0001B0D1B05B3F5001FD0D0B3F5800F1BD087
:10A90000B3F5801FECD15768095827F01F039268F0
:10A910001344013B23F01F03019702919DF80C2083
:10A92000012161F304028DF80C20D2B261F34712C9
:10A930008DF80C200493CAE75768095827F01F03C5
:10A9400092681344013B23F01F03019702919DF885
:10A950000C20022161F304028DF80C20D2B26FF3B7
:10A9600047128DF80C200493B1E76FF0150000E05A
:10A97000002007B0F0BD08B5F0F760FC08BD08B5D1
:10A98000F0F738FB08BD08B50B6949699847002006
:10A9900008BD08B5F0F7CCFC002008BD0CB400B52C
:10A9A00083B00346084604AA52F8041B0192DB68F0
:10A9B000984703B05DF804EB02B0704738B5044621
:10A9C0000D46002A18DB22EAE272D117C90341EAD8
:10A9D0005241D20340F2E733D0184FF47A724FF06D
:10A9E000000341F10001E6F7CDF802460B46294687
:10A9F0002046F0F7C3FC38BD4FF0FF321346F6E7B0
:10AA000008B5F0F7D5FD08BD00B583B001AB03F084
:10AA100077FC02280ED003280FD020B14FF0FF3072
:10AA200003B05DF804FB019B0BB90020F8E74FF081
:10AA3000FF30F5E76FF01500F2E76FF08500EFE704
:10AA4000002868D02DE9F0470D461C4606468AB31B
:10AA5000D2F80890D768022F32D04FF0060A0127AB
:10AA60003046E6F7BBF8014604F12408424630467A
:10AA700000F045FC002851D0A68CB9F1000F01D0A0
:10AA8000B1454ED1FDB10A2200212846FBF7EAF973
:10AA90000346411E4FF6FE72914245D8A660E7601C
:10AAA000C4F810A0012E10D0022E21D06FF00100AA
:10AAB000BDE8F0874FF0060A01274FF00009CFE705
:10AAC0004FF0110ACCE70023E8E7C4F81C80082205
:10AAD000A26104F13C022262002084F83C00206064
:10AAE000C3F3072242EA0323E3840123A384DFE7BD
:10AAF000C4F81C801822A26104F13C0222620020EA
:10AB000084F83C002060C3F3072242EA0323E38475
:10AB10000223A384CCE76FF0010070476FF00100BF
:10AB2000C6E76FF00100C3E76FF00100C0E7F8B5BA
:10AB300005460E4617461C46F0F7B4FE78B9542178
:10AB4000012006F0AAFD03462060B0B13A46314626
:10AB50002846FFF775FF054648B92846F8BD234645
:10AB60003A4631462846F0F7ADFE0546F5E720683F
:10AB700006F08AFD00232360EFE76FF00905ECE79C
:10AB800010B50446F0F78EFE18B9204606F07CFD9D
:10AB900010BD2046F0F79EFEFAE708B5EDF7D2FCAF
:10ABA00008BD08B5024648B1036803B11B689B683D
:10ABB00033B15B6833B11046984708BD0346F6E7EA
:10ABC0000020FAE70020F8E708B5F0F7E9FEF0F713
:10ABD00013FF08BD08B5FFF7F7FF002008BD08B553
:10ABE000034610B1036803B11B689B689B6833B1CF
:10ABF0009847032801D0002008BD0120FCE7002071
:10AC0000FAE740B108B503683BB15B683BB1DB686C
:10AC10003BB1984708BD002070470020FAE70020AC
:10AC2000F8E70020F6E708B518304FF0FF324FF094
:10AC3000FF33F9F735FA08BD4B0900EB8300D0E884
:10AC4000AF0F01F01F01084100F00100704730B163
:10AC500008B5006828B10C30FFF7EEFF08BD0020F2
:10AC600070470020FAE701F01F02012393404909D1
:10AC700000EB8100D0E8EF2F1A43C0E8E12F002954
:10AC8000F8D1704730B108B5006810B10C30FFF74B
:10AC9000EAFF08BD704770B370B50446036863B33C
:10ACA000062901D883F820102046FFF7BCFF25466F
:10ACB00055F8186B06F066FA4A0142EAD062430181
:10ACC0001B1A62EB0102920042EA93729B001B186E
:10ACD00042EB0102D20042EA5372C3F3103343EA5B
:10ACE0004243D20BB362F2622846F9F759FA23685D
:10ACF00093F8200070BD002070470020FAE701F0B3
:10AD00001F0201239340490900EB8100DB43D0E897
:10AD1000EF2F1A40C0E8E12F0029F8D1704730B179
:10AD200008B5006810B10C30FFF7E9FF08BD7047A7
:10AD300038B50446E8B1036803B11B689D68BDB12E
:10AD40002B68ABB104F1180005F0A9FD04F12C004B
:10AD500005F0A5FD2B682046984794F840306FF326
:10AD6000000384F84030DBB26FF3410384F84030D5
:10AD700038BD0346E2E730B1036833B1D869003823
:10AD800018BF01207047002070470020704710B5A1
:10AD900004460821FFF776FF2046FFF7ECFF00B1DD
:10ADA00010BD2046FFF72DFFFAE710B50446082135
:10ADB000FFF7B5FF2046FFF7DEFF00B110BD2046CC
:10ADC000FFF71FFFFAE770B50446036893F82060A9
:10ADD00058B10021FFF73BFF38B1206800B100688F
:10ADE00005F051FC90B9032500E0022529462046D4
:10ADF000FFF751FFA84208D12CB123681BB193F88B
:10AE00002030062B12D0062E16D070BD0921204608
:10AE1000FFF71DFF08B90225E8E70A212046FFF7E2
:10AE200016FF08B90625E1E70525DFE7062EECD079
:10AE30002046FFF7ACFFE8E72046FFF7B6FFE4E760
:10AE400038B50446FFF7EFFE00212046FFF7FFFE6E
:10AE500040BBFCB12368FBB15A68FAB19268FAB101
:10AE6000186805F010FC00B3236803B15B689B68A9
:10AE7000012120469847051E06DB00212046FFF7EA
:10AE800001FF2046FFF79FFF04F11800F9F788F94A
:10AE9000284638BD0025F0E70025EEE70025ECE761
:10AEA0000025EAE76FF07705EEE76FF00505EBE7C1
:10AEB00010B50446FFF75FFF00B910BD2046FFF74D
:10AEC0008EFEFAE730B583B004460D460A2201A98A
:10AED000FBF7CEF8019BA3420AD0227862B11B781F
:10AEE0006BB983B2B0F5803F0BD22B80012004E018
:10AEF0000028F2D1002000E0002003B030BD002087
:10AF0000FBE70020F9E710B40C0901F00F0103B9C9
:10AF1000A4B1092C0DD83034034603F8014B09299C
:10AF20000ED83031184600F8011B00225A7010BCB0
:10AF300070471444E4B20A3CE4B2EDE70346EEE79E
:10AF40001144C9B20A39C9B2ECE72DE9F04F8DB00E
:10AF500084460C46019200230B93079308930993B0
:10AF60000A9305930693022814D0012840F0DA8052
:10AF70000B680B934FF0000904274FF02E0B4FF096
:10AF8000FF380122CA46019C00260292CDF80CC06F
:10AF900000258CE007AD08684968A268E3680FC522
:10AFA00060B979B9BDF826204FF6FF739A4202D0F6
:10AFB0004FF0000904E04FF0010901E04FF00009F3
:10AFC000002003E04FF00009FAE70130072814DC05
:10AFD0000346072BF9DC0CAA02EB430232F8142CCF
:10AFE000002AF2D100F130020DEB020111F81C2C05
:10AFF000013201F81C2C0133EBE74FF0FF3801223E
:10B00000002300E00133072B09DC03F13001694420
:10B0100011F81C1C9142F5D998460A46F2E7012A1C
:10B0200005D008274FF03A0B0DF11C0AABE70827B3
:10B030004FF03A0B4FF0FF380DF11C0AA3E705F172
:10B0400030036B4413F8041C39B92346302203F84B
:10B05000022B84F801B01C4628E000222046F0F7BD
:10B06000E1FC54FA80F404F801BB1FE00A9B0B9347
:10B070003A2304F8013B04274FF02E0B01230393DE
:10B0800086E706B915B93A2304F8013B3A2304F8D8
:10B09000013B029B013B1D44002607E00023612287
:10B0A00031462046FFF72FFF044601260135BD42F9
:10B0B00025DA042FC3D0B9F1000F01D0052DD5DC5E
:10B0C0004545DED016B13A2304F8013B3AF8156045
:10B0D00033021BB243EA1626C3F30721F6B213F478
:10B0E0007F4FDBD0002361222046FFF70CFF0123B6
:10B0F00061223146FFF707FF04460126D6E7DDF857
:10B100000CC0019B9C420FD0BCF1010F05D0002365
:10B11000237001980DB0BDE8F08F002304F8013CC6
:10B120000198F7E70020F5E70020F3E72DE9F04765
:10B1300086B006460F46904699460D46102928BF10
:10B1400010254FF0000C01E00CF1010C654504DD09
:10B1500016F80C40002CF7D16546B9F1000F2AD043
:10B160002A463A21304606F0ADFA0446002842D07D
:10B17000831B9D42A8BF1D46AA462A46314601A808
:10B1800006F0AEFA05F118030DEB0305002305F8F0
:10B19000143C08F1040201A90120F0F76DFC00281D
:10B1A0002BDB0123A8F80030B9F1000F05D10120F5
:10B1B00006B0BDE8F0870024DEE7A7EB0A07013FF1
:10B1C0003A46E11801A806F08BFA07F118030DEBD7
:10B1D0000307002307F8143C0DF1020101A8FFF753
:10B1E00071FE0028E4D0BDF80220130243EA1223C6
:10B1F000A8F80230DCE70020DAE70020D8E72DE9E4
:10B20000F0478EB00546894690461F460E462E29C9
:10B2100028BF2E264FF0000C01E00CF1010C664512
:10B2200004DD15F80C40002CF7D1664677B33246A2
:10B230005D21284606F046FA8246002855D0691C52
:10B24000431A9E42A8BF1E46324602A806F048FA9C
:10B25000002206F138036B4403F8302C08F1040295
:10B2600002A90220F0F708FC002840DB0223A8F81E
:10B270000030002F3FD00AF101034D44AB423CD2D5
:10B280009AF801303A2B09D0384631E03246294647
:10B2900002A806F025FA4FF0000AD9E7A9EB060448
:10B2A000033C0AF10201002300E001339C4203DD6C
:10B2B000CA5C002AF9D11C46224602A806F010FA00
:10B2C00004F138030DEB0304002304F8303C0DF1C6
:10B2D000060102A8FFF7F6FD50B1BDF806201302E3
:10B2E00043EA1223A8F8023002E0002000E0002028
:10B2F0000EB0BDE8F0870120FAE73846F8E778B3EA
:10B3000070B50C461646054661B3037863B35B2BF4
:10B3100002D000210B4604E00123FFF770FF22E07A
:10B320000133A34205D2E85C18B13A28F8D10131C3
:10B33000F6E701290DD00023324621462846FFF7C3
:10B34000F5FE034678B9324621462846FFF757FFF7
:10B3500009E00123324621462846FFF7E7FE02E0D6
:10B3600000207047002070BD0020FCE703684268A1
:10B37000934205D013F8012B0A7003600020704738
:10B380006FF01500704703684268D21A012A09D984
:10B3900093F800C05A7842EA0C220A800233036014
:10B3A000002070476FF01500704730B583B0044639
:10B3B0000D460DF10601FFF7E6FF60B963682268EC
:10B3C0009A1ABDF806309A420ADB6B602BB12268EC
:10B3D0002A601A44226003B030BD00232B60FAE7D4
:10B3E0006FF01500F7E710B44B680C681B1B834225
:10B3F0000BD3506030B10B68136003440B60002026
:10B4000010BC704700201060FAE76FF01500F7E7F6
:10B410006FF085007047F8B5044617461E46FFF7E3
:10B42000B2FF002806DB60682368C51A9EB1A7B189
:10B430000DB90020F8BD39462046FFF797FF0028D8
:10B44000F8DB012D0BD931462046FFF7E1FF00283C
:10B45000F0DB0020EEE70020ECE70020EAE7002028
:10B46000E8E7844600230B601846032B29DC10B460
:10B47000DCF80020DCF80440A2421FD2127802F06F
:10B480007F029A400C6822440A600733DBB2013025
:10B49000DCF80020541CCCF8004092F90020002A6F
:10B4A00005DA0328E4DD6FF0150010BC70470B6867
:10B4B000B3F1805FF9D36FF01500F6E76FF00A0083
:10B4C000F3E76FF01500704770B504461546FFF7B7
:10B4D0004DFF064608B1304670BD29462046FFF7AD
:10B4E000C0FF0028F7DA0646F5E770B582B00646D9
:10B4F0000C4615460DF107012046FFF737FF08B14E
:10B5000002B070BD0DF106012046FFF72FFF0028A5
:10B51000F6D19DF806306B7096F88630032BEFD08D
:10B520009DF8073003F001032B70E9E72DE9F041A6
:10B5300015461E46069CA37D6FF30003A375DBB280
:10B5400061F34103A375C1F34101217221463046E5
:10B55000FFF72BFF074658B9D4F8048008F102031F
:10B56000227A42B99D4211D30022E260ED1A256190
:10B570003846BDE8F08104F114013046FFF703FFBF
:10B5800010B908F10403EDE70746F1E76FF015077E
:10B59000EEE708B50846114600231A46FFF73BFFC1
:10B5A00008BD08B50846114600231A46FFF733FFC9
:10B5B00008BD08B50846114600231A46FFF72BFFC1
:10B5C00008BD08B50846114600231A46FFF723FFB9
:10B5D00008BD38B50C46154611462046FFF7D3FE88
:10B5E00000B138BD606823682A1D2146C01AFFF7E4
:10B5F000FAFEF6E708B508461146FFF7C4FE00203C
:10B6000008BD0B684A68934204D003F8010B0B6035
:10B61000002070476FF00B0070470B684A68D21A21
:10B62000012A06D9020A1A70587002330B600020F2
:10B6300070476FF00B007047034600200130F1B1F6
:10B6400010B408E0DB0902E00A6801320A60A3B125
:10B6500001300029F6D00A684C68A2420BD203F0F0
:10B660007F0C82F800C0DB09EED00C68227862F013
:10B670007F022270E8E76FF00B0010BC7047DB0917
:10B68000002BDBD170472DE9F04115686D1AB5F13B
:10B69000805F1ED207460E46144600212846FFF75B
:10B6A000CBFFC3B20133DBB2C3F10008F61A266048
:10B6B00021463846FFF7A5FF21462846FFF7BCFF85
:10B6C000236803EB080222602B4463600020BDE87E
:10B6D000F0816FF07900FAE708B501460020FFF726
:10B6E0009CFF08BD002070476FF0850070472DE972
:10B6F000F041069C31B3804617461D460846266831
:10B70000053626602146FFF788FF0346B8B985B1A4
:10B710002846FFF7E7FF00B95FB121463846FFF73B
:10B7200070FF034658B921462846FFF7DDFF034660
:10B7300028B9224631464046FFF7A5FF0346184682
:10B74000BDE8F0816FF01503F9E738B505464B68A1
:10B750000A689B1A4068821C93420ED30C4680B242
:10B76000FFF75BFF6A682968206805F0B9FF236866
:10B770006A6813442360002038BD6FF00B00FBE7BC
:10B78000F8B50E4615468A7D02F00103DB0043F052
:10B790003003087A410001F006010B43C2F3400276
:10B7A00043EA020408B1B38AEBB12F6805372F6072
:10B7B00029463046FFF7C9FFA0B9337A23B129469D
:10B7C000B08AFFF72AFF68B92B68326913442B60EF
:10B7D0002A4639462046FFF756FF18B96B6832698A
:10B7E0009B1A6B60F8BD6FF01500FBE700B583B0E6
:10B7F0000988009200231A464020FFF778FF03B023
:10B800005DF804FB08B51046F0F75EFA08BD2DE9B7
:10B81000F041CB8853B30D461646176805371760BD
:10B820001146E888FFF7F9FE0446E0B9AB88A34269
:10B8300013DD286804EB44034FEA8308314600EB2C
:10B840008300FFF782FFA0B92B6843443146187A82
:10B85000FFF7D7FE78B90134E8E73246394682204F
:10B86000FFF711FF04462046BDE8F0816FF0150494
:10B87000F9E70446F7E70446F5E770B50D46496871
:10B880002B68CB1A93421BD20646D41A0819726F42
:10B89000B36F1344984215D8904216D30023224622
:10B8A0003046F0F7ADFB002809DB88B1F3690344AB
:10B8B000F3616B6803446B60A0420CD3002070BD41
:10B8C0000020FCE76FF00B00F9E76FF00B00F6E7E4
:10B8D0006FF07F00F3E76FF00A00F0E7F8B5054678
:10B8E0000F4616461C46022221462846FFF7C5FF92
:10B8F00000280ADB6B6F2360324639462046FFF78B
:10B90000E3FD012210F10B0FEED0F8BD70B5054636
:10B910001446C1F3410602222146FFF7AEFF00287C
:10B920000EDB23681A785B7843EA02239A1C06B17F
:10B930001A1D21462846FFF7A0FF002800DB002043
:10B9400070BDF0B58BB004460D4616461F4620224A
:10B95000002102A805F0EBFE05F0F00CBCF1600F31
:10B960007CD014D9BCF1B00F00F08E8041D9BCF16D
:10B97000D00F51D194F98730002B40F39080013BD8
:10B9800084F8873009238DF80830002526E0BCF1C3
:10B99000400F58D00DD9BCF1500F28D104238DF899
:10B9A000083003AA39462046FFF7FBFD05460990FB
:10B9B00014E0BCF1200F31D0BCF1300F15D10223BF
:10B9C0008DF8083003AB00933B46324629462046AB
:10B9D000FFF7ACFD05460990079B236202A92046AC
:10B9E00000F0DFF828460BB0F0BD0025FAE700258F
:10B9F000F8E7BCF1700F3CD0BCF1900F0AD10723DF
:10BA00008DF8083003AA39462046FFF7E2FD0546C7
:10BA10000990E3E70025E5E70025E3E703AA3946B7
:10BA20002046FFF762FD054658B99DF80D302BB949
:10BA3000A26942F00402A2610993CFE76FF06E059C
:10BA4000FAE70990CAE703238DF8083003AA3946BC
:10BA50002046FFF79EFD05460990BFE705238DF8B8
:10BA6000083003AA39462046FFF7A3FD0546099092
:10BA7000B4E706238DF8083003AA39462046FFF7BD
:10BA8000A0FD05460990A9E708238DF8083003AA10
:10BA900039462046FFF7AEFD054609909EE7002394
:10BAA00084F887306EE710B584B00446436F009386
:10BAB000C269134401936B4602AA0DF10F01FFF70F
:10BAC0000DFF002819DB9DF80F1001F0F003302B5B
:10BAD00018D0029A69462046FFF7CFFE002816DBF1
:10BAE0006B46029A9DF80F102046FFF72AFF0028A8
:10BAF00001DB0020E06104B010BD10F10B0FFAD1A2
:10BB00000020F8E76A462046FFF700FFE6E710F15D
:10BB10000B0FF0D10020EEE7002383614361C36186
:10BB200003627047836913F0040F01D0002070474F
:10BB30006FF07F00704708B5F8F7B2FA08BD08B596
:10BB40004FF0FF324FF0FF33FFF7F5FF08BD38B578
:10BB500004460D46D0F880200021C06F05F0E7FDB7
:10BB6000E36F2B60D4F8802013446B6038BD08B5B8
:10BB700005F008FB02464B0143EAD0634001801AFE
:10BB800063EB01039B0043EA90738000801843EB52
:10BB90000103DB0043EA5073C0F3103040EA434036
:10BBA00008BD38B5036F53B104460D46F8F7F8FAEF
:10BBB000236F2946204698472046FFF7C0FF38BD2F
:10BBC00070B588B004460E461546F0F727FA2046B1
:10BBD000FFF7A2FF0DB908B070BD20220021684612
:10BBE00005F0A5FD01238DF8003007966946204633
:10BBF000FFF7D7FFEFE730B583B00546F0F7D8F988
:10BC0000041E21DB69462846FFF7A1FFAB6943F01C
:10BC10000203AB6169462846F0F768F8041E0EDBA4
:10BC20000099019A521A2846F0F7CEF9041E06DB55
:10BC3000FFF79DFF6861002485F8874004E000223B
:10BC400021462846FFF7BCFF204603B030BD38B57B
:10BC50000546F0F7C7F9041E05DBFFF788FF6861AA
:10BC60000024204638BD012221462846FFF7A8FFC0
:10BC7000F7E738B50546F0F7A7F9041E05DBFFF72F
:10BC800076FF68610024204638BD012221462846FF
:10BC9000FFF796FFF7E738B5036A63B90446FFF785
:10BCA00002FF051E01DB284638BD01222946204639
:10BCB000FFF786FFF7E76FF00F05F4E7F8B548B335
:10BCC0000F4615461E460446FFF739FF226AFAB1B1
:10BCD000AA4200D32A46334639462046F0F790F967
:10BCE000054616B910F10B0F04D0002D07DD236AAD
:10BCF0005B1B23622046F8F753FA2846F8BD0DB9BE
:10BD00006FF07F05012229462046FFF759FFF1E732
:10BD10000025EFE76FF01505EFE7A8B110B5044671
:10BD20009022002105F003FD204604F0B8FD042315
:10BD300084F8863094F8883043F0020384F8883021
:10BD40007823A4F8843010BD704738B5D8B10446C4
:10BD5000436DDBB1FFF7F3FEE36F3BB1636F43B1BC
:10BD60002046FFF748FF051E08DA04E06FF00B05D8
:10BD700001E06FF00B052046FFF7CEFE2046F8F7F6
:10BD80000FFA284638BD6FF01505FAE76FF0150574
:10BD9000F7E770B58EB0002835D00E46054600296D
:10BDA00034D0FFF7CCFE0CA92846FFF7D0FE28467A
:10BDB000FFF7B8FE041E20DB0CAA31462846FFF729
:10BDC000DFFC041E19DB0C9A08920D9B9B1A099349
:10BDD000F3680A9333690B9300230193029303934F
:10BDE000049305930693079308AB039302230493EC
:10BDF00001A92846FFF72BFF04462846F8F7D0F99B
:10BE000020460EB070BD6FF01504F9E76FF0150411
:10BE1000F6E770B582B008B30E46054609B3FFF7E2
:10BE20008EFE69462846FFF792FE2846FFF77AFE07
:10BE3000041E0DDB6A4631462846FFF7D7FC041E78
:10BE400006DB0099019A521A2846FFF712FF0446B2
:10BE50002846F8F7A5F9204602B070BD6FF015042A
:10BE6000F9E76FF01504F6E770B582B030B30E460F
:10BE70000546FFF764FE69462846FFF768FE284638
:10BE8000FFF750FE041E13DB6A4631462846FFF7D3
:10BE9000B9FC041E0CDB0099019A521A2846FFF7E0
:10BEA000E8FE041E04DB012200212846FFF788FE7D
:10BEB0002846F8F775F9204602B070BD6FF01504FA
:10BEC000F9E770B582B008B30E46054609B3FFF72F
:10BED00036FE69462846FFF73AFE2846FFF722FE5F
:10BEE000041E0DDB6A4631462846FFF790FC041E0F
:10BEF00006DB0099019A521A2846FFF7BAFE04465B
:10BF00002846F8F74DF9204602B070BD6FF01504D1
:10BF1000F9E76FF01504F6E730B583B020B30546B6
:10BF2000FFF70DFE69462846FFF711FE2846FFF78A
:10BF3000F9FD041E12DB6846EFF75AFF041E0DDB05
:10BF40000099019A521A2846FFF793FE044695F984
:10BF500087307F2B02D0013385F887302846F8F7E9
:10BF60001FF9204603B030BD6FF01504F9E788B122
:10BF700010B50446FFF7E3FDA36923B92046F8F79F
:10BF80000FF9002010BD01226FF070012046FFF76D
:10BF900017FEF3E76FF01500704770B518B304464D
:10BFA000FFF7CDFD6569FFF7E2FD401B0BD4B4F848
:10BFB000843083B14FF47A7202FB03F3834204D9D5
:10BFC00000252E4609E00020F1E72046FFF7A4FFF8
:10BFD0000646012501E000252E462046F8F7E0F848
:10BFE00025B1304670BD6FF01506FAE76FF00A060E
:10BFF000F7E738B504464569FFF7B9FD421B0AD497
:10C00000B4F884104FF47A7301FB03F329B193421F
:10C0100006D9981A38BD0022F2E74FF0FF30F9E751
:10C020000020F7E738B590B10446FFF788FDA36913
:10C0300013F0020F06D16FF07F052046F8F7B0F835
:10C04000284638BD2046FFF726FE0546F5E76FF087
:10C050001505F5E708B50123FFF730FE08BD70B5FB
:10C0600006460C468D1800E00444AC420BD22A1B55
:10C0700021463046FFF7EEFF002805DB0028F3D10C
:10C080006FF0040000E0002070BD006901EB410189
:10C090008900383108447047406801EB410100EBEA
:10C0A000810070470069C1EBC10100EB810070475E
:10C0B00008B5C9B2FFF7E9FF806800F0070008BDC6
:10C0C000EFF31182202383F31288BFF36F8F03688D
:10C0D00013F0C00301D08B4207D10123036000207D
:10C0E00082F31188BFF36F8F70474FF0FF30F7E78F
:10C0F000EFF31182202383F31288BFF36F8F03685D
:10C1000003F0C00C03F00703012B08D08C4509D0C5
:10C110004FF0FF3082F31188BFF36F8F70470160DB
:10C120000020F7E76FF07700F4E7EFF311822023A8
:10C1300083F31288BFF36F8F036803F0C00343F0EB
:10C140000203036082F31188BFF36F8F7047F8B565
:10C1500006460C46FFF799FF05684768002340F83C
:10C16000083BFFF7E2FF1DB13A4621463046A8479B
:10C17000F8BD70B506461546CCB22146FFF785FFDF
:10C1800029460830FFF79CFF002806DB2146304691
:10C19000FFF782FF43689847002070BD08B58022F2
:10C1A000FFF7E7FF08BD2DE9F041064690461F4620
:10C1B000CDB22946FFF769FF044606990830FFF71C
:10C1C00097FF002809DBC4F80080676029463046E5
:10C1D000FFF762FF036898470020BDE8F08110B5C3
:10C1E00082B080240094FFF7DEFF02B010BD10B5CE
:10C1F0001446C9B2FFF756FF0021A04710BD08B58D
:10C20000012002F00CF908BD08B5012002F012F976
:10C2100008BD08B520EAE070C117C90341EA5041E2
:10C22000C00340F2E733C0184FF47A724FF00003B6
:10C2300041F10001E4F7A6FC04F0CBFE08BD08B50F
:10C240001046F8F73DF808BD08B502F01DF908BD25
:10C2500008B5F4F7DFFE08BD08B520EAE070C117A5
:10C26000C90341EA5041C00340F2E733C0184FF41C
:10C270007A724FF0000341F10001E4F783FC04F00F
:10C28000A8FE08BD08B504F041FD00B108BD0220BC
:10C29000FFF7E2FFFAE708B508461146F4F776FD26
:10C2A00000B908BD6FF00400FBE708B502F026F8FE
:10C2B00000B908BD6FF00400FBE74B6803444B6016
:10C2C0000B6803440B608B681B1A8B60704710B5BA
:10C2D0000C4602F035FD002320606360184610BD57
:10C2E00038B504460D4602F02BFD002C06DBA042BB
:10C2F00006D9001B854205D9002000E0002038BD8A
:10C300000020FCE70120FAE738B5044602F01CFDE6
:10C3100005466068F5F74AF9A3685B1BA36062688D
:10C320002A446260002BF4D1002038BD00B585B0EE
:10C3300000230193029303930290039101A8FFF756
:10C34000E3FF05B05DF804FB10B5044608E0236880
:10C350001968606802F0E8FC21460420FFF7ADFF91
:10C36000A368032BF3D8F0F75BF9002010BD00B5EC
:10C3700085B001910290039201A8FFF7E5FF05B097
:10C380005DF804FB0B4639B11168196041688A42B7
:10C3900009D00023136070471368036041688A4224
:10C3A000F7D14360F5E74360F3E708B50A46036851
:10C3B000002101E019461B682BB19342FAD1FFF727
:10C3C000E1FF012000E0002008BD38B505460C461D
:10C3D0000321A047002806DB01212846A0470028AA
:10C3E00000DB002038BD10F1860FFBD1F4E770B5FB
:10C3F00004460D461646036833B1FFF7D6FF70B901
:10C400001EB96FF0150006E032B123682B6025607D
:10C41000636843B1002070BD6FF01500FBE7002E8C
:10C42000F3D10020F7E765600020F4E770B50E4611
:10C430001546016821B10C683CB131B90C4604E0E5
:10C440000C4602E0234621461C4671B18A682A4008
:10C4500002D04B6830469847002CF3D02368002B5D
:10C46000F1D0002CEFD12346EDE770BD8068003895
:10C4700018BF0120704710F0100F04D110F0200FEA
:10C4800003D10020704703207047012070474368A4
:10C490005B681B690B600020704743685B6802EAB9
:10C4A000010021EA02019860D960002070474368CA
:10C4B0005B6899600020704743685B68D960002022
:10C4C000704743685A68536821EA03000B40906044
:10C4D000D36000207047B0F5800F07D0B1F1C06F76
:10C4E0000DD0B1F1007F08D001207047B1F1007F7D
:10C4F00001D00520704704207047022070470320B8
:10C50000704708B500690430FFF771FF08BD10B52A
:10C5100000F01F044009F0F7C3F930B1014600698B
:10C520000122A2400430FFF781FF10BD00207047B8
:10C5300008B502F0D7FB08BD08B51146806802F0C7
:10C54000C0FB08BDF0B589B00E461446456801F041
:10C550001F072B7C47EA43171046FFF78CFF8DF827
:10C560001E0040F206332340B3F5837F52D016D825
:10C57000062B4BD006D9B3F5807F0DD101238DF862
:10C580001D3024E003B3022B03D104238DF81D30AA
:10C590001DE06FF0150636E06FF0150633E040F24F
:10C5A000022293423AD0B3F5407F03D103238DF8A2
:10C5B0001D300CE0B3F5007F03D102238DF81D3050
:10C5C00005E06FF015061EE000238DF81D300123F5
:10C5D000B34014F4002F25D06A6893602846FFF713
:10C5E00045FF28B30DF11F023946A86802F055FB3C
:10C5F000064614F4403F33D13946A86802F059FB8F
:10C60000002E67D00026304609B0F0BD06238DF815
:10C610001D30DCE707238DF81D30D8E705238DF8A2
:10C620001D30D4E714F4802FD8D06A68D360D5E7E2
:10C63000C4F340438DF8083014F4803F0CBF01234D
:10C6400000238DF81030002601960DF11D03009394
:10C650000DF11E0304AA02A93846F0F7C7F8D2E785
:10C6600002AA002302930393049305930693059271
:10C6700004AA3946A86802F004FB00281BDB14F466
:10C68000003F1AD09DF81D308DF8103014F4803F13
:10C690000CBF012300238DF811309DF81E308DF85A
:10C6A0001230002304AA3946A86802F0EEFA0028E6
:10C6B000A6DA0026A7E70026A5E700230493059342
:10C6C00006930DF11E03049304AA3946A86802F0EC
:10C6D000D8FAECE79DF81F10A86802F0EEFA92E78E
:10C6E00000B54368136001E008331360136890F8E5
:10C6F00008C0D0F804E00EEBCC0C634505D293F8EB
:10C7000005C08C45F0D1002001E06FF001005DF81C
:10C7100004FB38B505460C460321A047002806DB7C
:10C7200001212846A047002800DB002038BD10F179
:10C73000860FFBD1F4E74368186A704770471368A7
:10C74000C0B200F5AC7053F820000860C043C00FC1
:10C75000704743685B6B002013605060704708B5FA
:10C760000021006902F08FFC002008BD10B50446CE
:10C77000002201212120FDF7F1FF2046F0F762FBA6
:10C7800010BD10B582B0044601AAFFF7A9FF00282A
:10C7900005DB019B226819791868F0F799F902B056
:10C7A00010BD012903D108B5F0F7BCFB08BD6FF03F
:10C7B0008500704738B505460C460321A047002880
:10C7C00006DB01212846A047002800DB002038BDF9
:10C7D00010F1860FFBD1F4E743681B68EFF3118279
:10C7E000202181F31288BFF36F8FD3F8201131B16C
:10C7F0000021C3F82011D3F820110121D96082F360
:10C800001188BFF36F8F704743681B68D3F88004AB
:10C81000C3F88004704743681A685B6803F001033B
:10C82000D2F8581129B933B9D2F820312BB90020E8
:10C83000704701207047002070470120704708B5FD
:10C8400003691A6813680BB15268984708BD00B5B0
:10C8500087B0002301930293039304930593042369
:10C860008DF8043002910DEB0301FFF7E8FF07B0EC
:10C870005DF804FB4368187D012814BF00200120E7
:10C88000704700B587B002690023019302930393B8
:10C890000493059302238DF8043013681B6C0293F4
:10C8A00013689B6C0393049101A9FFF7C8FF07B0BD
:10C8B0005DF804FB10B503691B6840680068EFF37E
:10C8C000118C4FF0200E8EF31288BFF36F8F1C6C0B
:10C8D000ACB1DC6CB4B9D9641A65C0F83415C0F8D1
:10C8E0003825042A11D9D0F8003243EA0E03C0F8E3
:10C8F000003200208CF31188BFF36F8F10BD6FF0F2
:10C900000C00F7E76FF00F00F4E70020F2E703698F
:10C91000186820B101601B685A60002070476FF0F2
:10C920008500704700B587B00023019302930393FD
:10C930000493059303238DF8043003691A68436850
:10C940001968936DD26D134302D00423C1F80433E8
:10C9500001A9FFF774FF07B05DF804FB43681A688C
:10C96000DB69C2F834350523C2F838350123D362B8
:10C97000D2F81031002BFBD00023C2F81031D2F8CE
:10C980001031D2F84C0130B10023C2F84C31D2F84A
:10C990004C31D2F83C05C0B2704710B4445844B191
:10C9A0001A4201D1002005E00023435043580120E2
:10C9B00000E0002010BC70474268136800690068FE
:10C9C00068B9D3F8100168B1526A12780A70002071
:10C9D000C3F81001D3F8102101221A6070476FF0DC
:10C9E000850070474FF0FF30704708B520EAE070CF
:10C9F000C117C90341EA5041C00340F2E733C018F0
:10CA00004FF47A724FF0000341F10001E4F7BAF8F5
:10CA100004F0DFFA08BD70B5064612E075B1EFF319
:10CA20001184202383F31288BFF36F8F3046FFF702
:10CA3000F2FE98B984F31188BFF36F8F0120FFF7DE
:10CA4000D4FF64243046FFF7E6FE05460028E5D112
:10CA5000012001F072FC013CF4D1DFE7204670BDFB
:10CA600010B582B0044601AAFFF73AFE002805DBA4
:10CA7000019B226819791868F0F72AF802B010BDF6
:10CA800010B543681C680021D868FFF7E9FF082348
:10CA9000C4F8003510BD08B5026993691943916166
:10CAA00013F0030F00D008BDFFF7EAFFFBE710B556
:10CAB00043681C68C4F84415C4F848250022C4F82B
:10CAC0002021D4F82011C4F85821D4F858215B68EB
:10CAD00013F0040F02D10123A36010BD0121FFF761
:10CAE000DAFFF8E738B505460C4643681B684FF493
:10CAF0008002C3F80423FFF78EFE20B923680122C9
:10CB000083F8B82038BD2368002283F8B820236852
:10CB10004FF0FF32C3F8B4202368D3F8AC20D3F829
:10CB2000A8102846FFF7C3FFECE743685A6812F0E5
:10CB3000040F00D0704710B504460021D868FFF7F5
:10CB40008FFF2046FFF79CFF10BD012904D108B5D7
:10CB5000FFF7EBFF002008BD6FF08500704708B5B8
:10CB60000021FFF7F2FF08BD10B502694468936920
:10CB700023EA0101916111F0030F00D010BD436859
:10CB80001B680022C3F800250121E068FFF768FF59
:10CB9000F4E730B587B0044642680369196800239A
:10CBA0000193029303930493059305208DF80400E9
:10CBB00081F86130536813F0040F05D101A92046B4
:10CBC000FFF73DFE07B030BDEFF31185202383F35F
:10CBD0001288BFF36F8F02212046FFF7C5FF85F350
:10CBE0001188BFF36F8FE9E770B5044646680369A3
:10CBF0001D68296C19B1FFF72AFE00232B6495F8F4
:10CC000062306BB1002385F8623063681B680022D4
:10CC1000C3F80821D3F808312046FFF7BAFF70BDEA
:10CC2000736813F0040FF0D02046FFF797FE85F8E5
:10CC30006000EAE770B50E4603691D6843681C682A
:10CC400005F1080004F019FBEFF31182202383F3B0
:10CC50001288BFF36F8FEB6C53B1D4F8003223F01E
:10CC60002003C4F800320023C4F84C31D4F84C310E
:10CC7000002385F8613016B1012385F86230012365
:10CC8000636082F31188BFF36F8F002070BD08B519
:10CC900003691B681B6C1BB10121FFF7CBFF08BDAB
:10CCA0006FF00D00FBE710B586B0044643681968C5
:10CCB000D1F88024002301930293039304930593F6
:10CCC00006238DF8043012F0010F08D112F0020F84
:10CCD00014D112F0040F13D102F0080300E0012375
:10CCE0008DF80830C1F8802401A92046FFF7A7FD80
:10CCF00000212046FFF79EFF06B010BD0223EFE79C
:10CD00000423EDE738B50369426815681A68D2F85C
:10CD1000A01051B1002482F8B8401868683004F0BF
:10CD2000ACFA0123EB60204638BD6FF00D00FBE745
:10CD300008B5406BFFF7E6FF08BD70B5054603690F
:10CD40001C6843681E6804F1080004F096FAD6F8DF
:10CD50003C3594F860101944002384F86030A36CCB
:10CD6000C91A01D400292CDC216C2846FFF76FFD7D
:10CD7000E36C2364236D63640023E3642365A3648D
:10CD800094F86130E3B1EFF31182202383F312882A
:10CD9000BFF36F8F236CC3B1D6F84C3133B9012385
:10CDA00033600023C6F84431D6F84431D6F8003257
:10CDB00023F02003C6F8003282F31188BFF36F8F8F
:10CDC00070BD2846FFF75DFDCEE701237360F3E7F2
:10CDD00010B5046940682368D3F8A420D3F8B010D4
:10CDE000521A01D1002010BD082A28BF0822C3F81A
:10CDF000AC2023688069C3F8A8002368D3F8A0108A
:10CE0000D3F8B030194404F06BFC0120EBE72DE9B6
:10CE1000F04186B00546436804691F68EFF3118846
:10CE2000202282F31288BFF36F8F2268D2F8B410E9
:10CE3000002946DBD2F8B4605B6813F0040F43D1DD
:10CE400088F31188BFF36F8F2368D3F8A020002ADE
:10CE500034D093F8B81000293FD1D3F8A8108A42F3
:10CE600006D0D3F8AC20964247D0D3F8B0301E4459
:10CE70002068683004F001FA0023019302930393C1
:10CE8000049305932368D3F8A03002930396236894
:10CE9000D3F8A4309E4202D001238DF804304FF421
:10CEA0008003C7F8083322680023C2F8A030226844
:10CEB000C2F8A43001A92846FFF7C1FC06B0BDE8BE
:10CEC000F081D7F84C65B7E74FF48003C7F8083313
:10CED00001212846FFF748FEB2E7EFF31186202331
:10CEE00083F31288BFF36F8F21462846FFF7FAFDC0
:10CEF00086F31188BFF36F8FE0E7D3F8B020324498
:10CF0000C3F8B0202846FFF763FF18B92368D3F8A9
:10CF1000B060ADE7EFF31186202383F31288BFF3EF
:10CF20006F8F21462846FFF7DDFD86F31188BFF39A
:10CF30006F8FC3E7436B5A6812681B691B68D2F88E
:10CF4000081199B10021C2F80811D2F808215965D9
:10CF500030B583B003F10800D3E91623002400257F
:10CF6000CDE90045F8F786FB03B030BD596D0131BE
:10CF700059650429ECD1012353607047D0B582B0C4
:10CF80000369426814681A68002151651B6803F13F
:10CF90000800D3E9162300260027CDE90067F8F73B
:10CFA00069FB0423C4F8083302B0D0BD38B5456826
:10CFB0002C686B6813F0010F23D100220823C4F8FA
:10CFC00000352B6AC4F844350023C4F848350123E2
:10CFD000A36072B9D4F82031002BFBD00023C4F831
:10CFE0002031D4F820310123E3604FF48073C4F87A
:10CFF0000433D4F85831002BFBD00020C4F80005CE
:10D0000038BD01692046F0F77BF90028F8DB0122E2
:10D01000D4E710B50446002201210A20FDF79EFB4B
:10D020000A20FDF791FB00212046F0F785F910BD9D
:10D0300010B50446002201210B20FDF78FFB0B20C9
:10D04000FDF782FB00212046F0F776F910BD2DE9AF
:10D05000F041064643681C680769D7F80080D4F899
:10D0600004532B4604224FF484712046FFF795FCAD
:10D07000E8BB2B464FF400724FF492712046FFF745
:10D080008CFCC0BB2B4610224FF488712046FFF762
:10D0900084FCA0BB15F4002F05D0D4F84C3113B19B
:10D0A000D4F81031A3B315F4003F05D0D4F84431BF
:10D0B00013B1D4F810319BB315F4807F02D0D4F8AB
:10D0C0002031ABBB15F4800F02D0D4F858319BBB94
:10D0D00007F11803D3E8EF2F22F00401C3E8E01FA3
:10D0E0000028F7D112F0040F2AD1BDE8F0813046B4
:10D0F000FFF744FFBDE73046FFF7D5FDC2E7002349
:10D10000C4F81031D4F810313046FFF716FEC1E7ED
:10D11000C4F84C31D4F84C313046FFF703FCC2E779
:10D12000C4F84431D4F844313046FFF75DFDC3E71D
:10D130003046FFF751FBC5E73046FFF768FEC7E70B
:10D14000D8F844103046FFF79CFBD8F84010304622
:10D15000FFF77DFB0023C8F84430C8F84030304664
:10D16000FFF717FDC1E700B5A2F5807E4FEA9E0EDE
:10D170004FF0010C0CFA0EFC1CEA010F0DD0815887
:10D1800009B900200AE00021815082581BB11A68B9
:10D190004CEA02021A60012000E000205DF804FB66
:10D1A00070B582B006460D460024019409E0A20045
:10D1B00001AB02F5A07229463046FFF7D4FF0134D7
:10D1C000E4B2032CF3D915F0010F02D0D6F80031E8
:10D1D00043B915F0020F02D0D6F8043163B90198B3
:10D1E00002B070BD0023C6F80031D6F80031019BB3
:10D1F00043F001030193ECE70023C6F80431D6F8AD
:10D200000431019B43F002030193E8E7401A20F048
:10D210007F40704700F150039B009BB203F18043B5
:10D2200003F5A8331868003818BF0120704700F1D3
:10D2300050039B009BB203F1804303F5A833002207
:10D240001A601B68704720F07F407047EFF3118031
:10D25000202383F31288BFF36F8F704780F3118808
:10D26000BFF36F8F7047F0B585B0044617461D4673
:10D27000F0F7FEF806469DF8303002930B9B0193C1
:10D280000A9B00933A462B462046F0F7AFF9054635
:10D2900031462046F0F73AF9284605B0F0BD08B50A
:10D2A000F0F784F908BD4FF0FF30704708B500690A
:10D2B00090F834308B4209DD00290ADB90F83530D4
:10D2C00053B1C9B2F4F7D2F9002008BD6FF01500D0
:10D2D000FBE76FF01500F8E76FF00A00F5E710B50F
:10D2E00084B004690023019302930393236B029398
:10D2F00011F0010F01D10123019311F0020F03D1AD
:10D30000019B43F00803019301A9204601F04CFF63
:10D31000002806DB204601F056FF012384F8353053
:10D32000002004B010BDF8B506461446076906E0B3
:10D330002946304698470121A94024EA01044CB10E
:10D3400094FAA4F5B5FA85F52B1D57F82330002B78
:10D35000EED1F0E7F8BD0B4639B1116819604168AC
:10D360008A4209D000231360704713680360416844
:10D370008A42F7D14360F5E74360F3E708B50A4610
:10D380000368002101E019461B682BB19342FAD1D2
:10D39000FFF7E1FF012000E0002008BD10B50446C2
:10D3A00003F0F0FE8E464A0142EAD06243011B1AA6
:10D3B00062EB0102920042EA93729B001B1842EB5F
:10D3C0000101C90041EA5371C3F3103343EA4143F9
:10D3D000C90B20686268181A2360616061EB020162
:10D3E00010BD38B504460D4604300122002103F07B
:10D3F0001CFBE56138BD08B503F026F908BD70B522
:10D400008AB005460C4601F097FF002869D003F06A
:10D41000B9FE4A0142EAD06243011B1A62EB0102E3
:10D42000920042EA93729B001B1842EB0102D20069
:10D4300042EA5372C3F3103343EA4243D20B0093E0
:10D4400001922368002B3DD0002B40DB294602A827
:10D45000FFF7C7FF02A8F0F7F3FA002844D02068CE
:10D46000B0F1FF3F37D020EAE070C117C90341EAAD
:10D470005041C00340F2E733C0184FF47A724FF0C6
:10D48000000341F10001E3F77DFB02460B4603A8D0
:10D49000F6F75EFF02A8F0F7FBFA01F04DFF28B3A4
:10D4A0002568B5F1FF3F24D0EE176846FFF776FFF9
:10D4B0002D1A66EB0106002E11DB2560DDB1002080
:10D4C0000AB070BDF7F7D0FC6FF00A00F8E74FF034
:10D4D000FF332360BAE74FF0FF321346D7E700254A
:10D4E000EBE76FF06D00EBE70020E9E76FF06D0010
:10D4F000E6E70020E4E76FF00A00E1E708B503F093
:10D5000005FC08BD08B5F6F7DBFE08BD10B50446FE
:10D51000B1F1FF3F18D021EAE173D917C90341EAFD
:10D520005341DB0340F2E73298184FF47A724FF020
:10D53000000341F10001E3F725FB02460B462046BC
:10D54000F6F706FF20B910BD4FF0FF321346F6E79D
:10D550006FF00A00F7E708B5F6F722FE08BD10B530
:10D560000446B1F1FF3F18D021EAE173D917C9038E
:10D5700041EA5341DB0340F2E73298184FF47A72E4
:10D580004FF0000341F10001E3F7FCFA02460B46BD
:10D590002046F6F785FD20B910BD4FF0FF32134647
:10D5A000F6E76FF00A00F7E743884B8001230B8012
:10D5B00043684B6070474B884380012303804B686E
:10D5C00043607047292800F0F48019DC012800F03E
:10D5D0009780062808D140F21F43994240F01081FD
:10D5E000372313600020704738B940F2074399424F
:10D5F00040F003811F23136070474FF0FF307047E6
:10D60000B0F58D7F0ED0B0F5007F08D140F2064313
:10D61000994240F0F8801E231360002070474FF0BD
:10D62000FF3070470F2919DC002914DD01390E295C
:10D6300000F2D480DFE811F028002C003000480010
:10D6400034003800D200D200D200D200D2003C0018
:10D6500040004C0050004FF0FF30704740F2FE3366
:10D66000994200F3BE8040F2FA33994209DBA1F2FD
:10D67000FA31042900F2AF80DFE801F02232363AB5
:10D680003E004FF0FF3070470123136000207047C9
:10D6900002231360002070470323136000207047AB
:10D6A0000523136000207047062313600020704795
:10D6B0000C231360002070470D2313600020704777
:10D6C0000E2313600020704704231360002070476E
:10D6D0000F23136000207047102313600020704751
:10D6E000112313600020704712231360002070473D
:10D6F0001323136000207047142313600020704729
:10D7000015291BDDB1F5856F74DAB1F5816F29DD5F
:10D71000A1F209411E2967D8DFE801F02F2B6666C8
:10D720006666663B666666666666666666666666C4
:10D73000666666666666666643664700022902DAC2
:10D740004FF0FF3070470239132950D8DFE801F05D
:10D75000254F0D4F4F4F4F4F4F4F4F4F4F4F4F4F45
:10D760004F4F191D4FF0FF30704704231360002006
:10D77000704722231360002070472123136000208C
:10D780007047142313600020704715231360002096
:10D790007047282313600020704702231360002085
:10D7A00070473D231360002070473F231360002023
:10D7B0007047B1F5816F06D040F22643994206D0FA
:10D7C0004FF0FF30704720231360002070473E2346
:10D7D0001360002070474FF0FF3070474FF0FF306C
:10D7E00070474FF0FF3070474FF0FF3070474FF0F9
:10D7F000FF3070474FF0FF3070474FF0FF307047F9
:10D800004FF0FF3070474FF0FF30704710B584B0D5
:10D8100004460068F0F752FA58B1C2694AB1436849
:10D820000193A3680393636803B10B23029301A8D8
:10D83000904704B010BD0020704710B54B8843805E
:10D840000346022223F8042B4C68D1F808E0D1F8F3
:10D850000CC00A694460C3F804E0C3F808C0DA6089
:10D860000B7D037510BD10B543884B800B4602221B
:10D8700023F8042B4468D0F808E0D0F80CC0026903
:10D880004C60C3F804E0C3F808C0DA60037D0B7590
:10D8900010BD38B504460068F5F7E2FA054608B150
:10D8A000284638BD2046F0F773FAF9E738B5054643
:10D8B0000C4620220021204603F039FF6B682360CC
:10D8C000EB68A360AB6863602B69E3602B6A03B10C
:10D8D000A36138BD2DE9F0418AB004460D461746D4
:10D8E0009846109E806808B1F6F75AFC46B3119B23
:10D8F00033B304AA00210491059106910791089180
:10D90000ADF824101623039303AB01930092434612
:10D910003A462946206802F009FB051E1ADBBDF8CD
:10D920001030012B22D0022B14D1039B162B11D1C6
:10D9300004A93046FFF781FF1823119A136009E00C
:10D9400000230193009343463A462946206802F09B
:10D95000EDFA0546A06828B14FF0FF324FF0FF33D3
:10D96000F6F79EFB28460AB0BDE8F081039A082A24
:10D97000D9D104A93046FFF71EFE0823119A13607F
:10D98000E8E700B583B0002301930093FFF7A2FFFF
:10D9900003B05DF804FB00B583B00023019300934E
:10D9A000F0F7C8FA03B05DF804FB08B5006802F0B0
:10D9B000A4F808BD10B586B00B4604680988012993
:10D9C00007D002290FD01946204601F0AEFF06B05D
:10D9D00010BD69461846FFF7E7FD08226946204654
:10D9E00001F0A3FFF3E769461846FFF73CFF162254
:10D9F0006946204601F099FFE9E710B50446006842
:10DA0000F0F75CF920B10C30B4F90610F7F7E0FE3E
:10DA100010BD10B582B00C46136814331360002398
:10DA2000009301930C3001AA694603F0EBFD009BC3
:10DA30000BB1019BE380002002B010BD10B582B095
:10DA400001920468A1F58173032B24D8DFE803F069
:10DA50000211281C019A141D0194116802F1080397
:10DA60000193526804F1080301936368F0F768FBBF
:10DA700018E0019A131D0193116802F10803019344
:10DA80005268FFF7C6FF0DE0019B1A1D01921B684B
:10DA90008360002006E0019A2046F0F799FB01E040
:10DAA0006FF05E0002B010BDF8B5054617461C4683
:10DAB00021F04046F7F780F9012323703A463146BA
:10DAC0002846EDF7A1FD054600232370F7F78CF9F2
:10DAD0002846F8BD08B5F5F763F908BD38B5044622
:10DAE00007E02568E06903F0CFFD204603F0CCFD98
:10DAF0002C46002CF5D138BD38B504460D46002320
:10DB0000036003620B6843608B68C3604B6883608B
:10DB1000CB6803614B68012B0DD0022B1AD1182062
:10DB2000F7F7C4FEE061C0B11823A3616969FFF78C
:10DB300084FE002038BD0820F7F7B8FEE06130B160
:10DB40000823A3616969FFF736FD0020F2E76FF053
:10DB50000B00EFE76FF06900ECE76FF00B00E9E70F
:10DB60002DE9F0418AB005460E4614461F460021B5
:10DB70000191202202A803F0DAFD24B102A9204677
:10DB8000FFF794FE02AC01AB224631462846F4F77B
:10DB90002BFE804690BB019C00263E600EE028468E
:10DBA00003F072FD6FF0090820E0284603F06CFDD9
:10DBB0006FF005081AE03560E4692E469CB15420E8
:10DBC000F7F774FE054660B12146FFF795FF10F1A7
:10DBD0000C0FE4D010F16A0FE7D0002EEBD13D60BE
:10DBE000EAE76FF00908B8F1000F04D03868FFF7D2
:10DBF00075FF00233B60019801F036FE40460AB0F5
:10DC0000BDE8F08101F01F0201239340490900EBB8
:10DC10008100D0E8EF2F1A43C0E8E12F0029F8D1A6
:10DC2000704730B108B5006810B10C30FFF7EAFF5B
:10DC300008BD7047007A00F001007047007AC0F319
:10DC40004000704708B50B46016829B1184603F03B
:10DC500009FE18B1012008BD0120FCE70020FAE709
:10DC600001E00133036003681A780D2AF9D00A2A0B
:10DC7000F7D07047037A053B032B01D8012070478A
:10DC8000002070478368013B8B422CBF002001209D
:10DC9000704703780D2B03D00A2B01D0002070476A
:10DCA00043780BB1002070470120704703780D2B9B
:10DCB00003D00A2B01D00020704743780BB9002015
:10DCC00070470120704710B50446FFF7E2FF28B9FE
:10DCD0002046FFF7EBFF10B1012000E0012010BD4E
:10DCE00003780D2B01D00020704743780A2B01D018
:10DCF0000020704783780BB10020704701207047E7
:10DD000003780D2B01D00020704743780A2B01D0F7
:10DD10000020704783780BB90020704701207047BE
:10DD200010B50446FFF7DCFF28B92046FFF7E8FFEF
:10DD300010B1012000E0012010BD0160002343600C
:10DD40000822027243727047F0B587B004460D4650
:10DD500000230593037B002B49D1836833B94668C0
:10DD60003046FFF7CDFF08B102366660666833784B
:10DD7000002B7BD03046FFF78CFF002879D130464E
:10DD8000FFF7AEFF002877D13046F0F737FC0028C8
:10DD900075D166683046FFF789FF002872D130469A
:10DDA000FFF7AEFF002870D1A368002B2FD16F467C
:10DDB00005AA31463846F0F7F9FC97E8070085E8F0
:10DDC00007002B7A73B32846FFF754FFB8B1059EBE
:10DDD0003378002B36D03046FFF775FF00283CD152
:10DDE0003046FFF79DFF002839D100232BE0416822
:10DDF0002846FFF7A2FF6368059300232373A368F7
:10DE00000133A360059B6360002007B0F0BD6F463F
:10DE100005AA3146384600F0DCF897E8070085E8A7
:10DE20000700CEE76E4605AA61683046F0F7DEFDD2
:10DE300096E8070085E807002B7A002BC3D16FF026
:10DE40004C00E2E701236A7A012A0AD0002AD6D1DF
:10DE5000002BD4D16FF04C00D7E70123F3E7012367
:10DE6000F1E7002BF2D001232373C8E76FF0040021
:10DE7000CBE76FF00400C8E76FF00400C5E76FF070
:10DE80000400C2E76FF00A00BFE76FF00A00BCE7CA
:10DE9000F8B505460E461746FFF7F4FE18B92B688D
:10DEA0006B600023AB6039462846FFF74DFF044600
:10DEB00031462846FFF7E6FE08B1002CF3D0204695
:10DEC000F8BD2DE9F04385B01D469DF83080002354
:10DED000019302930393002A3BD004460F469146D8
:10DEE000002D39D0F0F770FB064618B1304605B06A
:10DEF000BDE8F08301AA39462046FFF7C9FF064670
:10DF00000028F3D19DF80C30013B082B27D8DFE81F
:10DF100003F0080808082608080508006FF03C060A
:10DF2000E4E7B8F1000F05D0019BC9F80030029B6F
:10DF30002B60DBE72968029A531C994212D301999E
:10DF4000484603F0CDFB029B002209F803202B601A
:10DF5000CCE76FF01506C9E76FF01506C6E76FF05E
:10DF60005E06C3E76FF00B06C0E770B584B0002310
:10DF7000019302930393B9B104460E46F0F724FBD4
:10DF8000054670B901A92046FFF7DEFE0028F9D04A
:10DF9000A268326010F1050F03D010F10B0F00D012
:10DFA0000546284604B070BD6FF01505F9E708B5C1
:10DFB0000123F0F741FB08BD08B50223F0F73CFB55
:10DFC00008BD10B582B000240094FFF77AFF02B0BC
:10DFD00010BD30B50B78203B192B3AD8DFE803F0A1
:10DFE0000D392339393939393139393E5E3E3939BC
:10DFF0006A7474747474747474744B1C91F801C0F2
:10E00000ACF1220CBCF1170F23D8DFE80CF0302262
:10E01000222222223822223E463E2222526D6D6D5D
:10E020006D6D6D6D6D6D4B1C497891B122295DD080
:10E03000194611F8014F64B1222CFAD11C460B4647
:10E0400055E001F1010C4B781BB1283BDBB2012BF1
:10E0500065D8002303604360836030BD4B1C91F89A
:10E0600001C0ACF1310CBCF1080F2ED9F1E78B1CCB
:10E0700089780029EDD02229DAD11C4637E08D1CA1
:10E080008C78292CE5D019464DE08C1C89783139E3
:10E090000829DED81946234617E019464B1C02B161
:10E0A000136001600023436008230372012343725D
:10E0B000D3E719464B1C91F801C0BCF12C0F4AD094
:10E0C0009C464AE09C4648E00B4613F801CFBCF161
:10E0D0002C0F40D0F6D3ACF1300C5FFA8CFCBCF1C5
:10E0E000090FF2D99C4638E01946EEE71C465D1C44
:10E0F00059782C290ED015F8011C02B115601B1B94
:10E100002C2914BF002201220460436006230372FD
:10E110004272A2E79D1CEEE7002C9AD0AC460CF1AF
:10E1200001059CF80140282C93D0292CF4D16B1CBC
:10E130006C782C2C22D01D4615F8014C02B11560CC
:10E140005B1A2C2C14BF00220122016043600723BC
:10E150000372427281E79C46013313F801EC02B16D
:10E160001360ACEB0103BEF12C0F14BF002201229F
:10E17000016043600523037242726EE70235DBE7FC
:10E1800008B5F0F7BFFD002008BD08B50420F1F781
:10E19000BDF800B908BD6FF00D00FBE708B5F0F75A
:10E1A000C7FF08BD08B5F1F723FA08BD00B17047F5
:10E1B00008B5F1F773FA08BDB0F1FF3F01D00120B7
:10E1C00070470020704700B58FB0382200216846A4
:10E1D00003F0ADFA0B238DF8003001238DF80830E1
:10E1E0006846F0F71DFD0FB05DF804FB38B5054635
:10E1F000002405E02A5D631CE95C2955EA540234D9
:10E200002846E2F7EBFCA042F4D838BD0020704766
:10E2100008B50020F1F7A4FC08BD10B50446F1F7DD
:10E22000A7FC10B10123237010BD0023237001202F
:10E23000F1F796FCF8E708B5F1F7F2FE002008BD0B
:10E2400008B5F1F70DFF08BD00F00F0303EB8303E2
:10E250005B0003EB1010C0B2704708B500F04EF839
:10E2600000B908BD002383F31188BFF36F8F042327
:10E27000184602DF6FF00400F3E708B507290AD05B
:10E2800013290BD0052903D0F2F75AFC002001E036
:10E29000F2F74CFB08BDF2F7B1FBFBE7F2F71EFC0F
:10E2A000F8E702280BD003280CD010B14FF0FF3054
:10E2B000704709B9002070474FF0FF3070476FF08A
:10E2C000150070476FF08500704700B589B002AB4C
:10E2D00006930823079301AB04930423059302904C
:10E2E000039104AA06A91846F2F726FD0199FFF743
:10E2F000D8FF09B05DF804FB00207047002070478C
:10E3000010B588B01C4601AB06930C230793CDF8DB
:10E3100010D00423059301900291039204AA06A948
:10E320000020F2F709FD009B236008B010BD704784
:10E3300008B503460020984708BD08B502F084F9E7
:10E3400008BD03460168D1B100B501E0196899B173
:10E35000B1FA81F0C0F11F000122824021EA0202DD
:10E36000D3E8EFCF8C4504D1C3E8EE2FBEF1000F08
:10E37000F6D1EBD15DF804FB6FF00B00FAE76FF01C
:10E380000B0070470368CB4013F0010F11D100B5AB
:10E39000026801238B401343D0E8EFCF944504D1AA
:10E3A000C0E8EE3FBEF1000FF6D1F1D100205DF8DC
:10E3B00004FB6FF01500704741F00041C0F8801079
:10E3C00000207047704710B5044608460021FFF74B
:10E3D000F9FF002803DBC1B22046FFF7EDFF10BDB7
:10E3E000F8B506460D46144600210846F2F722FD10
:10E3F000074608B13846F8BD21783046FFF7E3FFFD
:10E4000021782846FFF7DFFFF4E708B50520ECF791
:10E41000F3FC00B108BD0520FCF796F9FAE708B552
:10E4200010B1012803D008BDF2F7F4FDFBE7F2F7C5
:10E4300083FDF8E708B520B1012801D100F00AF802
:10E4400008BD00F021F8FBE708B5F2F795FDF2F7FB
:10E4500045FE08BD08B5F2F73BFD08BD0120704739
:10E4600038B504460378022B06D0012B00D00023D8
:10E470001D461BB1284638BD0123F9E7F2F798FD88
:10E48000FFF7ECFF2070F5E708B5F2F791FD08BD46
:10E4900010B401F5A27150F8214024F4473424F45B
:10E4A000407440F8214050F82140120202F4F85222
:10E4B0001B0403F440331A43144340F8214010BCBA
:10E4C000704710B401F5A27150F8214024F498145B
:10E4D00024F4F85440F8214050F82140120202F48C
:10E4E000F8521B0403F440331A439DF804301B0513
:10E4F00003F480131A43144340F8214010BC7047C2
:10E5000000B5A2F5807E4FEA9E0E4FF0010C0CFA8A
:10E510000EFC1CEA010F0DD0815809B900200AE059
:10E520000021815082581BB11A684CEA02021A601D
:10E53000012000E000205DF804FBF0B583B0074641
:10E540000D4616460024019409E0E2B2920001ABA8
:10E5500002F5807229463846FFF7D2FF0134B442F3
:10E56000F3D3002D02DB019803B0F0BD01AB4FF4F3
:10E57000BE7229463846FFF7C3FFF4E700B585B001
:10E580008DF80F100DF10F030193002100910B4640
:10E590000A46F2F7E3FD05B05DF804FBC0B2704730
:10E5A00010B504460846FFF7F9FF083004EB4004B5
:10E5B000A08800F0010010BD10B504460846FFF722
:10E5C000EDFF083004EB4004A088C0F3401010BDFC
:10E5D00010B504460846FFF7E1FF083004EB40049D
:10E5E000A08810F01C0018BF012010BD10B5044613
:10E5F0000846FFF7D3FF083004EB4004A088C0F3BF
:10E60000400010BD38B504460D46FFF7EFFF30B1AE
:10E6100029462046FFF7D0FF18B1012000E0002076
:10E6200038BD0020FCE708B5FFF7E0FF80F00100EF
:10E63000C0B208BD7047704710B504460846FFF7E2
:10E64000ADFF083004EB4004A088400B10BD032848
:10E6500094BF002001207047002204E04FF0FF33F8
:10E660008B420FD001321F2A0AD802F1080300EBB7
:10E6700043039B8813F4807FF0D0C3F34323EFE779
:10E68000002070470120704738B504460D46FFF75B
:10E6900093FFB8B129462046FFF7C5FF90B1294640
:10E6A0002046FFF7C9FF226801238340C2F80833E0
:10E6B000226800F5A27052F8203023F0030342F8DC
:10E6C000203003E000212846FFF758FF38BD0346FD
:10E6D0000020002808DD4FF0FF30704703EBC00436
:10E6E000A468944206D10AE010B403EBC004646845
:10E6F0008C42F3D001300028F7DD4FF0FF3010BC22
:10E70000704710B504460846FFF748FF083034F854
:10E71000103013F4807F04D0C3F3432304EBC30011
:10E7200010BD0020FCE72DE9F04184B004460D4601
:10E7300016461F460846FFF731FF80463EB329467E
:10E740002046FFF770FF28B129462046FFF734FF27
:10E7500000283CD129462046FFF73AFF10B17378D4
:10E76000012B34D001238DF80F3000230193009644
:10E77000B31C721C0DF10F012846F2F7EFFC08F1F3
:10E78000080304EB43039A8842F003029A80002FA7
:10E7900034D029462046FFF746FF88BB3E782368E1
:10E7A00006F5A272002143F8221043F8221008F166
:10E7B000080304EB43039A8822F02002D204D20C0F
:10E7C0009A807B7833B9002004B0BDE8F0816FF007
:10E7D0001500F9E7BA7800922A4631462068FFF71B
:10E7E00070FE08F1080804EB4804A3887603B6B26B
:10E7F000334343F02003A3800020E5E70020E3E754
:10E800006FF01500E0E7C1600261704770B5044623
:10E810000E461546FFF7D0FE50B13046FFF7BEFE5C
:10E82000083004EB400083885B0B2B70002070BD28
:10E830006FF01500FBE790F86C00003818BF01205E
:10E84000704770B504460D461646FFF7B5FE00B397
:10E8500029462046FFF7E7FED8B129462046FFF7B4
:10E86000EBFE2268830003F580739BB20021995070
:10E870009B58226800F5A27152F8213043F0010341
:10E8800042F82130B6B1226801238340C2F8043334
:10E8900010E02368D3F80423002A03DB4FF0004282
:10E8A000C3F8042329462046F2F7D4FC0146284643
:10E8B000FFF764FE70BDF8B504460D461646FFF737
:10E8C00020FF20B10768426831462846B847A36850
:10E8D0001BB1E268314628469847F8BD08B590F864
:10E8E0006D00F2F7ABFCFFF72CFD08BD38B5044610
:10E8F0000846FFF753FE00F1080304EB43039A8830
:10E9000012F4807F0DD0C2F3432500F1080304EB1D
:10E91000430322F4F8529A8029462046FFF79CFED2
:10E9200000B138BD04EBC50300225A60294604F14A
:10E930005800FFF727FDF4E72DE9F041054688462A
:10E9400016461F46FFF7D2FF1EB33A463146284609
:10E95000FFF7BDFE041E15DB05EBC4035E609F6080
:10E960004046FFF71BFE083005EB4005AB88E4B2DC
:10E970006402A4B2234343F48073AB800024204696
:10E98000BDE8F08105F15800FFF7DBFC041EE3DA77
:10E99000F5E70024F3E72DE9F04385B005460E4680
:10E9A00017460846FFF7FAFD0446D7F80080B8F18D
:10E9B000000F20D031462846FFF724FE00283FD123
:10E9C00000238DF80E308DF80F30019300934346ED
:10E9D0000DF10F020DF10E013046F2F7BFFB04F10D
:10E9E000080205EB4202938823F002039BB2938056
:10E9F00043F0010393807B68B3B193F80080D3F8B0
:10EA0000049031462846FFF7F1FDE0B1B9F1000F5F
:10EA10005FD1083405EB4404A38823F01C039BB2A8
:10EA2000A38043EA8803A380BA68002A57D05368BA
:10EA3000126831462846FFF77FFF05B0BDE8F08336
:10EA40006FF01500F9E704F1080305EB43039A881A
:10EA500022F02002D204D20C9A80B9F1000FD8D053
:10EA6000B8F1030F38D87B685B6893F80090B8F171
:10EA7000000F08D12B6809F5A279002243F829205C
:10EA800043F82920C5E74046FFF7D5FD034629682E
:10EA900009F5A27C51F82C2022F0030241F82C2029
:10EAA000324649462868FFF7F3FC09F12C0305EBD1
:10EAB00043039E8004F1080205EB420293884FEA6B
:10EAC00049391FFA89F943EA090343F02003938087
:10EAD0009FE76FF01500B0E76FF01500ADE700207D
:10EAE000ABE770B504460D46FFF766FD58B12668E2
:10EAF00029462046FFF7A0FD00F5A270002346F846
:10EB0000203046F8203029462046FFF7EFFE284601
:10EB1000FFF744FD083004EB40040023A38070BDE0
:10EB200038B505460C46FFF73BFD60B12146284647
:10EB3000FFF7AAFD21462846FFF7D3FF2046F2F74C
:10EB400067FB002038BD6FF01500FBE710B50C46E1
:10EB500090F86D00F2F772FB2146FFF713FC10BD31
:10EB600070B504460D461E4604984FF0000C01E0B7
:10EB70000CF1010C84450ED25FFA8CF2920002F582
:10EB800080719208012303FA02F21542F0D00023AB
:10EB900063506358ECE7002D04DA0023C4F87C319D
:10EBA000D4F87C3144F30730FBF7CEFD0EB1C4F846
:10EBB000045370BD70B582B004460D4690F86D00E8
:10EBC000F2F742FB94F86C30B3B9064640220021BC
:10EBD00004F1140002F0ABFD3368009300232A46D1
:10EBE0004FF000412068FFF7BBFF012384F86C3031
:10EBF000A365002002B070BD6FF07700FAE7F8B5AA
:10EC000007460D46144618E094FAA4F3B3FA83F3CA
:10EC100001229A4024EA020403F12C0235F8126022
:10EC200003F5A27357F82300C0F30140FFF702FD7C
:10EC3000024631462846FFF73EFE002CE4D1F8BDDF
:10EC4000F8B504460E4691F86900F2F7FDFA07465A
:10EC5000D4F80413C9B2026841F000412046FFF71E
:10EC60006CFC051E05DB2A4631462046FFF7C7FF30
:10EC7000F8BD3A4631462046F2F77EFB25F00045C6
:10EC8000F1E708B5FFF787FE08BD08B5FFF74BFDB4
:10EC900008BD08B5FFF7B7FD08BD08B5FFF7B6FD1D
:10ECA00008BD08B5FFF786FF08BD08B5FFF7C3FD2F
:10ECB00008BD08B5FFF734FF08BD08B5FFF746FFEC
:10ECC00008BD10B50C46FFF709FE002801DB2070D7
:10ECD000002010BD08B5FFF7B4FD08BD08B5FFF76B
:10ECE000D3FC08BD08B5014651F8040BFFF7A8FF97
:10ECF00008BD4FF4805070474FF48070704710B5D6
:10ED0000FFF7F7FF0446FFF7F7FF04FB00F010BD25
:10ED100010B50446FFF7EDFFB4FBF0F300FB134022
:10ED2000B0FA80F0400910BD38B504460D46F2F740
:10ED300021FC29462046F2F72DFCF2F713FC38BDE2
:10ED400008B5FFF7DCFF08BD08B5FFF7D2FF08BD27
:10ED500008B5FFF7D1FF08BD10B48B7DC3B18C7C23
:10ED6000CA7C0B8AC0F80C45C0F80425C0F80835E9
:10ED70000B7D4A7D43EA0223C0F8103510BC704772
:10ED800003F5AC7251F8234040F822400133DBB266
:10ED9000032BF5D9E3E7034611F0100002D0D3F8B6
:10EDA000100120BB11F0200F02D0D3F814212ABB90
:10EDB00011F0800F02D0D3F81C213ABB11F0020FE2
:10EDC00002D0D3F804214ABB11F0040F02D0D3F8CB
:10EDD00008215ABB11F0080F02D0D3F80C216ABBEE
:10EDE00011F0400F02D0D3F818217ABB70470022EF
:10EDF000C3F81021D3F810211020D3E70022C3F864
:10EE00001421D3F8142140F02000D1E70022C3F8E8
:10EE10001C21D3F81C2140F08000CFE70022C3F86A
:10EE20000421D3F8042140F00200CDE70022C3F80A
:10EE30000821D3F8082140F00400CBE70022C3F8F2
:10EE40000C21D3F80C2140F00800C9E70022C3F8D8
:10EE50001821D3F8183140F04000C7E710B5044638
:10EE600043682BB1207BC0B2023818BF012010BD0F
:10EE700002210068FFF78FFF0028F3D001232373DE
:10EE8000F0E710B4844602200872CA60DCF8000083
:10EE90000124C0F80045096889B112F0040F1AD1A5
:10EEA000822112F0080F01D041F0200112F0100F62
:10EEB00001D021F08001DCF80000C0F8001312F04E
:10EEC00080000AD1DCF800209B000833DBB201216E
:10EED000D15010BC70479221E3E7DCF800009B00A2
:10EEE0000833DBB21844F4E770B504460D461E46FD
:10EEF00011F0800F04D00023C0F81C31D0F81C3171
:10EF000015F0100F04D00023C4F81031D4F81031DC
:10EF100015F0200F04D00023C4F81431D4F81431B4
:10EF200015F0020F04D00023C4F80431D4F80431E2
:10EF300015F0040F04D00023C4F80831D4F80831C8
:10EF400015F0080F04D00023C4F80C31D4F80C31AC
:10EF500015F0400F04D00023C4F81831D4F818314C
:10EF600044F30730FBF7F0FB0EB1C4F8045370BD57
:10EF700030B587B005460C460B7F33B3236800934A
:10EF800063680193A3680293E3680393238BADF84E
:10EF90001030637D8DF81230A37D8DF81330A37E81
:10EFA0008DF81430E37E8DF81530637F8DF81630C0
:10EFB00069462868FFF7D0FE0023227D4FF48E714A
:10EFC0002868FFF791FF07B030BD0846F2F71EFB37
:10EFD000D4E710B50446007B58B96260A36021B144
:10EFE0000B7F23752046FFF7C3FF01232373002007
:10EFF00010BD6FF07700FBE770B58C4696461A4659
:10F00000014651F8043BDCF80040C3F82045BCF849
:10F010000440C3F82445DCF80840C3F82845DCF870
:10F020000C40C3F82C450368DCF80040C3F84045A9
:10F03000BCF80440C3F84445DCF80840C3F8484530
:10F04000DCF80C40C3F84C451EF001052B46066861
:10F050004FEA5E0E0CD001247444C6F8144512F039
:10F06000010F07D112F0020405D055B1082402E0C7
:10F070002C46F1E710240568C5F80042FFF701FFB0
:10F0800070BD0424F7E710B5044603680022C3F8F6
:10F090000022036801225A6051B12046FFF7DEFECC
:10F0A0000028FAD023680022C3F800250123237327
:10F0B0002046FFF7D3FE10BD08B5FFF7CFFE08BD11
:10F0C00038B50446B2210068FFF765FE054610F02A
:10F0D000100F08D0236913F0040F04D0636813B134
:10F0E000A1680120984715F0200F08D0236913F07C
:10F0F000080F04D0636813B1A1680220984715F087
:10F10000800F08D0236913F0100F04D1636813B186
:10F11000A1680020984715F0020F0AD0236800224A
:10F12000C3F8002501232373636813B1A16803208A
:10F13000984738BD30B583B004460D4649684FF452
:10F140007A720023C803490CE1F71CFD2A6800927B
:10F1500001902368C3F80C25C3F80405A36863B1C4
:10F1600024680023C4F80031D4F8003144F3073098
:10F17000FBF7EAFA0123C4F8043303B030BD08B545
:10F180008260C360437933B90123437131B1FFF722
:10F19000D1FF002008BD6FF07700FBE70020F9E702
:10F1A00008B5FFF7ECFF08BD08B543792BB1022B7A
:10F1B00006D0FFF7BFFF002008BD6FF07600FBE729
:10F1C0006FF00F00F8E7036801221A600223437111
:10F1D0007047EFF3118C202383F31288BFF36F8FF6
:10F1E0000379072B11D80B7001330371026808787B
:10F1F000D2F80815012383400B43C2F808350020DC
:10F200008CF31188BFF36F8F70476FF00B00F7E737
:10F2100008B50368D3F80414D3F8002142B912F0FA
:10F22000010F04D08368C2684FF48070984708BD0E
:10F230000022C3F80021D3F800310122EFE703696F
:10F24000C268934204D881688A1A1344581E7047D2
:10F25000981A013870472DE9F84304468846164647
:10F26000C5688768A7EB0509914507D94068284418
:10F2700002F036FA3544E560BDE8F88340684A4656
:10F28000284402F02DFAED1B35442A4608EB09010B
:10F29000606802F025FAE560EEE72DE9F8430646DE
:10F2A00088461746C5684FF0000918E05B1B5A1ED8
:10F2B000B3685C1B944228BF1446BC4228BF3C463E
:10F2C000706822464146284402F00AFAA144A0444C
:10F2D0003F1B2544B368AB4209D0F5604FB1336999
:10F2E0009D42E3D3B2685B1B1A44013AE0E7002574
:10F2F000F3E74846BDE8F88308B5F2F7F3F908BD2F
:10F3000008B5FFF7F9FF002008BDEFF311802023B7
:10F3100083F31288BFF36F8F704780F31188BFF3B8
:10F320006F8F7047002070470020704700207047A3
:10F330000020704700207047F2F774BB022904D008
:10F34000042906D0012900D17047806808B1EEF782
:10F350005FBC7047F2F78ABB002210B50468944284
:10F3600000D110BD00EBC2014B68013223F0FF0356
:10F3700043F003034B60F2E70420F2F7C1B8042026
:10F38000F2F7C6B808B5F2F791F8BDE80840F4F70F
:10F3900073BA38B504460025031D2268AA4201D875
:10F3A000002319E04FF00002D3E8CF0F032804D167
:10F3B000C3E8CC2FBCF1000FF6D102D008330135E1
:10F3C000EBE701EB851318464022002102F0AFF96C
:10F3D000034604EBC504A060184638BD08307047EA
:10F3E00070B506460D4621B9F2F746FB90B90020EC
:10F3F00070BD0846EEF702FC04460028F7D0304600
:10F40000F2F73AFB38B92046EEF702FC0120EEF79E
:10F41000BBFBECE72C460661C56040F8084FE7E708
:10F4200040EA0141104640F8081DF2F737BBF2F7F9
:10F430002FBBF2F727BBEEF7E1BB08B5EEF7E8FB11
:10F44000BDE808400120EEF79FBB0429F8B505464A
:10F45000174603D0102910D000240CE00820EEF746
:10F46000BBFB04460028F7D00023436001234780FC
:10F4700003802B6843602046F8BD1620EEF7ACFBF6
:10F4800004460028E8D0061D12220021304602F072
:10F490004EF9022323802B46678005F1100253F8B2
:10F4A000041B934246F8041BF9D1E4E7134609B95B
:10F4B000116070470A88012A02D0022A07D07047DB
:10F4C0001A68082A28BF08221A6002F009B91A68C7
:10F4D000162A28BF1622F7E708B5F3F7E5F840B17A
:10F4E00000F11C03D3E8EF1F0131C3E8E21F002A3B
:10F4F000F8D108BD006808B1F3F766B8704737B5B2
:10F500000025036804460093838F6846ADF80650D3
:10F51000ADF8043000F0EAFD38B1A36B68469847B7
:10F5200094F83E300BB1A563E56303B030BD1FB561
:10F5300003680392CDE90131036C01A8984705B037
:10F540005DF804FB4068003818BF012070470023B5
:10F550000B60836813B9C0E90111704719608160BD
:10F56000704738B505460C46F2F79EFAAA6823683C
:10F5700094426B6008BFAB6000232046236000F01C
:10F5800055F9BDE83840F2F795BA40687047006910
:10F59000431E5842584170470069831E58425841E3
:10F5A00070470069C31E5842584170474069B0F522
:10F5B000817F05D040F21113C31A58425841704759
:10F5C0000120704790F82000C0F34000704790F889
:10F5D0002000C0F38000704790F82000C0F3C00006
:10F5E0007047406C00F00100704790F8200000F078
:10F5F000010070470369012B05D18069A0F18003E8
:10F600005842584170470020704790F82000C009C8
:10F610007047836933F0800314BF012000207047D6
:10F6200090F82000C0F340107047806B003818BF7E
:10F6300001207047006C003818BF0120704790F817
:10F640003400431E58425841704708B590F82030A6
:10F65000014613F001020BD1FFF7DBFF28B9084682
:10F66000FFF7C8FF80F00100C2B202F0010008BD40
:10F670000022FAE770B504460D4616462046FFF70D
:10F68000E4FF70B155B1284600F0BFF848B93146E3
:10F690000220FDF7B4FE0028F0D070BD6368002B97
:10F6A000F5D00020F9E74068003818BF0120704706
:10F6B00090F82200003818BF0120704710B50446AA
:10F6C000FFF7A7FF94F82010C1F3401340EA0302AC
:10F6D000236982F00102012B14BF0123C1F38003CF
:10F6E000D2B220461A40FFF761FF48B1C1F30011C2
:10F6F0002046FFF77FFF0A4080F00100104010BD58
:10F700000121F5E710B50C46F2F7CEFF28B190F8CD
:10F71000203064F3861380F8203010BD10B50C46FD
:10F72000F2F7C2FF28B190F8213064F3000380F8AB
:10F73000213010BDD0E9092353EA020109D04FF46A
:10F740007A71B3FBF1F001FB02000128B8BF012080
:10F7500070474FF0FF307047D0E90B2353EA0201A6
:10F7600009D04FF47A71B3FBF1F001FB02000128DC
:10F77000B8BF012070474FF0FF30704701380228B2
:10F780008CBF002001207047013802288CBF002068
:10F79000012070470388012B03D0022B06D00120E3
:10F7A0007047082914BF0020012070471629F9E787
:10F7B000FF2818D007DC06280ED0112811D0B0FA87
:10F7C00080F040097047B0F5817F05D040F21113F9
:10F7D000984206D000207047012914BF0020012064
:10F7E00070470229F9E70329F7E7C368012B03D023
:10F7F000022B07D0012070470888012814BF002081
:10F800000120704708880228F8E700B10068003836
:10F8100018BF0120704700B10068704743894068F5
:10F820001844704702894089101A704710B5044681
:10F830004068FFF7FCFDE06808B1EEF7D7F9204615
:10F84000BDE81040EEF7D2B910B50446206800B903
:10F8500010BD626803689042236008BF6360FFF7D1
:10F86000E5FFF3E700F041BD10B5044660B1406923
:10F8700008B1EEF7BBF9A06908B1EEF7B7F9204679
:10F88000BDE81040EEF7B2B910BD7FB504460E4694
:10F890001546F2F7C7F838B90120EEF727F94FF00F
:10F8A000FF33184604B070BD631E012B01D96A20D6
:10F8B000F3E716B175B91620EFE7002DFBD1294605
:10F8C0001C20FFF78DFD044670B1057545758575E3
:10F8D000C57513E0012C09D1042DECD100211C20A9
:10F8E000FFF77EFD044618B96920D6E7102DF4E72E
:10F8F00045612A463146183001F0F2FE214647F2B2
:10F900000F0001AAF3F78AFE03460028C9D0C4E716
:10F9100010B5044600F0E7FC23684360A3698360E8
:10F920002046BDE8104000F0E0BC73B506460C462A
:10F930001546FFF7D1FD019050B90920EEF7D6F832
:10F940004FF0FF3401A8FFF7D5FD204602B070BD8F
:10F95000FFF75FFE10B1019B9869EFE70198FFF791
:10F9600036FE08B17F20E9E70198FFF72BFE08B1CA
:10F970007820E3E70CB90E20E0E721460198FFF775
:10F9800034FF08B96A20D9E729462046FFF702FF6D
:10F9900008B91620D2E70198FFF723FE054620B1EB
:10F9A000019B5D69113D18BF012500211C20FFF757
:10F9B00017FD024608B96920C0E706612388012BBC
:10F9C00011D0022B18D00199042091F8203043F077
:10F9D000020381F8203047F20201D560FFF720FDD5
:10F9E000DDB17720AAE7638883820423837500232F
:10F9F000C37563688361E6E7638800F11801838259
:10FA0000102383750023C375231D143453F8040B8E
:10FA1000A34241F8040BF9D1D5E70198FFF79CFE0A
:10FA200000900198FFF7CEFD20B90198846984B158
:10FA3000204683E769460220FDF7E1FC10F10B0F39
:10FA400005D00028EDD00028B8BF404276E77420EA
:10FA500074E7FFF7ABFD00283FF474AFDDE9001059
:10FA6000F3F74EFC04466DE730B585B005460C460D
:10FA7000F2F71AFE38B90920EEF738F84FF0FF33E5
:10FA8000184605B030BD0CB90E20F5E72146FFF74A
:10FA9000ACFE08B96A20EFE700211C20FFF7A0FCAC
:10FAA000014608B96920E7E705612388012B0AD0E0
:10FAB000022B11D047F2050001AAF3F7AFFD034670
:10FAC0000028DDD0D8E76388838204238375002370
:10FAD000C37563688361EDE7638800F11802838270
:10FAE000102383750023C375231D143453F8040BAE
:10FAF000A34242F8040BF9D1DCE730B585B00546E6
:10FB00000C46F2F7D1FD38B90920EDF7EFFF4FF0C1
:10FB1000FF33184605B030BDFFF739FD08B95F2047
:10FB2000F3E700210C20FFF75BFC014608B96920D0
:10FB3000EBE724EAE4740561446101AA47F2080096
:10FB4000F3F76CFD03460028E3D0DEE7F0B595B08F
:10FB500007460D461446FFF7BFFC019050B9092037
:10FB6000EDF7C4FF4FF0FF3401A8FFF7C3FC2046B8
:10FB700015B0F0BD15B11CB90E20F1E7002CFBD17A
:10FB8000FFF705FD08B95F20EAE70198FFF729FDB7
:10FB900028B10198FFF78CFD08B90B20E0E7019828
:10FBA000FFF7C8FD00900198FFF71FFD50B10198C5
:10FBB000FFF77EFD0028D2D0F2F742FD064680B95D
:10FBC0001720CDE70198FFF773FD0028EFD16946B4
:10FBD0000220FDF714FC0028E5D00028B8BF404201
:10FBE000BEE700210820FFF7FBFB014620B93046A5
:10FBF000F2F76CFD6920B3E70761039675B17CB13C
:10FC00000BAB47F20C0002AA0493F3F707FD07467B
:10FC100040B13046F2F75AFD3846A1E72B46F0E7EF
:10FC20002346EEE73DB134B1BDF83E30042B04D09D
:10FC3000102B15D02760346896E701232768ADF8AC
:10FC40001430082F28BF0827BDF83C30ADF8163017
:10FC5000109B06933A46284605A901F041FDE9E7C5
:10FC60000223ADF81430BDF83C3006AFADF81630C5
:10FC700014ABADF8280013E90F0087E80F002768E0
:10FC8000162F28BF1627E5E72DE9F04F89B0164655
:10FC90001D46129F0390019103F0400803F4007B7E
:10FCA000F2F702FD044638B90920EDF71FFF4FF0C7
:10FCB000FF3009B0BDE8F08FFFF7BCFC35F41073DE
:10FCC000009005D1B8F1000F04D0BBF1000F15D0A2
:10FCD0005F20EAE7BBF1000F10D0009B002BF7D1AB
:10FCE0002046FFF739FD04902046FFF7A8FCB0B18D
:10FCF0002046FFF78EFCD8B1A069D6E72046FFF773
:10FD00002BFD04902046FFF76CFC28B9B8F10008E1
:10FD100018BF4FF00108E7E74FF00108E4E720467D
:10FD2000FFF777FC0028E7D12046FFF763FCE2E706
:10FD30002046FFF731FC00284CD02046FFF747FC57
:10FD4000002847D10FB97920AFE72046FFF724FC00
:10FD500000284AD12046FFF724FC002845D147F26D
:10FD6000060A2046FFF713FC40B12046FFF71EFCB1
:10FD700020B1B6F5006F28BF4FF40066FFF759FBBE
:10FD8000B04207D22046FFF702FC002844D0FFF71C
:10FD900050FB064647F206039A450CBF0E2322236A
:10FDA000002502932046FFF73BFC18B12046FFF7E1
:10FDB0004CFC98BB31460298FFF712FB81460028A5
:10FDC0003BD1012004A9FDF71AFB90BBB8F1000F4D
:10FDD000F0D026E02046FFF7DFFB20B92046FFF7F2
:10FDE000E0FB0028BBD0002FB9D039462046FFF7F2
:10FDF000FCFC08B96A2058E738461399FFF7CAFC9B
:10FE000008B9162051E72046FFF7D0FB08B17F2044
:10FE10004BE747F2070AA4E77A2046E7B8F1000F5C
:10FE200001D00B2041E7022004A9FDF7E8FA0028E1
:10FE3000B8D00028B8BF404237E7039B0361019B5D
:10FE400023B132461946006801F04AFC94F83400A8
:10FE500020B1F3F7D7FB002284F83420BBF1000F68
:10FE600018D1009BD3B947F207029245C9F8140094
:10FE70004BD1A9F82C503A88012A24D0022A2FD03D
:10FE80004946504605AAF3F7C9FB034600283FD16F
:10FE900006980EE7009B40F040000BB140F0800058
:10FEA000049A531C0CD04FF47A7592FBF5F5ADB261
:10FEB000B5F5167F04D8B2F57A7FB8BF0125D2E731
:10FEC0004FF41675CFE77A88A9F81820042289F82C
:10FED0001A20002289F81B207A68C9F81C20CFE775
:10FEE0007A8809F11C01A9F81820102289F81A2033
:10FEF000002207F1140089F81B203A1D52F804CBA8
:10FF0000824241F804CBF9D1BAE7A9F81850B7E713
:10FF10000C2806DC0A2807DDB8F1000F3FF442AFD9
:10FF20007FE78C283FF4C1AE1846BEE62DE9F74FB7
:10FF30008946DDE90C7A15461E4603F48078FFF702
:10FF4000CBFA019058B90920EDF7D0FD4FF0FF37FB
:10FF500001A8FFF7CFFA384603B0BDE8F08F36F4BA
:10FF6000A17301D05F20EFE727B1BAF1000F04D1F0
:10FF70000E20E9E7BAF1000FFAD1FFF708FB28B12C
:10FF80000198FFF724FB08B98020DDE70198B8F15C
:10FF9000000F16D1FFF725FB08B9730611D501989C
:10FFA000FFF7D0FA68B90198FFF733FB48B9019819
:10FFB000FFF720FB28B90198FFF717FB08B90B20C2
:10FFC000C2E70198FFF7B6FB6A460090002101984E
:10FFD000FFF750FB18B10028B8BF4042B4E70198C2
:10FFE000FFF7B0FA88B90198FFF704FB002876D133
:10FFF0000198FFF7FAFA0028A5D10198FFF709FB4D
:020000040003F7
:100000000028A3D0019B98699EE70198FFF7BDFAED
:10001000044627B1C16852463846FFF747FA002721
:1000200006F0020A2046FFF7FDFBA8421DD8204635
:10003000FFF7F8FB0646002E8AD02046FFF7EEFBBE
:1000400009EB070B01463246584601F049FB01987F
:100050003744FFF7A1FA50B1BAF1000F7FF478AF3F
:1000600021460198FFF77DFA72E72E46E3E70198F3
:10007000FFF797FA0028EFD1BAF1000F14D0B5427C
:100080003FF466AFB8F1000F04D06A4621460198EC
:10009000FFF7F0FA2046AD1BFFF7BDFB0446002832
:1000A000C0D1002F9FD053E763892046334463813A
:1000B000FFF7B8FB18B921460198FFF752FAB5428D
:1000C0003FF446AFAD1BB8F1000F04D06A460021E3
:1000D0000198FFF7CFFA0198FFF757FADEE70027FC
:1000E00036E708B5F2F70AFB002008BD38B504462C
:1000F0000068F2F7D9FA054628B90120E38843F0F1
:100100002003E38038BDFFF770FA0028F5D12846B8
:10011000FFF77FFAF8B1E38843F00803E380A38890
:10012000DA0707D52846FFF7BEFAE8B1E38843F0BF
:100130000103E380A3885B0707D52846FFF7BEFAD3
:1001400018B1E38843F00403E380B4F906000038F3
:1001500018BF0120D6E72846FFF74CFA0028DED06A
:10016000E38843F01003D9E72846FFF7A1FA0028F7
:10017000DCD12846FFF73EFA0028D7D1DAE738B5B8
:100180000D461446F2F790FA28B90920EDF7AEFCB7
:100190004FF0FF3006E0032D03D0042D03D01620CE
:1001A000F4E7406C38BD012CF9D844640020F9E72D
:1001B000431F002B03D8DFE803F001000320704742
:1001C0007047FF2816D005DC062817D0112813D059
:1001D00048B17047B0F5817F10D040F211139842BA
:1001E00008BF02207047012908D08B1E594259418F
:1001F0004800704700207047022070470120704778
:10020000292811D00ADC012810D0062810D0002897
:1002100008BF042018BF4FF0FF307047B0F58D7F46
:1002200008D0B0F5007FF5E706207047082070473A
:10023000012070474FF4807070471B2812D9A0F13D
:1002400064030C2B04D940F03A4040F42D00704771
:100250006B38052843D8DFE800F01E44031E1E401B
:100260004720704701381A280FD8DFE800F0101235
:100270001416181A1C1E201822241A262828222A8E
:100280003A2C14142E1430323400002070470C2005
:100290007047692070470B2070477220704780209C
:1002A00070471620704770207047782070477F2075
:1002B0007047712070476820704774207047732022
:1002C00070478C2070470D207047762070470920BA
:1002D000704710207047462070475F2070476F209E
:1002E00070477A207047C06870474269C3681A60D7
:1002F000704708B5034624301AB95A62426000209C
:1003000008BD082A28BF082201F0EAF9F7E708B576
:1003100003462C301AB9DA624260002008BD082A70
:1003200028BF082201F0DCF9F7E738B504460D468E
:1003300039B1082A0BD01620EDF7D8FB4FF0FF306B
:1003400038BD002AF7D18263C2630020F8E7F1F7D5
:10035000ABFB95E8030004F1380383E80300204673
:10036000FFF7CDF8F1F7A6FBEFE773B50446086891
:100370000D461646F3F746F9002801DB042E06D099
:100380001620EDF7B3FB4FF0FF3002B070BD2B68C5
:10039000204684F83430FFF752F900230028F4D0C7
:1003A000CDE900331A4619462068FFF76DFCECE7EB
:1003B00008B539B1042A0AD01620EDF797FB4FF0A3
:1003C000FF3008BD002AF7D102640020F9E70B686E
:1003D0000364FAE708B509B1042A05D01620EDF741
:1003E00085FB4FF0FF3006E00B782BB1012BF5D1E8
:1003F00080F84C30002008BD0223F9E710B5541EE8
:100400001B2C02D812F0030405D01620EDF76EFB6A
:100410004FF0FF3010BD930880F84F30503001F09E
:100420005FF92046F6E708B509B1042A05D0162081
:10043000EDF75CFB4FF0FF3008BD0B78003B18BFB9
:10044000012380F84D300020F6E708B509B1042AF1
:1004500005D01620EDF74AFB4FF0FF3008BD0B68C2
:1004600080F84E300020F9E770B5054614460E4678
:1004700031B9A2B11620EDF739FB4FF0FF3070BD56
:10048000002AF7D0806C18B1EDF7B0FB0023AB6405
:10049000601CEDF7A1FBA86440B96920EBE7806C14
:1004A00010B1EDF7A3FBAC640020E8E7224631462B
:1004B00001F016F90022AB6C1A55F5E710B513469A
:1004C00012680446042A28BF042208461A6004F170
:1004D000180101F005F90020A06110BD10B5134608
:1004E00012680446082A28BF082208461A6004F148
:1004F000240101F0F5F8002010BD10B51346126874
:100500000446082A28BF082208461A6004F12C0174
:1005100001F0E6F8002010BD37B50546002413466B
:1005200095F84C200846012A18BF224601921A6805
:1005300001A9042A28BF04221A6001F0D1F820463C
:1005400003B030BD13B50446134694F84D20084659
:1005500001921A6801A9042A28BF04221A6001F036
:10056000BFF8002002B010BD13B50446134694F83E
:100570004E20084601921A6801A9042A28BF0422C5
:100580001A6001F0ADF8002002B010BD10B50446AD
:100590000846114694F84F309A000B689A4228BFDB
:1005A0001A460A6004F1500101F09AF8002010BDCB
:1005B000F8B5856C0E461446176875B12846E0F705
:1005C0000DFB0130B842024628BF3A462946304664
:1005D000226001F085F80020F8BD3A4629463046F1
:1005E00001F0A5F82560F6E770B504460E4600F068
:1005F00025F80546206808B1FEF719FF48F2020306
:100600009E4218D048F209039E4214D048F20103DA
:100610009E420BD16B684BB104F1140204F1380116
:1006200052F8040B8A4243F8040BF9D12046BDE886
:10063000704000F005B863696B60F7E7C068704709
:100640000269C3681A60704700B9704708B5FAF7C5
:10065000D7F908BD10B50446436993B198470246DF
:1006600030B100280BDBFF2A00DDFF22E3681A709F
:10067000E1684B7843F001034B70504210BD424299
:10068000F1E70022F4E760B1C3685A7812F0010F75
:1006900003D01B781BB10020704700207047012059
:1006A000704700207047EFF31183202383F31288F3
:1006B000BFF36F8FFEE72DE9F04F89B006468946FC
:1006C0009246129D139C2A46234606A800F05EFD22
:1006D000DDE90623CDE9022306F1140BEFF31181C6
:1006E000202383F31288BFF36F8F4FF00008474633
:1006F000CDF814B08B4615E0DDE9022306A800F022
:100700007BFD069D079C0095019406F10C0259465D
:100710000598F4F763FAEFF3118B202383F3128823
:10072000BFF36F8F77B9524649463046149B9847BE
:10073000074638B9254305D0B8F1000FDCD14FF09A
:100740000108D9E78BF31188BFF36F8F384609B0E2
:10075000BDE8F08F10B500F10C04C4600461F8F737
:100760007CF910BD70B5044600F11406EFF3118555
:10077000202383F31288BFF36F8FF8F7F8F804F1A2
:100780000C0000F00BFC20B985F31188BFF36F8FCC
:1007900070BD29463046F4F7E3FAF9E708B5EFF300
:1007A0001183202383F31288BFF36F8FF9F7F1FFD2
:1007B000F5E700BF704710B582B001240094F3F74D
:1007C00061FB02B010BD2DE9F04105460646EFF38E
:1007D0001187202383F31288BFF36F8FB84656F832
:1007E000084BA04202D01CB9002314E00024FAE711
:1007F0006268236813605A60002323606360627B31
:1008000022F002026273A36004F1180000F087FC7A
:10081000EAE76CB90123E4B16FF02203C4F8C030F9
:10082000204600F014FB2C68A542F2D10024F0E72A
:100830006268236813605A60002323606360627BF0
:1008400022F002026273A36004F1180000F067FC5A
:10085000E0E700222A62EA69AA612BB988F31188CD
:10086000BFF36F8FBDE8F08139463046F4F778FA70
:10087000F8E7884200DA014611F17F0F01DB0846F4
:1008800070476FF07E00704708B5806890F90E30B1
:100890008B4201D1002008BDF4F7BCF9FBE7034609
:1008A00000209860D8601B605B6070470B6803F0A5
:1008B00003030B60426832B1136803F003030B4378
:1008C00013604160704741600160704708B591B1A5
:1008D0008C460B6823F00301032B18D9136803F02F
:1008E00003030B431360DCF8003003F003031343EE
:1008F000CCF8003008BD0168136803F003030B4314
:10090000136002604368002BF4D14260F2E71146A5
:10091000FFF7CCFFEEE708B50022C0F8C020016168
:1009200000F095FA08BD2DE9F04F83B004460F465C
:10093000164698469DF8303000F1080BEFF3118A07
:10094000202282F31288BFF36F8FCDF804A003B189
:10095000476804F10803A568AB4222D0B5F100094D
:1009600018BF4FF00109F5B9B9F1000F2CD1B8F15A
:10097000000F2ED100233360324639462046FFF760
:10098000A5FF042104F1100000F018FE60B35146E9
:100990005846F4F7E5F94FF00009484603B0BDE8C2
:1009A000F08F0025DAE76A682B6813605A6000232D
:1009B0002B606B606A7B22F002026A73AB6005F108
:1009C000180000F0ACFBCFE731462846FFF7A3FF45
:1009D000DDE70820F4F77CFF20B1466001220260C9
:1009E0000646C9E76FF00B09019B83F31188BFF33B
:1009F0006F8FD2E760B1036813F0030F08D010B512
:100A0000446809B9204610BD00F03EFE2046FAE7D2
:100A1000704700B583B00A460123009300231946AE
:100A2000FFF781FF03B05DF804FB5AB18A420CD393
:100A30008160C2600060406000F1100303614361A7
:100A4000002070476FF0150070476FF01500704779
:100A50000B4639B11168196041688A4209D00023F8
:100A6000136070471368036041688A42F7D143609E
:100A7000F5E74360F3E708B50A460368002101E0A3
:100A800019461B682BB19342FAD1FFF7E1FF012011
:100A900000E0002008BD08B5CB6823F00402CA605E
:100AA00013F0040F00D108BDCC30FFF7E4FFFAE7E4
:100AB00010B50446C36813F0020F09D0E36813F0C1
:100AC0001F0004D043F00202E26040F0020010BDBB
:100AD00001468068FFF7DFFFF0E730B108B500227C
:100AE0001146D43000F0B3FA08BD0020704770B54D
:100AF0000D46C36813F0020F22D1044613F0040F11
:100B000023D10B68ABB1E36813F0010F14D0A368D5
:100B10002B60022621462868F3F786FC002811DBAB
:100B2000E36843F00403E3602B68A36036B130460A
:100B30000AE083680B60E6E70126EBE7304601E058
:100B40006FF00F0000232B6070BD0020FAE710B596
:100B500082B00346EFF31184202282F31288BFF3A0
:100B60006F8F0022019250F8042C22F0080140F807
:100B7000041C12F0080F05D184F31188BFF36F8FA6
:100B800002B010BD10389B69019301A9FFF7AFFFB8
:100B9000F2E708B5EFF31180202383F31288BFF347
:100BA0006F8FF4F7F3F808BD08B5C36823F010039E
:100BB000C3601030F3F784FB08BD08B5C36823F0A9
:100BC0000802C26013F0080F01D1002008BD1030E8
:100BD00000F0A5FAB0FA80F04009F7E710B5044636
:100BE000FFF7EBFF2046FFF763FF10BD10B582B0A3
:100BF00001900846EFF31184202383F31288BFF39A
:100C00006F8F01A9FFF773FF84F31188BFF36F8F14
:100C100002B010BD10B5FFF7E9FF041E01DC20464D
:100C200010BDFFF7B6FFFAE738B504460D4630228F
:100C3000002100F07CFD65604FF48073E36038BDF7
:100C400010B582B00190EFF31184202080F3128858
:100C5000BFF36F8FC86810F01E0F06D0002084F31A
:100C60001188BFF36F8F02B010BD01A8F3F7D2FC5B
:100C7000F5E7F0B583B001900C4616461D46EFF33C
:100C80001187202383F31288BFF36F8F0846FFF785
:100C900094FF32462B46214601A8F3F7BBFC87F3AD
:100CA0001188BFF36F8F03B0F0BD10B5EFF311845F
:100CB000202383F31288BFF36F8FFFF78FFF84F336
:100CC0001188BFF36F8F10BD006040600020704737
:100CD000F8B505460E46D41D24F007040F19224628
:100CE000AA21304600F023FD4FF0F033336039463F
:100CF0002846E9F711FCC31D23F00703C5F8A860D7
:100D0000C5F8AC40C5F8B030F81AF8BDEFF305806F
:100D1000003818BF012070478830704710B4002495
:100D20008460037342738173C4738461C46110BCB3
:100D30007047F0B587B00446129E139D00270597B3
:100D4000109F04970F9F03970E9F02970D9F019787
:100D50000C9F0097F3F710FDB5F1FF3F08BFB6F108
:100D6000FF3F02D1204607B0F0BD32462B46204659
:100D7000F3F7C8FCF6E708B5F4F75AFD08BD002004
:100D8000704738B504460D46F3F7D6FD637B43F054
:100D90000203637335B3A5602B689D420DD1002318
:100DA0000BE05A686260236014605C601AE01A46C7
:100DB00069688A420FD01B687BB173B194F90E1039
:100DC00093F90E209142F2D0521A002AE9DC1A4619
:100DD000002BEDD1F0E70023EEE76B682560636040
:100DE0001C606C6038BD08B5183000F098F908BD7B
:100DF00070B50646046884421AD0DCB16268236884
:100E000013605A60002525606560637B23F0020350
:100E10006373A56004F1180000F081F9C4F8C050B4
:100E20002046F3F72FFD3468A642E6D12C46E4E7CE
:100E30000024E2E770BD70B5044616461D46FFF774
:100E4000A0FF32462B462046F3F754FE70BD38B55E
:100E500004460023EFF31185202282F31288BFF3AA
:100E60006F8F04E085F31188BFF36F8F012343B9BF
:100E70002046FFF784FF0028F4D12046F3F702FD57
:100E8000F0E738BD0023EFF31181202282F31288AE
:100E9000BFF36F8F10E04268036813605A6000234D
:100EA00003604360427B22F002024273836081F35D
:100EB0001188BFF36F8F01231BB98368002BEAD120
:100EC000F5E7704738B504460023EFF3118520227B
:100ED00082F31288BFF36F8F0BE0637B23F0040370
:100EE00063732046F3F7CEFC85F31188BFF36F8F51
:100EF00001239BB9637B13F0280FF5D1A368002B66
:100F0000EBD06268236813605A600023236063603B
:100F1000627B22F002026273A360DEE738BD08B58F
:100F200001211838FFF7CEFF08BD01460023EFF37B
:100F3000118C202282F31288BFF36F8F184605E0D0
:100F400000208CF31188BFF36F8F01238BB90868E1
:100F50008142F5D00028F4D04268036813605A60DB
:100F6000002303604360427B22F0020242738360ED
:100F7000E7E7704710B50446FFF784FF04F1180057
:100F800000F0CDF810BD08B5EFF31180202383F3F6
:100F90001288BFF36F8FF3F7F9FE08BD38B5054629
:100FA0000468844201D0002002E00024FBE7012015
:100FB00054B12046FFF7DEFF2046FFF748FF2C68BC
:100FC000A542F4D10024F2E738BD031D43608360DD
:100FD000704738B504460D46F3F796FF8446204621
:100FE000B5F1FF3F08BFB4F1FF3F2CD04FEAEC72E0
:100FF000510141EADC614FEA4C13B3EB0C0361EBA6
:101000000201890041EA93719B0013EB0C0042EB53
:101010000103DB0043EA5073C00047F6FF728018FB
:1010200043F10003B0F5004F73F100020AD36FF4EF
:101030000042824243F6FF729A4105D3C00B40EA58
:10104000434000E0002038BD6FF00040FBE72DE991
:10105000F0410546884617460023EFF3118620220B
:1010600082F31288BFF36F8F184604E086F311886D
:10107000BFF36F8F0123F3B92C68A542F6D0002C83
:10108000F4D0C4F8C08027616268236813605A6096
:1010900000232360636094F80DC02CF0020C84F8E8
:1010A0000DC0A36004F1180000F039F82046F3F7F2
:1010B000E9FB0120DAE7BDE8F08110B50446F4F75A
:1010C00017F948B102460369416920691B18606934
:1010D00041EB0001136151616268236813605A603B
:1010E00000232360636010BD10B50446F4F7F6F8E2
:1010F00078B1036942691B1B62EBE472B3F1004FE4
:1011000072F1000108DA002A01DB184610BD002345
:10111000FBE76FF00040F9E76FF00040F6E7F8B545
:1011200004460023EFF31187202282F31288BFF3D5
:101130006F8F6FF015000CE0F4F7E6F8FFF7D4FFBF
:101140000021ECF751FB304687F31188BFF36F8F16
:1011500001231E468BB92368002BF5D0F4F7BEF8A7
:1011600005462046FFF7A9FF00224FF00043C4E9DF
:101170000423A542E0D03046E6E7F8BD08B5F4F711
:10118000CBF908BD08B5F4F7C7F908BD70B5064638
:10119000B3F1FF3F08BFB2F1FF3F09D015461C462F
:1011A00053EA02010CD100220023C0E9002305E02C
:1011B0004FF0FF324FF0FF33C0E90023304670BDDF
:1011C000002B09DA6FF00101891A4FF0FF3262EB50
:1011D000030301604360F1E7F4F79EF92B462246D2
:1011E000012D74F1000401DA01230022C01841EB43
:1011F000020130607160E1E7F8B50546B3F1FF3FE9
:1012000008BFB2F1FF3F0AD014461F4657EA020357
:101210000CD100220023C0E900232846F8BD4FF07E
:10122000FF324FF0FF33C0E90023F6E7F4F774F91B
:1012300003460A46A042B94105D2E61A67EB02020C
:101240002E606A60E9E700263246F9E708B5EFF359
:101250001180202383F31288BFF36F8FF3F796FD7D
:1012600008BD016242620023036300F1180282613B
:10127000C261036043604363704710B50446FFF7E3
:101280004EFF60B9636A0BB12046984704F118001D
:10129000FFF74BFE18B1FFF7DAFDFFF7D7FF10BDE0
:1012A000437B03F03F03013B0F2B33D8DFE803F010
:1012B000180832113232322032323232323232298E
:1012C00003699B680BB90020704702230B60012063
:1012D000704703691B68FBB104230B600120704752
:1012E00003699B680BB900207047012008607047B4
:1012F00003691B6A0BB90020704710230B600120A3
:1013000070470369DA895B899A4207D020230B6012
:101310000120704700207047002070470020704770
:1013200008B17038704770472DE9F8430746884682
:101330000468A04212D0154646687EB1B068FFF737
:10134000EFFF81462846FFF7EBFF99F90E3090F941
:101350000E509D4213D0EB1A002B10DD7B68C8F8AD
:101360000070C8F80430C3F80080C7F80480BDE8F6
:10137000F8832346B44219D0246804B1A3B1BCB1A8
:10138000A068FFF7CDFF90F90E30AB42F1D05B1BA8
:10139000002BEEDD6368C8F80430C8F80040C3F8DD
:1013A0000080C4F80480E2E71C46E8E70024E6E792
:1013B000C8F80070C8F80460C6F80080C7F8048058
:1013C000D5E738B504460D46437B03F03F03013BA8
:1013D0000F2B0FD8DFE803F017080E100E0E0E1DAE
:1013E0000E0E0E0E0E0E0E2400690A462146103017
:1013F000FFF79AFFA56038BD00690A462146103004
:10140000FFF792FFF6E70A4601460069FFF78CFFF7
:10141000F0E700690A4621462430FFF785FFE9E737
:1014200000690A4621462C30FFF77EFFE2E770B5DF
:101430000646144611E005EB850006EB8000F4F744
:1014400051F984F31188BFF36F8FEFF311842023D8
:1014500083F31288BFF36F8F29464D1E0029EAD10E
:1014600070BD2DE9F04F83B080460F4691469A46F5
:101470000025AB460AE0BAF1000F02D199F800301E
:1014800023BB86F31188BFF36F8F0135BD4224DA89
:10149000EFF31186202383F31288BFF36F8F05EBE0
:1014A000850408EB840401A92046FFF7F9FE002813
:1014B000E1D00021A160E368C3F3863201980243C2
:1014C00062F39433E36089F80010DAE74946204676
:1014D000FFF777FF0BF1010BD3E7584603B0BDE8E8
:1014E000F08F38B50D468068FFF71AFF437B13F085
:1014F000020F01D1002038BD0446FFF73BFD082D47
:101500000AD00023C4F8C030637B13F01F0FF1D161
:101510002046FFF79CFCEDE76FF00303F2E770B5A0
:101520008468237873B154F8045C5DB1A4F11406A7
:1015300004F11400FFF7F3FD0023E362314628466F
:10154000FFF754FB002070BD70B504460D46866859
:10155000D6B17378012B0DD0022B12D00020307041
:101560000023A360E368C3F386322A4362F3943313
:10157000E36070BDFFF7B5FF002333709842EFDAE8
:10158000F7E7FFF7CCFFF7E70020E9E710B4002406
:10159000846090F80DC061F3050C80F80DC0C1683F
:1015A00064F39431C160817B62F345118173C28918
:1015B00064F38F12C281036110BC704738B5EFF33A
:1015C0001185202383F31288BFF36F8F0468A04234
:1015D00011D06268236813605A600023236063603F
:1015E0002046FFF7B1FF85F31188BFF36F8F201EF0
:1015F00018BF012038BD0024F5E7006040600023DB
:101600008360704783680B60C368136070478369A9
:101610001A7A6AB110B48468C268944206D0186815
:101620005A68091842F1000219605A6010BC7047EC
:101630007047026B436B891843F1000301634363F6
:10164000704708B5FBF72BFE00B9012008BD38B57F
:1016500004460020043213D2A0B941F00401EFF394
:101660001185202080F31288BFF36F8F20469847A2
:1016700085F31188BFF36F8F08B140F8044B38BD74
:101680000120E9E70020FAE730B108B5011F50F862
:10169000040CFFF767F808BD704738B50023A0FBBE
:1016A000014159B963B92046F4F700F9054618B16C
:1016B0002246002100F03BF8284638BD0123F1E71F
:1016C0000025F9E7C9B20346024410B59342184613
:1016D00001D1002003E0047801338C42F6D110BD23
:1016E0000A44431E914200D1704710B511F8014BD6
:1016F000914203F8014FF9D110BD884210B501EBBA
:10170000020402D98442234607D8431EA14208D0CE
:1017100011F8012B03F8012FF8E7024401468A4231
:1017200000D110BD13F8014D02F8014DF7E7024456
:101730000346934200D1704703F8011BF9E70A22E0
:101740000021F4F78FBB0139024410B5904201D15A
:10175000002005E0037811F8014FA34201D0181BC7
:1017600010BD0130F2E7C9B20346184613F8012B49
:1017700012B18A42F9D17047002918BF0020704782
:1017800030B50A440546914201D100200FE015F81A
:10179000013B11F8014BA3F141001928A4F14100CC
:1017A00098BF2033192803D82034181BEBD030BD44
:1017B000181BFCD1002CE6D1F9E710B56AB101394C
:1017C000841810F8012B11F8013F9A4203D1A0426E
:1017D00001D0002AF5D1D01A10BD1046FCE710B593
:1017E0000139044632B111F8013F013A00F8013BDA
:1017F000002BF7D10021FFF79AFF204610BD0246CB
:10180000014410B58A42134603D01C780132002CE3
:10181000F8D1181A10BD034630B5184613F8012B3D
:1018200042B14C1E01E0954205D014F8015F002D35
:10183000F9D1F2E7104630BD38B511F0FF04034688
:101840000ED12146BDE83840FFF78DBF431C054649
:1018500021461846FFF787FF0028F7D1284638BDF4
:101860000025F5E70A7870B56AB970BD9A4209D1CA
:101870000C46054614F8013F002BF6D015F8016F11
:101880009E42F7D001300378002BEFD11846ECE7E9
:101890002DE9F047C3F137090746884603F01F05D5
:1018A0005FFA89F916464FF0000A384641462A4643
:1018B0005346DFF767F94346D4B23A4688460746AF
:1018C000092C84BF4C44E4B2AA4204F1300473EB07
:1018D0000A0306F8014BE8D23046BDE8F08710B5A0
:1018E0000C4600F0BBFA0028A2BF23680133236036
:1018F00010BD0028A2BF136803F1FF33136000F08E
:10190000E2BA70B505460E4631462846FFF7E7FFB6
:10191000041E09DB202CF7D0A4F10903042BF3D912
:1019200032462946FFF7E5FF204670BDBDF800109E
:1019300068B111F0100F01D00270704711F0080F5C
:1019400002D0C0E9002370474B0701D50260704701
:101950008B06FBD5028070472DE9F04387B01C460B
:101960001746814602AB88460093D2E9022300F075
:10197000A5F904AB06460D46009348464146D7E913
:10198000002300F09BF90027DDE90423901953EBB5
:10199000050128BF012737B1029B039A013342F1A9
:1019A0000002CDE90232403CDDE90223009400F060
:1019B000A0F907B0BDE8F0832DE9F843B0FA80F64E
:1019C000002980460F46A1EB060606F1070625DB37
:1019D0000846F6F79DF906443846F41BF6F79EF9DB
:1019E0003946221A40463D3200F058F9B74213DC1E
:1019F0001F2C68DC4FF0FF33A34038EA03030CBF11
:101A000001240024B0FA80F33546F31A9E33FE2BEE
:101A100027DD4FF0FF4044E00124F3E74C4220462D
:101A2000F6F77CF9351A2046A5EB0709F6F776F9A3
:101A300021462E4609EB000240463C3200F01BF9DD
:101A4000AF4230DCB9F11F0F3DDC4FF0FF3303FA3A
:101A500009F338EA030327D0B0FA80F30024EB1A25
:101A60009E33002B23EAE372D4BF012313465B1B92
:101A7000A3F19705963B20FA05F120FA03F3C90775
:101A800023D544B14FF0FF31A94020EA010003F013
:101A90000101084319D0581CC0F31600C0B140EA38
:101AA000C250BDE8F88300230521B8FBF1F202EB38
:101AB0008205A84502D101339046F6E79C428CBFCF
:101AC000002401249EE700249CE7C3F31600E6E708
:101AD0000132E4E72DE9F04F061887B09946154624
:101AE00041EB010402AB3046DDF844B021460093DF
:101AF000A9F1410AD2E9002300F0E0F804AB07465F
:101B00008846304621460093D5E9022300F0D6F8F6
:101B10000022DDE90263841951EB0306049B28BF10
:101B20000122D5E90001D218059B43F100033818C2
:101B300048EB0101B84271EB0801D5E902C134BF9D
:101B40000120002014EB0C0CCDF800A046EB0101A5
:101B500010EB0C0041F10001A04271EB060C34BF08
:101B60004FF0010C4FF0000CCDE904231CEB0202F6
:101B700043F1000300F0BDF8109BC3E90001129B84
:101B8000012BDDE9042329D1D5E90201D5E900C5FE
:101B9000201ACDF800A066EB0101674578EB05053A
:101BA00034BF01250025401B61F10001844276EB22
:101BB000010534BF01250025521B63F1000300F02D
:101BC00098F8DDE90423CBE9000120463146CDF841
:101BD00000A000F08EF807B0BDE8F08F17EB070EFD
:101BE00048EB080C201946EB0601BE457CEB0808C3
:101BF00034BF01270027C71941F10008D5E90001CA
:101C000086457CEB010C34BF01200020D5E902158C
:101C1000381A68F1000C401A6CEB050192185B4110
:101C2000A74278EB060534BF01250025521943F180
:101C30000003874278EB010834BF01250025521BC1
:101C4000A9F140050095B8E710B5A3FB0043029940
:101C5000A2FB0020001943F100033F29DBBFA1F1E3
:101C60002002C1F1400140398B40D6BFD04023FA59
:101C700001F0184310BD30B587B00446084615463C
:101C800002A9F6F7E5F8049B204600955A1C059B2F
:101C900043F10003FFF7D8FF07B030BD30B587B080
:101CA00015460446084602A9F6F760F82046009556
:101CB000DDE90423FFF7C8FF07B030BDF0B50F46DC
:101CC0000446A0FB0201059EA7FB02524919A3FB93
:101CD0000445A7FB037342F10002611845F10004BB
:101CE000D21943F10003121943F10003C6E900239E
:101CF000F0BDF0B5059CC4F14007C4F12006A4F185
:101D00002005E04002FA06F6BB4022FA05F5BA408B
:101D10003343C4F120062B4301FA06F6A4F1200553
:101D2000304321FA05F5E140284319431043F0BD43
:101D30002DE9F0410446CD0FC1F30A50C1F3130160
:101D400040F2FF76157154EA010707D0B0420CD17A
:101D500045F0080500201571BDE8F081002864D029
:101D6000B0425FD145F00405F4E700285AD10120C4
:101D7000A0F2FF30002B10605ADB0C2B5ADCC3F1B1
:101D80000D050120AD0005F1FF3CA5F12107C5F1CE
:101D9000210600FA07F720FA06F600FA0CF037439E
:101DA000061847EB0708D6F1000E68EB480C013E19
:101DB00048F1FF38264008EA0108B04277EB0808EE
:101DC00010DBC5F12008B5F1200624FA05F501FA6B
:101DD00008F858BF41FA06F645EA080558BF3543EA
:101DE000ED0703D52018044641EB070104EA0E0471
:101DF00001EA0C019DF81860123218460D25C6F153
:101E000027064FF0300E04F00F03240905F1FF3CC4
:101E1000571E44EA01740911B3B9A8420CDA6546A9
:101E20003A46F0E741F48011A2E704460146A1E7F3
:101E30000023DFE70D23DDE782F800E01CF101035A
:101E400065463A46DFD187E7092BC8BF9B19A842F0
:101E500003F13003B8BF28461370EFE710B583785D
:101E60000446DA0705D443F004034FF0FF30A370B3
:101E700010BD4FF00002D4E85F3FC4E8512F0029A5
:101E8000F9D19BB213B1581EC0B2F1E7A3689847CD
:101E90000028F9DA0130A37814BF08220422134382
:101EA000E3E702690346107810B101321A61704706
:101EB0006FF001007047D1E9043293421EBF5A1CF3
:101EC0000A61187070478B78DA0702D44FF0FF3040
:101ED0007047431CFAD0C0B2431CD1E8DF2F002A60
:101EE00004D1C1E8DC3FBCF1000FF6D1EED18B7814
:101EF00023F008038B7070470148006870470000AA
:101F0000500D0120B4ECFD7F01000000DDB50100A3
:101F100000000000EDB5010000000000190C0200F7
:101F20000000000000000000FC1F030001F302009D
:101F300000000000453E020000000000000000001C
:101F40001C200300C5C501000000000000000000C7
:101F50003C200300000000007C2003000000000083
:101F60005C200300000000009C20030091D60100CB
:101F7000000000007192010000000000CDDA0100B5
:101F80000000000000000000DC1F030059B3010046
:101F900000000000F9E2020000000000E558020025
:101FA0000000000000000000DC2003000000000032
:101FB000BC2003005BE2020000000000D5AB020081
:101FC00000000000A1E501000000000081E1020026
:101FD0000000000037E2020000000000845B030004
:101FE0000000000028CC0020F0CC00204414012088
:101FF00029DD01000000000000000000E0570300A0
:102000000C58030060230300E0CC0020A00D012049
:102010001DC501000000000000000000B8580300CA
:10202000C458030024230300E6CC0020140E012032
:10203000A5C90100000000000000000024580300B2
:102040000000000004230300E2CC00200000000098
:10205000ABC2020000000000000000000C5A0300A8
:10206000345A03007C230300EACC0020ACCB0020D0
:1020700031D002005FCB020000000000185A0300BC
:10208000885A03007C230300ECCC0020CCCB00203A
:1020900013D002005FCB020000000000DC5A0300F6
:1020A0000000000050230300EECC0020ECCB002009
:1020B0001DD9010000000000000000008C58030042
:1020C000000000000C230300E4CC0020000000000E
:1020D000C5C70100000000000000000070590300A7
:1020E0008859030048230300E8CC00208CCB002053
:1020F0006DC70200000000000000000000000000AA
:1021000069A702000000000069A7020000000000AB
:1021100069A702000000000069A70200000000009B
:1021200069A7020049E4020031E302000000000058
:1021300069A702000000000069A70200000000007B
:1021400069A702000000000069A702007C200300CC
:102150004FD002005C2003004FD0020000000000BE
:1021600069A702000000000069A70200000000004B
:1021700069A702000000000069A70200000000003B
:1021800069A702000000000069A70200000000002B
:1021900069A702000000000069A70200000000001B
:1021A00069A7020000000000A9D70100000000009C
:1021B00069A702000000000069A70200ECCB002024
:1021C00011F202000000000069A7020000000000F8
:1021D00069A702000000000069A7020000000000DB
:1021E00069A702000000000069A7020000000000CB
:1021F00069A702000000000069A7020000000000BB
:1022000069A702008CCB0020C1F002000000000092
:1022100069A702000000000069A70200000000009A
:1022200069A702000000000069A70200000000008A
:1022300069A702000000000069A70200000000007A
:1022400069A702000000000069A702002115020032
:1022500031E302000000000069A702000000000056
:1022600069A702000000000069A70200000000004A
:1022700069A702000000000069A70200000000003A
:1022800069A702001CCB002031C50200000000003D
:1022900069A702000000000069A70200000000001A
:1022A00069A702000000000069A70200000000000A
:1022B00069A702000000000069A7020000000000FA
:1022C00069A702000000000069A7020000000000EA
:1022D00069A702000000000069A7020000000000DA
:1022E00069A702000000000069A7020000000000CA
:1022F00069A702000000000069A7020000000000BA
:1023000069A7020097C20200000000006DC701002B
:10231000E1C601004DC6010045C60100CFC2020062
:1023200035C6010045C502008FC402009BC40200EF
:10233000AFC40200B9C40200C3C40200B1C80100A6
:1023400003C502000000000019CD010053C70200C0
:10235000DFD20200A7D2020099D80100ADD202005C
:10236000E1C401009DC10200DFC1020000000000C5
:10237000B1C0020000000000000000000FC9020010
:10238000F5D1010005CD020049D00100B5C8020019
:102390008FCC0200B9C90200A5CF010009C8020014
:1023A000000000000000000000000000000000002D
:1023B000000000000000000000000000000000001D
:1023C000000000000000000000000000000000000D
:1023D00000000000000000000000000001000000FC
:1023E000E1DC01002DE20100042B030003000000EA
:1023F0006C2A030003000000585E03000300000085
:102400007C4F030003000000FC57030003000000A2
:102410009034030003000000106D0300030000006F
:10242000C04E030003000000942F030003000000CF
:10243000EC51030003000000A45803000300000057
:102440000C500300030000006C3803000300000080
:102450001C310300030000000840030003000000DB
:10246000405003000300000044500300030000003C
:10247000CC4E030003000000285F030003000000AF
:10248000602F030003000000BC28030003000000CD
:10249000A470030003000000B869030003000000FB
:1024A000246B030003000000006D03000300000024
:1024B000AC56030003000000F04A030003000000D4
:1024C000585703000300000060570300030000009A
:1024D0002035030003000000505B030003000000F0
:1024E000DC740300030000007C59030003000000BB
:1024F000D430030003000000683F03000300000025
:102500007057030003000000FC4F030003000000AD
:10251000245A03000300000084410300030000006C
:10252000EC5A0300030000007C3C030003000000A1
:10253000C0510300900C0120B051030001000000C5
:10254000040000000F00000001000000080000006F
:102550002800000074000000840000000D0000004E
:102560000C0000000E000000600000008800000069
:10257000BC000000FFFFFFFFFFFFFFFF090000009E
:04258000FFFFFFFF5B
:102590000000000030750000000000000200000094
:1025A000000000000000000000000000000000002B
:1025B0008925020065320200953702002DF30200E2
:1025C00035F3020025F30200E3000300D9370200CF
:1025D00031F3020029F302000000000000000000B7
:1025E0000338FDD870470000010000000000000023
:1025F00005000000000000001900000000000000BD
:102600007D000000000000007102000000000000DA
:10261000350C000000000000093D00000000000033
:102620002D31010000000000E1F505000000000070
:1026300065CD1D0000000000F902950000000000BB
:10264000DD0EE90200000000514A8D0E000000007E
:102650009573C24800000000E941CC6B0100000006
:102660008D49FD1A07000000C16FF28623000000AB
:10267000C52EBCA2B1000000D9E9AC2D7803000042
:102680003D9160E45811000031D6E275BC5600005F
:10269000F52E6E4DAEB10100C9EA268367780800B9
:1026A000ED95C28F055A2A00A1EDCCCE1BC2D300F6
:1026B00025A4000A8BCA22040000000000000000CC
:1026C00000000000000000100000000000000000FA
:1026D000B9340332B7F4AD1410DB1AB30892540EB8
:1026E0000D307D951447BA1A66088F4D26ADC66D1C
:1026F000F598BF85E2B74511CA96853D92BD1DEBA1
:10270000FCA11860DCEF52163C92AE220BB8C1B4AB
:10271000839D2D5B0562DA1C304C7E8F4E8BB25B45
:1027200016F4529F8B56A512FBD4827643ED8AF0A5
:102730008FE7F9311565191850F19BD94A13EEB49A
:10274000284CF0A686C1251F035FC270CB9E491698
:10275000E642889C44EB2014B0650836AD6EA58532
:1027600085F0CA14E2FD031A0B899979D5B13D09A8
:10277000D8DA973A35EBCF10AC363F5E73BB38CF23
:102780003E6752FA44AFBA15010000000000000095
:102790000000000000000020345065C05FC9A65250
:1027A000BB13CBAEC440C21806C8DF7100D5A87CED
:1027B000F56F0FDA58FC27136E4756357D242065D8
:1027C00002C7E768E48CA41DE9E60268D7CD396149
:1027D0007977FCC2405BEF16798CDE43FFA751F995
:1027E00091F3B278F5BDBE11E857E9D6E8BEE87BB3
:1027F000B054AC8F848D751BEA23A499E9F9D38B6F
:10280000B7A3714061DA3E15CEE33ECB73F94808B9
:102810008C97B427D51B7010A2BFEFB9EB8532158A
:102820004DB44DB49BBB6F1996B6076CF8E7EEAD8F
:1028300036D9B4F59135AE13222218AF4E6A684DE1
:1028400091DAAA3D4F40741E9FBD9EE006A1C0983C
:1028500057C2A7FDA40E90170E7D497173E3208F18
:10286000B220D87605143B12853D7434811343B0F1
:10287000AD297A5F27F4351C6E5246393136302047
:102880006D756C74692D7461736B206669726D77F8
:10289000617265207374617274696E670000000074
:1028A0006170706C69636174696F6E5F696E697481
:1028B000206661696C65643A202564006D61696E0B
:1028C000000000007B226465766963654964223AF2
:1028D000222573222C226170704964223A22424FD1
:1028E0004F54222C226D657373616765547970654E
:1028F000223A2244415441222C2264617461223ADA
:10290000226F6E6C696E65227D000000626F6F74CD
:10291000207061796C6F6164206275696C642066F7
:1029200061696C65643A202564000000646174612B
:10293000000000006170706C69636174696F6E5FA4
:10294000696E697400000000617070006170706CE5
:1029500069636174696F6E5F73746172743A207336
:1029600074617274696E67207461736B7300000028
:102970007761746368646F675F73746172742066F3
:1029800061696C65643A2025640000006C74655FC1
:102990007461736B5F7374617274206661696C65D6
:1029A000643A2025640000006D7174745F73657271
:1029B000766963655F7374617274206661696C65C2
:1029C000643A202564000000686561727462656184
:1029D000745F7374617274206661696C65643A2017
:1029E000256400006E6574776F726B5F6469616760
:1029F0005F7374617274206661696C65643A202546
:102A0000640000006770735F7374617274206661A4
:102A1000696C65643A202564000000007769666986
:102A20005F7363616E5F7374617274206661696C59
:102A300065643A2025640000736572766F5F737475
:102A4000617274206661696C65643A2025640000D7
:102A50006C65645F7374617475735F7374617274B1
:102A6000206661696C65643A202564006170706C51
:102A700069636174696F6E00617070206576656E60
:102A8000742072656A65637465643A207175657552
:102A9000652070726573737572652028747970652E
:102AA0003D256420637269746963616C3D25642906
:102AB000000000006C697374656E65722074616259
:102AC0006C652066756C6C2C2063616E6E6F742073
:102AD000726567697374657220272573270000008B
:102AE0006C697374656E657220726567697374656D
:102AF0007265643A2025732028257520746F7461EF
:102B00006C2900006170705F6576656E74730000FB
:102B10002020252D39733A20257300002020252DF3
:102B200039733A206E6F207369676E616C20286379
:102B30006865636B204C544520616E74656E6E61F0
:102B4000202F20636F7665726167652900000000A1
:102B500052535250000000002020252D39733A2096
:102B600025642064426D2028726177202564290045
:102B70000D0A000041542B43474D52004D6F6465D0
:102B80006D46570041542B43455245473F000000D6
:102B900043455245470000002D2D2D206D6F646583
:102BA0006D207374617475732028257329202D2D71
:102BB0002D00000042616E6400000000554943434F
:102BC000000000004F70657261746F7200000000B9
:102BD00043656C6C2D494400417265610000000042
:102BE0005374696C6C20736561726368696E6720E9
:102BF000666F72204C5445206E6574776F726B203F
:102C0000284C54452D4D202B204E422D496F542CDD
:102C100020616C6C2062616E6473292E2E2E000080
:102C2000736561726368696E67000000686F6D6547
:102C300000000000726F616D696E67005265676920
:102C4000737465726564206F6E204C5445206E6508
:102C500074776F726B2028257329000053656172A9
:102C60006368696E6720666F72204C5445206E65FC
:102C700074776F726B2E2E2E000000004E657477F5
:102C80006F726B20726567697374726174696F6EBD
:102C90002064656E6965642028636865636B2053F2
:102CA000494D2F41504E2F73756273637269707472
:102CB000696F6E290000000053494D202855494393
:102CC0004329206661696C75726500004E6F74203F
:102CD00072656769737465726564202873746174C2
:102CE00075732025642900006E6F6E65000000007A
:102CF0004C54452D4D0000004E422D496F540000AC
:102D0000416374697665204C5445206D6F64653A63
:102D1000202573004C5445207374617465206576DA
:102D2000656E7420256420636F756C64206E6F740B
:102D30002062652071756575656400006E72665F5E
:102D40006D6F64656D5F6C69625F696E6974206642
:102D500061696C65643A202564202D3E2073746F90
:102D60007070696E67204C5445207461736B00006D
:102D70004D5154542043412070726F766973696FCE
:102D80006E696E67206661696C65643A202564200F
:102D9000284D51545420544C532077696C6C207248
:102DA000657472792077697468206261636B6F66FD
:102DB000662900006D6F64656D5F696E666F5F699F
:102DC0006E6974206661696C65643A202564202808
:102DD0007369676E616C206C6F6767696E672064EA
:102DE000697361626C656429000000004C544520E1
:102DF0007461736B20696E697469616C697A65646A
:102E0000000000004C54452072652D72656769739F
:102E10007465726564206265666F726520726563B1
:102E20006F6E6E65637420617474656D70740000FC
:102E3000436F6E6E656374696E6720746F204C54C7
:102E40004520284C54452D4D202B204E422D496FB6
:102E5000542C207363616E6E696E6720616C6C2008
:102E600062616E6473292E2E2E0000006C74655F03
:102E70006C635F636F6E6E6563745F6173796E63BD
:102E8000206661696C65643A2025642C2072657443
:102E9000727920696E202564207300004C5445200F
:102EA000617474616368206661696C65642F74691C
:102EB0006D6564206F757420616674657220256489
:102EC00020733B206379636C696E67206F66666C64
:102ED000696E65006C74655F6C635F6F66666C69D4
:102EE0006E65206661696C65643A202564000000A7
:102EF0004C5445205245414459000000636F6E6EAA
:102F000065637465640000004C544520636F6E6E09
:102F1000656374696F6E206C6F7374202D3E207230
:102F200065636F6E6E656374696E67004D4F4445EF
:102F30004D204641554C543A20726561736F6E20A6
:102F40003078257820282573292C2050432030788C
:102F50002578202D3E207265626F6F74696E670060
:102F60006C74655F7461736B000000004F46464CE3
:102F7000494E45004C54455F555000004F4E4C495A
:102F80004E45000073746174653A202573202D3E10
:102F9000202573006465766963655F737461746589
:102FA00000000000756E6B6E6F776E007B226465AB
:102FB000766963654964223A222573222C2274695A
:102FC0006D657374616D704D73223A256C6C642C61
:102FD000226D65737361676554797065223A224981
:102FE0004E464F222C22736368656D61566572737D
:102FF000696F6E223A222573222C226465766963FA
:103000006554797065223A222573222C22686172F8
:10301000647761726556657273696F6E223A222514
:1030200073222C226669726D7761726556657273C0
:10303000696F6E223A222573222C22696D656922FE
:103040003A222573222C226963636964223A22257D
:1030500073227D00312E300072656769737472616E
:1030600074696F6E207061796C6F6164206275693C
:103070006C64206661696C65643A20256400000018
:10308000696E666F00000000726567697374726133
:1030900074696F6E207075626C697368206661690F
:1030A0006C65643A202564007265676973747261A7
:1030B00074696F6E207075626C69736865642074E2
:1030C0006F202E2E2E2F25732028256420627974E0
:1030D00065732900726567697374726174696F6ED4
:1030E000000000006865617274626561742070752B
:1030F000626C697368696E672064697361626C658C
:103100006420284150505F5055424C4953485F4815
:1031100045415254424541543D6E290068656172F3
:103120007462656174000000636D642F726573756D
:103130006C7400006C6F63616C2D256C6C642D25C4
:1031400075000000636F6D6D616E6420726573754C
:103150006C742070656E64696E673A2069643D2501
:1031600073207374617475733D2564206572723DBC
:1031700025640000636F6D6D616E64207265737508
:103180006C74207075626C69736865643A20696458
:103190003D2573207374617475733D2564000000D0
:1031A000300A25730A25750069676E6F72696E674C
:1031B000207374616C6520736572766F20636F6D28
:1031C000706C6574696F6E20746F6B656E20257509
:1031D000000000006D616C666F726D656420736540
:1031E00072766F20636F6D706C6574696F6E2069A5
:1031F000676E6F72656400006D616C666F726D65FD
:103200006420736572766F20636F6D706C6574698E
:103210006F6E20726573756C742069676E6F72656E
:10322000640000007363616E5F7769666900000087
:103230006F70656E00000000636C6F7365000000C6
:10324000736572766F20636F6D6D616E6420726559
:103250006A65637465643A20636F6D6D616E64497D
:10326000642069732072657175697265640000007D
:10327000756E6B6E6F776E20636F6D6D616E64201F
:1032800072657175657374656400000073657276AC
:103290006F2073657175656E63652074696D656413
:1032A000206F757420616674657220256420730038
:1032B000696E76616C696420636F6D6D616E642008
:1032C0004A534F4E3A20256C6C640000636F6D6D5D
:1032D000616E64496420697320656D707479206F34
:1032E0007220746F6F206C6F6E670000636F6D6D7E
:1032F000616E64206E616D6520697320656D707408
:1033000079206F7220746F6F206C6F6E6700000001
:10331000646576696365496420697320656D7074BE
:1033200079206F7220746F6F206C6F6E67000000E1
:103330006475706C696361746520636F6D6D616E37
:1033400064207374696C6C2070656E64696E673A92
:103350002069643D257300006475706C6963617455
:103360006520636F6D6D616E643A207265706C618B
:1033700079696E672063616368656420726573753F
:103380006C742069643D257300000000636F6D6DEF
:10339000616E6449642072657573656420666F723E
:1033A00020616E6F7468657220636F6D6D616E640D
:1033B0003A20257300000000636F6D6D616E64201C
:1033C000646564757020636163686520686173205B
:1033D0006E6F207265706C61636561626C652065FB
:1033E0006E74727900000000636F6D6D616E642011
:1033F0006465766963654964206D69736D617463A2
:10340000683A207061796C6F61643D257320736543
:103410006C663D2573000000636F6D6D616E643AEC
:103420002069643D257320636D643D2573000000B1
:10343000636D645F726573756C740000636F6D6DAE
:10344000616E6420726573756C7420726574727934
:103450002074687265616420636F756C64206E6FA0
:1034600074206265207374617274656400000000EA
:10347000646576696365496400000000636F6D6D83
:10348000616E64496400000069640000636D64005B
:10349000636F6D6D616E645F68616E646C65720010
:1034A000703403002244000004000000000000000B
:1034B0007C340300264404000400000000000000E7
:1034C0000C4003001A600800040000000000000027
:1034D0007C340300264400000400000000000000CB
:1034E000883403000A4404000400000000000000C7
:1034F000BC6B03001E440800040000000000000034
:103500008C3403000E440C00040000000000000096
:10351000703403002244100004000000000000008A
:103520006E6574776F726B5F64696167000000009D
:103530006E6574776F726B20646961676E6F737408
:10354000696373207075626C697368696E67206463
:10355000697361626C656420284150505F50554228
:103560004C4953485F4E4554574F524B3D6E2900CE
:103570006672616D696E67007061726974790000CE
:103580006F76657272756E00627265616B00000025
:103590006E6F697365000000636F6C6C6973696FAF
:1035A0006E0000004750532055415254205258207D
:1035B00072657374617274206661696C65643A2027
:1035C00025643B20726574727920696E2025752010
:1035D0006D730000475053205541525420525820DB
:1035E0007265737461727465640000007B226C61A3
:1035F00074223A252E36662C226C6F6E223A252EC6
:1036000036667D006C6F636174696F6E20706179DE
:103610006C6F6164206275696C64206661696C65B9
:10362000643A2025640000006C6F636174696F6EFA
:10363000000000006C6F636174696F6E20707562CA
:103640006C697368206661696C65643A2025640062
:103650006C6F636174696F6E207075626C697368FA
:103660006564202876616C69643D25642C20736153
:1036700074733D2575290000475053204E4D454138
:1036800020636865636B73756D206572726F72730A
:103690003A202575000000004750532055415254F0
:1036A000205258206163746976653A20257520762A
:1036B000616C6964204E4D45412073656E74656E82
:1036C000636573004750532055415254206C696E16
:1036D0006B2075700000000047474100524D4300C9
:1036E000475053207461736B207374617274656406
:1036F000202855415254206173796E632F444D4107
:10370000292C207075626C69736820696E7465720B
:1037100076616C3D2564207365630000475053203B
:103720006C6F73743A206E6F2076616C6964204E02
:103730004D454120666F7220256420732C207265F0
:103740007374617274696E672055415254205258E7
:103750000000000047505320636F6E6669673A208F
:10376000756172745F7478206661696C65643A2073
:103770002564000047505320636F6E6669673A20E6
:10378000545820646964206E6F7420636F6D706C90
:1037900065746520696E2074696D6500475053201B
:1037A000636F6E6669672073656E743A20524D438D
:1037B0002B474741206F6E6C792C203120487A20AE
:1037C00028257520627974657329000047505320BD
:1037D00055415254205258206275666665722072B7
:1037E0006573706F6E7365206661696C65643A20FD
:1037F0002564000047505320554152542052582010
:1038000073746F707065643A2025732028256429CD
:103810002C20636F756E743D257500004750532052
:1038200055415254206E6F742072656164790000B6
:10383000756172745F63616C6C6261636B5F736509
:1038400074206661696C65643A202564000000009C
:10385000756172745F72785F656E61626C65206617
:1038600061696C65643A202564000000677073002C
:10387000AC0091200100000001000000BB0091207D
:103880000100000001000000C500912000000000C0
:1038900001000000C00091200000000001000000B5
:1038A000B10091200000000001000000CA0091203A
:1038B000000000000100000001002130E8030000CA
:1038C00002000000020021300100000002000000A0
:1038D000455350206672616D6520435243206D69E7
:1038E000736D617463680000455350207363616EAB
:1038F000207061796C6F6164206C656E6774682FED
:10390000636F756E74206D69736D617463683A20BE
:103910006C656E3D257520636F756E743D25640082
:103920004553502055415254207478206661696C8B
:1039300065643A2025640000455350205541525497
:103940002074782074696D656F7574007472756584
:103950000000000066616C73650000002C00000030
:103960007B226465766963654964223A2225732265
:103970002C2274696D657374616D704D73223A25E4
:103980006C6C642C226D6573736167655479706526
:10399000223A2257494649222C22736368656D6199
:1039A00056657273696F6E223A222573222C226348
:1039B0006F6E73696465724970223A25732C2261B7
:1039C00070436F756E74223A25642C22776966699C
:1039D000416363657373506F696E7473223A5B0061
:1039E00077696669207061796C6F616420686561D0
:1039F000646572206275696C64206661696C6564D7
:103A00000000000025737B226D6163416464726570
:103A10007373223A22253032583A253032583A25EB
:103A20003032583A253032583A253032583A25301B
:103A30003258222C227369676E616C537472656E02
:103A4000677468223A25642C226368616E6E656C27
:103A5000223A25752C227369676E616C546F4E6F24
:103A6000697365526174696F223A25642C2261671B
:103A700065223A25757D0000776966692070617955
:103A80006C6F6164207472756E636174656420612B
:103A900074204150202564005D7D000077696669CF
:103AA000207061796C6F616420636C6F7365206650
:103AB00061696C6564000000776966690000000058
:103AC00077696669207075626C69736820666169E0
:103AD0006C65643A202564007769666920707562B8
:103AE0006C697368656420282564204150732C201C
:103AF000636F6E736964657249703D2564290000C7
:103B000077696669207363616E3A206E6F20726513
:103B100073706F6E73652077697468696E202564B1
:103B200020732028636F756E743D25752900000091
:103B300077696669207363616E3A2045535020723D
:103B400065706F72746564206572726F7220636F46
:103B50006465203078253032580000007769666946
:103B6000207363616E3A20696E76616C69642053DC
:103B700043414E5F524553504F4E534500000000A5
:103B800077696669207363616E3A2025642041502D
:103B90007320627574204D515454206F66666C69B1
:103BA0006E65202D3E206E6F74207075626C697397
:103BB00068656400455350205541525420525820A6
:103BC000656E61626C65206661696C65643A20258A
:103BD0006400000045535020554152543A20257549
:103BE000205258206572726F727320647572696E0C
:103BF00067207363616E2028636865636B2045539B
:103C0000503332206C696E6B290000004553502000
:103C10005541525420525820627566666572207272
:103C20006573706F6E7365206661696C65643A20B8
:103C300025640000455350205541525420525820CD
:103C400073746F707065643A20726561736F6E2073
:103C5000256420286C696E652F45535033322069E6
:103C6000737375653F2900004553502055415254E8
:103C7000206E6F74207265616479000077696669EF
:103C80005F7363616E00000057694669207363616A
:103C90006E207461736B2073746172746564202884
:103CA00055415254206173796E632F444D41292C44
:103CB00020696E74657276616C3D256420732C20DA
:103CC0006D61785F6170733D25642028474E5353C2
:103CD0002D66616C6C6261636B29000077696669AF
:103CE000207363616E3A206E6F20474E53532066F7
:103CF0006978202D3E207363616E6E696E6720289F
:103D000066616C6C6261636B2900000077696669AB
:103D1000207363616E3A20666F7263656420627916
:103D200020636F6D6D616E640000000077696669E5
:103D3000206C696E6B20646F776E202D3E2061755C
:103D4000746F2D726574727920696E2025642073FA
:103D500000000000736572766F2025643A2050578A
:103D60004D20686F6C64206C696D697465642074A3
:103D70006F20256420730000736572766F202564C0
:103D80003A20636F756C64206E6F742073746F706B
:103D90002050574D3A2025640000000025750A2563
:103DA00064000000736572766F20636F6D706C65E0
:103DB00074696F6E206576656E74207375626D69C7
:103DC00074206661696C65642028746F6B656E3D54
:103DD0002575290022257322000000007365727684
:103DE0006F2073657175656E63652025732073742C
:103DF000617274656400000070776D5F7365742094
:103E0000736572766F2025642028636825752920E4
:103E10006661696C65643A2025640000616E676CB8
:103E2000654F6E00616E676C654F6666000000004E
:103E3000686F6C6453656300736572766F202564E8
:103E40002073657474696E673A206F6E3D25642037
:103E50006F66663D256420686F6D653D256420684A
:103E60006F6C643D2564730073657474696E6700DC
:103E7000736572766F2025643A20756E6B6E6F776E
:103E80006E20616374696F6E202725732700000020
:103E9000736572766F3A206D616C666F726D6564E2
:103EA00020636F6D6D616E64000000007365727653
:103EB0006F20636F6D6D616E643A20746172676527
:103EC000743D256320616374696F6E3D2573000046
:103ED0007365712025733A20736572766F203120E7
:103EE0002D3E202564206465670000007365712005
:103EF00025733A20736572766F2031207265747570
:103F0000726E656420686F6D65202D3E20256420EB
:103F1000646567007365712025733A207365727656
:103F20006F2032202D3E202564206465670000004C
:103F3000736572766F2073657175656E6365202594
:103F40007320636F6D706C65746564007365727661
:103F50006F2050574D20646576696365206E6F74DD
:103F60002072656164790000736572766F000000ED
:103F7000736572766F207461736B207374617274F1
:103F800065643A20256420736572766F732C206F08
:103F900070656E2F636C6F73652073657175656EE8
:103FA0006365206D6F64652028686F6D653D2564CD
:103FB000206465672C20737465703D2564206D73E3
:103FC000290000000000000001000000737461740B
:103FD0007573204C4544204750494F206E6F742024
:103FE0007265616479000000737461747573204CAC
:103FF000454420636F6E6669677572652066616906
:104000006C65643A202564006C65645F7374617448
:10401000757300004C45442073746174757320748B
:1040200061736B20737461727465642028677265B4
:10403000656E3A20666C61736820657665727920DA
:10404000322073203D204F4B2C2066617374206218
:104050006C696E6B203D206661756C7429000000F0
:104060001C200300080000006170706C69636174BB
:10407000696F6E2073746172747570206578636502
:1040800065646564202564206D733B2077617463EB
:1040900068646F6720666565642073746F7070650F
:1040A000640000007761746368646F67206865610D
:1040B0006C7468207265636F76657265643A20255A
:1040C000730000007761746368646F6720686561DE
:1040D0006C7468206661696C65643A20257320738E
:1040E000696C656E7420666F72202575206D732073
:1040F000286C696D69742025752900007764745FE8
:1041000066656564206661696C65643A20256400B3
:104110007761746368646F67206865616C7468793F
:104120003A206665642025752074696D657300000A
:104130007761746368646F6720646576696365207E
:104140006E6F742072656164790000007764745F3B
:10415000696E7374616C6C5F74696D656F757420E2
:104160006661696C65643A20256400007764745F59
:104170007365747570206661696C65643A202564A6
:10418000000000007761746368646F6700000000DE
:104190007761746368646F672073757065727669A0
:1041A000736F7220737461727465643A2074696D00
:1041B000656F75743D2564206D732C20666565649C
:1041C0003D2564206D7300006C746500BC280300FD
:1041D000C8410300D04E030074696D656F7574208B
:1041E0007768696C65206F70656E696E67205443EF
:1041F000502F544C5320636F6E6E656374696F6EFD
:1042000000000000636F6E6E656374696F6E2072EC
:104210006566757365642062792062726F6B657282
:10422000000000006E6574776F726B20756E7265AA
:1042300061636861626C6500686F737420756E728B
:104240006561636861626C6500000000636F6E6E9B
:10425000656374696F6E207265736574206475722E
:10426000696E6720636F6E6E6563740073656520A9
:10427000736F636B65742F6D6F64656D206572720B
:104280006E6F00006D7174742E6578706C6F72655E
:10429000722E746361622E636F6D000067657461D6
:1042A000646472696E666F28257329206661696C83
:1042B00065643A202564000042726F6B65722025A8
:1042C00073207265736F6C76656420746F2025733C
:1042D0003A25640050554241434B206661696C6544
:1042E000643A20256400000070726F766973696F0C
:1042F0006E6564006D697373696E6700544C53207A
:10430000434120636865636B206661696C65642066
:10431000666F72207365635F7461672025643A205D
:1043200025640000544C53204341207365635F743F
:1043300061672025643A202573000000736574745A
:10434000696E67204D5154542072656365697665C6
:104350002074696D656F7574206661696C65643A77
:104360002025640073657474696E67204D51545440
:104370002073656E642074696D656F757420666165
:10438000696C65643A202564000000004D51545466
:104390002073657373696F6E2061626F72746564F8
:1043A0003A202573000000004D515454207061796B
:1043B0006C6F61642072656164206661696C65641C
:1043C0003A202564000000007061796C6F61642000
:1043D000726561642074696D656F75742F657272A2
:1043E0006F720000736572766F207061796C6F6117
:1043F0006420746F6F206C617267653A20257500C8
:104400006F76657273697A656420736572766F2062
:10441000636F6D6D616E640025630A252E2A730A31
:1044200025730000736572766F20636F6D6D616E2A
:1044300064206973206D616C666F726D6564206FB6
:104440007220746F6F206C6172676500736572769D
:104450006F206576656E74207375626D6974206671
:1044600061696C65643A20256400000073657276AA
:104470006F207075626C6973683A20746172676549
:10448000743D256320616374696F6E3D252E2A7328
:104490002028257520627974657329006F7665720E
:1044A00073697A656420696E626F756E64207075D9
:1044B000626C6973680000006475706C6963617494
:1044C0006520696E626F756E64207061636B6574E0
:1044D0002025752069676E6F72656400726574616E
:1044E000696E656420636F6D6D616E642069676ECF
:1044F0006F726564206F6E20252E2A730000000005
:10450000756E6578706563746564207075626C693A
:10451000736820746F7069633A20252E2A73000037
:10452000636F6D6D616E64207061796C6F61642082
:10453000746F6F206C617267653A2025750000000A
:104540006F76657273697A656420636F6D6D616EF5
:1045500064207061796C6F6164000000636F6D6D41
:10456000616E64206576656E74207375626D697422
:10457000206661696C65643A20256400636F6D6D27
:10458000616E6420726563656976656420282575AF
:1045900020627974657329004D5154542064697305
:1045A000636F6E6E6563746564206576656E7420F6
:1045B000636F756C64206E6F742062652071756521
:1045C00075656400436F6E6E656374696E67207411
:1045D0006F204D5154542062726F6B6572202573A9
:1045E0003A25642028544C53207365635F746167D7
:1045F0002025642C20706565725F76657269667926
:10460000202564292E2E2E006D7174745F636F6EE9
:104610006E656374206661696C65643A2025642068
:104620002825732900000000706F6C6C2065727281
:104630006F723A20256400006D717474206C697685
:10464000652F696E707574206572726F723A2025DD
:10465000640000004D5154542073657373696F6E8C
:10466000206661756C74202D3E20656E64696E67EE
:104670002073657373696F6E20746F207265636F4A
:104680006E6E6563740000004D51545420434F4ECC
:104690004E41434B2F53554241434B2074696D6546
:1046A0006F757400736F636B657420636C6F7365F3
:1046B000642028726576656E7473203078257829B9
:1046C000000000004D515454207461736B207374CA
:1046D00061727465642C2077616974696E67206605
:1046E0006F72204C54452E2E2E0000004D51545414
:1046F000207265636F6E6E65637420696E20257528
:1047000020730000544C53204341207365635F7451
:10471000616720256420697320616C72656164792A
:104720002063757272656E7400000000544C532053
:104730004341207365635F7461672025642063686B
:10474000616E676564202D3E207265706C616369DF
:104750006E672063726564656E7469616C00000049
:1047600043412064656C657465206661696C6564AD
:1047700020666F72207365635F7461672025643AF9
:1047800020256400434120636F6D7061726520666F
:1047900061696C656420666F72207365635F746124
:1047A000672025643A202564000000006861726477
:1047B0002D636F6465642043412070726F76697366
:1047C000696F6E206661696C656420666F72207324
:1047D00065635F7461672025643A20256420286D35
:1047E0006F64656D206D757374206265206F6666F9
:1047F0006C696E65202D204346554E20302F34299C
:1048000000000000515549434B2D544553543A2064
:104810007570646174656420686172642D636F648F
:10482000656420434120696E207365635F7461672E
:10483000202564202864697361626C6520454D51B0
:10484000585F544C535F50524F564953494F4E5F37
:10485000434120666F722070726F64756374696F74
:104860006E2900006D7174745F7461736B000000D9
:104870007075626C69736820746F20257320746989
:104880006D6564206F75742077616974696E672047
:10489000666F7220746865204D515454206C6F63AC
:1048A0006B0000006D7174745F7075626C69736881
:1048B000206661696C65643A202564005075626CFD
:1048C0006973686564202575206279746573207446
:1048D0006F202573000000006465766963657300CE
:1048E00025732F25732F257300000000636F6D6DF6
:1048F000616E6420746F706963206275696C6420F6
:104900006661696C65643A2025640000736572769F
:104910006F2F2300736572766F20746F7069632048
:104920006275696C64206661696C65643A2025640F
:10493000000000006D7174745F7375627363726957
:104940006265206661696C65643A20256400000038
:104950007375627363726962696E6720746F202574
:104960007320616E642025732028696420257529D1
:10497000000000004D51545420434F4E4E41434BD4
:104980002072656A65637465643A20256420286234
:1049900061642063726564656E7469616C732F4134
:1049A000434C3F29202D3E207265636F6E6E656318
:1049B00074696E67000000004D5154542074726198
:1049C0006E73706F727420636F6E6E65637465646E
:1049D0003B2077616974696E6720666F7220636F30
:1049E0006D6D616E64207375627363726970746952
:1049F0006F6E73004D51545420646973636F6E6E13
:104A000065637465643A202564000000696E766110
:104A10006C69642053554241434B3A2069643D25FB
:104A20007520726573756C743D256420636F6465D1
:104A3000733D25750000000062726F6B6572207215
:104A4000656A656374656420737562736372697007
:104A500074696F6E20257500636F6D6D616E6420E3
:104A6000737562736372697074696F6E73206163CA
:104A700074697665202853554241434B2069642070
:104A8000257529004D51545420636F6E6E65637413
:104A90006564206576656E7420636F756C64206E46
:104AA0006F74206265207175657565640000000093
:104AB00064657669636520746F70696320627569E7
:104AC0006C64206661696C65643A202564000000AE
:104AD0002354706F6440636C69656E7423323032A6
:104AE000363034323200000074706F640000000011
:104AF0006D7174745F7365727669636500000000A0
:104B00002A0000002D2D2D2D2D424547494E2043D2
:104B1000455254494649434154452D2D2D2D2D0ACA
:104B20004D494943477A4343416147674177494289
:104B30004167495151644B6430584C71377165413C
:104B40007753787336532B48556A414B42676771E8
:104B5000686B6A4F50515144417A42504D517377BE
:104B60000A435159445651514745774A56557A455B
:104B7000704D4363474131554543684D6753573541
:104B8000305A584A755A5851675532566A64584ACD
:104B90007064486B67556D567A5A57467959326733
:104BA000670A52334A766458417846544154426702
:104BB0004E5642414D5444456C54556B6367556D98
:104BC0003976644342594D6A4165467730794D44A0
:104BD00041354D4451774D4441774D4442614677CC
:104BE00030300A4D4441354D5463784E6A41774D1B
:104BF0004442614D453878437A414A42674E5642B5
:104C0000415954416C56544D536B774A7759445629
:104C100051514B4579424A626E526C636D356C64FA
:104C20004342540A5A574E31636D6C3065534253B8
:104C30005A584E6C59584A6A61434248636D39313B
:104C4000634445564D424D474131554541784D4DA0
:104C500053564E535279425362323930494667793E
:104C60004D4859770A454159484B6F5A497A6A303D
:104C700043415159464B34454541434944596741A5
:104C8000457A5A76566E3443444375774A53764D87
:104C900057536A35637A336573336D6346445230D4
:104CA00048747477570A2B31714C464E76696357B6
:104CB0004445756B575645596D4F3667626639796D
:104CC0006F57484B53357863557934415067486F77
:104CD00049594F4976585264674B616D376D414869
:104CE0006637416C46390A4974674B62707062647A
:104CF000392F772B6B48734F647831796D6748444F
:104D0000422F716F3049775144414F42674E5648A8
:104D10005138424166384542414D434151597744EB
:104D2000775944565230540A4151482F42415577E1
:104D3000417745422F7A416442674E564851344587
:104D40004667515566454B577274354C5344763619
:104D50006B7669656A4D397469366C794E3555776D
:104D6000436759494B6F5A490A7A6A304541774D32
:104D700044614141775A51497765336C4F526C43D6
:104D800045776B534852687446635039596D6437A0
:104D9000302F615453566159674C5854574E4C78D4
:104DA000426F314266415364570A744C346E645109
:104DB0006176456935316D493338416A4541692F1E
:104DC0005633624E54495A61726743797A75464A3E
:104DD000306E4E3654355536565235436D44312F6C
:104DE00069514D5674436E7772310A2F71344161A7
:104DF0004F654D53512B326231746246664C6E0AD8
:104E00002D2D2D2D2D454E442043455254494649C4
:104E1000434154452D2D2D2D2D0A0000253032788B
:104E2000000000006465766963652069642066722D
:104E30006F6D2068617264776172653A2025730036
:104E40006877696E666F5F6765745F6465766963CE
:104E5000655F6964206661696C6564202825642942
:104E6000202D3E207573696E6720434F4E4649479B
:104E70005F4150505F4445564943455F49440000F7
:104E80006465762D6465766963652D303031000088
:104E90006465766963652069642066726F6D204B76
:104EA000636F6E6669673A20257300006E7266391B
:104EB000313630646B000000302E312E300000009F
:104EC0006465766963655F696E666F006C6F675FC6
:104ED0006D7174740000000028756E7369676E65EB
:104EE00064292063686172202A20757365642066D6
:104EF0006F722025257020617267756D656E742E46
:104F00002049742773207265636F6D6D656E6465EB
:104F10006420746F206361737420697420746F203F
:104F2000766F6964202A2062656361757365206904
:104F300074206D6179206361757365206D6973629A
:104F400065686176696F7220696E2063657274614D
:104F5000696E20636F6E66696775726174696F6EE2
:104F6000732E20537472696E673A22257322206172
:104F70007267756D656E743A2564000063627072C5
:104F8000696E74665F7061636B6167650000000045
:104F90004661696C656420746F207265626F6F741E
:104FA0003A207370696E6E696E6720656E646C6519
:104FB00073736C792E2E2E0A000000007275650046
:104FC000616C73650000000022000000252E396727
:104FD00000000000252E313667000000256C6C644F
:104FE00000000000256C6C75000000007B000000D4
:104FF0003A0000005B0000005D000000746872650C
:1050000061645F616E616C797A65720066735F6E70
:10501000767300006C6F6767696E670088D8002040
:1050200000010000A3A30200F9A202000200000098
:10503000CBA50200000000000000000000000000FE
:105040006C6F67006C6F675F6D676D7400000000C8
:105050004D657373616765202822257322292064BA
:10506000726F707065642062656361757365206935
:105070007420657863656564732073697A65206C54
:10508000696D69746174696F6E2028257529000047
:105090004D6573736167652064726F70706564201D
:1050A0006265636175736520697420657863656501
:1050B00064732073697A65206C696D6974617469C1
:1050C0006F6E2028257529005B2530386C755D20B2
:1050D000000000005B253032753A253032753A25E4
:1050E0003032752E253033752C253033755D200018
:1050F0001B5B306D0000000025732E0025733A20E5
:10510000000000003C25733E2000000025732F00A6
:105110002573200025303278200000002020200058
:105120007C00000025630000206D65737361676576
:10513000732064726F70706564202D2D2D0D0A1B15
:105140005B306D001B5B313B33316D2D2D2D20000D
:105150001B5B313B33316D001B5B313B33336D00E7
:105160006572720077726E00696E66006462670035
:1051700000000000505103005851030000000000DF
:1051800000000000000000006051030064510300B3
:10519000685103006C5103006D657373616765733B
:1051A0002064726F707065643A202020200D0A0020
:1051B0006C6F675F6261636B656E645F72747400CD
:1051C000A59F0100959F01001D9D0100019D01000B
:1051D00000000000359D0100000000008BA60200C9
:1051E000980C0120B00C012001000000666C617376
:1051F000680000002A2A2A20426F6F74696E6720B7
:105200006E524620436F6E6E6563742053444B208C
:1052100076332E322E322D373438343565313639E7
:10522000626532202A2A2A0A000000002A2A2A203F
:105230005573696E67205A6570687972204F5320E4
:1052400076342E322E39392D66653466303130365B
:1052500038303365202A2A2A0A00000072302F6174
:10526000313A2020307825303878202072312F6173
:10527000323A2020307825303878202072322F6161
:10528000333A2020307825303878000072332F618F
:10529000343A2020307825303878207231322F6926
:1052A000703A2020307825303878207231342F6CD5
:1052B000723A2020307825303878000020787073DA
:1052C000723A202030782530387800004661756CBD
:1052D00074696E6720696E737472756374696F6E3A
:1052E000206164647265737320287231352F706396
:1052F000293A20307825303878000000556E6861F2
:105300006E646C6564204952516E3A202564000039
:10531000457863657074696F6E206F636375727230
:10532000656420696E2053656375726520537461EE
:10533000746500002A2A2A2A2A205553414745200D
:105340004641554C54202A2A2A2A2A002020446902
:10535000766973696F6E206279207A65726F0000DA
:105360002020556E616C69676E6564206D656D6F98
:1053700072792061636365737300000020205374A9
:1053800061636B206F766572666C6F772028636F40
:105390006E746578742061726561206E6F7420761A
:1053A000616C69642900000020204E6F20636F70DB
:1053B000726F636573736F7220696E737472756355
:1053C00074696F6E730000002020496C6C65676122
:1053D0006C206C6F6164206F66204558435F5245B6
:1053E0005455524E20696E746F20504300000000E7
:1053F0002020496C6C6567616C20757365206F6651
:1054000020746865204550535200000020204174EC
:1054100074656D707420746F20657865637574654C
:1054200020756E646566696E656420696E7374725A
:10543000756374696F6E00002A2A2A2A2A2044653F
:10544000627567206D6F6E69746F72206578636531
:105450007074696F6E202A2A2A2A2A0052657365A1
:105460007276656420457863657074696F6E202874
:105470000000000053707572696F757320696E7457
:105480006572727570742028495251200000000026
:105490002A2A2A2A2A20257320256429202A2A2A12
:1054A0002A2A00002A2A2A2A2A204D50552046411D
:1054B000554C54202A2A2A2A2A00000020205374FE
:1054C00061636B696E67206572726F722028636F0B
:1054D0006E746578742061726561206D69676874A7
:1054E000206265206E6F742076616C69642900000B
:1054F0002020556E737461636B696E6720657272EC
:105500006F72000020204461746120416363657301
:10551000732056696F6C6174696F6E0020204D4D69
:1055200046415220416464726573733A2030782595
:10553000780000002020496E737472756374696F7F
:105540006E204163636573732056696F6C61746983
:105550006F6E00002020466C6F6174696E672D705D
:105560006F696E74206C617A792073746174652040
:10557000707265736572766174696F6E20657272A0
:105580006F7200002A2A2A2A2A20425553204641B7
:10559000554C54202A2A2A2A2A000000202053741D
:1055A00061636B696E67206572726F720000000044
:1055B00020205072656369736520646174612062A4
:1055C0007573206572726F720000000020204246E1
:1055D000415220416464726573733A2030782578B3
:1055E000000000002020496D7072656369736520BA
:1055F0006461746120627573206572726F7200005D
:105600002020496E737472756374696F6E206275C1
:1056100073206572726F72002A2A2A2A2A20484152
:105620005244204641554C54202A2A2A2A2A000056
:105630002020427573206661756C74206F6E207631
:105640006563746F72207461626C65207265616459
:105650000000000020204465627567206576656E55
:105660007400000020204661756C742065736361CE
:105670006C6174696F6E20287365652062656C6F5C
:1056800077290000415243485F4558434550542014
:105690007769746820726561736F6E2025780A00DF
:1056A00040CA002000000000060001006D70750077
:1056B0004661696C656420746F20616C6C6F636116
:1056C0007465206E6577204D505520726567696F4F
:1056D0006E2025750A000000506172746974696F4C
:1056E0006E2025753A2073616E6974792063686550
:1056F000636B206661696C65642E0000496E76619B
:105700006C696420756E6465726C79696E6720726D
:105710006567696F6E20696E646578202575000085
:105720000200000038570300464C4153485F3000E8
:105730005352414D5F300000000000002857030025
:1057400002000000E0FF0F0068C500203057030092
:1057500021000000E0FF03206E65745F6275660043
:105760006E65745F6275665F73696D706C6500006D
:10577000736F6300776C616E256400006E6574253D
:1057800064000000E0000000C00000004D515454CF
:10579000000000004D514973647000008C570300F5
:1057A00004000000945703000600000015BE01002D
:1057B000A1BE0100E1BE010061BF010091BF010077
:1057C00039C0010091C10100D1C1010051C20100E5
:1057D00081C2010015C30100F5C2010000000000F4
:1057E000636C6F636B403530303000006866636C0B
:1057F0006B0000006C66636C6B000000636C6F6391
:105800006B5F636F6E74726F6C0000007DC301008C
:10581000E5C30100EC57030051C2020049C2020077
:10582000F45703007073612D726E6700756E616CC2
:1058300069676E656420616464726573733A2030D1
:10584000782530386C783A257A750000696E766173
:105850006C696420616464726573733A20307825E2
:1058600030386C783A257A75000000006E6F74202D
:10587000776F72642D616C69676E65643A20307869
:105880002530386C783A257A75000000666C6173B3
:10589000682D636F6E74726F6C6C65724033393053
:1058A00030300000666C6173685F6E7266000000E5
:1058B0000400000000FF00006770696F4038343258
:1058C00035303000FFFFFFFF002584401CCB002057
:1058D00000000000000000000001020304050607AC
:1058E000496E636F6D70617469626C65207065727A
:1058F000696F642E000000005072657363616C650F
:105900007220666F7220706572696F645F6379637D
:105910006C6573202575206E6F7420666F756E64DC
:105920002E000000496E76616C6964206368616EC8
:105930006E656C3A2025752E0000000050574D20F2
:1059400073746F70206661696C65643A2025640029
:105950004661696C656420746F20696E6974696161
:105960006C697A65206465766963653A2025730001
:1059700070776D40323130303000000070776D5FED
:105980006E72667800000000000000000000000059
:105990000000000000000000000000000004000003
:1059A000E803020101010000200E012004000000B4
:1059B0000000000000000000C05903000024F400B3
:1059C00000100240CC59030002000000E45903001B
:1059D00002000000DC5903000201000005800016EF
:1059E0000780001705000016070000174661696C64
:1059F000656420746F20616C6C6F63617465205006
:105A00005049204368616E6E656C00007561727468
:105A10004062303030000000756172744061303097
:105A200030000000756172745F6E7266785F756138
:105A30007274650000B00040050000000000000026
:105A40005C5A03000000D60100000000300E012067
:105A5000280E0120322A0120312A012000B0004006
:105A6000685A030002000000805A03000200000090
:105A7000785A03000201000001800000008000014C
:105A8000010000000006000100A000400500000029
:105A900000000000B05A030000009D00000000005C
:105AA000400E0120380E0120342A0120332A012023
:105AB00000A00040BC5A030002000000D45A0300BA
:105AC00002000000CC5A0300020100001D8000000B
:105AD0001C8000011D0000001C060001776174633A
:105AE00068646F6740313830303000007764745F2D
:105AF0006E726678000000004D6F64656D206C6901
:105B0000627261727920696E697469616C697A6127
:105B100074696F6E206661696C65642C20657272B1
:105B20002025640000800020E8040000E8840020B4
:105B30000020000068A500200020000000000000F8
:105B40000000000001000000811E010051D9010089
:105B50006E72665F6D6F64656D0000004D6F646509
:105B60006D206C69627261727920646964206E6F65
:105B70007420696E697469616C697A653A2025647C
:105B8000000000006E726639785F736F636B657436
:105B90000000000061DB0200DDDA020083D90200B0
:105BA00097D9020093D802003DDA020000000000FD
:105BB000F1E00100B5D90200ABD90200C5E2010055
:105BC00035DF0100D5D8020081DE0100C1DD010012
:105BD000E5DF010000000000000000000000000000
:105BE0003C756E6B6E6F776E3E0000004E52465FE6
:105BF0004D4F44454D5F4641554C545F554E4445CD
:105C000046494E45440000004E52465F4D4F4445C4
:105C10004D5F4641554C545F48575F57445F52456E
:105C2000534554004E52465F4D4F44454D5F4641EB
:105C3000554C545F484152444641554C5400000075
:105C40004E52465F4D4F44454D5F4641554C545F63
:105C50004D454D5F4D414E41474500004E52465F18
:105C60004D4F44454D5F4641554C545F425553009E
:105C70004E52465F4D4F44454D5F4641554C545F33
:105C800055534147450000004E52465F4D4F444535
:105C90004D5F4641554C545F5345435552455F5205
:105CA00045534554000000004E52465F4D4F444559
:105CB0004D5F4641554C545F50414E49435F444F00
:105CC00055424C45000000004E52465F4D4F444542
:105CD0004D5F4641554C545F50414E49435F5245DC
:105CE0005345545F4C4F4F50000000004E52465FEA
:105CF0004D4F44454D5F4641554C545F41535345CC
:105D0000525400004E52465F4D4F44454D5F464150
:105D1000554C545F50414E49430000004E52465F7F
:105D20004D4F44454D5F4641554C545F464C4153A1
:105D3000485F4552415345004E52465F4D4F4445E2
:105D40004D5F4641554C545F464C4153485F575256
:105D5000495445004E52465F4D4F44454D5F4641C4
:105D6000554C545F504F465741524E004E52465F7D
:105D70004D4F44454D5F4641554C545F5448574143
:105D8000524E0000EC5B030001000000085C0300C1
:105D900002000000245C030003000000405C0300DC
:105DA000040000005C5C030005000000705C030060
:105DB00006000000885C030007000000A85C0300E8
:105DC00008000000C85C030009000000EC5C030050
:105DD00010000000045D0300110000001C5D0300C2
:105DE00012000000385D030013000000545D030042
:105DF000140000006C5D0300150000004E6F206869
:105E000065617020737061636520666F7220696ED2
:105E1000636F6D696E67206E6F7469666963617424
:105E2000696F6E3A202573004661696C6564207461
:105E30006F20686F6F6B2074686520646973706190
:105E40007463682066756E6374696F6E2C2065726A
:105E5000722025640000000061745F6D6F6E6974CC
:105E60006F7200004F4B0D0A000000004552524F68
:105E7000520D0A002B434D45204552524F523A00D5
:105E80002B434D53204552524F523A00645E03005B
:105E90006C5E0300745E0300805E03004E554C4C44
:105EA00020617320612068616E646C657220726588
:105EB0006365697665643A204E6F7468696E672021
:105EC000746F20626520646F6E652E0A54686520C9
:105ED00068616E646C65722063616E206265206427
:105EE0006572656769737465726564207573696E40
:105EF00067206C74655F6C635F6465726567697366
:105F00007465725F68616E646C65722829000000B8
:105F10004E6F2068616E646C65722072656769738C
:105F200074657265640000006C74655F6C630000EA
:105F30004D6F64656D206C69627261727920696E63
:105F40006974206572726F723A2025642C206C741B
:105F5000655F6C63206E6F7420696E697469616C33
:105F6000697A6564000000004661696C65642074AC
:105F70006F207365742073797374656D206D6F6421
:105F80006520616E64206D6F646520707265666562
:105F900072656E63652C20657272202564000000B6
:105FA00041542525464541434F4E463D302C332C28
:105FB000256400004661696C656420746F20676524
:105FC00074206D6F64656D206669726D77617265AE
:105FD00020747970652C206572726F723A20256486
:105FE000000000006E7266393136305F000000003C
:105FF0006E7266393178315F000000006E7266396A
:106000003135312D6E746E5F000000006C74655F79
:106010006C635F776F726B5F71000000436F756C2C
:1060200064206E6F7420676574207265676973748D
:10603000726174696F6E207374617475732C20655E
:1060400072726F723A20256400000000436F756C15
:1060500064206E6F74206765742043455245472065
:10606000706172616D20636F756E742C20706F7437
:10607000656E7469616C6C79206D616C666F726DB0
:106080006564206E6F74696669636174696F6E2CF4
:10609000206572726F723A2025640000526567694C
:1060A0007374726174696F6E2072656A656374657A
:1060B000642C20454D4D2063617573653A2025643D
:1060C0002C2043656C6C2049443A2025642C2054D4
:1060D0007261636B696E6720617265613A20256445
:1060E0002C204C5445206D6F64653A2025640000D7
:1060F0004661696C656420746F20706172736520FD
:106100006E6F74696669636174696F6E2028657269
:10611000726F72202564293A20257300556E6B6ECC
:106120006F776E206E6574776F726B20726567692A
:106130007374726174696F6E207374617475733AED
:1061400020256400556E6B6E6F776E204C54452091
:106150006D6F64653A202564000000002B434552B2
:1061600045473A20252A752C2568752C252A5B5E23
:106170002C5D2C222578222C00000000436F6E6ECF
:1061800065637420616C726561647920696E20704A
:10619000726F6772657373004661696C6564207421
:1061A0006F206765742063757272656E7420726506
:1061B00067697374726174696F6E2073746174754A
:1061C000730000004E6574776F726B20636F6E6EA4
:1061D000656374696F6E20617474656D707420748A
:1061E000696D6564206F75740000000041542B4395
:1061F000455245473D3500004661696C6564207431
:106200006F2073756273637269626520746F2043D7
:1062100045524547206E6F74696669636174696FA2
:106220006E732C206572726F723A20256400000034
:106230002B434552454700002B4346554E3A2025F7
:106240006875000041542B4346554E3F0000000046
:10625000415420636F6D6D616E64206661696C6589
:10626000642C206E72665F6D6F64656D5F61745F34
:106270007363616E6628292072657475726E656439
:10628000206572726F723A20256400004661696C65
:10629000656420746F20656E61626C65206E6F743A
:1062A000696669636174696F6E732C206572726FC1
:1062B000723A202564000000496E76616C696420A2
:1062C00066756E6374696F6E616C206D6F64653A9C
:1062D0002025640041542B4346554E3D2564000063
:1062E0004661696C656420746F20736574206675FF
:1062F0006E6374696F6E616C206D6F64652E2050E3
:106300006C6561736520636865636B2058535953EE
:1063100054454D4D4F44452E00000000436F756CB1
:1063200064206E6F7420676574207369676E616C9A
:106330006C696E67206D6F64652C206572726F7278
:106340003A20256400000000496E76616C69642083
:106350007369676E616C6C696E67206D6F64653A16
:106360002025640043616E2774207061727365207C
:106370007369676E616C6C696E67206D6F64652C04
:10638000206572726F723A20256400004661696C64
:10639000656420746F20656E61626C6520525243A3
:1063A000206E6F74696669636174696F6E7320280B
:1063B0002B4353434F4E292C206572726F72202558
:1063C000640000002B4353434F4E000041542B43C5
:1063D00053434F4E3D310000505241434820434506
:1063E0002D4C4556454C2025750D0A00494E564109
:1063F0004C49442042414E4420434F4E4649475564
:10640000524154494F4E2025752025752025750D84
:106410000A000000444554454354454420434F5529
:106420004E5452592025750D0A000000415425256F
:106430004D444D45563D3200415425254D444D4572
:10644000563D310053454152434820535441545521
:106450005320310D0A000000534541524348205358
:10646000544154555320320D0A0000005245534503
:1064700054204C4F4F500D0A000000004D45204263
:10648000415454455259204C4F570D0A000000000A
:106490004D45204F5645524845415445440D0A004C
:1064A0004E4F20494D45490D0A00000052462043F9
:1064B000414C4942524154494F4E204E4F54204482
:1064C0004F4E450D0A000000254D444D4556000035
:1064D0000000000044640300010000005864030051
:1064E000020000006C640300030000007C640300F1
:1064F000040000009064030005000000A064030095
:1065000007000000AC640300000000000000000071
:10651000496E76616C69642073797374656D206D62
:106520006F6465207265717565737465643A2025C2
:1065300064000000496E76616C6964204C5445200B
:10654000707265666572656E6365207265717565EA
:10655000737465643A202564000000004C544520A3
:10656000707265666572656E6365206D7573742003
:106570006265204C54455F4C435F53595354454D1D
:106580005F4D4F44455F5052454645525F4155541B
:106590004F2077697468204E544E204E422D496F2B
:1065A00054000000415425255853595354454D4D2E
:1065B0004F44453D302C302C302C302C3100000025
:1065C000415425255853595354454D4D4F44453D4D
:1065D00025732C25630000004661696C6564207496
:1065E0006F207365742073797374656D206D6F64AB
:1065F000650000003031323334000000312C302C83
:1066000030000000302C312C30000000312C302CB8
:1066100031000000302C312C31000000312C312CA5
:1066200030000000312C312C31000000000000004F
:10663000FC65030004660300B86503000C660300F4
:10664000146603001C66030024660300312E312EFD
:10665000312E31004661696C656420746F2073656A
:10666000742066616C6C6261636B20444E532061E0
:106670006464726573732C20657272202564000057
:106680002573206973206E6F7420612076616C69B8
:106690006420444E53207365727665722061646491
:1066A00072657373000000004661696C6564207454
:1066B0006F206F627461696E205253525020766170
:1066C0006C75652C202564002C2000004E6F207214
:1066D0006573706F6E7365207374617475733A209F
:1066E000257300002573257300000000556E61625C
:1066F0006C6520746F206F627461696E2073686FBF
:1067000072743A2025640000252558564241543AB7
:106710002025640041542558564241540000000091
:10672000436F756C64206E6F7420676574206261BE
:10673000747465727920766F6C746167652C20655E
:1067400072726F723A2025640000000025255854AB
:10675000454D503A202564004154255854454D502C
:106760003F000000436F756C64206E6F7420676596
:10677000742074656D70657261747572652C206526
:1067800072726F723A202564000000002B4345535B
:10679000513A20252A642C252A642C252A642C258C
:1067A0002A642C252A642C256400000041542B43C4
:1067B00045535100436F756C64206E6F742067659C
:1067C00074207369676E616C20737472656E677490
:1067D000682C206572726F723A20256400000000F8
:1067E0004E6F2076616C6964205253525000000055
:1067F0002525584342414E443A20257500000000AB
:10680000415425584342414E44000000436F756C8B
:1068100064206E6F74206765742062616E642C2042
:106820006572726F723A2025640000004E6F207608
:10683000616C69642062616E6400000042616E6494
:10684000206973206F7574206F662072616E6765B2
:1068500000000000254345535100000041542B43E4
:106860004744434F4E543F0061706E0041542B43E8
:10687000434C4B3F000000006461746554696D65D2
:106880000000000041542B4347534E00696D656979
:106890000000000041542B43494D4900696D736964
:1068A000000000004154255853595354454D4D4F55
:1068B00044453F006770734D6F6465006E62696F99
:1068C000744D6F64650000006C74654D6F64650005
:1068D00041542B4352534D3D3137362C31323235F2
:1068E000382C302C302C3130000000006963636993
:1068F000640000006D6F64656D4669726D7761724A
:106900006500000074656D70657261747572650074
:1069100062617474657279566F6C746167650000AA
:106920004154255853494D3F000000007569636389
:106930004D6F6465000000006970416464726573A6
:106940007300000061726561436F646500000000C0
:1069500063656C6C4944000041542B434F50533FD6
:10696000000000006D6E63006D6363006D63636D16
:106970006E63000041542B43454D4F44453F00009A
:1069800075654D6F64650000415425584342414E82
:10699000443D3F00737570706F7274656442616E40
:1069A0006473000063757272656E7442616E640098
:1069B00072737270000000006D6F64656D5F696EC8
:1069C000666F0000186B03000C6B0300006B030084
:1069D000B86A0300F46A0300E86A0300DC6A030093
:1069E000D06A0300C46A0300AC6A0300A06A030013
:1069F000946A0300886A03007C6A0300706A0300DB
:106A0000646A0300586A03004C6A0300406A03008A
:106A1000346A0300286A03001C6A03005C680300F0
:106A200068680300030702006C68030078680300CD
:106A300001020200846803008C6803000001020068
:106A4000946803009C68030000010200A46803002E
:106A5000B468030003050100A4680300BC680300D8
:106A600002050100A4680300C868030001050100D5
:106A7000D0680300EC68030003040200742B0300D9
:106A8000F468030000010200586703000469030072
:106A900001020100146703001069030001020100F4
:106AA000206903002C690300010201005C680300F7
:106AB0003869030004070200842B030044690300C3
:106AC000030A0200842B030050690300040A020039
:106AD0005869030064690300030501005869030055
:106AE0006869030003050100586903006C6903002D
:106AF00003050200746903008069030001020100BC
:106B00008869030094690300010202000068030021
:106B1000A469030001020100AC670300B06903002F
:106B2000060701006D6F64656D5F696E666F5F706B
:106B30006172616D7300000041542B434D45453D2A
:106B4000256400002B434D45453A20256400000094
:106B500041542B434D45453F000000004661696CA0
:106B6000656420746F207265747269657665204370
:106B70004D4545207374617475732C2065727220C5
:106B80002564000050686F6E65206661696C7572DF
:106B9000650000004D656D6F7279206661696C75E6
:106BA00072650000496E636F727265637420706174
:106BB00072616D657465727320696E20636F6D6DAF
:106BC000616E640053797374656D206572726F72C3
:106BD000000000004B6579206E6F7420666F756E43
:106BE000640000004B6579206163636573732072F4
:106BF00065667573656400004B65792073746F7208
:106C0000616765206D656D6F72792066756C6C00CB
:106C10004E6F7420616C6C6F776564207768656E69
:106C2000204C544520636F6E6E656374696F6E20EF
:106C30006973206163746976650000004B65792093
:106C4000616C7265616479206578697374730000A2
:106C5000496E76616C696420636F6E74656E740052
:106C60004E6F7420616C6C6F776564207768656E19
:106C700020706F776572206F6666207761726E692B
:106C80006E67206973206163746976650000000097
:106C9000556E7472616E736C6174656420434D450A
:106CA000206572726F722025640000004154252512
:106CB000434D4E473D322C25752C256400000000C5
:106CC00041542525434D4E473D302C25752C2564D8
:106CD0002C22252E2A73220041542525434D4E4750
:106CE0003D332C25752C25640000000041542525DA
:106CF000434D4E473D312C25752C25640000000086
:106D00006D6F64656D5F6B65795F6D676D740000B5
:106D1000646174655F74696D650000006461746529
:106D20005F74696D655F776F726B5F710000000063
:106D3000436F756C64206E6F742073657420737973
:106D40007374656D2074696D652C202564000000E6
:106D50004661696C65642067657474696E67204C70
:106D60005445206E6574776F726B20726567697326
:106D700074726174696F6E207374617475732C2002
:106D80006572726F723A2025640000003132330060
:106D900067657461646472696E666F2C20657272D7
:106DA0006F723A2025640000736E74705F696E69BB
:106DB000742C206572726F723A2025640000000006
:106DC000736E74705F71756572792C206572726F65
:106DD000723A202564000000446964206E6F7420BC
:106DE0006765742074696D652066726F6D20616ED1
:106DF00079204E5450207365727665720000000051
:106E00006E74702E75696F2E6E6F000074696D65FB
:106E10002E676F6F676C652E636F6D00006E0300E9
:106E20000C6E030025255854494D45206E6F74693A
:106E30006669636174696F6E20646F65736E277431
:106E400020636F6E7461696E20272C273A202573AA
:106E50000000000025255854494D45206E6F746987
:106E60006669636174696F6E20746F6F2073686FF9
:106E700072743A202573000025255854494D452049
:106E80006E6F74696669636174696F6E20646F65A3
:106E9000736E277420636F6E7461696E20272227DA
:106EA00020616674657220272C273A202573000024
:106EB00054696D652076616C7565206465636F64E7
:106EC000696E67206661696C65642066726F6D200B
:106ED00025255854494D45206E6F74696669636174
:106EE00074696F6E20287265743D2564293A2025E7
:106EF00073000000415425255854494D453D31004B
:106F00005375627363726962696E6720746F206D76
:106F10006F64656D20415425255854494D45206EB8
:106F20006F74696669636174696F6E732066616905
:106F30006C65642C206572723D2564002B43434CC4
:106F40004B3A202225752F25752F25752C25753A4E
:106F500025753A2575256400446964206E6F742098
:106F60006765742074696D652066726F6D20636556
:106F70006C6C756C6172206E6574776F726B202813
:106F80006572726F723A202564292E2054686973E5
:106F9000206D6179206265206E6F726D616C206179
:106FA0007320736F6D652063656C6C756C61722006
:106FB0006E6574776F726B7320646F6E27742070C8
:106FC000726F76696465206974206F722074696DD0
:106FD00065206D6179206E6F742062652061766135
:106FE000696C61626C65207965742E0041542B4395
:106FF000434C4B3D22253032752F253032752F25DD
:107000003032752C253032753A253032753A2530BC
:107010003275252B303364220000000053657474F0
:10702000696E67206D6F64656D2074696D6520669B
:1070300061696C65642C2025640000002558544962
:107040004D4500004661696C656420746F2073656E
:107050007420636F6E66696775726174696F6E2004
:10706000286572723A202564290000004154255891
:107070004D414750494F3D312C302C302C312C3173
:107080002C313537342C31353737000041542558F1
:10709000434F4558303D312C312C313536352C316C
:1070A000353836006D6F64656D5F616E74656E6E48
:1070B000610000002A2A2A2A2A20534543555245B6
:1070C000204641554C54202A2A2A2A2A0000000032
:1070D0002020416464726573733A2030782578000B
:1070E0002020496E76616C696420656E7472792027
:1070F000706F696E740000002020496E76616C69C3
:107100006420696E74656772697479207369676E4B
:1071100061747572650000002020496E76616C69AB
:107120006420657863657074696F6E20726574752C
:10713000726E000020204174747269627574696F08
:107140006E20756E69742076696F6C6174696F6EFC
:10715000000000002020496E76616C696420747222
:10716000616E736974696F6E0000000020204C61CD
:107170007A792073746174652070726573657276B4
:107180006174696F6E00000020204C617A79207371
:1071900074617465206572726F7200002A2A2A2A4F
:1071A0002A2053505520494E544552525550542090
:1071B0002A2A2A2A2A000000202053656375726952
:1071C00074792076696F6C6174696F6E20666F7276
:1071D0002074686520666C617368206D656D6F72E0
:1071E000792073706163650020205365637572694F
:1071F00074792076696F6C6174696F6E20666F7246
:10720000207468652052414D206D656D6F72792044
:1072100073706163650000002020536563757269B7
:1072200074792076696F6C6174696F6E206F6E205F
:107230006F6E65206F72207365766572616C207069
:1072400065726970686572616C732E0054462D4DCD
:10725000206E6F6E2D7365637572652063616C6C53
:107260006261636B20696E697469616C697A6174CB
:10727000696F6E206661696C65642C206572726F3F
:10728000723A2025640000000800000001000000A0
:1072900008000000010000005465726D696E616CA9
:1072A000000000000000000000005454522052452D
:1072B000474745530000000001250200952A0200BF
:1072C00000000000E90503005D36020015380200E9
:1072D000AF750300B4750300BC750300C8750300E7
:1072E000000000020000000100000004000000088F
:1072F0000000001004100000017000000470000085
:10730000FFFFFFFFFFFFFFFFFFFFFFFFFFFFFFFF8D
:10731000FFFFFFFFFFFFFFFFFFFFFFFFFFFFFFFF7D
:10732000037000000270000005700000067000008D
:1073300008700000097000000A700000077000006B
:10734000FFFFFFFFFFFFFFFFFFFFFFFFFFFFFFFF4D
:10735000FFFFFFFFFFFFFFFFFFFFFFFFFFFFFFFF3D
:10736000FFFFFFFF018000001040000010600000E0
:107370001130000012300000FFFFFFFFFFFFFFFF92
:10738000FFFFFFFFFFFFFFFFFFFFFFFF10300000C9
:10739000FFFFFFFFFFFFFFFFFFFFFFFFFFFFFFFFFD
:1073A000FFFFFFFFFFFFFFFFFFFFFFFFFFFFFFFFED
:1073B000FFFFFFFFFFFFFFFFFFFFFFFFFFFFFFFFDD
:1073C000FFFFFFFFFFFFFFFF06500000FFFFFFFF73
:1073D000FFFFFFFFFFFFFFFFFFFFFFFFFFFFFFFFBD
:1073E000FFFFFFFF20600000435055206578636574
:1073F0007074696F6E000000556E68616E646C6534
:107400006420696E74657272757074005374616380
:107410006B206F766572666C6F7700004B65726EDD
:10742000656C206F6F7073004B65726E656C2070B9
:10743000616E696300000000556E6B6E6F776E20A1
:107440006572726F7200000048616C74696E67202B
:1074500073797374656D00003E3E3E205A45504876
:10746000595220464154414C204552524F522025FA
:10747000643A202573206F6E204350552025640008
:107480004661756C7420647572696E6720696E74EC
:107490006572727570742068616E646C696E670ADB
:1074A0000000000043757272656E74207468726526
:1074B00061643A20257020282573290069646C6571
:1074C000000000000C1F03000C1F03006C1F0300D2
:1074D000741F0300C41F0300DC1F03006F73000050
:1074E000737973776F726B7100000000E0740300B2
:1074F000000100000000000000000000000000008B
:10750000000000000000000000000040955969598B
:1075100055555455155555560405154110545540AB
:107520004551554440455044505555450040004054
:1075300040044496655556554540455451411540C3
:107540005591555555554051050100005445545429
:1075500045550504001004101404400000000140CB
:10756000555515415404000044000100000000403E
:107570004100004450444550540055555455655100
:10758000004000400100000100050100115451516C
:1075900054555505000000000000000000000000E8
:1075A000EAFF7AFFF4FF41542B4346554E3D004F0E
:1075B0004B0D0A004552524F520D0A002B434D45C8
:1075C000204552524F523A002B434D5320455252C0
:1075D0004F523A0070646E003031323334353637F2
:1075E0003839414243444546003031323334353630
:1075F000373839616263646566003031323334355F
:1076000036373839000001020500202020202020D4
:107610002020202828282828202020202020202042
:107620002020202020202020202088101010101042
:107630001010101010101010101004040404040492
:107640000404040410101010101010414141414175
:1076500041010101010101010101010101010101DA
:10766000010101010110101010101042424242426B
:1076700042020202020202020202020202020202AA
:107680000202020202101010102000000000000090
:1076900000000000000000000000000000000000EA
:1076A00000000000000000000000000000000000DA
:1076B00000000000000000000000000000000000CA
:1076C00000000000000000000000000000000000BA
:1076D00000000000000000000000000000000000AA
:1076E000000000000000000000000000000000009A
:1076F000000000000000000000000000000000008A
:1077000000000000000000000000616E006E66696D
:107710006E69747900696E66006E616E00286E7520
:107720006C6C29006364696E6F70737578585B6167
:107730006566674145464700616E006E66696E6921
:10774000747900007907020000000000ADE102003A
:107750000000000095DC010000000000D9080200D4
:0C776000000000001DEB01000000000014
:107784000000000075190100000000000001000065
:1077940000000000000000000000000000000000E5
:1077A40000000000000000000000000000000000D5
:1077B40000000000C7E1020000000000000100001A
:1077C40000000000000000000000000000000000B5
:1077D40000000000000000000000000000000000A5
:1077E40000000000E50102000000000000010000AC
:1077F4000000000000000000000000000000000085
:107804000000000000000000000000000000000074
:10781400B4000000000000005A0000000300000053
:10782400B4000000000000005A0000000300000043
:10783400FFFFFFFFD04A030015000000E84A0300E1
:10784400040000001B8D02002DA3020000000000B4
:1078540093A9020000000000000000000010034093
:107864000000000000000000000000000000000014
:107874000000000000000000000000000000000004
:1078840000000000000000000000000000000000F4
:1078940000000000000000000000000000000000E4
:1078A40000000000000000000000000000000000D4
:1078B40000000000000000000000000000000000C4
:1078C4000000000000000000000100000010024061
:1078D40000000000000000000000000000000000A4
:1078E400000000000000000000000000C8DC0020D0
:1078F4000000000000000000000000000000000084
:1079040000000000000000000000000088DD0020EE
:107914000000000000000000000000000000000063
:107924000000000000000000000000000080014092
:107934000000000000000000000000000000000043
:107944000000000000000000000000000000000033
:107954000000000000000000000000000000000023
:10796400000000000DD80200A5E3010037D8020092
:107974000000000000000000FDE301000000000022
:107984000000000063000000000000005107020036
:1079940000000000000000000090D003FF00000081
:1079A400FF000000C11C0200C11A0200E51C020015
:1079B400CD1A0200D11F0200511D0200991F0200BE
:1079C40085F302007FF3020079F3020090020000C5
:1079D40090CC002090CC002098CC002098CC0020A3
:1079E40001060000306203001DEF010000000000EA
:1079F400C463030031F4010000000000C864030004
:107A04005DF501000000000054680300D9F701008F
:107A1400010000003C700300BD03020000000000F0
:107A24000000000000000000000000000000000052
:107A34000000000000000000000000000000000042
:107A44000000000000000000000000000000000032
:107A54000000000000000000000000000000000022
:107A64000000000000000000000000000000000012
:107A7400000000000000000000000000908E0120C3
:107A840000400000000000000000000000000000B2
:107A9400506B012000010000000000000000000005
:107AA40060CD002060CD0020000000000000000038
:107AB4000E00000074CD002074CD002000000000F2
:107AC400000000000E00000088CD002088CD0020BA
:107AD40000000000000000000E0000009CCD00200B
:107AE4009CCD002000000000000000000E000000FB
:107AF400B0CD0020B0CD0020000000000000000048
:107B04000E000000C4CD0020C4CD00200000000001
:107B1400000000000E000000D8CD0020D8CD0020C9
:107B240000000000000000000E000000ECCD00206A
:107B3400ECCD002000000000000000000E0000005A
:107B440000CE002000CE0020000000000000000055
:107B54000E00000014CE002014CE0020000000000F
:107B6400000000000E00000028CE002028CE0020D7
:107B740000000000000000000E0000003CCE0020C9
:107B84003CCE002000000000000000000E000000B9
:107B940050CE002050CE0020000000000000000065
:107BA4000E00000064CE002064CE0020000000001F
:107BB400000000000E00000078CE002078CE0020E7
:107BC400180200001800000090D60120D0080220FE
:107BD40090D6012090D60120000000009CCE002009
:107BE4009CCE002000000000A8CE0020A8CE0020DB
:107BF400BC00000004000000D80C0220C80F0220C2
:107C0400D80C0220D80C022000000000CCCE0020AA
:107C1400CCCE002000000000D8CE0020D8CE00201A
:107C2400560000000C000000D0080220D80C0220EE
:107C3400D0080220D008022000000000FCCE002062
:107C4400FCCE00200000000008CF002008CF002058
:107C5400000000000100000018CF002018CF002011
:107C640020CF002020CF00200000000001000000F1
:107C740030CF002030CF002038CF002038CF002074
:107C8400000000000100000048CF002048CF002081
:107C940050CF002050CF0020000000000100000061
:107CA40060CF002060CF002068CF002068CF002084
:107CB400000000000100000078CF002078CF0020F1
:107CC40080CF002080CF00200000000001000000D1
:107CD40090CF002090CF002098CF002098CF002094
:107CE4000000000001000000A8CF0020A8CF002061
:107CF400B0CF0020B0CF0020000000000100000041
:107D0400C0CF0020C0CF0020C8CF0020C8CF0020A3
:107D14000000000001000000D8CF0020D8CF0020D0
:107D24000000000000000000E8CF0020E8CF0020A1
:107D3400F0CF0020F0CF002040D000200000000051
:107D4400000000000000000000000000000000002F
:107D5400000000000000000000000000000000001F
:107D6400000000000000000000000000000000000F
:0C7D740000000000000000000000000003
:107D8400DC1F030070D0002000000000000200008F
:107D940000000000000000000005000000000000DA
:107DA40000000000000000000000000000000000CF
:107DB4000000000000000000A3AB0200000000006F
:087DC4000000000015E015E0CD
:00000001FF
