:020000040000FA
:10000000F80B002049090000090A0000A55900006A
:10001000C5590000E5590000255A0000055A0000A6
:100020000000000000000000000000000D2D000096
:10003000150A0000000000001B0A0000210A000051
:100040000000000000000000000000007535000006
:1000500000000000270A000000000000000000006F
:100060002D0A0000330A0000390A00003F0A000090
:1000700000000000450A00004B0A0000510A000081
:10008000570A00005D0A00000000000000000000A8
:10009000630A0000690A0000000000000000000080
:1000A0006F0A00000000000000000000750A000058
:1000B0007B0A0000810A0000870A00008D0A000008
:1000C000930A0000990A00009F0A0000A50A000098
:1000D000AB0A000000000000B10A000000000000B0
:1000E000B70A000000000000BD0A00000000000088
:1000F000C30A000000000000000000000000000033
:1001000000000000C90A000000000000000000001C
:1001100000000000000000000000000000000000DF
:1001200000000000CF0A00000000000000000000F6
:1001300000000000000000000000000000000000BF
:100140000F0A000000015F5F02000000FE0B0000CC
:100150009D2D00008006000000000000000000004F
:100160000000000000000000000000000100FFC3CC
:10017000000000C4A01200200000000001015F5F29
:10018000030100001F010000B9040000000000008E
:10019000000000000100000001000000000000005D
:1001A000000000000000000000000000000000004F
:1001B00000000000700000004C5E000080000000A5
:1001C000000F0000010000004102000001015F5F1C
:1001D000040100001F0100002F06000000000000C5
:1001E000000000000000000001000000000000000E
:1001F00000000000000000000000000000000000FF
:1002000000000000575E00004000000005070000ED
:08021000010000001B050000C5
:1002200038B50025054C29462046D4F80024C4F8EA
:10023000045405F060FCC4F8005438BD200C0020C4
:100240002DE9F04F04680546A5B0002C40F0088168
:100250002022214604A805F04EFC14AF202221469E
:100260000CA805F048FC40222146384605F043FC26
:10027000EA6905F11C039846B2B10424EA6A05F163
:100280002C03EAB10426ECB96FF08304204625B0B4
:10029000BDE8F08F002CF1D053F8041D2246013C3C
:1002A0000029F7D01446E9E70324F5E7002EEAD049
:1002B00053F8041D3246013E0029F7D01646E2E706
:1002C0000326F5E740233A460021686805F050FC14
:1002D0004028D9D1CDE904700127DFF88CA10DF1B8
:1002E000100905F1100BBC422DD10CAF3C4600208B
:1002F0005D4A4146D2F8003408EB8608884540D173
:1003000008B1C2F800340023CDE90233059BA96887
:10031000402BC2F80414049A40F09380138D180AFD
:1003200003285AD0012800F081801268831ECDE98D
:100330000221082B00F28880DFE803F0404F545A76
:1003400060666C727D005BF8043F1A1D21D8DAF8F4
:100350000004D91C21F00301C0F58062914218D835
:10036000014400EB0A02CAF8001468683946019299
:1003700005F0FEFB019AC9F80C00013749F8082F77
:10038000B1E751F804EF1EF1040F07D908B1C2F824
:100390000034FFF745FF6FF08C0477E70EF1030C94
:1003A0002CF0030CC3F58069CC4504F10804EDD8AA
:1003B000D01844E9020E634401209FE702AA0CA969
:1003C00004A800F09CF804464FF00008464507F1E9
:1003D00008073CD1FFF724FF58E70CA904A800F058
:1003E0007CF8F0E702AA0CA904A800F079F8EAE783
:1003F00002AA0CA904A800F06DF8E4E702AA0CA96F
:1004000004A800F070F8DEE702AA0CA904A800F026
:100410006DF8D8E702AA0CA904A800F06AF8D2E7A0
:1004200002AA0CA904A800F067F8CCE70CA904A85C
:1004300000F068F8C7E702AA0CA904A800F06AF85F
:10044000C1E76FF08004BFE76FF08504BCE7414669
:1004500057E90223686805F0A0FB08F10108B5E739
:100460006FF0850412E700BF200C002008B5282299
:100470000021024805F03FFB002008BD28100020A5
:1004800010B5044C0F222046034905F00FFB20460F
:1004900010BD00BF511000203206000008B5012138
:1004A000034800F0FBF9034803F0D8FA002008BD28
:1004B000501000200D05000008B5FFF7D7FF40B928
:1004C000FFF7DEFFFFF7EAFF18B9BDE8084003F0C9
:1004D00013BB08BD6FF0850070476FF08500704753
:1004E0006FF0850070476FF0850070476FF08500F2
:1004F00070476FF0850070476FF0850070476FF0B0
:1005000085007047D1E9000103F0BABA0FB40020AA
:1005100004B070476FF085007047F0B5036805467A
:10052000B3F57D7FA7B007D040F2F532934207D0F4
:100530006FF0850027B0F0BD01F008FB0020F9E75F
:1005400000243C22214607A8CDE90244CDE9044419
:10055000069405F0D0FA3C22214617A8169405F01F
:10056000CAFAEA69019405F11C0302B30426EA6A97
:1005700005F12C033AB30424731E012B52D8012C2D
:1005800050D80423002168680DEB030205F0F0FA4F
:1005900004281AD06FF08000CCE7002EE7D053F883
:1005A000041D3246013E0029F7D01646DFE7032638
:1005B000F5E7002CE0D053F8041D2246013C002949
:1005C000F7D01446D8E70324F5E7022E16D16E695A
:1005D000402E29D806AF33463A460121686805F017
:1005E000C7FA8642D6D1CDE9027602A944B922469D
:1005F000019801F012FF044620469BE70021F5E731
:100600002B6A402BC6D816AACDE90423019804AA68
:1006100001F003FFDDE9042304460021686805F0CA
:10062000BCFAE9E7012085E76FF0890082E7002046
:1006300070474D62656420544C5320332E362E345F
:100640000000000001680E4A0346914215D1C169BD
:10065000A2F11022A2F1EF1291420ED18268012A7A
:100660000BD8C26812B101698A4206D0586928B114
:100670009B691B1A5842584170470120704700BFC0
:1006800055AA00FF0D4B70B59E68A6B13046FFF726
:10069000D9FF044678B9F3686BB935690DB92046BE
:1006A00070BD2846FFF7CEFF28B9EB68B34202D1F0
:1006B0002E462D69F2E70124F1E700BF6410002007
:1006C0002DE9F041394E3468F368D4B1B468C4B14F
:1006D000002861D000295FD001FB00F5B5FBF0F0E8
:1006E000884259D1291D57D8AA070DD025F00302F9
:1006F00004321C4603E0616891424FD2A469002C89
:10070000F9D12046BDE8F0812A46F2E7891A23296B
:1007100004F12007D4E9050C1AD80123A360A0B185
:10072000C0F818C0A36903B158610023C4E90533B8
:100730003369DB0702D5FFF7A5FFA0BB2A460021DE
:1007400038463C4605F0D7F9DBE7C6F80CC0E9E7C8
:1007500002F1200804EB08032039C3E9011E2169D6
:10076000DFF84CE0DC60196144F808E0AEF1102ECF
:10077000AEF1EF1EC3F81CE001B1CB60C3E9050C7C
:1007800040B18361996901B14B6101212361C4E9E1
:100790000121CAE7F360F5E70024B2E7D4F808E0E6
:1007A000BEF1000FB2D0012005F0BCF864100020AB
:1007B00055AA00FFF8B5054600283AD0364E3368F2
:1007C000002B36D0B268002A33D0834203D8726837
:1007D0001344984202D3012005F0A4F8A0F12004AC
:1007E0002046FFF72FFF0028F5D155F8183C012BC4
:1007F000F1D145F8180C55E90570DFB1BB68CBB9EC
:1008000055F81C2C7B68203213447B60386100B1A2
:10081000C76020220021204605F06DF9386908B133
:1008200083682BB333699B0703D5FFF72BFF0028A1
:10083000D1D1F8BD40B3836833BB426863681344C9
:10084000203363600369D4E90521236192B9B9B902
:10085000426981696261A161A2B19461A26902B138
:10086000546103B1DC602022002105F044F9D9E78E
:100870003C46E2E79161A1690029E9D04A61E7E7D6
:10088000F160F8E7F460E9E7F36845F8083C03B184
:100890005C61F460C6E700BF6410002038B50D4607
:1008A000142200210446124805F025F91149124886
:1008B00003F0CAF8232D1AD914F003031FBF043D17
:1008C000ED18C3F10403E4182A460021204605F080
:1008D00012F9074B094AC3E900459C602260A2F166
:1008E0001022203DA2F1EF126560E261DC6038BDAC
:1008F00064100020B5070000C106000055AA00FFE3
:10090000C82F000001000000A93800008138000055
:10091000407C00008010002066000000407C000049
:10092000200C002000000000407C0000000C002093
:1009300000000000200C002018010000000C002026
:100940000800000002F044BC08B572B61E4A1F4BF6
:100950009A601F4B83F309881E4B83F30A8883F345
:100960000B881D4B16A1D1E90001C3E9000100F07D
:10097000EFF81A4B1A498B4212D30020194B1A492F
:100980008B4218D302F0A4FF186850F82240586830
:1009900040F82240013298688242F5D30C33EAE7EE
:1009A0000022F8E71C6844F8220001325C68A24289
:1009B000F8D30833E4E70022F8E700BFAFF3008084
:1009C000A5EDF5FEA5EDF5FE0000000000ED00E050
:1009D000F80B002000040020F80B00201009000094
:1009E000340900003409000044090000EFF30880D6
:1009F000EFF309812DE9F00F6B46724600F06CF9B8
:100A000008B0FFF79FFFFEE708B5FFF7EFFF08B557
:100A1000FFF7ECFF08B5FFF7E9FF08B5FFF7E6FFC2
:100A200008B5FFF7E3FF08B5FFF7E0FF08B5FFF7EC
:100A3000DDFF08B5FFF7DAFF08B5FFF7D7FF08B508
:100A4000FFF7D4FF08B5FFF7D1FF08B5FFF7CEFFDA
:100A500008B5FFF7CBFF08B5FFF7C8FF08B5FFF7EC
:100A6000C5FF08B5FFF7C2FF08B5FFF7BFFF08B520
:100A7000FFF7BCFF08B5FFF7B9FF08B5FFF7B6FFF2
:100A800008B5FFF7B3FF08B5FFF7B0FF08B5FFF7EC
:100A9000ADFF08B5FFF7AAFF08B5FFF7A7FF08B538
:100AA000FFF7A4FF08B5FFF7A1FF08B5FFF79EFF0A
:100AB00008B5FFF79BFF08B5FFF798FF08B5FFF7EC
:100AC00095FF08B5FFF792FF08B5FFF78FFF08B550
:100AD000FFF78CFF08B5EFF31083012B0C4A07D109
:100AE000126ABFF34F8F511C4A424A41104608BD5B
:100AF00001F0B0F800B172B6126ABFF34F8F531C09
:100B00005A425A4101F0A6F80028EFD062B6EDE74C
:100B10000080FF0008B5EFF31083012B0B4A06D1CC
:100B2000D269BFF34F8F02F00102104608BD01F0F9
:100B300091F800B172B6D269BFF34F8F02F0010293
:100B400001F088F80028F0D062B6EEE70080FF00E0
:100B5000584A10B5D2F8D03043F00203C2F8D03072
:100B600001F078F830B14FF050230022C3F814217F
:100B7000C3F8182101F07DF828B101224E4BC3F8CB
:100B8000382AC3F878254FF47F02D2F83031D2F8F2
:100B90003421BFF34F8FC3F30B03092B05D1012A77
:100BA0001EBF0122444BC3F8782501F062F818B14A
:100BB0000E22424BC3F8E42E01F04CF830B1002273
:100BC0003D4BC3F80C270122C3F810270022D300A5
:100BD00003F57F03D3F80013BFF34F8F013108D023
:100BE000D3F800130132D3F80433B2F5807F0B60E1
:100BF000EDD1EFF31084FFF78DFF00284DD0BFF348
:100C00004F8F2F4BD3F80024012AFBD1C3F80425C2
:100C1000D3F80024012AFBD1012C03D001F01AF8EB
:100C200000B172B6FFF776FF58B1264AD36923F0B8
:100C30000103D361BFF34F8F214AD2F80034012B57
:100C4000FBD1FFF747FF68B11E4A136A23F0FF0389
:100C500043F020031362BFF34F8F194AD2F80034D8
:100C6000012BFBD1012C03D000F0F4FF00B162B6E0
:100C70000022134BC3F80425D3F80024012AFBD12A
:100C8000BFF34F8F0B49104BCA6802F4E062134365
:100C9000CB60BFF34F8F00BFFDE7FFF71BFF0028BE
:100CA000ADD1044AD2F88C3043F44063C2F88C30A2
:100CB00010BD00BF00ED00E00040005000A0035058
:100CC000009003500080FF000400FA057C220149D7
:100CD00004F0ECBE3C19002038B51D46394B3A4CA7
:100CE0005B68C3F308032360EFF303836365530674
:100CF000C4E90120E16039D502F00C020C2A08BFDA
:100D00000846014620612022304804F0CFFE25B17C
:100D1000202229462E4804F0C9FE2A4B9A6AA26571
:100D2000D96AE165986B206602F400406066586BF2
:100D3000A06602F08000E0669A62D962D3F8E420EF
:100D400024482267D3F8E810616702F04001A167E8
:100D5000C3F8E4200E2100F09EFF2268D31E042B6E
:100D600025D8DFE803F00F181B1E2100EFF3948352
:100D7000990704D5130702D5EFF38980C1E7EFF394
:100D80008880BEE70C21144800F085FFEFF38883CC
:100D9000EFF3898338BD12211048F5E70B21104885
:100DA000F2E70D210F48EFE70E210F48ECE70F2A7D
:100DB00095BF142125210D480D4888BF103A01F038
:100DC00093FBE3E700ED00E03C1900205019002000
:100DD00070190020B2350000C0350000CC3500008D
:100DE000DE350000E9350000F6350000043600006D
:100DF0001836000037B5084C6369984748B9E56A6A
:100E0000A847C307FCD4236A019303B0BDE8304070
:100E10001847002003B030BD4036000010B50B4C21
:100E20000020A368984780B902202369984760B9D9
:100E30004FF4E1310120A46AA04730B90121152007
:100E4000A04710B90122024B1A7010BD40360000B5
:100E5000BC280020064B82B01868002382B262F3DF
:100E60000F03000C60F31F43184602B0704700BF29
:100E700088360000014BD86D704700BF84100020F9
:100E8000014B186E704700BF8410002008B502485F
:100E900000F0E0FB002008BD84100020C3B2012B4D
:100EA00010B509D0A3F11502012A00F2AE80002985
:100EB00000F09880002010BD4DF6C023994270D0FC
:100EC00028D8B1F5615F6FD011D8B1F5965F6DD0BC
:100ED00008D8B1F5966F6BD0B1F5166F6BD06FF087
:100EE0000700E8E7B1F5165FF9D1514B33E047F65B
:100EF0001223994262D007D8B1F5964F61D0B1F56F
:100F0000E14FECD14B4B26E0B1F5164FE7D14FF452
:100F10001D0320E0484B994255D011D8B1F5E13F6F
:100F200054D007D8B1F5614F53D0B1F5963FD6D123
:100F3000424B10E0B1F5613FD1D14FF06C730AE044
:100F4000B1F5612F48D03E4B994248D0B1F5E12F21
:100F5000C5D14FF0E86310F4E06F59D110F440416F
:100F600003D0B1F5804F56D1102110F4405403D076
:100F7000B4F5805F52D10E2410F4403203D0B2F5A4
:100F8000403F4ED101222F4880F8921000F16401B9
:100F9000C0F88C3080F8902080F8914000F0EEFF8F
:100FA00088E74FF46503D6E7274BD4E7274BD2E712
:100FB0004FF49E23CFE74FF41D23CCE74FF40003FB
:100FC000C9E7234BC7E74FF08063C4E74FF0EB73EB
:100FD000C1E74FF46B03BEE74FF07063BBE74FF020
:100FE0008053B8E71748162B18BF01464FF0FF3360
:100FF0000ABF00F1640141F8643F836600F0BEFF60
:1010000010F1100F10D0C01755E76FF0030052E732
:101010006FF008004FE76FF00A004CE76FF009002F
:1010200049E76FF00B0046E76FF0010043E700BFB0
:101030000050270000C0750090D0030000903A01D6
:1010400040420F008410002000F03A0000B013006E
:1010500000A04E0073B506461B480C4600F0CAFFC0
:10106000194D18B94FF0FF3002B070BD224631461D
:10107000284601F092F810F1100F02D16FF0010034
:10108000F2E70028EEDB0321284600F03FFB10F1D9
:10109000100FF3D00028E5DB00230193284601A9B7
:1010A00001F027F910F1100FF8D07830DAD0019B59
:1010B0009C42D7D801220448114601F018F90028B3
:1010C000D0DB00202C66CFE784100020F0B51B4E4B
:1010D000054691B030460C4600F08CFF18B94FF031
:1010E000FF3011B0F0BD05F06043B3F1005F20D1D7
:1010F000002322462946304600F082FF10F1100FEF
:1011000019D00028EBDBF46511E0A71B402F28BFA6
:101110004027A9193A46684604F0C8FC3946684693
:10112000FFF7D4FF0028DCD14036B442EDD80020D0
:10113000D7E70026F9E76FF00100D2E7841000201E
:1011400010B50A4C04F16400D4E9151200F0B9FDA1
:1011500001460022204600F0EBF90028AABF00203B
:101160006FF00100C4E9170010BD00BF841000201B
:101170007FB500250C46C0F808511646D0F8082166
:10118000D0F8002222F02002C0F80022104AC0F855
:10119000082300F0E7FDA560256104F14C03D3E8C6
:1011A000EF1F21F47F0121F47041C3E8E21F002A00
:1011B000F5D110222946684604F09DFC04236846B8
:1011C0008DF800300196D4E90013984704B070BD43
:1011D00010020A00044B054A1B68B3FBF2F35843A4
:1011E000034B43F0010318478010002040420F00DA
:1011F0009036000000F01F03400909D1074A02EBB6
:101200008303D3F80012064A0A40C3F8002270474D
:101210000022803352F82330FFDE00BF00258450C7
:10122000F0F8FCFF430904D10123034A8340936093
:10123000704700239B60FFDE0025845000F01F03F1
:1012400040090BD1084A02EB8302D2F80012074B87
:101250000B4043F00303C2F8003270470022803392
:1012600052F82330FFDE00BF00258450F0F8FCFF69
:101270002DE9F84391F8303005460C460F6813BB52
:10128000066D46F000730365781C04D03846FFF7FE
:10129000C9FFFFF7D3FF6068411C01D0FFF7AAFF29
:1012A00094F82C30012B0ED1E06846F02066421CE9
:1012B0002E6501D0FFF79EFFA068431C03D0FFF707
:1012C000B1FFFFF7BBFF94F82FC0BCF1000F03D1B3
:1012D0002B6D43F080732B6594F82C0094F82D103F
:1012E00094F82E202B68D4F828E001430A43E668DE
:1012F000D4E90198C3F824E5C3F86C25BCF1000FCC
:1013000009D10128C3F80C75C3F8149504BFC3F8BC
:101310000885C3F810654FF47F02D2F83031BFF36F
:101320004F8FD2F83421BFF34F8FBFF34F8FC3F3EA
:101330000B03092B1BD12B68D3F8682503F26457E4
:10134000012A08BFDA60D3F86425012A0FD10821E9
:1013500049F64046C3F800155A603B689BBB2B68B2
:10136000D3F88024C3F880240022C3F8002500218C
:101370002B6894F83220C3F81011D3F81001C3F889
:101380002011D3F82001C3F82411D3F82401C3F8A5
:101390004411D3F84401C3F85811D3F8581143F35A
:1013A00007335201002BD2B213DB0C49C81880F866
:1013B00000230122580903F01F0302FA03F341F846
:1013C0002030BDE8F8830120FFF704FF013EC4D1BF
:1013D000C5E7034903F00F03CA54F2E700E100E058
:1013E00014ED00E000F01F0340090BD1084A02EBA6
:1013F0008302D2F80012074B0B4043F00203C2F8FD
:10140000003270470022803352F82330FFDE00BFE5
:1014100000258450F0F8FCFFF8B505462B6D0468F4
:1014200003F48223B3F5805FD4F8000205D009B13C
:1014300000232B626FF07600F8BDD4F80463C4F883
:10144000086309B9830647D4D4F8003223F0200397
:10145000C4F800324FF4A11305F15007D7E8EF1F8D
:101460001943C7E8E01F0028F8D112B9AB68002B78
:1014700059D12E4BC4F8083301236360D4F84431AA
:10148000002BFBD00023C4F84C31D4F84C21C4F815
:101490001031D4F81021C4F84431D4F844212A6D15
:1014A00012F400421BD12A62204600F05BFC0023AC
:1014B000EB606B61D7E8EF3F23F47F0323F47043C5
:1014C000C7E8E23F002AF5D126F4202626F4047668
:1014D0000020C4F80463AFE74FF48033BCE7C4F8DE
:1014E0004C31D4F84C21EA69C4F834250522C4F8FB
:1014F0003825C4F81031D4F810310123E362D4F850
:101500001031002BFBD00022C4F81021D4F8103188
:10151000D4F84C310BB1D4F83C352B62C4F84C21D3
:10152000D4F84C31C0E701236360D1E710020A0010
:101530002DE9F74304460E4694F84C1091460430CA
:10154000002970D1502204F0D6FA336963607369C0
:10155000E363B36903B1013B2364336A042B81BFA6
:10156000F369E3610023236296F83130B9F1000F8B
:101570002FD083F001084FEA08281BB1236D43F0F8
:10158000010323650123256884F84C30D5F84C21EC
:10159000C4F80890FAB931462046FFF769FE0822E0
:1015A000002325688DF80730C5F800250DF10702E6
:1015B000C5F84425C5F8483501230A26AB60EB6021
:1015C000D5F8583193BB0120FFF704FE013EF7D157
:1015D00022E0C846D1E708226427C5F800256B60E1
:1015E000D5F84431EBB9D5F82431D3B90A20FFF747
:1015F000F1FD013FF4D10023C5F84C31D5F84C2161
:10160000C5F81031D5F81021C5F84431D5F844217A
:10161000C5F80035002FBED16FF08B0003B0BDE8D8
:10162000F0830127E7E76FF07700F7E70020C5F8C0
:1016300020018145D5F82031054B08BF03462268BB
:1016400048EA0303C5F80005C2F80433E6E700BF23
:1016500010020A0003682B4A2DE9F041C3F8082361
:1016600043F30733002B04460DDB01215A0903F035
:101670001F03994002F12003234A42F82310BFF3CD
:101680004F8FBFF36F8F012220461146FFF7C4FE34
:101690000121204600F03CFD256D2368E901D3F8C7
:1016A0000C05D3F81485D3F80865D3F8107509D55F
:1016B0004FF0FF32C3F80C25C3F81425C3F80825F2
:1016C000C3F81025AA0115D5431C01D0FFF78AFEE7
:1016D000B8F1FF3F02D04046FFF784FE290109D54B
:1016E0007A1C02D03846FFF77DFE731C02D03046CC
:1016F000FFF778FE002384F84C302365A360BDE833
:10170000F08100BF10034A0000E100E0F8B5064692
:10171000044656F8505B071DD6E8EF3F43F480526D
:10172000C6E8E02F0028F7D1DA0468D44B0702D5C9
:10173000E369002B66D0354BC5F808330823C5F89C
:1017400000350023C5F81031D5F81021C5F84C310B
:10175000D5F84C21C5F844310A03D5F844318B0340
:1017600003F4804302F400524903134301F400419F
:101770000B43D6E8EF2F1A43C6E8E12F0029F8D132
:10178000E368C3B9A3687BB9236DD80435D5D6E81F
:10179000EF3F23F47F0323F47043C6E8E23F002ABF
:1017A000F5D16FF00B00F8BD0321384600F0B5FA13
:1017B000E368002BE8D0D5F80433590710D5A368A7
:1017C00073B1236D1A030BD5D6E8EF3F23F4002342
:1017D000C6E8E23F002AF7D10621384600F09DFA1C
:1017E000236DDB0409D5D5F84C310BB901232B60EF
:1017F000A36813B1054BC5F804330020D3E76FF09D
:101800000F00D0E74FF0FF30CDE700BF10020A0015
:1018100072B6024A1368013313607047B81900208A
:10182000034A1368013B136003B962B6704700BFF7
:10183000B8190020003A18BF0122003918BF012151
:1018400003688900074841EA4201186359605A68F1
:1018500042F001025A60BFF34F8FBFF36F8F002039
:10186000704700BF04AAFF000722024BC3F80423FD
:10187000704700BF00300050084BD3F80801D3F880
:101880000021003818BF012080000AB140F001009B
:10189000D3F804310BB140F0020070470030005023
:1018A0000022074BC3F80021D3F80011C3F804212C
:1018B000D3F80411C3F80821D3F80831704700BFEA
:1018C0000030005000231720094A03F5C07101338E
:1018D000202B42F82100F8D100231720044A03F5F9
:1018E000E0710133202B42F82100F8D1704700BF8E
:1018F0000030005010B59DF80840C00B43EA0423A7
:10190000064CC90B43EA0213884200D910BDC2B28B
:1019100002F5C07244F822300130F5E70030005083
:1019200010B59DF8084000F1604043EA042301F13E
:101930006041074C400B490B43EA0213884200D92F
:1019400010BDC2B202F5E07244F822300130F5E772
:1019500000300050C0F30E03C3F50043B3FA83F325
:10196000C3F11B03064AC0F3C730DBB240F48070FA
:1019700043F48073C2F80005C2F80435704700BF15
:10198000003000504303014818447047FF1FF81F00
:10199000054BC0F30730090241F0300100F500703B
:1019A00043F82010704700BF00300050044BC0F3D4
:1019B0000730090200F5007043F82010704700BF9F
:1019C0000030005008B5FFF757FF044B1621186090
:1019D0000348BDE8084000F05EB900BFF01F0020DA
:1019E000963600000C22014904F060B8F01F002078
:1019F00010B501F0A4FD044690B902F0DDF80446EC
:101A000080B90A4A2E21D368094823F008031B0431
:101A10001B0C43F0BF6343F40033D36000F03BF989
:101A2000204610BD45F22354FAE700BF00ED00E068
:101A3000AC36000008B500F06FF8BFF34F8F0549D2
:101A4000054BCA6802F4E0621343CB60BFF34F8FCB
:101A500000BFFDE700ED00E00400FA05024B18604E
:101A6000024B00201960704700200020FC1F00205E
:101A70001FB5274C426923685A6282699A62C2691B
:101A8000DA62026A1A63426A5A63826A9A63C26AB3
:101A9000DA63026B1A64426B5A60826B9A60C26BA3
:101AA000DA60026C1A61426C5A61826C9A61C26C93
:101AB000DA61026D1A62826D5A65C26D9A65026FB3
:101AC000DA65026E1A66826E5A66426F9A66EFF3A4
:101AD00088825A64EFF389829A644268DA64EFF389
:101AE00094821A65026801A81A67FFF77BFF2368D2
:101AF000019ADA6601221A70064B1C6864086400B9
:101B0000204621462246234604F0B9F804B010BD11
:101B100000200020FC1F002000B5A1B001A8FFF7A5
:101B2000D5F8029B63B15B060AD4019B23F0020344
:101B3000052B05D1044B1B6813B101A8FFF798FFD3
:101B400021B05DF804FB00BFFC1F0020BFF34F8FE6
:101B50000549064BCA6802F4E0621343CB60BFF349
:101B60004F8F00BFFDE700BF00ED00E00400FA0565
:101B7000F8B543680C2B01D00220F8BD4B68042B4C
:101B8000FAD14FF0FF3304680D6821682B600029FB
:101B9000F2D0A268002AEFD00623012001F021FC38
:101BA0000028E9D16168294ED6E90037994245D32A
:101BB000A2681F4401EB020CBC453FD803F17F43F0
:101BC00003F50043B3F5805F206834D20A439307DE
:101BD0003AD11F4B9C4537D80246091AA3688E1884
:101BE00013B900202860C8E7EFF3108700F053FC1A
:101BF000B8B1012F0BD1366800F04DFC08B1BFF32E
:101C00004F8FA36842F8046B043BA360E6E772B60B
:101C1000366800F040FC0028F3D0BFF34F8F62B667
:101C2000EFE7366800F037FC0028EAD0BFF34F8FAB
:101C3000012FF4D1E5E703F039FFD2E701300428A2
:101C400006F10806B0D197E7032096E7DC360000DE
:101C50000090FF004FF47F03D3F83001D3F8343104
:101C6000BFF34F8FC0F30B00A0F109035842584156
:101C700070474FF47F02D2F83031D2F83401BFF30D
:101C80004F8FC3F30B03092B03D1431E5842584116
:101C9000704700207047FFF7ADB8012070476FF024
:101CA00003007047002070476FF00300704700206A
:101CB0007047022814BF6FF0030000207047FFF741
:101CC00005BA70B540F2FF1501EB8202914200D1D6
:101CD00070BD51F8044BC4F30803640CAB4208BF59
:101CE0004FF0FF33032CF1D8DFE804F002040608BC
:101CF0000360EBE74360E9E78360E7E7C360E5E79C
:101D00000346D0F8580130B931B9D3F82001003872
:101D100018BF012070470120704730B504460D46BA
:101D200085B010220021684603F0E5FED4E90013D7
:101D300068468DF80050984705B030BD7FB5044621
:101D40000E46154600211022684603F0D4FE0123FA
:101D500068468DF80030CDE90165D4E90013984755
:101D600004B070BD10B50446FFF752FDD4F85831E9
:101D700033B1D4F8043313F4800308BFC4F800353A
:101D8000BDE81040FFF74CBDD0F8583133B1CB6CF3
:101D9000C3F30032DB0458BFC0F8002570472DE9BB
:101DA000F74F866804460D463EB113F0020604D094
:101DB000C36B002B00F095800126276D17F01007EC
:101DC00040F08F804FF00109AB180193019BAB42AB
:101DD00000F0898005F060439B46E26BD4F80080F8
:101DE00082B9BBF1005F40F087809246FFF710FD9B
:101DF000216D404601F00101FFF782FF28B9FFF78E
:101E00000FFDEAE74FF0010AF0E7A26CAB46002AAB
:101E1000BCBFD8F84C25A264BAF1000F07D0D4E9B2
:101E20000F1228788854D4E90F2102EB010BBBF183
:101E3000000F03D0C8F844B5C8F848950023C8F887
:101E40002031D8F82011C8F85831D8F85811C8F8FE
:101E50005031D8F850110821C8F80015BEB14FF420
:101E60008002C8F80423C8F80890FFF7D9FCA368DB
:101E7000002B3FD1236D1B073CD55034D4E8EF3FF6
:101E800023F00803C4E8E23F002A2AD0F6E7C8F8A6
:101E90000890FFF7C5FC216D01F001014046FFF7F6
:101EA0002FFF0246D8F84C05D8F844355AB99B455F
:101EB000F4D004F1040AD1B1FFF7AAFC5146404620
:101EC000FFF762FFD1E79B4504F1040AF3D1002834
:101ED000F1D1FFF79DFC51464046FFF755FFFFF754
:101EE0009FFC4FF0FF37384603B0BDE8F08FC8F8CD
:101EF0000C90E1E7013569E76FF01507F3E770B57E
:101F0000CE6C0D4606F001010446FFF7F9FE38B924
:101F10004FF4800346F00406EE64C4F8043370BD49
:101F2000D5E90A365AB1296CEA6B761A964228BF6F
:101F3000164619443246A86B03F0B8FDAB6B4FF060
:101F4000FF326A641BB1C4F84435C4F84865002305
:101F5000C4F82031D4F82021C4F85831D4F85821DD
:101F6000C4F85031D4F850310823C4F800354FF488
:101F70008003C4F804330123A360D0E737B590F899
:101F80004C3004463BB3036B4BBB0268C2F80035D0
:101F900083680BB10B6943602046FFF769F908229B
:101FA000002324688DF80730C4F800250DF10702DE
:101FB000C4F84425C4F8483501230A25A360E3602A
:101FC000D4F8583173B90120FFF704F9013DF7D176
:101FD0006FF08B0001E06FF0760003B030BD6FF062
:101FE0000F00FAE70020C4F82001D4F82031C4F82B
:101FF0000005F2E790F84C00003818BF0120704748
:102000002DE9F04704460D4698461646D0F8009054
:10201000002A68D087685FB953B9076B002F65D174
:102020000263FFF7BCFE054627632846BDE8F0873C
:1020300018F0030F07D04346324629462046BDE834
:10204000F047FFF7ACBE05F06043B3F1005F07D087
:10205000E36B13B118F0040F14D06FF00C05E4E734
:10206000236DDB0702D518F0040F42D1FFF7D0FB38
:10207000226B9AB9C4E90B564846211DFFF73FFF72
:10208000002527E0FFF7C4FB236B3BB9236D01223A
:1020900043F00203C4E90B562365EDE7A36BE3B9F4
:1020A00018F0040F19D0E36A03F06043B3F1005F46
:1020B00016D1236DC4E90D5643F0100323650A249D
:1020C000D9F85031C3B90120FFF784F8013CF7D1AA
:1020D0006FF08B05FFF7A4FBA7E76FF00F05F9E79B
:1020E0004FF0FF35F6E76FF006059EE76FF00F053E
:1020F0009BE74FF0FF3598E70023C9F85031D9F836
:102100005031002DBCD0C9F84455C9F84865B7E72F
:10211000F8B50468036BD4F804630546C4F8086393
:1021200023B96FF07600C4F80463F8BD00F15003E2
:10213000D3E8EF0F40F00800C3E8E20F002AF7D120
:102140000123E36001B3296D01EA03073946204604
:10215000FFF7D6FD0028FAD0FFF75AFBC7B9D4F82D
:1021600020314BB10123E360D4F85831002BFBD070
:102170002046291DFFF708FEFFF752FB0023C4F895
:102180002031D4F820212B630020C4F80463CCE76D
:10219000D4F85831002BEBD1EEE72DE9F84F056864
:1021A000036DD5F804A313F4802804460F461646A1
:1021B000C5F808A340F0928001F06042B2F1005FE0
:1021C00040F08F80C26852B18268002A75D1D5F87C
:1021D0001021002A71D0C5F81081D5F81031226A7B
:1021E000C4E90376002A47D09642E16933D84FF01C
:1021F000000932463846C4E9039903F057FC226AC5
:10220000E069921B2262811903F01AFCA368BBB13A
:10221000236D04F1040B990417D55034D4E8EF3F33
:1022200043F48023C4E8E23F002AF7D1324639461E
:102230005846FFF783FD4A4659462846FEF798FF61
:102240004046C5F804A3BDE8F88F324639465846E3
:10225000FFF774FDF4E7384603F028FC236AA36215
:102260000023236204F15003D3E8EF1F41F400215F
:10227000C3E8E21F002AF7D1A16A2369E2685B1A6A
:102280000A44C5F83425C5F83835236DDA04D7D5A6
:102290005034D4E8EF3F23F48023C4E8E23F002A1F
:1022A000F7D101232B60D5F84431002BC8D000238F
:1022B000C5F84431D5F84431C2E76269A2B95B047C
:1022C000C4E90576C5F83475C5F83865B8D5D5F8CC
:1022D000003243F02003C5F80032B1E76FF0760812
:1022E000AEE76FF00C08ABE76FF00F08A8E7FFF759
:1022F00093B88368A3B90368D3F80025082A06D0E9
:1023000011B1D3F83C350B606FF077007047D3F80C
:10231000102142B111B1D3F83C350B600020704759
:102320004FF0FF3070476FF00F0070474B6830B5CB
:1023300013F01F052DD102680C681068C0F3072048
:10234000844226D25068556094600C7C23F01F03B1
:1023500004F001041C438B7CDB0003F018031C43D6
:102360004B7C5B0003F006032343D3608B68013B87
:1023700023F01F04CB685B0003F00E03234343F0FC
:10238000010313615060BFF34F8FBFF36F8F284677
:1023900030BD0120FCE7036800205A68C9B25860CC
:1023A0009960D86018615A60704770B5054600247E
:1023B00003681E68C6F30726B44201D1002070BD31
:1023C00021462846FFF7E7FF0134F5E7C0037047D1
:1023D000C00300F5FF407F307047002070471F208A
:1023E00070474FF40040704700F57F40C030400315
:1023F0007047402070475F2070474FF4005070478F
:1024000000207047034610B10020187070474AF250
:10241000C53070470020704770470346012B0846BF
:1024200070B5114607D0042B09D0002B31D1BDE87F
:102430007040FFF79DBBBDE8704000F03FB84368B7
:10244000082B01D0022070BD5468042CFAD14FF043
:10245000FF3305681668296833600029F2D06B687D
:10246000002BEFD026237422012000F0BAFF0028B1
:10247000E8D1224623230120696800F0B2FF044618
:102480000028DFD1D5E90001FFF7E8FA30602046E7
:10249000D9E70320D7E74FF47F03D3F83001BFF328
:1024A0004F8FD3F83431BFF34F8FBFF34F8FC0F34B
:1024B0000B00A0F1090358425841704743680C2BA8
:1024C00001D0022070474B68042BFAD10B68012120
:1024D0000268196011680131F3D102219068196016
:1024E0000028EED11860704730B50C46154685B00F
:1024F00038B139B1FFF7CFFB041E03DA204605B02F
:1025000030BD044640F60D23ADF80E3009230B49CB
:1025100001A805F00F028A5C2D091A54013B012B1A
:10252000F7D147F630030C21ADF80430FFF7B3FBC9
:102530000028B4BF04462418E0E700BFFC360000C2
:1025400007B51A4B83F30A88194800F0E3FF48B136
:1025500000F03EFE00F00EFC00F0D2F8002003B0C8
:102560005DF804FBFFF744FA0028F1D1212111485E
:10257000FFF791FBFFF744FF0028E9D10DF10700B9
:10258000FFF740FF0028E3D19DF807301BB1FFF7AC
:1025900041FF0028DCD1FFF73FFF00F021FF35218C
:1025A0000548FFF778FB00F0AFFDD3E700040020FB
:1025B000BC1900200C3700002D37000030B5094C45
:1025C000024661680023084640B105686D6895427F
:1025D00005D11BB1826860609A60816030BD03469E
:1025E0008068F1E7401A002038B504462AB10B682C
:1025F0009B68DB0512D5002038BD0B4B1D680DB95B
:1026000000F0E6FD00222B68996934338A4203D03A
:1026100053F8040FA04204D19142ECD16FF0FC00BA
:10262000EAE70132F2E700BF481A002070B504461D
:102630000E461546002130220C3003F05CFA064BA2
:1026400020461B68A6606360656100F0ADFE002354
:102650002061236070BD00BF481A0020034B18683A
:1026600010B1006800B14068704700BF481A0020F0
:10267000064B10B51C680CB900F0AAFD23689B68D6
:1026800013F4406F14BF0120002010BD481A002031
:102690002DE9F041074690460C4621B96FF08004C1
:1026A0002046BDE8F0814B00F8D5144B01F01F0225
:1026B00053F82250002DF1D02B685E68FFF7D8FF49
:1026C000294602463046FFF78FFF88B9C4F3072139
:1026D000284600F07FFD04460028DFD100F071FE9F
:1026E000064640B142462946FFF7A0FF3E60D7E7C5
:1026F0006FF08104D4E76FF08204D1E7C0190020A5
:102700002DE9F04100F05CFE0023134E134F73607F
:102710007B6000F0EFFADFF84880304600F022F8E6
:102720000446A0B139468023424600F0ABF8054686
:10273000204600F085FD2068211D00F047FB08B110
:1027400000F046FD2946204600F080FAE5E7BDE8A6
:10275000F04100F091BA00BF4C1A0020401A00204E
:10276000C0190020F8B5054608B900F031FD404E0B
:10277000346814F1310F78D83E4B196804F13003F6
:102780008B4272D2E369A26903EB83030E321344D6
:10279000226A02EB42021344626AC2EBC202134491
:1027A0009B00E31801D2994201D200F011FD236889
:1027B000314A1B0C1B04934201D000F009FD238811
:1027C000B3F5817F01D300F003FD6368002B01DACC
:1027D00000F0FEFCD4E90A239A4201DD00F0F8FC87
:1027E000A36813F4406F22D1244A176807F120032D
:1027F0001360234A1268934201D900F0E9FCE369AF
:10280000A26903EB83030E321344226A3C6002EB9D
:1028100042021344626AC2EBC2021344326802EB02
:1028200083026B683260FB616F603846F8BDA26A54
:10283000002A04DAE36A002B01DA9A4201DD00F093
:10284000C7FC6F68002FCFD03B689A6812F4406FC6
:1028500009D0E16A9A6A914205DBA26ADB6A9A4270
:1028600001DC00F0B5FCFF69ECE70027DDE700BF05
:10287000241100206C37000000005F5F2011002051
:10288000683700002DE9F74F0F4690460646009343
:1028900000B109B900F09CFCD6F800A0DAF81820C5
:1028A0000AF1380303EB820BDAF81C40204B1D6859
:1028B00054B10C2202FB04541C601E4B1B689C424A
:1028C00001D900F085FC2C4625464FF00009DAF8C6
:1028D0001C204A4500D91CB9002003B0BDE8F08F88
:1028E000142303FB09B20023C5E900269268AB60FC
:1028F000930516D5B8F1000F02D0009B802B03D0B2
:10290000019200F065FC019A12F0E00FD0B202D102
:1029100058F820201AB1019000F05AFC019848F8AC
:1029200020507A6809F10109AA607D600C35CEE774
:102930001C110020643700002DE9F04F93B0009384
:102940005E4B0746D3F800B00BB2002B0D4616467F
:10295000C1F30269C1F3024A04DA6FF0800013B0D8
:10296000BDE8F08F8B42C36001D10020F7E709EB8F
:102970000A03042BF1D8CC0F64014FEAC908314691
:102980004246DBF8040044F0020300F02AFD014651
:102990000028E2D1202202A803F0ADF842463146D9
:1029A00002A84FEACA0603F081F832460099DBF824
:1029B000040044F0060300F014FD80460028CCD14A
:1029C000014620220AA803F096F8324600990AA888
:1029D00002AE03F06BF8334608F10108C14514D983
:1029E0001A46C4460DE0D2F808E0D1681868714470
:1029F000884203D2596808448645AED30CF1010CD5
:102A00000832CC45EFD10833E6E715F0006F18BF68
:102A100020241022002107F11C0003F06CF807F1BC
:102A200018081022002107F12C0003F064F808EBCD
:102A3000890944F00203C84512D1202C27D1002D6A
:102A400002DBC5F3C0456C0107F128050AAE05EBB2
:102A50008A0A44F0060455451BD1009BFB6784E7B6
:102A60007268DBF8040056F8081B019300F0B9FC0B
:102A700000287FF472AF56F8042C019B48F8042F0D
:102A800056F8082CC8F83000C8F82020D3E70024F6
:102A9000DAE77268234656F8081BDBF8040000F0FA
:102AA000A0FC00287FF459AF56F8043C45F8043FD9
:102AB00056F8083C28642B63CDE700BF481A002075
:102AC0002DE9F0411F461A4B0D461646D3F80080FB
:102AD00000F092FB044608B900F07AFBE368002B93
:102AE00001DA00F075FB032D01D900F071FB04EB56
:102AF0008504E569E36CED1A16D006233A463146A3
:102B0000D8F8040000F06DFC08B100F061FBBD4294
:102B100028BF3D46E36CE16B2A461944304602F07B
:102B2000C5FFE36C2B44E3642846BDE8F08100BF99
:102B3000481A00202DE9F0411D461A4B0F46164653
:102B4000D3F8008000F058FB044608B900F040FBC1
:102B5000E368002B01DA00F03BFB032F01D900F002
:102B600037FB04EB8704E36AE26E9B1AAB4201D2A7
:102B700000F02EFB02232A463146D8F8040000F06C
:102B800030FC08B100F024FBE36EE06D2A463146CC
:102B9000184402F08BFFE36E00202B44E366BDE88F
:102BA000F08100BF481A00202DE9F04105464FF0A2
:102BB00001080E4E0E4B37685C681CB9284637601A
:102BC000BDE8F0812268936813F400700CD163694A
:102BD000012B09D0D368346023B19847002801DA6B
:102BE00000F0F6FAC4F81480E469E6E7481A002019
:102BF0004C1A002070B50446D0B18368C3B11A687E
:102C0000B2B15D68A5B10C4BA86168691D6020B9BF
:102C10002B68DB684BB901236B61A36804F10C00DE
:102C20001B68BDE870401B69184798470028F2DA16
:102C30006FF0800070BD00BF481A00204268024B50
:102C400008461A60704700BF481A00200022036837
:102C500010B5C0E905229A68044612F4406F07D007
:102C6000120503D5D3E90A0100F034F8014B1C60CA
:102C700010BD00BF481A002038B5124B1B681C68F5
:102C8000A36813F4406F01D100F0A2FA00F05EF9DE
:102C9000226B23690C49134423F00703A3F10805B1
:102CA00043E9021185F30988073222F0070282F313
:102CB0000B88BFF36F8F054BE268054900F06DFC90
:102CC000002038BD481A0020A5EDF5FEF80B0020C5
:102CD000A92B0000014BC3E900017047541A0020E2
:102CE000034BD3E900308342C8BF0020704700BFC8
:102CF000541A002008B500F01DF9034B986000F04D
:102D00001FF980F3888808BD00ED02E0EFF308802A
:102D10007146EFF30982EFF30B830CB406B400F0B5
:102D200013FA8646009900F0080001F00801401AE5
:102D300002DC12DB04B070471EF020031CBF2DE93B
:102D4000F00FBDF1080D0A4C254626462746A04641
:102D5000A146A246A34630B4704704B030BC1EF072
:102D600020031CBF1DF1080DBDE8F00F04B0704733
:102D7000A5EDF5FE084BDA6882F07F4282F47F020F
:102D800042F48042DA6000221A765A76DA76DA77EE
:102D9000602283F82220704700ED00E0009A0A4B81
:102DA0009A420FD10122904301460246034604464F
:102DB0000546064607468046814682468346844647
:102DC00086460447FEE70000A5EDF5FE2DE9F0413B
:102DD000044618B943F6DA30BDE8F0810029F9D08D
:102DE0008368002513F4406F14BF01230023134FA1
:102DF00043F00203DFF848800B6000F13806236AD5
:102E0000AB4201D80020E7E71421A369E26906EB91
:102E1000830301FB02330C226A439918896809076E
:102E200009D59B58BB4201D04345D3D1186810B196
:102E30000121FEF7ADFD0135E1E700BF34110020AF
:102E40002C11002070B5324C86B03248FFF7ADFA35
:102E5000236801255A1C01932F4B2260DA681B69F5
:102E60004FF44076039300232A4801A90292049567
:102E7000ADF814608DF81630FFF758FA18B143F624
:102E8000DA3006B070BD23688DF816005A1C019325
:102E9000224B20480293224B01A9CDE90335226041
:102EA000ADF81460FFF742FA0028E8D123688DF8E6
:102EB00016005A1C01931B4B164802931A4B01A98A
:102EC000CDE903352260ADF81460FFF72FFA002832
:102ED000D5D123688DF816005A1C0193134B0D4869
:102EE0000293134B01A903930223049340F20113AD
:102EF0002260ADF81430FFF719FA04460028BED15D
:102F00002A4629460348FEF795FC2046B9E700BF4C
:102F10005C1A0020281100207037000040380000A3
:102F2000805E00000009000000090000000C002085
:102F3000200C0020014B1868704700BF703700005C
:102F4000014B1B681868704770370000014B1B6805
:102F5000586870477037000008B5FEF733FDFEF77C
:102F60009FFC0A4B5A68103AD3B2120609D40121C9
:102F70005A0903F01F03994002F16003044A42F822
:102F80002310BDE8084000F023B900BF00ED00E0C9
:102F900000E100E00020034BD8765A6A42F4702228
:102FA0005A62704700ED00E00349044BCA680020F4
:102FB00092B21343CB60704700ED00E00800FA05C1
:102FC000064BD3F8D02022F00102C3F8D020D3F86A
:102FD000D02042F00202C3F8D020704700ED00E09C
:102FE00037B50124FEF76EFC164D2246052347F641
:102FF000FF7100200094FEF77DFC224607234FF06E
:10300000005011490094FEF78BFCD5E9010107231C
:1030100000220094FEF76EFC072300220B490C48A7
:103020000094FEF77DFC2969E8680139FEF792FCFF
:10303000D5E90501062300220094FEF75BFC002081
:1030400003B030BD70370000FF7F0020FFFF03207A
:103050000080002038B50024124D002155F8040BE3
:103060000134FEF7A3FC1D2CF7D1002001220E4BEA
:10307000C3F88004C3F88424C3F8C004C3F8C4248C
:103080004FF47F03D3F83021BFF34F8FD3F834319F
:10309000BFF34F8FBFF34F8F40F20112034BC3F8C2
:1030A000402538BD8C3700000030005000900350A0
:1030B00000224FF0FF300D4B02F1A0010132102A27
:1030C00043F82100F8D1D3F88022002022F0080232
:1030D000C3F88022D3F88022D3F8802222F4007231
:1030E000C3F88022D3F88032704700BF00E100E0CF
:1030F00008B5FEF7B9FB0822024BC3F880211A601D
:10310000002008BD00E100E00122014B1A60704779
:10311000601A002010B50446094B228918686168BE
:103120000623406800F05DF928B9064B1B68012BA7
:1031300001D1FFF793FA6FF08603236010BD00BF43
:10314000481A0020601A002001F00C0370B50C2B07
:103150000CBF154605464A060C461ED58B0658BFC1
:103160002835AB6913F8026C84F00803C3F3C0037D
:10317000C6F38012934201D000F02AF816F0A00F97
:103180001CD176B1032E15D032461C210D48FFF715
:10319000ABF96FF083032B600AE000F019F82026EA
:1031A000E2E7FFF7ADFA04460146074800F0F1F9FF
:1031B000204670BD2846FFF7ADFFF9E732461F21D4
:1031C0000248E4E700380000F80B00201C3800003B
:1031D000FEF730BC03689A68DB6812F4806F05D193
:1031E0008B422CBF00206FF0FA0070478B420CBF5F
:1031F00000206FF0FA00704710B500F0D8F80446D0
:1032000000F0E6F850B9FFF729FAA3685B681B687D
:103210005B68834218BF0024204610BD0024FBE7F2
:1032200038B5054648B1FFF75BFDB5EBD07F0446E6
:1032300001D0FFF7CDFF204638BDFFF70FFAF4E7C6
:1032400070478230012808B506D8FFF711FA18B97F
:10325000BDE80840FFF7BCBF08BDF8B505460E46FF
:10326000FFF7CAFF044608B9FFF7B2FFA7680FB916
:10327000FFF7AEFFE368991C4BD05A1C26D1002EF5
:1032800044D016F1820F19D1022301252360EFF3F8
:10329000108772B631462046FFF7D0FC064687F30A
:1032A00010882368022B1CBF0023236025B1002354
:1032B0002046236000F08EF83046F8BD16F1830FEB
:1032C000E2D0FFF785FF00250026E0E7002BF8DBC2
:1032D000002304F1280252F8041F19B1E16F106CA9
:1032E000194448600833202BF5D13B689D6815F4DC
:1032F000007502D002230125236016F1810FC6D18B
:103300006369002BC3DBFFF763FFC0E72E46002590
:10331000F3E70125D8E708B5FEF78CFB6FF08300D3
:1033200008BD2DE9F3410E46174698460546FFF7BE
:103330009FF9FFF775FF2946024601A8FFF7A8F994
:10334000044660B943463A4631460198FFF7F4FA1D
:10335000044640B16B0002D5019800F03BF82046CE
:1033600002B0BDE8F0810198FFF744FC0122019B07
:1033700004461A60F3E740F20110704770B5054645
:10338000FFF776F906462846FFF718F9044608B90C
:10339000002070BD014632462846FFF725F9002877
:1033A000F6D12368D868F4E74FF480507047B0F541
:1033B000805F03D1EFF30B808038704700207047A7
:1033C0007047EFF30B8000F1800383F30B887047A5
:1033D00000207047EFF30B83803B83F30B8870472B
:1033E00070472DE9F0410F461546002A5BD00029B1
:1033F00000F08D8003F00602062A57D09A0740F1AC
:10340000868008249B0648BF44F01204860758BFF4
:1034100044F00404C00709D5EFF39483D9074CBFE7
:1034200044F0040424F0040444F012042246294623
:10343000384602F013FAB0BB47E800F205EB070884
:10344000110E120208F1FF3646E800F34FEA13604E
:103450005AD51B0258D5884256D047E800F546E8B1
:1034600000F6FEF7BAFF2D0E85424FEA166628D306
:10347000FEF7B5FF864224D82846FEF7A9FF22466C
:10348000C7F101010144384602F0E8F9E0B3013523
:10349000AE420DD83046FEF799FF2246A8EB000158
:1034A00002F0DCF980B30020BDE8F0810124A9E737
:1034B0002846FEF78BFF0746FEF793FF224601469C
:1034C000E1E7FEF796FF85421ED3FEF794FF8642A2
:1034D0001AD82846FEF756FA2246C7F101010144E0
:1034E000384602F0BBF978B10135AE4203D8304618
:1034F000FEF77AFFD1E72846FEF776FF0746FEF78C
:103500007CFF22460146EBE76FF07F00CCE74CF2F0
:10351000DA20C9E710B50446FFF752FDFFF760FD5A
:1035200010B143F6DA3010BDFFF794FD0028F8D152
:10353000FFF788FC0028F4D102232360F3E708B5E5
:10354000FFF728FD10B143F6DA3008BDFFF72CFD78
:103550000028F8D100F01CF80028F4D162B6FDF77D
:103560005DFCFFF7A5FD0028EDD1FFF7C1FD0028A8
:10357000EBD0E8E7EFF30880EFF309812DE9F00FD6
:103580006B467246FDF7A8FB08B0FFF7E5FCFEE7C7
:10359000704704460D46A546284783F3088896469B
:1035A0000222EFF31483134383F31488BFF36F8F66
:1035B0000847464154414C204552524F523A200050
:1035C000486172644661756C740D0A004D656D4DFD
:1035D000616E616765206661756C740D0A004275E5
:1035E000734661756C740D0A0055736167654661B9
:1035F000756C740D0A005365637572654661756C70
:10360000740D0A00526573657276656420457863AF
:10361000657074696F6E2000506C6174666F726DB6
:103620002065787465726E616C20696E7465727263
:1036300075707420284952516E293A20000000000C
:10364000550E00009B1C0000411100008D0E000073
:10365000B31C0000BF1C0000551000009F1C0000A0
:10366000750E0000810E00009D0E0000A51C0000DC
:10367000A91C0000AF1C0000010000000E000002A9
:10368000000000010F00000304020202000000001D
:103690000338FDD87047506C6174666F726D2045B9
:1036A0007863657074696F6E3A0D0A00416C6C2026
:1036B00070696E732068617665206265656E20634F
:1036C0006F6E66696775726564206173206E6F6ED8
:1036D0002D7365637572650D0A0000000002FF001E
:1036E0002C0000003001FF00080000004001FF0036
:1036F0000C0000000881FF00F80200003031323376
:103700003435363738394142434445461B5B313BFB
:1037100033346D426F6F74696E672054462D4D20AF
:1037200076322E322E301B5B306D0D0A001B5B3162
:103730003B33346D5B536563205468726561645D2F
:103740002053656375726520696D61676520696ED8
:10375000697469616C697A696E67211B5B306D0DF4
:103760000A000000901200207812002018020000C9
:103770000080000000800000FF7F0F00007C000040
:103780000080000000800F00FFDF0F0000400050AD
:10379000005000500080005000A0005000B00050C9
:1037A00000E0005000F000500000015000100150F7
:1037B0000040015000500150007001500080015045
:1037C00000B0015000C0015000D0015000E0015095
:1037D00000F0015000000250001002500020025082
:1037E0000030025000400250006002500080025041
:1037F00000A00250009003500025845000A0035008
:10380000556E6B6E6F776E2053504D20535643208C
:103810007265717565737465643A2000556E6B6EE0
:103820006F776E20535643206E756D6265722072FD
:0B38300065717565737465643A2000D3
:103840000348044B834202D0034B03B1184770472F
:103850001812002018120020000000000548064B36
:103860001B1AD90F01EBA301491002D0034B03B17E
:10387000184770471812002018120020000000009E
:1038800010B5064C237843B9FFF7DAFF044B13B1A8
:103890000448AFF300800123237010BD20190020DD
:1038A000000000006C5E000008B5044B1BB1044929
:1038B0000448AFF30080BDE80840CFE700000000F7
:1038C000241900206C5E0000A3F5803A704700BF09
:1038D000174B002B08BF134B9D46FFF7F5FF002148
:1038E0008B460F461348144A121A02F004F90E4B85
:1038F000002B00D098470D4B002B00D0984700209C
:10390000002104000D000D48002802D00C48AFF340
:10391000008002F01BF820002900FEF711FE02F0E3
:1039200001F800BF000008000000000000000000D7
:10393000F80B002018120020C02800200000000012
:1039400000000000009A074B9A4208D110B502F01F
:10395000F5F802F021F806BC96460C46744702F0D2
:1039600031F90000A5EDF5FE009A074B9A4208D107
:1039700010B502F0EFF802F00FF806BC96460C46C0
:10398000744702F01FF90000A5EDF5FE0CB4029A91
:10399000084B9A420CD14FF0004319430CBC10B5B0
:1039A00000F022F801F0F8FF06BC96460C4674477A
:1039B00002F008F9A5EDF5FE009A044B9A4202D1F7
:1039C00003490868744702F0FDF80000A5EDF5FE14
:1039D000D05C0000009A034B9A4200D1744702F079
:1039E000F1F80000A5EDF5FE2DE9F84304460D467B
:1039F00016461F46EFF30583C3F308030BB1FFF729
:103A0000E7FBDFF834903B46204632462946D9F89A
:103A10000080FFF786FCD9F800300446984506D0B0
:103A20009B6901461869BDE8F843FFF716BCFFF72C
:103A300008FC2046BDE8F883481A0020014B1B68AB
:103A4000184700BF40110020024B1860024B0020B5
:103A5000196070474411002040110020014B18608C
:103A6000002070473C11002010B50A46044619B1E9
:103A7000024B00211B68984710BD00BF4811002071
:103A8000074B0A465978022906D11978072903D12C
:103A90000146181D02F0DCB86FF08800704700BFC7
:103AA000641A002010B5124C2378590744BF23F044
:103AB0000403237023789A0705D500F063F8237870
:103AC00023F002032370637813B10A4802F0D1F89F
:103AD0000023042107486370FFF7C6FF2378DB0744
:103AE00005D502F0B2F8237823F00103237010BD4E
:103AF000641A0020681A002038B51C4D6A782B78AB
:103B0000022A01D1072B12D0D80713D52B78990799
:103B100007D400F02FF82B78044643F002032B70F3
:103B200088B96A782B788AB12B785A0719D500247E
:103B3000204638BD02F087F82B78044643F0010395
:103B40002B700028E2D0FFF7ADFFF1E7DB07EBD5E4
:103B5000074802F07BF8022304466B700028F2D17C
:103B6000E2E743F004032B70E1E700BF641A002092
:103B7000681A00200122024B002083F8802570473C
:103B80006C1A00202DE9F0410A4C002526464FF022
:103B9000010803272046C4F820802777013502F06A
:103BA00035F8202D04F12C04F4D1002386F880355B
:103BB000BDE8F0816C1A002010B50C4C236813B1DD
:103BC0000B4B1B682BB900F089FC30B90122084B64
:103BD0001A6001232360002010BD0138062801D996
:103BE000044810BD044B53F8200010BD08200020ED
:103BF00004200020FE8FFFFFD45C0000144B2DE951
:103C0000F043002814BF04461C46124F236883B0BB
:103C1000BB4219D016460D4620464FF4147104F1EC
:103C2000040900F047F804F58E78484600F0CEF815
:103C3000404600F019FA2B464A464046064900968F
:103C400000F034FB08B92760002003B0BDE8F08322
:103C50000C200020A5BCC95A513E000070B50D4C87
:103C60001D46002814BF064626460B4B306882B01E
:103C700098420DD106F58E70002633460096144604
:103C800000F03EFB002818BF34462C6002B070BD27
:103C90000248FBE70C200020A5BCC95AE88FFFFFB3
:103CA00038B131B1002201440346013081421A701B
:103CB000FAD1704738B131B10022014403460130D6
:103CC00088421A70FAD170472DE9F043202B1D4627
:103CD0000646884691468BB026D8DBB202AF8DF8F7
:103CE0000480B04658F8041B8DF8053021B94046D1
:103CF00001F038F9044640B90123022240463360FE
:103D000001A901F043F9044638B138462021FFF7F4
:103D1000D1FF20460BB0BDE8F0832A464946404615
:103D200001F034F90446F0E702AF194610460023CB
:103D30003A4601F0B1FA04460028E6D12023B946FC
:103D40001D46CCE72DE9F041D0F8F830A6B0002BA5
:103D5000D8BF02AE31DD05460027D0F80C4102AED7
:103D6000A4F101089022D5F8FC403146D0F80001BA
:103D700001AB0197B8FA88F8A0474FEA58180446F3
:103D800020B9019B53B9B8F1000F16D030469021ED
:103D9000FFF790FF204626B0BDE8F081014632468D
:103DA0002846FFF791FF58B9D5F80431019A13441A
:103DB000C5F80431B8F1000FE8D16FF03C04E5E735
:103DC0000446204626B0BDE8F08100BF70B500254E
:103DD0000446142204F588762946C0F8F850FC30D1
:103DE00001F089FE08222946304601F084FE144B7A
:103DF00030461B689847204640F8045B01F098F86D
:103E0000104B30461B689847C8B9D4F8F830AB421D
:103E10000FDC03EB830204EB82022021C2F80001D5
:103E20000120C2E9421008490133C2F8FC10C4F86D
:103E3000F830064B3046BDE870401B68184770BD2F
:103E40006811002064110020354E00006011002030
:103E50002DE9F047202A88B07AD83F4B00F58879C1
:103E600004461B6848461746884698470546F8B9F1
:103E700040F20116D4F8F830002B65D02046FFF749
:103E800061FF054638B9D4F8F830002B14DC013E48
:103E9000F2D16FF03B056E4620213046FFF70AFF56
:103EA0002E4B48461B689847002818BF6FF01D0529
:103EB000284608B0BDE8F087D4E94132934203D3E5
:103EC000D4F80C21012A02D0013ED7D1E1E71F2B03
:103ED000FAD96E4601462022304604F1040A01F068
:103EE0000AFE3146504601F07BF805460028D3D142
:103EF000504601F031F8504601F01AF82946504674
:103F000001F030F805460028C6D15046202231463F
:103F100001F03CF805460028BED103463246202178
:103F2000304601F0B9F905460028B5D1D4F8F8308B
:103F30003A46002BC8BF002340463146C8BFC4F8EC
:103F4000043101F0B3FDA7E76FF03F056E46A3E72C
:103F50006FF03B05ACE700BF64110020601100204A
:103F600070B590B000287AD03E4C0D4640223621E4
:103F70000646204601F0BFFD40225C21A01801F05A
:103F8000BAFD2B1DA34203D904F144039D4252D331
:103F90002B682268534023602B68226C53402364B3
:103FA0006B686268534063606B68626C5340636423
:103FB000AB68A2685340A360AB68A26C5340A36493
:103FC000EB68E2685340E360EB68E26C5340E36403
:103FD0002B69226953402361226D2B69534023656D
:103FE00062696B69534063616B69626D53406365DD
:103FF000AB69A2695340A361AB69A26D5340A3654D
:10400000EB69E2695340E361EB69E26D5340E365BC
:104010000021304600F0A6FF044628B94022304671
:10402000104900F0B3FF044640216846FFF742FE06
:10403000204610B070BD631E04F13F01013D1F34E6
:1040400015F8010F13F8012F42401A7011F8012FD3
:104050002878A34282EA00020A70F1D1D8E76FF013
:104060007304E5E75C22002010B54FF49A7200213A
:10407000044601F040FD42F21072044BC4F82021C6
:1040800004F596701B68BDE81040184768110020C1
:104090002DE9F04F04468846914695B0002900F07E
:1040A000A780002A0CBF0126022600238DF80C30C1
:1040B000002C00F09F80DFF844A104AF0AF1400B10
:1040C0000021204600F04EFF034648B1384620212B
:1040D0000193FFF7EFFD019B184615B0BDE8F08F87
:1040E00040225146204600F051FF03460028EDD102
:1040F00004F1F40520222946204600F047FF03463C
:104100000028E3D10122204603A900F03FFF034627
:104110000028DBD1022E62D020460CA900F060FFFF
:1041200003460028D2D10146204600F01BFF03467B
:104130000028CBD140225946204600F027FF0346F5
:104140000028C3D1202220460CA900F01FFF0346FF
:104150000028BBD13946204600F042FF0346002824
:10416000B4D139462046FFF7FBFE03460028ADD107
:1041700020222946204600F009FF03460028A5D149
:1041800020460CA900F02CFF034600289ED10146D2
:10419000204600F0E7FE0346002897D1402259460A
:1041A000204600F0F3FE034600288FD1202220464F
:1041B0000CA900F0EBFE0346002887D129462046D3
:1041C00000F00EFF0346002880D19DF80C2001323C
:1041D000D2B2B2428DF80C20FFF472AF76E74A46B5
:1041E0004146204600F0D2FE0346002894D06DE7F9
:1041F00001265AE76FF0730304AF67E75C220020E3
:104200002DE9F0410446884615461F46D0F81801AE
:10421000E0B013B100EB40004008B5F5807F3ED818
:104220002844B0F5C07F3AD84FF4C07200216846E8
:1042300001F061FC6946D4F82431D4F81821D4F88F
:104240002801984770BBD4F8186157B1D4E94930B8
:1042500072080DEB0601984720BBD4F8183106EB25
:104260005306B8F1000F00D08DB93246694620469A
:10427000FFF70EFF054610B90123C4F8143131468B
:104280006846FFF717FD284660B0BDE8F0810DEBEA
:10429000060041462A462E4401F008FCE5E76FF08F
:1042A0000405F0E76FF00805EDE700BF2DE9F047E2
:1042B000044604F1F4050F4691461E46DDF82080C1
:1042C00000F036FE29462046FFF74AFE08B1BDE859
:1042D000F08728462022012101F00DFCD4F8183186
:1042E000C4F82471C4F8289113B92023C4F81831F4
:1042F000424631462046BDE8F0470123FFF780BF24
:10430000B2F5806F00F295802DE9F04F89B09A46A2
:10431000129BB3F5807F00F29080D0F824311646CE
:1043200004460F464BB3D0F81C31012B05D0D0F812
:104330001421D0F820319A421FDD51460023204637
:10434000129AFFF75DFF014698B900231293002EE1
:104350005ED0DFF8EC9009F1400B0021204600F020
:1043600001FE202E3546014628BF202504F1F40821
:1043700090B1084609B0BDE8F08FBAF1000FE6D061
:10438000129B002BE1D051461A462046FFF780FED3
:1043900001460028DBD0ECE749464022204600F0E9
:1043A000F5FD01460028E4D141462022204600F0D8
:1043B000EDFD01460028DCD16946204600F010FEE4
:1043C00001460028D5D1204600F0CCFD014600284A
:1043D000CFD159464022204600F0D8FD01460028A2
:1043E000C7D169462022204600F0D0FD01460028B2
:1043F000BFD14146204600F0F3FD01460028B8D168
:1044000038462A46414601F051FB761B2F44A4D181
:1044100051462046129AFFF73BFE01460028A8D1DC
:104420000846D4F814310133C4F8143109B0BDE89A
:10443000F08F6FF00201084670476FF0040198E7B3
:104440005C220020002130B58DB0282202A8019105
:1044500001F051FB02A800F047FF044610B12046CE
:104460000DB030BD174D4FF0FF31286800F042F914
:10447000044620B1144800F0D3F9012C18D00020D4
:1044800000F068F9D0B9114A02A901A800F0C4FCF3
:104490000446012000F05EF960B9286800F032F9A6
:1044A0000028DCD00A4800F0BBF920460DB030BD32
:1044B0000524F2E7074800F0B3F9EEE7064800F0FC
:1044C000AFF9E0E74C110020F05C0000DC22002096
:1044D000485D0000285D0000085D000030B583B035
:1044E00000F05CF828B100F0ABF80324204603B0DC
:1044F00030BD00F077F8D8B900F02CF9E0B9224CC3
:10450000D4F828391B0EF02B0AD1D4F8242A1F4BDB
:104510009A4231D000F044F8072400F091F8E5E722
:10452000062400F03DF800F08BF8204603B030BDC3
:104530000424204603B030BD00F032F800F080F8CB
:10454000FFF780FF044698B9114D2B68002BCDD1A1
:1045500002460146FFF752FB50B968220D4901ABF4
:10456000FFF77CFB20B920460B4B2B6003B030BD1E
:104570000524204603B030BD012000F0EBF80028F0
:10458000DAD1C4F80C0ADBE7001084500000E02008
:10459000FC240020002500205AEA5A5A00207047C7
:1045A00000207047430504D54FF0FF32034BC3F89A
:1045B0000821024BC3F8080A704700BF001084505E
:1045C000014BC3F8040A70470010845008B100F092
:1045D0006BB84FF47500704708B100F04FB84FF456
:1045E0007500704710B5114800F070F800B110BDAB
:1045F0000F4800F06BF80028F9D10E4C204600F06F
:1046000065F80028F3D10C4B0C481C6000F05EF8F4
:1046100001460028EBD100F02DF8044608B12046F1
:1046200010BD00F079F82046FAE700BF5C110020C9
:1046300058110020541100204C110020501100206E
:1046400008B5084800F04CF8074800F049F807485A
:1046500000F046F8064800F043F8BDE8084000F0D6
:104660000BB800BF5C11002058110020541100202D
:104670005011002000207047704700BF024610B460
:10468000084CD4F8003A1342FBD021B1D4F80431DD
:104690000B60C4F80831034B0020C3F8082A10BC93
:1046A000704700BF00108450044AD2F8003A184204
:1046B000FBD0C2F8080A0020704700BF00108450E9
:1046C00001F0BEB90A46002101F015BA08B5034B46
:1046D00002681B6810689847002008BD88110020F8
:1046E00008B5034B02685B6810689847002008BD56
:1046F00088110020024B02689B681068184700BFB1
:104700008811002008B5034B0268DB6810689847E1
:10471000002008BD8811002070B5094C094D2069A2
:10472000AB68984718B1084B08485B689847002168
:10473000074AEB6811602069BDE87040184700BF68
:1047400074110020881100206C110020605D0000B1
:1047500068250020F8B51A4D1A4E0446B26828693B
:104760009047E8B9184F3B684CB1A3B1012B19D061
:10477000013B3B602869F36898470020F8BD43B9C6
:104780000121124AC2F800151149D1F81029002A56
:10479000FBD101333B60F368286998470020F8BDDE
:1047A0000C48F8BD0A4AD2F81039002BFBD1074A51
:1047B0006FF07E40C2F80035FFF702FF3B68D7E795
:1047C000741100208811002068250020000084500A
:1047D00000108450E98FFFFF014B1B68184700BF92
:1047E00088110020014B9B68184700BF88110020EA
:1047F000014BDB68184700BF88110020BFF34F8FC3
:104800000549064BCA6802F4E0621343CB60BFF36C
:104810004F8F00BFFDE700BF00ED00E00400FA0588
:1048200030B44FF0FE320025074B084C0849496868
:10483000C3F80024C3F80424C3F80824C3F80C24E4
:10484000C4F8005530BC0847001084500000845064
:104850006C11002010B5044650B1636813F0685F16
:1048600005D0064A934202D000236260236010BD47
:10487000034B04485B689847EFE700BF2C5F5CA9D7
:104880006C110020805D0000C8B143680D4A93425E
:1048900013D013F0685F0ED0012350E8002F1946A3
:1048A00040E8001C9CF0000FF7D1012AF5D0BFF3BF
:1048B0005F8F0020704704487047044870476FF4CA
:1048C000E04070472C5F5CA9E98FFFFFEA8FFFFF94
:1048D000034680B1426809498A420AD012F0685FF3
:1048E00005D0BFF35F8F002210461A60704704485E
:1048F0007047044870476FF4E04070472C5F5CA934
:10490000E98FFFFFEA8FFFFF10B5044620B10023B7
:10491000034A2360626010BD0248FFF781FFF6E79B
:104920003A00003AA85D00002DE9F047002878D051
:104930000C46002975D01D46002B72D007461AB1CF
:10494000012200232A6003602B68002B64D02946D3
:10495000204600F0B7FD804600285FD12146286838
:1049600000F096FD8046002858D12B68082B6CD0AB
:10497000042B6DD0A3F10209B9FA89F94FEA59194C
:104980000121354EC6F8C411C6F84011C6F8C4114D
:10499000636AC6F83031D6F830219342F6D14FF031
:1049A000000A4FF0FF30C6F82CA1FFF7FBFD6FF0B7
:1049B0001B035046C6F80031FFF702FEC6F80C9103
:1049C000D6F8040A40F48060FFF7FAFD0A23C6F81F
:1049D0003831089B012B29D02369204AA2FB0323ED
:1049E0001B09626A404602FB03F303EB43031A4AC6
:1049F000DB039B09C2F8D8310123C2F82C313B6894
:104A00002A6823F07F4343EA02633B602A6843EA53
:104A100002233B60BDE8F087DFF844804046BDE8F4
:104A2000F087DFF840804046BDE8F0874FF47F0311
:104A3000D3F80C2C013206D0D3F80C3C074AA2FB69
:104A400003231B09CDE71623CBE74FF0030997E7B4
:104A50004FF0020994E700BF00108450ABAAAAAA45
:104A6000310CF100350CF10058B34B1EB3F5047F47
:104A700027D230B54FF0000ECD00744671464B0979
:104A800001F01F0C50F82330BCF11F0F23FA0CF378
:104A900006D003F0010319B901211C468E46EEE74A
:104AA0009C4201F1010106D01C464FF0010EA942C3
:104AB000E5D1002030BD0EF1010E9645F7D1024838
:104AC00030BD0148704700BF360CF100C0B32DE97E
:104AD000F0434C1EB4F5047F1DD2E3B1DAB10025DA
:104AE0002E46A8462C46CF0003F1FF394FEA541C4E
:104AF00004F01F0E50F82C10BEF11F0F21FA0EFC0F
:104B00000CD00CF0010C4CB90126E0463446354679
:104B1000ECE7964216D90C48BDE8F083AB420BD0C7
:104B2000C44508BF0136A945F3D001350134BC4264
:104B3000DCD10020BDE8F0830125E0462E46F5E7F4
:104B4000014870471D46F1E7370CF1002DE9F04FA1
:104B500091B08346DDE91B460D46002E6ED10F69EC
:104B60001C6000231A990B60002A00F02F819D4BD6
:104B70006A6AD3F83811D3F830319A4269D10A29D8
:104B800067D19BF80330089304F1080307930423CB
:104B90000593954B934CA3FB07239B0803EB43031F
:104BA000A7EB4303039306971A9B069E1E60002EF5
:104BB00000F0EA8000F096FC00230993BBF1000F9F
:104BC00000F0D58098464FF0010ADDF81C90002DCA
:104BD00000F0CD80089B002B3DD0284608A900F0AE
:104BE00071FC002839D0814B984220D0089B082BBB
:104BF00000F0E48000225B000893294608AB584689
:104C00000092FFF791FE7A4B984200F0D38070B982
:104C1000DBF80020130A03F47F03134323F07F43E0
:104C2000CBF80030059B013B0593BDD100200390DC
:104C300000F058FC039811B0BDE8F08F4FF47F01ED
:104C4000D1F80C0C01300CBF4FF40477D1F80C7C78
:104C500086E76848EBE76648C5E72946089800F00C
:104C600017FC0028BFD1089B082B00F0A980042B5B
:104C700000F0A980A3F10203B3FA83F35B09049364
:104C8000C4F8C4A1C4F840A1C4F8C4A16B6AC4F8B4
:104C90003031D4F830219342F6D100234FF0FF3069
:104CA000C4F82C31FFF77EFC002318466FF01B037D
:104CB000C4F80031FFF784FC049B4B4FC4F80C315F
:104CC000D4F8040A40F48060FFF77AFC0A23C4F8A1
:104CD00038312B6909A8A7FB03236A6A1B0902FB69
:104CE00003F303EB4303DB039B09C4F8D831C4F897
:104CF0002CA1DBF80030089923F07F420B0243EA35
:104D000001631343CBF8003000F0B2FB099B03F0C2
:104D10001A0303437FF46AAFA7FB0637D4F81431B4
:104D2000B8EB970F0A93D4F818310B93D4F81C31D1
:104D30000C93D4F820310D93D4F824310E93D4F889
:104D400028310F9301D1039B9BB9484618220AA929
:104D5000183EFFF7B5FC09F1180908F101089EB1EA
:104D600000F0C0FB00230993002D7FF433AF2248ED
:104D700039E748461A46F61A0AA9994408F1010883
:104D8000FFF79EFC002EEBD1069F079E6A6939460D
:104D90003046FFF769FEAA6940B94FF4806339468F
:104DA0003046FFF793FE00283FF440AF00231A9AE5
:104DB000136018E72B6A002B3FF439AF0F4836E732
:104DC000032304935CE70223049359E70122294655
:104DD0005846009608ABFFF7A7FD00283FF4D4AE75
:104DE00025E700BF00108450ABAAAAAA020CF1006C
:104DF000310CF100300CF100350CF100320CF100F7
:104E000010B4DDE9013401940024DDF80CC0CDE9D3
:104E100002C410BCFFF79ABE30B51546012487B016
:104E200005AB00930022CDE9015404ABFFF78EFEE1
:104E300007B030BDF0B587B0002966D01E46002B04
:104E400063D01446002A60D0314F0D4638684FF0C9
:104E5000FF31FFF74FFC00284DD10020FFF77AFC0F
:104E6000002844D12B4800F03FFAD8B101204FF080
:104E7000FF35FFF76FFC002835D14FF40871264845
:104E8000FEF70EFF04212548FEF70AFF21482821DE
:104E9000FEF706FF3868FFF735FC00282FD12846BB
:104EA00007B0F0BD1C4A0346029205AA019204AA6B
:104EB00003900092174902461848FFF7A1FF0346E6
:104EC0000028D3D128461D46059B22469C4228BF78
:104ED0001A46049932600831FFF7F2FB0120FFF710
:104EE00039FC0028C9D00E48FFF79AFCC5E70D48E9
:104EF000FFF796FCB6E70C48FFF792FCADE70B48CE
:104F0000FFF78EFC284607B0F0BD4FF0FF35C6E72F
:104F10004C11002080250020A82500207C250020A1
:104F2000285D0000085D0000F05C0000CC5D000022
:104F300010B5044628B12046BDE81040F421FFF723
:104F4000C1BB0448FFF76CFC2046BDE81040F421CB
:104F5000FFF7B8BBE45D000010B1F421FEF7A0BE7E
:104F6000704700BF08B521B1012908D06FF03600A5
:104F700008BD012100F058F80028F7D108BD022132
:104F800000F052F80028F9D0F0E700BF30B5054630
:104F90008818B0F5801F0B461446A1B001D8802AAE
:104FA0000CD9B3F5801F17D922461946284600F0C0
:104FB0007DF8044684B9204621B030BD6846FFF72D
:104FC0007FFB22466946284600F070F8802104469F
:104FD0006846FFF777FBEDE76FF03604EBE700BFBD
:104FE00070B5E8B10E46D9B1044600F031F8054677
:104FF000B0B92368012B0BD0022B01D0284670BD1D
:105000001C22304604F10801FFF75AFB284670BD08
:105010002022304604F10801FFF752FB284670BDFC
:105020006FF03605EAE700BF78B138B50D46F021DC
:105030000446FFF747FB402320462560E36500F068
:1050400091FA003818BF012038BD0120704700BF19
:10505000F0B5056EA5B0044604AEE5B900230127FE
:10506000019330466760294602AA009300F046FA91
:1050700010B1012025B0F0BD2A46204602A900F05B
:1050800099FA0028F5D1204600F0AAFB0028F0D1BB
:10509000206625B0F0BD802D2A46304628BF8022EC
:1050A00004F16401FFF70CFB256ED7E7002800F040
:1050B000AE802DE9F04F1446A5B0002A3DD00F4632
:1050C000002949D0B2F5803F0546006E20D34FF647
:1050D000FF7805F1640AEB6D1A1AB2FBF3F103FBDA
:1050E0001122002A65D18342B9464FF6FF7672D06D
:1050F000B6FBF3FB03FB0BFBBBF1000F30D1002E23
:1051000045D1A4F57F44FF3CB4F5803F4744E2D24B
:10511000EA6D161AB6FBF2F302FB1366A64228BF2D
:105120002646002E75D1824200F08D80B4FBF2F647
:1051300002FB06F62EB9002C79D1002025B0BDE87F
:10514000F08F002331463846CDE9003302AA00F043
:10515000D5F9002800F09580012025B0BDE8F08F3A
:10516000002359464846CDE9003302AA00F0C6F9AB
:105170000028F1D15A46284602A900F01BFA00285F
:10518000EAD1A6EB0B06286ED944002EB9D019300F
:105190004946324605EB8000FFF792FAA4F57F44BA
:1051A000286EFF3C3044B4F5803F4744286692D2D5
:1051B000AEE7424528BF4246164639465044FFF7FF
:1051C0007FFA286EEB6D3044834207EB06092866B0
:1051D000A8EB06068CD1802B28BF802351461A46A7
:1051E00004A8FFF76DFA0023E96D02AACDE90033A8
:1051F00004A800F083F90028AED12846EA6D02A980
:1052000000F0D8F90028A7D1EB6D286670E70120DF
:10521000704705F16403394632461844FFF750FAE7
:10522000286EEA6D3044A41B374428667BE72B6E5A
:105230002246193305EB83003946FFF741FA2B6EFE
:1052400023442B6679E7802A28BF802205F1640178
:1052500004A8FFF735FA0023E96D04A8CDE900336F
:1052600002AA00F04BF900287FF476AF2846EA6DD9
:1052700002A900F09FF900287FF46EAFEA6D28665E
:1052800054E73246284602A900F094F900287FF43A
:1052900063AF3744A41B4EE7F8B51C4605461148DA
:1052A00016460F46FFF744FE21460E48FFF75AFE0A
:1052B000044620B10B48FFF74FFE2046F8BD3A46A2
:1052C00029460848FFF762FE04460028F2D131461D
:1052D0000448FFF785FE04460248FFF73DFE2046DE
:1052E000F8BD00BFC82700201C2370B582B001A9FB
:1052F0000546019300F032F8044638B9019B1C2B97
:1053000007D0144C1C212846FFF7DCF9204602B0D8
:1053100070BDD5E90112131E18BF0123003918BF53
:105320000121012628689B00EA6843EA410300281E
:1053300018BF43F00103EE612AB9C5E90834002B18
:10534000E4D1054CDEE7204643F00803C5E9083404
:1053500002B070BD370CF0000E0CF00003460028C0
:1053600066D0002964D00A681C2A61D14FF47F02FC
:105370003B49D2F8100C88425CD0D2F8101C0131A5
:1053800058D0D2F8101C4FF47F021960D2F8140CD8
:105390003449884260D0D2F8141C01315CD0D2F874
:1053A000141C4FF47F025960D2F8181C11F5947F39
:1053B0004FD0D2F8181C01314BD0D2F8181C4FF442
:1053C0007F029960D2F81C0C274988423ED0D2F85F
:1053D0001C1C01313AD0D2F81C1C4FF47F02D9605A
:1053E000D2F8001C70312FD0D2F8001C01312BD024
:1053F000D2F8001C4FF47F021961D2F8041CAF31BF
:1054000020D0D2F8041C01311CD0D2F8041C4FF477
:105410007F025961D2F8080C144988420DD0D2F8A5
:10542000081C013109D0D2F8082C00209A6170477D
:105430000120704740F6FC01A5E740F2373200201A
:105440009A6170475121E2E79021D3E742F60411B7
:10545000C3E740F6D861B2E742F2D001A1E700BF4E
:10546000FCF8FFFFD020FFFF0429FFFF37F3FFFF09
:10547000014608B54FF48060FFF7AEF80022034BF9
:10548000C3F8C821C3F82C2108BD00BF0010845008
:105490000138072805D8DFE800F0100E040A0404DC
:1054A000040607487047CB6800204B6270478B6842
:1054B00000204B6270474B68F6E70B68F4E700BFCB
:1054C000310CF1000B6802E0082B0B6006D8026A71
:1054D00013424FEA4303F7D000207047004870475B
:1054E000310CF1000022044B4FF48060C3F82C21F2
:1054F000C3F8C421FFF756B800108450F0B500245B
:1055000083B0B0F1005F8DF8074025D38C4684440A
:10551000BCF1804F04461FD817461D4601220DF1ED
:10552000070300F097F90646B0B99DF80730099ACD
:105530003C603B7192B14DB10246089928460DF18D
:10554000070300F087F938B99DF807303046099A0B
:105550001560137103B0F0BD4FF47506304603B00B
:10556000F0BD00BFD8B108B50368012B04D0022BF1
:105570000FD043B10B4808BD20220B490830FFF77C
:105580009FF8002008BD142208490830FFF798F85A
:10559000F7E7202206490830FFF792F8F1E74FF4C9
:1055A000730070470100F300F45D0000345E0000FA
:1055B000145E00002DE9F843002900F0F98004464C
:1055C000002800F0F98003680F469046002B00F099
:1055D000C380013B012B00F2D7804FF0FF317848A8
:1055E0004FF00209FFF786F8002840F0BF80002046
:1055F000FFF7B0F80646002840F0C280714AD2F8A2
:105600001C39002BFBD16F4DD5F8203C002BFBD172
:105610004FF0FF30FEF7C6FFD5F8040A20F0400037
:10562000FEF7CEFF01230722C5F81838C5F8002978
:10563000C5F8C437A36CC5F8CC37E36CC5F8D037D0
:10564000C5F8C09723685BB1013B012B18D8636A8A
:10565000C5F85C36236AC5F85836E369C5F8543690
:10566000A269584BC3F850266269C3F84C262269D8
:10567000C3F84826E268C3F84426A268C3F8402667
:10568000504AD2F81039002BFBD1B8F1000F5FD08F
:1056900063684020012B08BFC2F884363A68494B42
:1056A000C3F8282CC3F82C8CFEF790FF0646454A19
:1056B000D2F81039002BFBD1424AD2F8203C002B03
:1056C000FBD123685BB1013B012B18D8D2F85C36C3
:1056D0006362D2F858362362D2F85436E361394B0C
:1056E000D3F85026A261D3F84C266261D3F848263D
:1056F0002261D3F84426E260D3F84036A360002349
:105700000121304AD2F8CC07A064D2F8D007E06477
:10571000C2F8C417C2F88436C2F8C837D2F81039B4
:10572000002BFBD1C2F81838002E3BD1254BD3F803
:10573000040A40F04000FEF743FF0120FFF70AF89B
:1057400060BB1F48FEF7DEFF10BB3046BDE8F883A4
:105750000423C2F8C837AAE74FF0FF3118484FF0CA
:105760000109FEF7C7FF00283FF441AF1648FFF7D5
:1057700057F80020FEF7EEFF064600283FF43EAF44
:105780001248FFF74DF839E7114E3046BDE8F8836F
:105790001048FFF745F83046BDE8F8830E48FFF79C
:1057A0003FF8CEE7102104F10800FEF78BFFBDE7BC
:1057B0000A4E3046BDE8F8834FF47306C5E700BFD4
:1057C0005C11002000108450F05C0000085D0000B7
:1057D0000100F300485D0000285D00000300F300B5
:1057E000A0B3034670B4D0E90240D3E9041226BA4C
:1057F00005BA0CBA10BAC3E90440D3E90612986A94
:1058000009BAC3E9026512BA996100BAD3E908413D
:1058100025BA0CBAC3E90725D3E90B12C3E909403D
:1058200009BAD86B12BAD962D3E90D4125BAC3E9D6
:105830000C250CBA00BAD3E9101209BA12BAC3E99E
:105840000E40196400205A6470BC70474FF4730016
:10585000704700BF00201870704700BF431810B594
:1058600001D21F2A01D9002010BD013902F0140312
:105870000144102B80EA01043CD009DC8BB1042BDD
:10588000F1D11F2C40E840F315D941E840F10EE07A
:10589000142BE8D11F2C40E8C0F30CD941E8C0F12B
:1058A00005E01F2C40E800F305D941E800F11C4653
:1058B0000B468C42D7D122F01402013A0A2AD2D8E0
:1058C00001A151F822F000BF175900001159000042
:1058D000035900006758000067580000675800002F
:1058E000675800001D590000175900000B590000AF
:1058F000035900001F2C40E880F3DCD941E880F117
:10590000D5E713F4001FAFD1ADE713F4801FFAE71A
:105910005B02A9D5A7E713F4002FF4E713F4802F57
:10592000F1E700BF08B5074B044613B10021AFF300
:105930000080054B1868836A03B19847204600F041
:1059400029F800BF00000000485E000070B50D4D52
:1059500000260D4C641BA410A64209D10B4D002655
:105960000B4C00F0A9F9641BA410A64205D170BD30
:1059700055F8043B01369847EEE755F8043B0136ED
:105980009847F2E70809000008090000080900002C
:105990000C090000FEE700BF002383F30088704776
:1059A000FDF716BCEFF30880EFF309812DE9F00F46
:1059B0006B467246FBF790F908B0FFF7F1FFFEE780
:1059C000FDF706BCEFF30880EFF309812DE9F00F36
:1059D0006B467246FBF780F908B0FFF7F1FFFEE770
:1059E000FDF7F6BBEFF30880EFF309812DE9F00F27
:1059F0006B467246FBF770F908B0FFF7F1FFFEE760
:105A0000FDF7E6BBEFF30880EFF309812DE9F00F16
:105A10006B467246FBF760F908B0FFF7F1FFFEE74F
:105A2000FDF7D6BBEFF30880EFF309812DE9F00F06
:105A30006B467246FBF750F908B0FFF7F1FFFEE73F
:105A4000814270B40546144602D370BC00F02EB8F3
:105A5000821821443CB141EA020313F003030FD141
:105A6000E018032812D86FF00300A3084343002076
:105A700019441A442344984210D1284670BC7047F8
:105A800011F8013D013C02F8013DE3E7581850F8D8
:105A9000046C981840F8046C043BE1E70C1A14F805
:105AA000016C141A04F8016C0130E4E770B5044687
:105AB0003AB141EA040313F003030CD1D518032DC6
:105AC0000FD822F003031C441944002302F0030200
:105AD00093420CD170BD11F8013B013A04F8013B2F
:105AE000E6E7CD1A2E68E51A2E60043BE6E75D5C1A
:105AF000E5540133ECE7F0B5044662B922F0030344
:105B0000234402F003021A44934214D1F0BD04F876
:105B1000011B013AF1E7A307F9D115460B0443EA4B
:105B200001630B4343EA01231619032DE6D9771BC2
:105B30003B60043DF9E703F8011BE5E708B5EFF327
:105B40000583C3F308030BB1FDF742FBBDE8084032
:105B5000FDF711BC10B50446EFF30583C3F308034A
:105B60000BB1FDF735FB2046BDE81040FDF706BC44
:105B70002DE9F04104460D4616461F46EFF3058316
:105B8000C3F308030BB1FDF723FB3B46324629461E
:105B90002046BDE8F041FCF793BF2DE9F0410446F3
:105BA0000D4616461F46EFF30583C3F308030BB1FA
:105BB000FDF70EFB3B46324629462046BDE8F04144
:105BC000FCF7B8BF08B5EFF30583C3F308030BB1C7
:105BD000FDF7FEFABDE80840FDF79DBB00207047C9
:105BE000704710B5044608B1FDF73EFF2046BDE8FA
:105BF0001040FDF723BF10B50446406A10B1A16AFA
:105C0000FFF7EFFF0020C4E9090010BD38B50546D5
:105C1000FFF7F1FF2B7F0446012B0ED0023B012B37
:105C20000ED82B6A012B18BF6FF096042C2200218E
:105C30002846FFF760FF204638BD2B6A002BF2E7AD
:105C40006FF09604F2E7002070477047002070471D
:105C500013B5002001AB1446FEF700F830B9019BE4
:105C6000A34218BF6FF0930002B010BD6FF0920016
:105C7000FAE7002070470FB4002004B070472DE908
:105C8000E04F2746A046A146A246A346A446A2B09E
:105C90002DEC000A84F3008825462646A447EFF33E
:105CA000148515F0080F18BFB0EE400A3DEC000A4D
:105CB00022B0BDE8E08F0000F8B500BFF8BC08BC1A
:105CC0009E467047F8B500BFF8BC08BC9E467047BA
:105CD0007AFFFFFFFF8FFFFFFF8FFFFFFE8FFFFFAA
:105CE000FE8FFFFFFD8FFFFFFC8FFFFFFC8FFFFF8D
:105CF0004661696C20746F206163717569726520FB
:105D00006D757465780A00004661696C20746F20B7
:105D1000696E63726561736520504D20636F756EA7
:105D20007465720A000000004661696C20746F207F
:105D3000646563726561736520504D20636F756E95
:105D40007465720A000000004661696C20746F205F
:105D500072656C65617365206D757465780A000005
:105D6000436F756C64206E6F74206C6F636B207072
:105D70006F7765722073617665206D757465780044
:105D80006D757465785F667265652063616C6C65BE
:105D9000642077697468204E554C4C2070617261A4
:105DA0006D6574657200000043616E277420696E32
:105DB000697469616C697A65206D757465782C20E9
:105DC000776173204E554C4C0D0A00004661696C9A
:105DD00020746F20756E6C6F636B206D75746578C1
:105DE0000A0000000A637478206973204E554C4CF9
:105DF0000A00000067E6096A85AE67BB72F36E3C75
:105E00003AF54FA57F520E518C68059BABD9831F85
:105E100019CDE05BD89E05C107D57C3617DD703003
:105E200039590EF7310BC0FF11155868A78FF96467
:105E3000A44FFABE0123456789ABCDEFFEDCBA98CB
:105E400076543210F0E1D2C3B811002054464D5FB1
:105E500043525950544F0054464D5F504C415446A4
:105E60004F524D5F534552564943450000000000D4
:105E70000000000000000000000000000000000022
:107C00007FE97FE9FBF79EBE7FE97FE9FBF7ACBE2A
:107C10007FE97FE9FBF7DEBE7FE97FE9FBF7CCBEBA
:107C20007FE97FE9FBF7B2BE000000000000000022
:107C30000000000000000000000000000000000044
:107C40000090D003009000500000000000000000F1
:107C50000000000000000000000000000000000024
:107C60000000000000000000000000000000000014
:107C70000000000000000000000000000000000004
:107C800000000000000000000000000000000000F4
:107C90000000000000000000783600000400000032
:107CA0000000000000000000FFFFFFFFFFFFFFFFDC
:107CB000FFFFFFFFFFFFFFFF0000000000000000CC
:107CC00000000000000000000000000000000000B4
:107CD0000000D6010000000000000700781200201C
:107CE000181200204401000090ED00E000A00350B5
:107CF0007FA60350009000506F950050775C000005
:107D0000E15B0000DD5B0000F75A00005411002029
:107D1000841100207C1100207811002074110020B3
:107D2000F1470000E5470000D947000000000000CF
:107D3000FD470000B0110020A8110020A011002074
:107D4000000000009811002009490000554800007B
:107D500089480000D14800006C2500203A00003A14
:107D6000702500203A00003A742500203A00003ABD
:107D7000782500203A00003A0000000000000000D2
:107D800000000000000000000000000000000000F3
:107D900000000000000000000000000000000000E3
:107DA00000000000000000000000000000000000D3
:107DB00000000000000000000000000000000000C3
:107DC00000000000000000000000000000000000B3
:087DD0000000000000000000AB
:10800000A8810120E9E50000F1BC0100D5E50000F0
:10801000D5E50000D5E50000D5E50000D5E5000078
:108020000000000000000000000000008DE70000DC
:10803000D5E500000000000009E70000D5E50000DC
:108040002DE900002DE900002DE900002DE90000D8
:108050002DE900002DE900002DE900002DE90000C8
:108060002DE900002DE900002DE900002DE90000B8
:108070002DE900002DE900002DE900002DE90000A8
:108080002DE900002DE900002DE900002DE9000098
:108090002DE900002DE900002DE900002DE9000088
:1080A0002DE900002DE900002DE900002DE9000078
:1080B0002DE900002DE900002DE900002DE9000068
:1080C0002DE900002DE900002DE900002DE9000058
:1080D0002DE900002DE900002DE900002DE9000048
:1080E0002DE900002DE900002DE900002DE9000038
:1080F0002DE900002DE900002DE900002DE9000028
:108100002DE900002DE900002DE900002DE9000017
:108110002DE900002DE900002DE900002DE9000007
:108120002DE900002DE900002DE900002DE90000F7
:108130002DE900002DE900002DE900002DE90000E7
:048140002DE9000025
:1081480081F0004102E000BF83F0004330B54FEA00
:1081580041044FEA430594EA050F08BF90EA020F6D
:108168001FBF54EA000C55EA020C7FEA645C7FEA00
:10817800655C00F0E2804FEA5454D4EB5555B8BF23
:108188006D420CDD2C4480EA020281EA030382EA94
:10819800000083EA010180EA020281EA0303362D26
:1081A80088BF30BD11F0004F4FEA01314FF4801CF9
:1081B8004CEA113102D0404261EB410113F0004F0B
:1081C8004FEA03334CEA133302D0524263EB4303C2
:1081D80094EA050F00F0A780A4F10104D5F1200E60
:1081E8000DDB02FA0EFC22FA05F2801841F10001BB
:1081F80003FA0EF2801843FA05F359410EE0A5F18F
:1082080020050EF1200E012A03FA0EFC28BF4CF0BF
:10821800020C43FA05F3C01851EBE37101F0004575
:1082280007D54FF0000EDCF1000C7EEB00006EEB82
:108238000101B1F5801F1BD3B1F5001F0CD349080C
:108248005FEA30004FEA3C0C04F101044FEA445263
:1082580012F5800F80F09A80BCF1004F08BF5FEAEA
:10826800500C50F1000041EB045141EA050130BDCA
:108278005FEA4C0C404141EB0101013C28BFB1F5DC
:10828800801FE9D291F0000F04BF01460020B1FA27
:1082980081F308BF2033A3F10B03B3F120020CDAFA
:1082A8000C3208DD02F1140CC2F10C0201FA0CF0D8
:1082B80021FA02F10CE002F11402D8BFC2F1200C3D
:1082C80001FA02F120FA0CFCDCBF41EA0C019040F3
:1082D800E41AA2BF01EB0451294330BD6FEA04043C
:1082E8001F3C1CDA0C340EDC04F11404C4F1200227
:1082F80020FA04F001FA02F340EA030021FA04F339
:1083080045EA030130BDC4F10C04C4F1200220FA8F
:1083180002F001FA04F340EA0300294630BD21FACD
:1083280004F0294630BD94F0000F83F4801306BF93
:1083380081F480110134013D4EE77FEA645C18BF87
:108348007FEA655C29D094EA050F08BF90EA020F1E
:1083580005D054EA000C04BF1946104630BD91EA16
:10836800030F1EBF0021002030BD5FEA545C05D119
:108378004000494128BF41F0004130BD14F5800458
:108388003CBF01F5801130BD01F0004545F0FE41CC
:1083980041F470014FF0000030BD7FEA645C1ABF01
:1083A800194610467FEA655C1CBF0B46024650EA38
:1083B800013406BF52EA033591EA030F41F4002164
:1083C80030BD00BF90F0000F04BF0021704730B5EA
:1083D8004FF4806404F132044FF000054FF00001BF
:1083E80050E700BF90F0000F04BF0021704730B580
:1083F8004FF4806404F1320410F0004548BF404255
:108408004FF000013EE700BF42004FEAE2014FEAA9
:1084180031014FEA02701FBF12F07F4393F07F4F84
:1084280081F06051704732F07F4208BF704793F087
:108438007F4F04BF41F40021704730B54FF460749A
:1084480001F0004521F000411CE700BF50EA01029D
:1084580008BF704730B54FF000050AE050EA010246
:1084680008BF704730B511F0004502D5404261EBB6
:1084780041014FF4806404F132045FEA915C3FF4F7
:10848800D8AE4FF003025FEADC0C18BF03325FEA94
:10849800DC0C18BF033202EBDC02C2F1200300FA45
:1084A80003FC20FA02F001FA03FE40EA0E0021FA6A
:1084B80002F11444BDE600BF70B54FF0FF0C4CF458
:1084C800E06C1CEA11541DBF1CEA135594EA0C0F0A
:1084D80095EA0C0F00F0DEF82C4481EA030621EA45
:1084E8004C5123EA4C5350EA013518BF52EA033580
:1084F80041F4801143F4801338D0A0FB02CE4FF032
:108508000005E1FB02E506F00042E0FB03E54FF061
:108518000006E1FB03569CF0000F18BF4EF0010E59
:10852800A4F1FF04B6F5007F64F5407404D25FEA55
:108538004E0E6D4146EB060642EAC62141EA555108
:108548004FEAC52040EA5E504FEACE2EB4F1FD0C4A
:1085580088BFBCF5E06F1ED8BEF1004F08BF5FEAC8
:10856800500E50F1000041EB045170BD06F000467A
:1085780046EA010140EA020081EA0301B4EB5C0427
:10858800C2BFD4EB0C0541EA045170BD41F480111F
:108598004FF0000E013C00F3AB8014F1360FDEBF44
:1085A800002001F0004170BDC4F10004203C35DA20
:1085B8000C341BDC04F11404C4F1200500FA05F3A3
:1085C80020FA04F001FA05F240EA020001F0004244
:1085D80021F0004110EBD37021FA04F642EB0601BA
:1085E8005EEA430E08BF20EAD37070BDC4F10C04E4
:1085F800C4F1200500FA04F320FA05F001FA04F2A8
:1086080040EA020001F0004110EBD37041F1000193
:108618005EEA430E08BF20EAD37070BDC4F120059E
:1086280000FA05F24EEA020E20FA04F301FA05F206
:1086380043EA020321FA04F001F0004121FA04F2AE
:1086480020EA020000EBD3705EEA430E08BF20EA7E
:10865800D37070BD94F0000F0FD101F000464000B8
:1086680041EB010111F4801F08BF013CF7D041EA3A
:10867800060195F0000F18BF704703F0004652003E
:1086880043EB030313F4801F08BF013DF7D043EA0F
:108698000603704794EA0C0F0CEA135518BF95EAC5
:1086A8000C0F0CD050EA410618BF52EA4306D1D14C
:1086B80081EA030101F000414FF0000070BD50EA6B
:1086C800410606BF1046194652EA430619D094EAF5
:1086D8000C0F02D150EA013613D195EA0C0F05D1DF
:1086E80052EA03361CBF104619460AD181EA030133
:1086F80001F0004141F0FE4141F470014FF00000EB
:1087080070BD41F0FE4141F4780170BD70B54FF085
:10871800FF0C4CF4E06C1CEA11541DBF1CEA135505
:1087280094EA0C0F95EA0C0F00F0A7F8A4EB0504E7
:1087380081EA030E52EA03354FEA013100F08880DE
:108748004FEA03334FF0805545EA131343EA1263A7
:108758004FEA022245EA111545EA10654FEA00265C
:108768000EF000419D4208BF964244F1FD0404F515
:10877800407402D25B084FEA3202B61A65EB030571
:108788005B084FEA32024FF480104FF4002CB6EB2E
:10879800020E75EB030E22BFB61A754640EA0C00AE
:1087A8005B084FEA3202B6EB020E75EB030E22BFEE
:1087B800B61A754640EA5C005B084FEA3202B6EB2F
:1087C800020E75EB030E22BFB61A754640EA9C00EE
:1087D8005B084FEA3202B6EB020E75EB030E22BFBE
:1087E800B61A754640EADC0055EA060E18D04FEA7C
:1087F800051545EA16754FEA06164FEAC30343EA1C
:1088080052734FEAC2025FEA1C1CC0D111F4801FE8
:108818000BD141EA00014FF000004FF0004CB6E7E1
:1088280011F4801F04BF01430020B4F1FD0C88BF80
:10883800BCF5E06F3FF6AFAEB5EB030C04BFB6EB8B
:10884800020C5FEA500C50F1000041EB045170BD7E
:108858000EF0004E4EEA113114EB5C04C2BFD4EBAB
:108868000C0541EA045170BD41F480114FF0000E2F
:10887800013C90E645EA060E8DE60CEA135594EAAB
:108888000C0F08BF95EA0C0F3FF43BAF94EA0C0FAE
:108898000AD150EA01347FF434AF95EA0C0F7FF423
:1088A80025AF104619462CE795EA0C0F06D152EA77
:1088B80003353FF4FDAE1046194622E750EA41065B
:1088C80018BF52EA43067FF4C5AE50EA41047FF46C
:1088D8000DAF52EA43057FF4EBAE12E74FF0FF3CD1
:1088E80006E000BF4FF0010C02E000BF4FF0010CA2
:1088F8004DF804CD4FEA410C7FEA6C5C4FEA430C1B
:1089080018BF7FEA6C5C1BD001B050EA410C0CBF69
:1089180052EA430C91EA030F02BF90EA020F0020CB
:10892800704710F1000F91EA030F58BF994208BF32
:1089380090422CBFD8176FEAE37040F001007047EF
:108948004FEA410C7FEA6C5C02D150EA013C07D146
:108958004FEA430C7FEA6C5CD6D152EA033CD3D091
:108968005DF8040B704700BF8446104662468C468B
:108978001946634600E000BF01B5FFF7B7FF0028BE
:1089880048BF10F1000F01BD4DF808EDFFF7F4FFE7
:108998000CBF012000205DF808FB00BF4DF808ED72
:1089A800FFF7EAFF34BF012000205DF808FB00BF95
:1089B8004DF808EDFFF7E0FF94BF012000205DF8B7
:1089C80008FB00BF4DF808EDFFF7CEFF94BF01206C
:1089D80000205DF808FB00BF4DF808EDFFF7C4FF65
:1089E80034BF012000205DF808FB00BF4FEA4102B8
:1089F80012F5001215D211D56FF47873B3EB6252E9
:108A080012D94FEAC12343F0004343EA505311F00F
:108A1800004F23FA02F018BF404270474FF00000A1
:108A2800704750EA013005D111F0004008BF6FF0DF
:108A3800004070474FF00000704700BF4FEA410206
:108A4800B2F1E04324BFB3F5001CDCF1FE5C0DD9A4
:108A580001F0004C4FEAC0024CEA5070B2F1004FEE
:108A680040EB830008BF20F00100704711F0804FF1
:108A780021D113F13872BCBF01F00040704741F4B6
:108A880080114FEA5252C2F11802C2F1200C10FABA
:108A98000CF320FA02F018BF40F001004FEAC1239E
:108AA8004FEAD32303FA0CFC40EA0C0023FA02F342
:108AB8004FEA4303CCE77FEA625307D150EA013318
:108AC8001EBF4FF0FE4040F44000704701F00040E8
:108AD80040F0FE4040F40000704700BF7BB972B917
:108AE8000029BEBF00204FF0004106E008BF002863
:108AF8001CBF6FF000414FF0FF3000F057B8ADF1E8
:108B0800080C6DE904CE002909DB002B1ADB00F004
:108B180069F8DDF804E0DDE9022304B0704740425B
:108B280061EB4101002B1BDB00F05CF8DDF804E091
:108B3800DDE9022304B0404261EB4101524263EB9C
:108B480043037047524263EB430300F04BF8DDF8F0
:108B580004E0DDE9022304B0404261EB41017047C3
:108B6800524263EB430300F03DF8DDF804E0DDE931
:108B7800022304B0524263EB4303704753B94AB926
:108B8800002908BF00281CBF4FF0FF314FF0FF300D
:108B980000F00CB8ADF1080C6DE904CE00F022F835
:108BA800DDF804E0DDE9022304B07047704700BF38
:108BB80010F8012B11F8013B012A28BF9A42F7D07F
:108BC800D01A7047034611F8012B03F8012B002A2D
:108BD800F9D17047034613F8012B002AFBD1181A64
:108BE800013870472DE9F04786468C460846089EAE
:108BF800154674461946002B40F0C1808542B2FAEA
:108C080082F245D94AB1C2F1200300FA02FC95402C
:108C180094402EFA03F343EA0C0C4FEA154EA8B21F
:108C2800230CBCFBFEF80EFB18CC08FB00F943EA4A
:108C38000C43994528D9EB1808F1FF3704D2994518
:108C480002D9A8F102072B44A3EB0903A4B2B3FB92
:108C5800FEFC0EFB1C330CFB00F044EA0344A0426C
:108C680014D92C190CF1FF3304D2A04202D9ACF16B
:108C780002032C44241A43EA07401EB1D4400023BF
:108C880034607360BDE8F0874746DDE76346F1E787
:108C980092BB431B01214FEA154EAFB2200CB3FB28
:108CA800FEFC0EFB1C330CFB07F840EA0343984517
:108CB80061D9EB180CF1FF3004D2984502D9ACF118
:108CC80002002B44A3EB0803A4B2B3FBFEFC0EFB8B
:108CD8001C330CFB07F744EA0344A7424DD92C196F
:108CE8000CF1FF3304D2A74202D9ACF102032C44A1
:108CF800E41B43EA0040C0E7C2F1200395409440DA
:108D080020FA03F12EFA03F34FEA154E9040AFB262
:108D18000343B1FBFEFC0EFB1C10190C0CFB07F8FF
:108D280041EA0041884522D969180CF1FF3004D284
:108D3800884502D9ACF102002944A1EB08019BB295
:108D4800B1FBFEFC0EFB1C110CFB07F743EA0143C9
:108D58009F420ED9EB180CF1FF3104D29F4202D981
:108D6800ACF102012B44DB1B41EA004193E760466A
:108D7800E3E76146F7E76046A4E76346B8E783425E
:108D880006D916B9002108467CE7C6E900E0F9E7EC
:108D9800B3FA83F78FB9834201D3724508D8BEEB83
:108DA800020460EB030301209C461EB9002169E719
:108DB8003846FAE7C6E9004CF8E7C7F1200CBB4093
:108DC8000EFA07F522FA0CF42EFA0CF1BA401C43FD
:108DD80020FA0CF3B8404FEA144901431FFA84FE05
:108DE800B3FBF9F809FB18300B0C08FB0EFA43EA41
:108DF80000439A4540D9E31808F1FF3004D29A4558
:108E080002D9A8F102002344A3EB0A0389B2B3FBF9
:108E1800F9F809FB183308FB0EFE41EA03418E45B9
:108E28002CD9611808F1FF3304D28E4502D9A8F174
:108E38000203214443EA0040A1EB0E01A0FB029883
:108E48004145CE46434602D306D14D4504D20138AA
:108E5800B9EB020E68EB0403002EA7D0B5EB0E02A7
:108E680061EB030101FA0CFC22FA07F3F9404CEA22
:108E78000303C6E9003199E74046C5E74346D9E709
:108E88002DE9F04F89B03C4B02AF804653F8205093
:108E980039603A4E2946B3683046FB6007F1100244
:108EA8005B689847002818DBD7E9044A344B4FF031
:108EB800FF39A4FB03B203FB0A23BB6058462CA36B
:108EC800D3E90023B968FFF759FE2E4BBA68D94594
:108ED8009341786016D26FF085006C468AB002AA7A
:108EE800294B1062536108F10103C2E906350523D5
:108EF80042F8103F00234FF42151244804F0B8FCF5
:108F0800A54631E03B684FF4E162B42BA8BFB42317
:108F180023EAE3735343B422B3FBF2F34FF47A72B8
:108F280003F516735343A3FB04B403FB0A4410A3CD
:108F3800D3E9002321465846FFF720FE114AD945B8
:108F480072EB04040346C6D37A68824202D26FF0F9
:108F58001500C2E700220092FA68294614683046D4
:108F68007A68A0470028B8D11C37BD46BDE8F08F05
:108F780000CA9A3B00000000EC1B020070140200BB
:108F8800002D3101FFC99A3B353702009C180200B9
:108F980010B503210C4A0D4812F0CCFD00F03CF846
:108FA800044640B900F056F84FF0FF314FF0FF305B
:108FB80017F0D8FAF8E701210346054A034812F0EA
:108FC800C2FD204610BD00BFCE2302002C180200AF
:108FD800F323020000B5A9B003F054F80A4A034687
:108FE800A02168460FF0B0FA9F28024606D9074923
:108FF800074811F046FD29B05DF804FB69460548AD
:1090080003F0C8F9F7E700BF142402005A2402004D
:10901800841702007824020008B50A4A03210A4886
:1090280012F088FD00F024FC00F0C8FC00F088FF76
:1090380003F09AFA01F08CF80449054800F0ACF8FE
:10904800002008BD7D2402008417020095AA0100B3
:109058008E24020010B5ADF5067D2C4A03212C485C
:1090680012F068FD02F0CCFB024618B129492848E5
:1090780011F007FD00F090FB024638B1264924485C
:109088000DF5067DBDE8104011F0FBBC02F036FF7F
:10909800024608B12149F2E700F0AEFD024608B1E8
:1090A8001F49ECE701F05CF8024608B11D49E6E704
:1090B80001F012FC024618B11B49154811F0E1FCF9
:1090C80001F092FE024618B11849114811F0D9FC76
:1090D80002F09EFA024618B115490D4811F0D1FC6C
:1090E80002F006FB024618B11249094811F0C9FC02
:1090F800114C4FF0FF324FF0FF33694620460DF018
:10910800FBFD684600F096F8F3E700BF92240200E2
:1091180084170200B4240200CE240200E8240200CE
:1091280006250200212502003F25020054250200E1
:109138006F25020086250200B0C9002070B50446DC
:1091480003780221074A084812F0FDFC074D28461B
:1091580016F073FF002221462846BDE87040002320
:1091680016F064BFAE2502007C170200B0C90020CB
:1091780010B5044658B1002201460023054816F0F0
:1091880055FF30B12046BDE81040FFF7D7BF6FF05C
:10919800150010BDB0C9002098B500AF002938D01F
:1091A8001D4C23680F2B16D96C4688B06A461B4B9A
:1091B800C2E905304FF400739383194B42F8103F0E
:1091C800184800234FF4E25104F052FB6FF00B00F3
:1091D800A546BD4698BD144A42F8330002EBC302C7
:1091E800013323606C468AB051606A46D3614FF4FC
:1091F80000730E4913840E4BC2E9051042F8103F64
:10920800084800234FF4135104F032FB0020A54610
:10921800DFE76FF01500DCE730DC0020E125020015
:10922800030000017C17020034DC00200B2602003A
:1092380004000001F8B505460024064E064F3368C1
:10924800A34200D8F8BD57F834302846984701346F
:10925800F5E700BF30DC002038DC002080B50728A7
:1092680000AF17D00C4B0D4A092808BF134688B029
:109278006A460B49C2E905134FF400739383094BFF
:1092880042F8103F00234FF4E651074804F0F0FA83
:10929800BD4680BD054BEAE73F2602008D56020019
:1092A80044260200030000012418020039260200A7
:1092B800B0B590B000AF044640220846394609F0E0
:1092C80053FE002812DD6D468AB06A46094BD76105
:1092D800C2E90534084B1362084B42F8103F0023DB
:1092E8004FF42351064804F0C3FAAD464037BD4653
:1092F800B0BD00BF582602000002010304000002AE
:1093080024180200F0B5A1B06D4600AF88B00C4635
:109318006A464FF40076504B9683C2E905304F4BAE
:1093280042F8103F00234FF4E6514D4804F0A0FAEC
:109338001022AD463946002009F016FE002850DC00
:1093480001214848FFF7B4FF04214748FFF7B0FF61
:109358000A214648FFF7ACFF002C6ED18021384621
:10936800434A0BF023FFC8B93846424917F008FCB6
:1093780000B104706C468AB06A463F4B53613F4B5C
:10938800C2E906373E4B13623E4B42F8103F0023BA
:109398004FF42351324804F06BFAA5468021384631
:1093A800394A0BF003FF0446002852D138463149A8
:1093B80017F0E6FB00B104706C468AB06A462E4B83
:1093C8005361324BC2E906372D4B13622D4B42F8DD
:1093D800103F00234FF42351214804F049FAA546D1
:1093E80037E0384617F060FBFF28294B00D098B9C2
:1093F8006D4688B06A462749C2E905134FF40073E1
:109408009383164B42F8103F00234FF4E45114485D
:1094180004F02EFAAD4693E78AB06A461E49968450
:10942800C2E90513A0F18C03C2E907301B4B42F8CF
:10943800103F00234FF43351E9E705211848FFF79F
:1094480037FF08211748FFF733FF03211648FFF7B6
:109458002FFF8437BD46F0BD6326020003000001DC
:1094680024180200405B0200D95A02007D2602003F
:10947800E12602009955020058260200E92602005A
:109488000002010304000002F12602008F530200CB
:10949800BB59020082260200B32602000500000123
:1094A800CB260200D4260200DC26020007B502F013
:1094B800D7FC14F0EAFE034630B302212F4A3048A5
:1094C80012F041FB2F4808F06FFF03212E4A2C4869
:1094D80012F030FB2D4D2A4C2D4E03212A462046F2
:1094E80012F028FB002008F06BFF0346A8B10A22FF
:1094F800012100922046274A12F02FFB00214FF449
:10950800A02017F02FF8E8E70122234BD3E8EF1F3C
:10951800C3E8E02F0028D5D0F8E74FF470220023E5
:1095280030460DF08DFF4FF0FF324FF0FF331B48F0
:109538000DF07AFD03212046194A12F0FBFA164B6A
:10954800D3E8AF3F1BB101211648FFF7DBFE00222D
:109558000120114611F0A0FA4FF0FF324FF0FF330F
:1095680011480DF061FD02212046104A12F0E2FA7E
:1095780000220220114611F08FFAAEE7FB26020006
:1095880024180200DD95000030270200452702005C
:1095980080C500207F270200B4DC002088CA002094
:1095A800AE270200AC2A020070CA0020B8270200C9
:1095B80010B507F031FE034630B1BDE81040012177
:1095C800024A034812F0BFBAFFF770FFDC27020017
:1095D8002418020098B5047800AF1CB1052C6AD095
:1095E800BD4698BD037A052B08D84BB15A1E042AEC
:1095F80006D8DFE802F0133C420513005A2B4DD081
:1096080002212F4A2F4812F09EFA00212E4BD3E850
:10961800EF2FC3E8E01F00283CD0F8E72B4A2C497D
:109628006C4688B0012B08BF11466A46294BC2E92F
:1096380005314FF400739383274B42F8103F002302
:109648004FF4E6511F4804F013F90121A5461E4BBB
:10965800D3E8EF2FC3E8E01F0028F9D1002ABFD1D3
:109668001E4816F082FE1E480DF0A4FCB8E7032140
:109678001C4A144812F05EFAB2E701211A4A11484E
:1096880012F058FA0021104BD3E8EF2FC3E8E01F7F
:109698000028F9D1012AA3D11448E5E70121144A89
:1096A800084812F047FA084BD3E8EF2FC3E8E14F18
:1096B8000029EFD0F8E7007AFFF7D0FD90E700BF68
:1096C8009728020024180200B8DC0020EE2E0200C1
:1096D800052F02000F2802000300000180C50020AA
:1096E80088CA00202E2802004B28020070CA0020D9
:1096F8008428020010B50321094A0A4812F01AFA10
:10970800094BD3E8AF3F1BB100210848FFF7FAFD2A
:10971800BDE810404FF47022002305480DF090BEBC
:10972800B228020024180200B4DC0020F12802004C
:1097380080C50020034BD3E8AF3F0BB9FFF7DABF72
:10974800704700BFB8DC0020B0B50446056800AF1C
:10975800284608F0CFFB63686C468AB06A46C2E9BF
:10976800070340F2013309499384094BC2E90515FF
:1097780042F8103F00234FF43151064804F078F8BE
:10978800A54603F0A5FF012003F042FCFB280200D8
:10979800050000012418020010B588B0002200233B
:1097A8000024CDE9062307234FF40062CDE90334F2
:1097B800CDE90144074B0849084800940DF0ACFE78
:1097C80028B1074916F0EEFD204608B010BD6FF02D
:1097D8000B00FAE7B99500006816012090CB00202D
:1097E8002F29020002289ABF024B53F82000024892
:1097F800704700BFC81B0200285B0200024698B5EC
:10980800124B00AFD3E8EF0FC3E8E12F0029F9D1DD
:10981800C0B2824218D0FFF7E5FF01461046FFF7B5
:10982800E1FF6C468AB06A46094BD061C2E905314E
:10983800084B1362084B42F8103F00234FF42351A2
:10984800064804F015F8A546BD4698BDBCDC0020C6
:10985800382902000002010304000002BC170200BC
:10986800024BD3E8AF0FC0B2704700BFBCDC00208A
:1098780001490248FFF790BC03AB010048290200E8
:10988800F0B5F9B008AF381D02F0A4FD7E68002ECF
:1098980054D03278404B002A08BF1E4616F0EFFE1F
:1098A8004FF47A72A0FB020302FB0131C20BB868C5
:1098B80042EA4142C90B002842D00478364B002CBA
:1098C80008BF1846FC68002C3CD02578324B002D88
:1098D80008BF1C463D69002D36D095F800C02E4BB8
:1098E800BCF1000F08BF1D463B7D7BB307F1140395
:1098F80097F828C0BCF1000F2AD007F1280CCDE951
:10990800063C264BCDE90021CDE90445039002939E
:109918004FF4C0713346224A07F140000EF014FE9E
:10992800B0F5C07F044616D303461E4A01211E48DF
:1099380012F009F907F5E277BD46F0BD164EADE71E
:109948001548BFE7144CC5E7134DCDE7124BCFE7D9
:10995800DFF844C0D3E7154D024607F14001284619
:1099680002F018FD034608B1114ADFE76E468AB0D7
:1099780008A9104ACC61C1E905254FF400720A8490
:109988000A460D4942F8101F4FF41351064803F0D8
:109998006FFFB546CEE700BF6B290200FD4302000A
:1099A800732902001B2A02009418020008440200CE
:1099B800412A0200612A020004000001014902480C
:1099C800FFF7EABB49AB01008D2A020010220020F4
:1099D8002DE9F04FF7B00EAFB918387409F0C4FA92
:1099E800002804DC674907F11000FFF7EBF81022A4
:1099F8000B2007F1200109F0B7FA002800F3928044
:109A08004FF0FF39604807F1200111F096FB00285C
:109A180040F09180D7F824B007F1200016F0C9FC77
:109A28000646002840F08A80D7E908CED7E90A011F
:109A3800564D574CD5E90023BCEB02026EEB0303ED
:109A4800D4E900A8C4E9000152EA0304C5E900CE3C
:109A58000BD06424B0EB0A00A0FB040561EB0801FD
:109A680004FB0151FFF78AF80646FFF7F9FE824624
:109A780000F0A8FF002864D100F09AFF454B464A41
:109A8800002818BF13463B6002F0FCFAF86016F095
:109A9800F6FD4FF47A75A0FB050805FB0188C40B99
:109AA80044EA48444FEAD83816F0E9FDA0FB05021D
:109AB80005FB0121C50BCB0B45EA4145BB6002F014
:109AC800D7FA3649364A002808BF0A4650467A600F
:109AD800FFF788FE3B68CDE909B6CDE90B0307F12E
:109AE80010037A68CDE9069308920495BB68CDE91E
:109AF800004805932B4B4FF4C0710293FB682A4A28
:109B080007F120000EF020FDB0F5C07F03461AD300
:109B18000121264A264812F016F807F5D277BD46E5
:109B2800BDE8F08F07F1200016F0BEFFB0F1000984
:109B38003FF768AF64E74FF0FF3B6DE74FF0FF3644
:109B480093E71C4B9FE71C4C024607F12001204677
:109B580002F020FC034610B10221184ADAE76D46EC
:109B680088B00EAA1649C2E905144FF40071918312
:109B7800144942F8101F4FF4E6510D4803F078FEDF
:109B8800AD46CAE76B290200C0C8002030CC0020CF
:109B980028CC00209A2A0200A22A0200A92A020040
:109BA800AC2A0200FD430200B62A02009C2B0200E8
:109BB800EC170200AB610200BF2B0200C92B0200A8
:109BC800E62B02000300000108B51E230321084A02
:109BD800084811F0B8FF00214FF4702016F0C2FCBD
:109BE80002F046FA0028F6D0FFF7F0FEF3E700BFD0
:109BF800042C0200EC17020010B588B000220023E4
:109C08000024CDE9062309234FF40062CDE903348B
:109C1800CDE90144074B0849084800940DF07CFC45
:109C280028B1074916F0BEFB204608B010BD6FF0FA
:109C38000B00FAE7D19B0000681E012038CC0020F9
:109C4800BF2B020070B5064688B015461C461A4A56
:109C58000B46684620210EF077FC3046694616F020
:109C6800B6FF0646A0B16846FEF7B4FF3A21304475
:109C780016F02EFF60B1013010F8011B2029FBD02F
:109C88000929F9D0222903D1064616F021FF10B977
:109C9800002008B070BD013C801B844228BF0446E8
:109CA80031462246284616F0D0FE0023E01A18BF97
:109CB80001202B55EDE700BF2C2C020010B5E2B0B7
:109CC800044602F0DFF90A4A03464FF4C0710094D3
:109CD80002A80EF039FCB0F5C07F024605D205484F
:109CE80002A902F057FB62B010BD6FF01B00FAE743
:109CF800312C02004F2C02002DE9F041ADF51C7DFE
:109D0800037802AF082B5CD1058A07F16404B5F526
:109D1800007F28BF4FF4007500F112012A46204643
:109D280016F093FE0023635507F134052A466D4962
:109D38003B752B7020463023FFF784FF20232046F5
:109D4800694907F11402FFF77DFF30B92023204647
:109D5800664907F11402FFF775FF97F81480B8F108
:109D6800000F13D123787B2B10D02046FEF732FF4B
:109D78001F2828BF1F2006460246214607F1140067
:109D880016F063FE07F1140303F806802B7893B9E5
:109D980016F075FC4FF47A72A0FB020302FB013146
:109DA800C00B40EA4140C90BCDE90001504A3021BF
:109DB80028460EF0C9FB3B7D43B94FF4C870FFF746
:109DC8007DFF07F51A77BD46BDE8F0816C468AB07D
:109DD80002AA484BC2E9053507F11403D361464B83
:109DE8001362464B42F8103F4FF423514448002376
:109DF80003F03EFD4349A54607F11400FEF7D8FEDF
:109E080000286DD0404907F11400FEF7D1FE002864
:109E180066D03E4907F11400FEF7CAFE68B901F0A2
:109E280035F8CA20FFF74AFF03460028C9D00221A7
:109E3800374A334811F087FEC3E7364907F1140063
:109E4800FEF7B6FE28B1344907F11400FEF7B0FE5C
:109E580090B9324A07F114031021381D0EF074FB33
:109E6800431E0E2B024604D8391D0A2010F014FE9A
:109E7800D7E74FF4FA70D5E7294907F11400FEF740
:109E880097FEE8B1274907F11400FEF791FEB8B133
:109E9800254907F11400FEF78BFE88B1234907F125
:109EA8001400FEF785FE58B1214907F11400FEF7AA
:109EB8007FFE28B11F4907F11400FEF779FE38B973
:109EC80002201D4A084910F0BDFE40F2F510A9E72E
:109ED80002201A4A044910F0B5FE4FF4CA70A1E7EF
:109EE800C8209FE7A05A0200D83702005A2C020067
:109EF8005E2C0200632C0200000201030400000231
:109F0800A4170200792C0200842C0200912C020074
:109F1800242D02009B2C0200A02C0200A62C02007B
:109F2800AC2C0200B32C0200BE2C0200C82C02008C
:109F3800D32C0200DE2C0200EC2C02000A2D0200B9
:109F480001490248FFF728B9019D0000D8370200EF
:109F580004232DE9F041ADF5427D0CAF07F108056A
:109F68006149284607F12006FB71FEF72BFE5E4982
:109F78003046FEF727FE5C4907F13800FEF722FE5F
:109F8800594907F15000FEF71DFE574907F16800CF
:109F9800FEF718FE544907F18000FEF713FE5249F8
:109FA80007F19800FEF70EFEF81D14F04CF9044670
:109FB80007F1B00014F04BF968BB1821B7F9BA30B3
:109FC8004A4A28460EF0C0FA1821B7F9BC30474A69
:109FD80030460EF0B9FA1821D7F8D430444A07F1C0
:109FE80050000EF0B1FA1821D7F8CC303F4A07F1EB
:109FF80068000EF0A9FA1821D7F8D0303B4A07F1CB
:10A0080080000EF0A1FA1821B7F9C430374A07F1D9
:10A0180098000EF099FA02F035F8804616F02FFBFA
:10A0280002464FF47A70A2FB002300FB0131D20BE9
:10A0380042EA4142C90B002C33D1FC79052C96BF6A
:10A048002C4B294B53F8243007F198000B9007F15B
:10A0580080000A9007F168000990039307F1500007
:10A06800254B089007F13800CDE90021CDE90660BD
:10A0780002934FF400714346CDE904451F4A07F1A6
:10A08800D8000EF061FAB0F5007F03460DD3012128
:10A098001B4A1C4811F057FD07F53677BD46BDE849
:10A0A800F0814FF0FF34104BCEE7174C024607F112
:10A0B800D801204602F06EF9034610B10221134A76
:10A0C800E7E76D4688B00CAA1149C2E905144FF4B8
:10A0D800007191830F4942F8101F4FF4E651094867
:10A0E80003F0C6FBAD46D7E76B2902002B600200E0
:10A0F800CA590200D41B0200FD430200562D02007B
:10A108001D2E0200741802003E2E0200462E020088
:10A118006D2E02000300000108B53C2303210A4A02
:10A128000A4811F010FD00214FF4F01016F01AFA49
:10A13800FFF796FB0228F6D101F09AFF0028F2D02B
:10A14800FFF706FFEFE700BF952E02007418020024
:10A1580001490248FFF720B855AB0100C72E02009D
:10A1680010B588B0002200230024CDE90623092376
:10A178004FF40062CDE90334CDE90144074B0849A7
:10A18800084800940DF0C8F928B1074916F00AF9F3
:10A19800204608B010BD6FF00B00FAE721A10000BF
:10A1A80068260120D0CC0020C72E02002DE9D0431C
:10A1B8000C4600210EF014FA0022134B8046894603
:10A1C800FEF7A4FAFEF712FCFEF70CF900220E4B7C
:10A1D80006460F46FEF770F902460B4640464946CA
:10A1E800FDF7B2FF0022094BFEF790FA3B463246D4
:10A1F800FDF7ACFF237803F0FB03532B02D101F1E9
:10A2080000431946BDE8D0830000594000004E4085
:10A2180002460B4601480CF0D3BD00BF24C90020FC
:10A2280001480CF045BE00BF24C9002030B50D28F8
:10A2380097B01CD0124D0A282C681AD1ACB1532CF7
:10A2480028BF5324684622460E4916F0FEFB00221A
:10A2580004F158036B4403F8582CADF8544000221D
:10A2680000236946084815F0E1FE00232B6017B06B
:10A2780030BD522CF9D8631C2B60024B1855F6E7F9
:10A28800D4DC00200CE7002010CA00200221024A7A
:10A29800024811F04FBC00BF0D2F0200E417020066
:10A2A80070B501240B4B1C600B48802283680B4956
:10A2B800DD684CF25033A847034630B12146BDE86B
:10A2C8007040074A074810F047BCBDE87040FFF7E8
:10A2D800DDBF00BFD8DC0020F013020060E70020DB
:10A2E800232F0200E4170200F8B50B780C46023B56
:10A2F80000AF042B0ED8DFE803F00F110D262D0058
:10A30800D4E901322B44985CFFF790FF0135E368EC
:10A31800AB42F5D8BD46F8BD0025F8E7364C836852
:10A32800256836491B69802201EBC5119847034609
:10A3380020B10221324A334810F00EFC236883F022
:10A3480001032360E6E74FF4804200232E480DF016
:10A3580043F8DFE701212D4B1A6801321A602C4AB5
:10A36800D2E8EF0FC2E8E51F002DF9D1186888423E
:10A3780005D00A22B0FBF2F302FB13032BBB2179B1
:10A388004B072ED48E072ED4CD072ED40A072ED4F1
:10A398008B062ED41F4A11F0100F1F4B18BF1346FF
:10A3A8006D468AB06A461D4EC2E90710C2E90563C8
:10A3B8004FF4007393841A4B42F8103F00234FF474
:10A3C8003251104803F054FAAD46002523699D42E6
:10A3D800A0D2D4E902322B44985CFFF727FF01355D
:10A3E800F4E7104BDCE7104BDAE7104BD8E7104BDB
:10A3F800D6E7104BD4E700BFD8DC002060E7002088
:10A408006F2F0200E417020058CE0020C8DC00209D
:10A41800C0DC0020652F02006B290200962F020085
:10A4280005000001422F02004A2F0200512F0200AE
:10A43800592F02005F2F02002DE9F04F0523032159
:10A44800694A6A48ADF52D7D10F086FB684C694F66
:10A4580004F13A084FF420320023384636A90CF0AC
:10A468004BFC002840F0ED819DF8D830242B0CD00F
:10A47800614A13680133012B136040F0AB805F4AD7
:10A4880002215A4810F068FBE4E72A2136A816F0A2
:10A498001FFB0028ECD04378A3F13002092A04D925
:10A4A80023F02003413B052BE2D88378A3F1300247
:10A4B800092A04D923F02003413B052BD8D80025CD
:10A4C8000DF1D90302E013F8012B55409842FAD850
:10A4D8001022002101300EF043FBC0B28542C7D1E3
:10A4E800474A13680133012B136005D03C21B3FBA5
:10A4F800F1F201FB123222B90321424A3B4810F023
:10A508002BFB0121404BD3E8EF2FC3E8E01F0028C5
:10A51800F9D122B903213D4A344811F00BFB00223E
:10A528003B4BD3E8EF1FC3E8E02F0028F9D136A84A
:10A53800FEF750FB05288DD9032236490DF1DB00C3
:10A5480016F0F0FA0546002866D1042306211CAA55
:10A5580036A810F003FB042307211FAA36A810F021
:10A56800FDFA0C23082122AA36A810F0F7FA0C23CA
:10A578004CAA092136A810F0F1FA4FF0FF304FF03D
:10A58800FF31FFF745FE0A2229461CA80EF0E8FA1B
:10A59800C0B284F8380008B1012323700A220021D0
:10A5A8001FA80EF0DDFA9DF8883084F839002BB129
:10A5B800002122A80EF014F8C4E90C019DF83031EE
:10A5C8002BB100214CA80EF00BF8C4E90601FFF7E7
:10A5D80027FE3FE73C21B3FBF1F201FB1232002AD0
:10A5E8007FF438AF4BE700BFC82F0200E417020022
:10A5F80070CD002010CA0020CCDC002003300200FF
:10A60800D0DC002020300200C4DC00204C300200E6
:10A61800C0DC00205D30020003229D490DF1DB0003
:10A6280016F080FA00287FF415AF0C2301211FAA29
:10A6380036A810F093FA022314AA194636A810F087
:10A648008DFA1023032122AA36A810F087FA0223D4
:10A65800042115AA36A810F081FA102305214CAA66
:10A6680036A810F07BFA0223062116AA36A810F0A5
:10A6780075FA0C23072119AA36A810F06FFA0C23D3
:10A6880008211CAA36A810F069FA082317AA09217C
:10A6980036A810F063FA4FF0FF304FF0FF31FFF7A4
:10A6A800B7FD9DF850301FA9A3F141025342534111
:10A6B80040460B22237016F047FA0722754817A95F
:10A6C80016F042FA9DF8883073B19DF830315BB1CD
:10A6D80015A922A8FFF76AFDC4E9020116A94CA82A
:10A6E800FFF764FDC4E904019DF864302BB1002133
:10A6F80019A80DF075FFC4E908019DF870302BB159
:10A7080000211CA80DF06CFFC4E90A01FFF788FDC1
:10A7180015F0B5FF06468A46FFF7A2F802287FF42F
:10A7280099AE01F0A5FC00283FF494AE4FF47A7975
:10A7380041F2883CA6FB093109FB0A11564EDB0B96
:10A7480043EA4143D6E90002C90B181A61EB020239
:10A75800604572F10002FFF67DAEC6E900314FF0A8
:10A76800FF304FF0FF31FFF753FD50224B4922A82D
:10A7780016F06BF9FFF754FD01F084FC064615F05E
:10A788007EFFDDE92CABA0FB09039DF888E009FBFF
:10A798000131434A434BC00BBEF1000F18BF1A46A4
:10A7A8000DF1CE0313930DF1C20312939DF8C1303E
:10A7B80040EA414005939DF8C030C90BCDE9032319
:10A7C800394BCDE910ABDDE92AAB8DE80B00CDE9BB
:10A7D8000EABDDE92EAB3346CDE90CABDDE928AB9A
:10A7E8004FF4C071CDE90AABDDE926AB2F4ACDE9BC
:10A7F80008ABDDE924AB4CA8CDE906AB0DF0A4FE0F
:10A80800B0F5C07F064603D303460121284A38E63F
:10A8180002464CA9062010F03FF9324625484CA9BB
:10A8280001F0B8FD034608B1234A29E69DF88830AF
:10A838009DF8C120032100922048214A11F08DF98A
:10A8480008E600211F4BD3E8EF2FC3E8E01F0028DC
:10A85800F9D1012A05D1052302211B4A174810F016
:10A868007BF90122194BD3E8EF1FC3E8E02F00283A
:10A87800F9D1174883685B69984700283FF4EAAD27
:10A888004FF48042002313480CF0A6FDE2E500BF18
:10A8980061300200B6CD002068CD002070CD0020C8
:10A8A800C22F0200BD2F0200FD43020065300200E6
:10A8B8004B3102006D31020076310200E4170200CC
:10A8C80092310200C4DC0020B9310200C0DC002053
:10A8D800F013020058CE0020F0B589B0264D284666
:10A8E80015F01BFB48B90121244A254811F022F92B
:10A8F8006FF01204204609B0F0BDAF683B6863B141
:10A90800002228461F499847044648B123461E4A54
:10A9180001211B4810F020F9ECE76FF05704F5E728
:10A9280001261A491A4815F014FD1A4B1E604CF2FC
:10A938005033FC68802228461749A047044610B1C6
:10A948000346164AE4E700220023CDE9062309233B
:10A95800CDE90000CDE9020304904FF44062104BAA
:10A96800104911480CF0D8FD18B1104915F01AFD1E
:10A97800C0E76FF00B04BDE7F0130200E8310200F6
:10A98800E4170200F1A20000FB310200A9A20000B6
:10A9980058CE0020D8DC002060E7002018320200E2
:10A9A80041A40000682E0120C0CD002032320200F0
:10A9B800034BD3E8AF0F003818BF0120704700BF22
:10A9C800C4DC0020034BD3E8AF0F003818BF0120C8
:10A9D800704700BFC0DC002010B54FF0FF304FF0CB
:10A9E800FF31FFF715FC034B1C78FFF719FC2046D5
:10A9F80010BD00BF70CD00200023034A1370034A26
:10AA08001360034A1360704722F10020E0DC002045
:10AA1800DCDC0020F0B50B780C46B1B0062B22D850
:10AA2800DFE803F004045559216E7500424831B03F
:10AA3800BDE8F0400CF0BEBAD4E901322B449B5C6F
:10AA48003278032A0BD8DFE802F002101B2CAA2B5D
:10AA580005D13A4A13700123394A1360337001351E
:10AA6800E368AB42E8D831B0F0BD552B03D1334A87
:10AA780053700223F0E7AA2BF1D0FFF7BDFFEEE7F2
:10AA880038682E4A411C052939601354E7D1B2F8B9
:10AA98000330B22BF1D82B4A07331BB213600323C0
:10AAA800DCE738682549421C0B54264B3A601B6882
:10AAB8009A42D4D30DF10600ADF8042015F0C5FF75
:10AAC8000022002301A9204815F0B0FAD5E7002597
:10AAD8001E4E1B4FC4E71E4C836825681D491B6921
:10AAE800402201EB85119847034620B102211A4AFA
:10AAF8001A4810F07BF8236883F001032360B2E75B
:10AB08000021174831B0BDE8F04010F067B8154A89
:10AB18000121136814480133136010F05FF828B955
:10AB280002212379114A0D4810F060F831B0BDE8D0
:10AB3800F040FFF761BF00BFD0CA002069F00020D5
:10AB4800E0DC0020DCDC0020E0C9002022F100204D
:10AB5800E4DC002023F1002036320200C418020091
:10AB6800F8DC0020E8DC0020F4DC00205D32020084
:10AB78002DE9F04FEBB04FF4A022002381480BA938
:10AB88000CF0BAF8064678B17F4B00211C687F4864
:10AB980001341C6010F022F80A2302217C4A009438
:10ABA8007C4810F0DAFF36E00121784810F016F8FA
:10ABB800BDF82C30052B29D99DF83050822D04D1B1
:10ABC8009DF83330744A022144E0062B1ED09DF8CC
:10ABD8002E20AA2A1AD19DF82F20552A16D1BDF861
:10ABE8003140E21D934211D1E11C0CA80FF0DDFFAA
:10ABF8000DAB1A5D0DF133031B5D43EA022383425B
:10AC08000CD00221654A634810F094FF0221644A7F
:10AC1800604810F08FFF6BB0BDE8F08F812DF5D143
:10AC28009DF834803AACB8F1100FA8BF4FF0100867
:10AC3800224637469DF833900DF13503B8450DD1BE
:10AC4800012158480FF0CAFF01F012FAC8B943466B
:10AC58000321554A4F480FF0C9FFDCE79988186867
:10AC68009180997910609171D9790137D171197AE8
:10AC78000C3202F8041CB3F809100B3322F8021C3A
:10AC8800DCE701F0FFF9054615F0F9FC4FF47A7C92
:10AC9800A0FB0C2345480CFB0131454BD20BB9F105
:10ACA800000F08BF0346CDE90338424B42EA414250
:10ACB800C90BCDE9002102934FF400612B463E4AAF
:10ACC8003E480DF041FCB0F5006F05463ED2DFF876
:10ACD800F0B03A4BB74205EB030AC5F500682AD035
:10ACE80063894146099394F9083050460893E379FB
:10ACF800344A079394F906300693637905932379C8
:10AD08000493E3780393A3780293637801932378F9
:10AD180000932D4B002E08BF5B460DF015FC002854
:10AD280003DB404504F10C0413DB33460221274AB8
:10AD380018480FF05BFF41465046254A0DF004FCC9
:10AD4800002801DB404507DB224A00E0224A0121B6
:10AD58005EE705440136BCE700220544114607209A
:10AD68000FF09AFE2A4615491C4801F013FB0346CA
:10AD780008B11B4A27E703213B461A4ACDF8009041
:10AD88000EE700BFE0C90020ECDC0020FCDC00205E
:10AD980090320200C4180200BE320200E8320200FB
:10ADA800FF32020000DD002020330200C22F020023
:10ADB800BD2F0200FD4302005433020060E800206A
:10ADC8009B550200F5330200E0520200683402008D
:10ADD800883402008B340200D4330200962C02001F
:10ADE800A5340200BD34020010B588B01E4C2046C0
:10ADF80015F093F848B901211C4A1D4810F09AFE35
:10AE08006FF01204204608B010BDA3681B6863B138
:10AE18002046002217499847044648B12346012195
:10AE2800154A13480FF0E2FEECE76FF05704F5E718
:10AE3800FFF7E2FD00220023CDE906230923CDE92F
:10AE48000000CDE9020304904FF440620B4B0C491B
:10AE58000C480CF061FB18B10B4915F0A3FAD1E7C7
:10AE68006FF00B04CEE700BFD0130200E4340200F9
:10AE7800C41802001DAA0000FB310200B5AE000094
:10AE8800683A012088CE0020F734020001480CF00F
:10AE980091B800BFB8CA0020034BD3E8AF0F003801
:10AEA80018BF0120704700BFFCDC00202DE9F347E4
:10AEB8000A2303210093584A3C23584810F04DFEBA
:10AEC8003C23574F574E4FF47A724FF4004540F2E7
:10AED800E730002102FB03F44FF47A720023E4FB0D
:10AEE8000501FDF74BFE02460B4638460CF09CF870
:10AEF8000446FEF7B5FC022805D101F0B9F810B1F7
:10AF08002CB9494A08E0002CFBD03C23DBE7FFF7CB
:10AF180063FD0028F9D1454A0321404810F00AFE94
:10AF28000021434A434813683160013313600FF02E
:10AF380055FEFFF761FD01243F4815F07EF83F4BB1
:10AF48001C603F4D44F62063D5F80880402228460F
:10AF58003C49D8F80CC0E047824688B103463A4AD3
:10AF680002212E480FF042FEFFF796FF0028CCD1B1
:10AF78000F230321354A29480FF038FE0F23A2E793
:10AF8800214633480FF02AFEAA23324C4FF002091B
:10AF98002370552363700A23A17004EB090005216F
:10AFA80084F8039084F804A0637184F806A00FF075
:10AFB800FCFDE071000A20720022002326480CF0F4
:10AFC80033F8264B092221462846D8F80480C04782
:10AFD800034688B14946224A10480FF007FE1C4B29
:10AFE800D3E8AF3F1BB1AB6815485B699847336836
:10AFF800012BB9D91B4AB3E74FF480420023164806
:10B008000CF012F820B1184A4946044810F092FD95
:10B01800FFF7AEFDE3E700BF01350200C4180200E8
:10B02800B8CA0020E8DC002082350200543502004E
:10B03800F0DC0020F4DC0020E0C90020E4DC002083
:10B04800D013020023F100209F3502001E360200B3
:10B05800F8DC002060F00020D0CA0020A0860100A3
:10B06800BD350200E8350200D435020030B504468B
:10B0780087B00B46154618210F4A68460DF064FA4A
:10B088002046694615F0A3FD044698B16846FDF7C9
:10B09800A1FD3A21204415F01BFD58B1441C20465F
:10B0A80014F8013B202BFAD0092BF8D015F0FCFC42
:10B0B8002860012007B030BD2C2C020002460B4648
:10B0C80001480BF07DBE00BFE8C8002001480BF026
:10B0D800EFBE00BFE8C8002038B504460D464FF063
:10B0E800FF304FF0FF31FFF7E9FF094800EB04108C
:10B0F8008468FFF7EBFF3DB1A4F15A00B428A8BF5C
:10B10800B42020EAE07038BD04F15A00F6E700BF29
:10B1180010C600202DE9F04F0446CBB04FF0FF30A9
:10B128000E464FF0FF311746FFF7C8FF1F4A2101AF
:10B1380002EB041352F80180D3F80CB0D3E9019A5A
:10B14800FFF7C4FF00F09EFF054615F098FA184B6C
:10B15800013402934FF47A730394A0FB032403FB96
:10B168000141D20B42EA4142C90BCDE900212B46ED
:10B178004FF48071CDE908ABCDE90689CDE90467C4
:10B188000C4A0AA80DF0E0F9FF28034607D9012167
:10B19800094A0A4810F0D7FC4BB0BDE8F08F0246C8
:10B1A8000AA9074801F0F6F8F6E700BF10C6002024
:10B1B800FD43020043360200F03602009C180200EC
:10B1C8000E370200B0B500250446114B00AF1870C9
:10B1D800104B00221D60104800230CF031F90F4A73
:10B1E8000F4B88B0AC4218BF13466A460D49C2E9F6
:10B1F80005134FF4007393830B4B42F8103F4FF441
:10B20800E6512B46094802F033FBBD46B0BD00BFEE
:10B21800A3F1002004DD002020CF00209B2C020099
:10B22800A02C02001B370200030000019C1802003A
:10B2380080B500AF8AB06A46094B0130536140F2CD
:10B2480001331384074BC2E9060142F8103F00237B
:10B258004FF41251044802F00BFBBD4680BD00BFFD
:10B2680058370200040000019C1802002DE9F04F35
:10B278000C4685B0054600AF20463F499246FDF78B
:10B2880097FC002872D14FF0FF304FF0FF31DFF804
:10B29800ECB0FFF713FF2B012A015BF802907B60EB
:10B2A80050460BEB0513364907F10C02DE68D3E96B
:10B2B8000184FFF7DBFE28B1FB68B42BA8BFB423D9
:10B2C80023EAE37950462F4907F10C02FFF7CEFE37
:10B2D80028B1FB68B42BA8BFB42323EAE37850460F
:10B2E800294907F10C02FFF7C1FE28B1FC68B42C0C
:10B2F800A8BFB42424EAE4745046244907F10C0298
:10B30800FFF7B4FE30B1FE683C2EA8BF3C26012EE4
:10B31800B8BF01262B015B442A014BF80290EA468C
:10B32800C3E90184DE60FFF7D1FE8CB06A46184B92
:10B33800C2E9088453616B1CC2E906390723966287
:10B3480042F8103F00234FF46351124802F090FA7C
:10B3580021462846D546FDF793FD2246284606494C
:10B36800FFF7D8FE1437BD46BDE8F08F21462846C2
:10B37800FFF75EFFF6E700BF7637020010C6002031
:10B388007E37020086370200EE2E02008F37020059
:10B39800973702009C1802002DE9F043ADF5037DB4
:10B3A80090F8009000AFB9F10A0F1BD1048A4FF052
:10B3B8000008B4F5007F28BF4FF400743D1D2246F5
:10B3C80000F11201284615F040FB4946284605F8C9
:10B3D800048015F07DFB044648B90221254A264819
:10B3E80010F0A8FB07F50377BD46BDE8F08304F825
:10B3F800018B4946204615F06BFB2E780546F0B1C7
:10B4080005F8018BE8468AB06A461C4BD461C2E94C
:10B41800053640F201331384194B42F8103F4FF4BC
:10B4280013511548002302F023FA2046C546154952
:10B43800FDF7BEFB28B90120FFF7C4FED2E7124D85
:10B44800E0E720461149FDF7B3FB0028F4D0312E80
:10B458002A46214603D10020FFF708FFC2E7322E13
:10B4680001D10120F8E70020FFF700FF2A46214616
:10B47800F7E700BFC73702009C180200E037020058
:10B48800040000019B2C02009B550200A02C020026
:10B498002DE9F843514B524E1978524C524BD6F87D
:10B4A8000080002908BF1C4600AFB8F1000F2AD061
:10B4B800B8F1010F4D4D52D04FF0FF304FF0FF3132
:10B4C800FFF7FCFDAD68FFF701FE29460020FDF7F8
:10B4D800D7FC2A4600204649FFF71CFE6E468AB074
:10B4E8006A46444BD561C2E905344FF400731384AE
:10B4F800414B42F8103F00234FF413513F4802F0EC
:10B50800B7F9B54628E00120FFF7E6FD05460146F4
:10B518000120FDF7B5FC2A4621460120FFF7FAFD78
:10B52800E9468AB06A46364BD561C2E905344FF41C
:10B5380000731384304B42F8103F4FF413514346C5
:10B548002E4802F095F90123CD4633604FF40042AE
:10B5580000232C480BF074FFBD46BDE8F88300209B
:10B56800FFF7BAFD80464FF0FF314FF0FF30FFF78D
:10B57800A5FDED68FFF7AAFD41460020FDF780FC18
:10B58800424621460020FFF7C5FDE9468AB06A46D3
:10B598001D4BC2E90785C2E905344FF40073938453
:10B5A8001A4B42F8103F00234FF43351134802F06E
:10B5B8005FF9022333604FF47A734FF4004440F28A
:10B5C800E73000215D434FF47A720023CD46E5FB56
:10B5D8000401FDF7D3FA02460B46BAE7A3F10020AF
:10B5E80004DD00209B2C0200A02C020010C60020C5
:10B5F800EE2E02004A380200040000019C180200E6
:10B608000338020020CF0020253802000500000181
:10B61800B0B500AF234814F080FC40B9224801219E
:10B62800224A10F087FA6FF01200BD46B0BD204CD8
:10B638002049214814F08DFE4FF0FF304FF0FF31C4
:10B64800FFF73CFDA568FFF741FD29460020FDF7FF
:10B6580017FC4FF0FF304FF0FF31FFF72FFDA569C2
:10B66800FFF734FD29460120FDF70AFC1349144869
:10B67800FDF792FDA3686C468AB06A46114951618C
:10B688000221C2E906134FF47A731362052342F8C4
:10B69800103F054800234FF4235102F0E9F8002039
:10B6A800A546C2E7701402009C1802007738020011
:10B6B80010C6002099B4000020CF0020A1B30000DC
:10B6C8009238020098380200084B1A691268D205AD
:10B6D80048BF80F0010028B19B68DB684FF4807197
:10B6E800024818479B681B69F8E700BF90130200DF
:10B6F80010B588B0264C204614F00FFC48B901213B
:10B70800244A254810F016FA6FF01204204608B0B3
:10B7180010BD2269A1681368204623F48073136062
:10B728000B684FF4C02208219847044630B1012124
:10B7380003461A4A184810F006FAE7E70120FFF70F
:10B74800C3FF002143F2343014F00CFF2046FFF70A
:10B75800BBFF00220023CDE906230A234FF44072E1
:10B76800CDE90243CDE900440D4B0E490E4804943F
:10B778000BF0D2FE40B10D4914F014FE03210C4A1F
:10B78800054810F0D7F9C1E76FF00B04BEE700BF1A
:10B7980090130200EA380200F4170200043902008C
:10B7A800F9AB01006846012050CF0020243902007F
:10B7B8002F390200F8B500240D4B0E4E9F683168F2
:10B7C8000B48FB6898470623B4FBF3F2651C03FBA0
:10B7D80012442CB903212B46074A084810F0B3F944
:10B7E8004FF4A020002114F0BDFE2C46E7E700BF6F
:10B7F8003014020030C6002079390200B418020063
:10B8080070B58CB02A4D284614F087FB48B9012141
:10B81800284A294810F08EF96FF0120420460CB01F
:10B8280070BD264B08AC0FCB84E80F00AE682146EC
:10B83800B36828469847224C00280346206006DA59
:10B848000121204A1C4810F07EF92468E6E702210D
:10B85800284633689847044630B1012103461A4AFE
:10B86800154810F070F9D9E700220023CDE9062326
:10B878000A23CDE90000CDE9020304904FF40072D9
:10B88800124B134913480BF047FE68B1124914F0E4
:10B8980089FD42F2107303210093104A47F2305396
:10B8A800054810F05AF9B9E76FF00B04B6E700BF86
:10B8B8003014020096390200B4180200E0180200A1
:10B8C80030C60020B0390200CF390200BDB70000F1
:10B8D80068490120E8CF0020E4390200ED39020070
:10B8E80070B505460C4690B07CB1402C264628BF62
:10B8F800402669463246284611F08FFA034630B191
:10B908000221044A04480FF08CF910B070BDA41B42
:10B91800EAE700BF193A02005C18020002460B462B
:10B9280001480BF04DBA00BF74C9002001480BF064
:10B93800BFBA00BF74C9002007B5ADF8041001A94B
:10B9480011F051F9034620B10221034A03480FF0D0
:10B9580068F903B05DF804FB323A02005C18020093
:10B968002DE9F04FADF5057DD1F810808146B8F589
:10B97800007F8A4615461E4604AF12D30221454869
:10B988004346454A0FF04DF941464846FFF7A8FFA0
:10B99800514648460FF047F907F50177BD46BDE81F
:10B9A800F08F3E4CB8F1000F0CD04246214611F002
:10B9B80034FA0346002858D00121394A35480FF097
:10B9C80030F9E5E784F80080002A5DD0012B53D1D7
:10B9D80092F800B0ABF13103012B57D94FF0300B7F
:10B9E8005B46304A4FF400713846CDE90154009661
:10B9F8000CF0AAFD431EB3F5FF7F0246C8D83946AE
:10BA08000A200FF049F86C468CB004AA264BC2E90C
:10BA18000765C2E9053B40F202431385234BC2F890
:10BA2800248042F8103F00234FF45351194801F085
:10BA38001FFFA546ACE7012E1ED195F800B0ABF16B
:10BA48003103012BCAD823787B2B19D046461849D5
:10BA5800EEB1721EA35C0A3BDBB2162B17D841FA73
:10BA680003F3DB0713D41646F2E704F80800002DA9
:10BA7800E1D14FF0300BE6E74FF0300B074CAFE762
:10BA88000726064C0B4DABE74FF0300B00260A4C4F
:10BA9800024DA5E75C180200443A020084F3002036
:10BAA800603A02007E3A0200893A0200060000016C
:10BAB800F6FFBFFF763702009B5502002DE9F04FD5
:10BAC8009DB002AF0321BC4ABC4810F033F8DFF840
:10BAD800F0A24FF0FF324FF0FF33BA480BF0A4FA50
:10BAE800DAE8AF3F002BF4D04FF00108B64E5422ED
:10BAF800002107F1140014F0CFFF3B460021304627
:10BB0800C7E9078807F1140210F09BF9054610B33E
:10BB18006C468AB002AAAD4BD061C2E905364FF433
:10BB280000731384AA4B42F8103F00234FF41151BD
:10BB3800A24801F09DFEA546DAE8AF3F002BCFD022
:10BB48000321A44A9D480FF0F5FF002140F6CD409F
:10BB580014F008FDC4E73B68DFF87C92DB6993E8E2
:10BB6800030089E8030049469C4B41F8043B3C1D0F
:10BB780022461023404603F04FFCEB468AB002AA47
:10BB880042F2B320964BD461C2E90536954BC2E91F
:10BB98000803954B42F8103F944C2B464FF4435101
:10BBA800864801F065FEDD46386810F0C4F9204685
:10BBB80010F07AFF8E4BC4F85C9023678D4B4FF0E2
:10BBC800020963650C23A3658B4B294623668B4BBF
:10BBD8008B485A68C4E90C95002A08BF002363669D
:10BBE800042384F886307823A4F88430854B864A69
:10BBF80063674FF40073C4E91F23A367834BC4E949
:10BC08000E58236484F82480A66484F850500FF0FA
:10BC180011F82A203D7507F1140207F055FC034678
:10BC280000284ED02A2300904946794A63480FF0ED
:10BC380094FF6D468CB002AA764B42F2B321C2E95A
:10BC480005362A23C2E90713022353624FF400730F
:10BC58001385714B42F8103F584800234FF4535155
:10BC680001F006FE6148AD4610F035FF002842D0CD
:10BC780000F176030E2B98BF684A6C468AB094BFD1
:10BC880052F82330664B02AAD36140F2013365496A
:10BC980013844F4BC2E9051042F8103F00234FF4BC
:10BCA8001151464801F0E4FD4FF0FF30A5464FF032
:10BCB800FF31FFF733FE4D4811F039F8FFF736FE34
:10BCC8003AE7387D584A59498AB0002818BF1146C2
:10BCD80002AA574850612A20C2E9060140F2013100
:10BCE80011843B4942F8101F4FF41351334801F0B7
:10BCF800BFFDDD469DE7E36A3C4D7B610123404E75
:10BD0800BB61DAE8AF3F002B3ED04FF0FF314FF078
:10BD1800FF30FFF703FE284611F043F80446FFF70B
:10BD280005FE0121224607F1140010F052F8002800
:10BD380009DA15F097FA3F4B3F4A1B5801211F4873
:10BD48000EF06FFF20E04FF0FF304FF0FF31FFF7AC
:10BD5800E5FD284611F000F810F10B0F044605D058
:10BD680020B1FFF7E3FD2346344AE7E77B8BDB0787
:10BD780018D4FFF7DBFDD6E8AF3F002B64D00221D3
:10BD88002F4A0E480FF0D6FE4FF0FF304FF0FF312C
:10BD9800FFF7C4FD00212B480EF04CFF134810F0AC
:10BDA80049FF8BE7284611F013F80446FFF7BEFD5C
:10BDB800002CE0D0D7E700BFE43A02005C1802008C
:10BDC80024DD0020A0CA00200A3B0200253B020017
:10BDD800040000017F3C02002CDD0020010022B39A
:10BDE800403B0200000201030500000244DD002080
:10BDF800D5C000005C3B02003CC6002034C60020D1
:10BE080020DD002084FF002084FD0020301C02007B
:10BE1800693B0200A63B020006000001F41B020079
:10BE2800CD3A0200EA3B0200B93A0200C53A0200E4
:10BE3800903B02000C000000073C0200163C020088
:10BE4800303C020028DD0020B7F91A3013F0380F13
:10BE58003FF457AF0221014A71E700BF623C02007C
:10BE68001FB500212A200DF10F028DF80F1007F0E1
:10BE78002BFB0446C8B12A23194A0090022119480D
:10BE88000FF06BFE40F2163300212A20164A07F005
:10BE9800C5FA0446E8B12A2300900121134A114843
:10BEA8000FF05BFE204604B010BD9DF80F30002B4C
:10BEB800E8D003210B482A230D4A0EF0B2FE214692
:10BEC8002A2007F0DBFA0028DCD02A23094A009050
:10BED800D4E72A230221084A02480EF0A2FEE1E72D
:10BEE800B13C02005C180200DA400200473D020043
:10BEF800EC3C0200233D02009C3D020010B588B0D6
:10BF0800002200230024CDE9062308234FF48052A1
:10BF1800CDE90334CDE90144074B084908480094AA
:10BF28000BF0FAFA28B1074914F03CFA204608B099
:10BF380010BD6FF00B00FAE7C5BA0000684B01208E
:10BF480080D00020013E020008B5012103480EF010
:10BF580071FEBDE8084002480BF02CB824DD002033
:10BF6800A0CA0020002101480EF064BE24DD002094
:10BF78002DE9F04387B00C461646054600AF002869
:10BF880063D0002961D0531EB3F5006F5DD2DFF88E
:10BF9800C080D8E8AF3F33B96FF07F0420461C3724
:10BFA800BD46BDE8F0834FF0FF304FF0FF31FFF79B
:10BFB800B5FCD8E8AF3F13B9FFF7B8FCECE74FF092
:10BFC8000108DFF8909021463246484614F03DFDBE
:10BFD80028463D60FCF7FEFD1F4A39461388786005
:10BFE80043449BB2434538BF43461380BB82BB7D65
:10BFF8001A4823F00303BB75C7E9039687F808803E
:10C0080010F0ABFD0446FFF791FC14F1800FC3D08C
:10C0180034B123464146124A12480EF002FEBDE7EB
:10C02800E8468AB06A46104BD561C2E9053640F247
:10C03800013313840D4B42F8103F4FF4135123463C
:10C04800084801F015FCC546A8E76FF01504A5E7F8
:10C0580028DD002084F50020FCE6002044DD0020D7
:10C068000B3E02005C180200233E0200040000019F
:10C07800034BD3E8AF0F003818BF0120704700BF4B
:10C0880028DD0020004870475C3B020013B50C46D1
:10C0980098B191B18AB113787BB1094B01920093A1
:10C0A800084A094B0CF050FA002804DBA0422CBFC8
:10C0B8006FF01B00002002B010BD6FF01500FAE70A
:10C0C8005C3B0200443E02003C3E02002DE9F04782
:10C0D80084B00B7805460C4602AF072B10D8DFE872
:10C0E80003F00480A60F0F0F0F92CB6963B10121F3
:10C0F8008A488B4A0EF095FD01218A480EF09AFD78
:10C108000837BD46BDE8F087874A03218348874E34
:10C118000FF010FD012186480EF08CFDA02130465D
:10C12800844AFFF7B3FF034650B1834A01217B4895
:10C138000EF077FD0022032011460EF0ADFCDFE77C
:10C148007E4CA0217E4A7F48FFF7A0FFA021204611
:10C158007D4AFFF79BFF034608B17C4AE6E7DFF814
:10C16800F0913046C9F80060FCF734FD4FF0010843
:10C17800C9F80400204689F80880C9F80C40FCF783
:10C1880029FD0223734ABB801388C9F81000434471
:10C198009BB2434538BF434613806F4A3946284609
:10C1A800FB80138089F81480C7F8009010F06EFDAA
:10C1B800034608B1694AB9E76D468AB0F98802AA08
:10C1C800C2E907416649674851626749C2E90506FD
:10C1D80042F8101F4FF44351504801F049FBAD4657
:10C1E800A8E7CB69614A02214C480EF01AFD0021EC
:10C1F8004F480EF01FFD01214A480EF01BFD00229A
:10C208000420114699E78B88CA69032100924348A4
:10C21800574A0FF0A2FC504AA38812889A423FF46A
:10C228006FAF0221534A3D480EF0FBFC68E73F48D8
:10C23800D1F814800E1DFCF7CDFCD4E9014948451E
:10C2480002460ED12046394914F032FC48B9B8F5F7
:10C25800007F46D343460221474A30480EF0E1FCAE
:10C2680036E03848FCF7B6FC814582461CD30246C6
:10C278003449204614F01CFC0346A8B9D14511D016
:10C2880014F80A302F2B0FD10AF1010291450BD96E
:10C2980009F1FF332244A3EB0A0331462846FFF78E
:10C2A8005FFB2DE70246F8E7EA468AB002AA334B5D
:10C2B800D461C2E9053940F201331384304B42F8A6
:10C2C800103F00234FF41251144801F0D1FAD5461B
:10C2D80041462846FFF704FB314628460EF0A3FCEA
:10C2E8000EE7284C42462146284610F096FD0346A4
:10C2F80028B1254A012109480EF093FCECE704F81F
:10C3080008004246214608200EF0C6FB034608B145
:10C318001E4AEFE7434603211D4AECE75C1802007A
:10C328004D3E020020DD00208E3E0200E4F2002097
:10C3380028DD00205A2C0200AC3E0200A4F10020A7
:10C348009238020044F20020CB3E0200D33E0200A5
:10C3580008DD0020FCE60020FEE60020F03E02009A
:10C36800000201030A3F0200050000022B3F020001
:10C37800413F0200583F02008F3F0200703F020019
:10C388000400000184F30020AD3F0200CD3F02000D
:10C39800ED3F020070B5A8B00D461646A021024632
:10C3A8006846FFF773FE044640B103460121074A79
:10C3B80007480EF036FC204628B070BD32462946A4
:10C3C8006846FFF7D5FD0446F5E700BF09400200BF
:10C3D8005C18020038B5044600B300250146114B2D
:10C3E80014220360104B4360104B8360104BC360F2
:10C3F80001F8105F132006F0B7FD2146A842B8BF28
:10C40800257418220E2001F8245F06F0ADFD0028DF
:10C418004FF00000B8BF84F8245038BD6FF0150005
:10C42800FBE700BF5C3B0200F1430200FD43020052
:10C43800FB43020000232DE9F041DFF864C0194EE8
:10C44800194FDFF868E0DFF86880441E14F8010F20
:10C4580010B9C854BDE8F0810D2811D00AD80928B0
:10C4680016D00A2816D0BF2B03F1010516D16FF09C
:10C478001B00EFE722280FD05C28F4D1624600E0C9
:10C4880032469D1CBF2DF2D81288CA522B46DDE7D2
:10C498007246F6E74246F4E73A46F2E7C854F5E74B
:10C4A8000D44020013440200194402001044020023
:10C4B80016440200F0B504460846ADF5677D234BE7
:10C4C80006AD2946002808BF18461746FFF7B2FFF1
:10C4D800002835D11E4B36AE3146002F14BF3846E2
:10C4E8001846FFF7A7FF58BBFFF7CCFD074614F027
:10C4F800C6F802464FF47A70A2FB0023032C00FB17
:10C50800013196BF134B144B53F82430D20BCDE9AD
:10C518000436124B42EA4142C90BCDE9002102938D
:10C528000F4A3B464FF40071039566A80CF00CF8CF
:10C53800B0F5007F024606D20A4866A9FFF72AFF2F
:10C548000DF5677DF0BD6FF01B00F9E78E24020042
:10C558009B550200341C02001C440200FD430200EB
:10C56800244402009C44020001490248FCF714BE1E
:10C578004BAC0100A04402002DE9F04F91B00093AC
:10C5880002F004030293C2F3C20301338407054691
:10C598000E46DDF868800392059340F0BB81041DC8
:10C5A80030B1072909D86FF01B0011B0BDE8F08F32
:10C5B80001F007063444C6F10806009B4FF0000955
:10C5C8004FF0040A591E4FF0FF334F460193CB46F4
:10C5D8005346CDF810900DB1009A226005980028B6
:10C5E80000F3E8809848009A824203D39748824231
:10C5F800C0F0E080039AA4EB050E92074FEA9E0074
:10C6080000F103810F2F00F2B180002D00F00581A9
:10C6180007F140020DEB020C019A0CF8200C0CF803
:10C62800102C049801300490E7E07A285DD84B2854
:10C638000ED8472859D829282DD8252852D054D87B
:10C6480020287AD02338D0F1000B4BEB000B74E094
:10C658004C382E2849D8DFE800F070484848484848
:10C668004848484848484B4848484848484848592E
:10C67800484B4B595959704B6D487048184B1848DE
:10C6880048827F4B48484B487F0000204FF0000B02
:10C698004FF0040A38E001222A38C0B202FA00F04A
:10C6A80010EA0E0F49D110F0625C2FD110EA020B8C
:10C6B80043D06046013C5444B4FBFAF40AFB04F44A
:10C6C800002D61D0A3EB050CA444B4453FF66BAF35
:10C6D800002868D1042B47D158F8043B2360042371
:10C6E80004342AE0019A013A01924FF0000B24E049
:10C6F80011F8010C6C2834D1002011F8023C834653
:10C708006C2BC5D14FF0080A5346D3E708F1070848
:10C7180028F00708073424F00704F8E802AB35B11D
:10C7280006982044B0423FF63EAFC4E900AB4FF054
:10C73800000B08344FF0080A534611F8010F00287F
:10C7480078D0BBF1000F7FF470AF2528F5D14FF0FA
:10C75800010B019B013301934FF0040AECE75846A3
:10C7680094E700208346A5E7082B02D06FF0150058
:10C778001BE708F1070828F00708F8E80223C4E9CE
:10C78800002308230834D8E768B9042B02D108F13C
:10C798000408A4E7082BE9D108F1070828F00708DE
:10C7A80008F10808EDE7059A013A059258F8042BB4
:10C7B800009210E7039A900720D54FF0010CA4EBE4
:10C7C800050E4FEA9E00BEF5007FCFD20F2FCDD8C1
:10C7D800F5B107F140020DEB020E019AC0B20EF856
:10C7E800200C0EF8102CBCF1000F3FF41AAF60F0CB
:10C7F8007F000EF8200C09F101090137C5F1080284
:10C808004FF6DA7E0434069297E74FF0000CDAE729
:10C81800BCF1000F01D00136EFE70298023600287C
:10C82800EBD10098CDE90631FCF7D4F9DDE9063102
:10C838000644E2E7631BB3F5806F97D245B9A6F1CA
:10C848000804E018B1E600BF80120200C0630200CD
:10C85800029A9B0828602B709DF81030C2B1EB70CB
:10C8680085F80290B9F1000F05D0002208A8C5F19B
:10C87800010C97420ED14FF0000AC5F101030DF1EA
:10C88800200801930DF1300B574512D1601B8CE63F
:10C898006B70E5E710F8013B190608D50CEB040EA0
:10C8A800B64503F07F033FF67EAE04F8013B013244
:10C8B800DFE7B9F1000F03D098F90020002A17DB51
:10C8C800029BD3B11AF80B2004F8012B0022019B1C
:10C8D80018191044B0423FF666AE98F80000009967
:10C8E80004F8010B2046039214F0AFF8039A14449D
:10C8F8000AF1010A08F10108C6E798F8002055F87E
:10C9080022300093029B009845F82230FCF762F928
:10C91800421CDCE76FF00D0047E600BF2DE9F04F41
:10C9280097B000AFD7F880B03B62CBF3C0030446A2
:10C93800894690F802A0FA62BB6141B9457800784F
:10C948000AEB800020444D4517D8A0EB0409E37892
:10C95800FB61BAF1000F02D01BF0010F16D1FB6981
:10C9680053BBFB6A1BB1494620463A6A98474D4675
:10C9780028465C37BD46BDE8F08F461C3046FCF7BC
:10C9880029F90130304409F10109DCE762682378AC
:10C998007A62FA6A9900796104EB8301002A40F00F
:10C9A80001810E464FF000084D4601EB0A094E453D
:10C9B8004CD101EB0A0610E01BF0020FD1D023780E
:10C9C8009A007A61626804EB83017A62FA6A002A43
:10C9D80077D14D46904601EB0A061BF0050F0CBFB8
:10C9E80002230123FB62FB6906EB430A0BF00203F7
:10C9F800BB625645BCD016F8021B16F8013C54F829
:10CA08002390994B994502D3984B994536D3BB69E6
:10CA1800002B40D0786A0EF0D1FB00283BD0E946C5
:10CA28008AB06A46924B53617B6AC2E906314FF479
:10CA3800007313848F4B42F8103F00234FF41251B8
:10CA48008D4800F015FF023DCD46D2E716F8013BB0
:10CA5800F96254F82300FCF7BDF8D7F88430F96A76
:10CA680001304BB1D7F8883098453EBFD7F88430AD
:10CA780023F8180008F10108054498E7BB6923B1B9
:10CA8800786A0EF09BFB0028C9D11BF0010F05D175
:10CA9800FB6AED1AADE7BB6A002BAAD04846FCF743
:10CAA80099F8D7F8843053B1D7F8883098453FBF04
:10CAB800D7F88420431C22F8183008F101080544EF
:10CAC80097E7BAF1000F73D01BF0040673D0D04675
:10CAD800002607F1480052463B61B96213F0B5FFE2
:10CAE800B96A3B6901EB0A02BA62FA69F96952004C
:10CAF800FA60BA6A02EB41023A610BF00202BA60CC
:10CB08003A69B96A8A4258D162781BF0020F18BF95
:10CB180000217A6208BF4FEA5801B2181BF0010FD2
:10CB2800D2B240F09F801BF0040F14BF4046002093
:10CB3800BB616270A070E17020463A6A7969FB6A4D
:10CB48009847051EFFF614AFBB69414623707B6A00
:10CB58003A6A6370FB6984F802A0E37007F1480041
:10CB6800FB6A9847B0F10008C0F2BA807B69A9EB6C
:10CB78000A01C91AFB683A6AC91AD7E90A03984729
:10CB88000028C0F2AF804FF0000BA84408EB000566
:10CB980007F1380AB34571D300213A6A0846FB6A9F
:10CBA8009847E5E656464FF0000807F1380092E747
:10CBB8005646D04696E7B04694E7BA6A12F8021B82
:10CBC80012F8015CBA6254F82500274A904202D351
:10CBD800264A90421ED3BA6932B1786A7B600EF059
:10CBE800EDFA7B6800288BD1BA6802BB08F12802ED
:10CBF80007F1300C08F10100944407F1580208F1DC
:10CC0800020852FA80F00CF8101C5FFA88F800F855
:10CC1800105C75E7BA693AB1786A7B600EF0CEFAB3
:10CC28007B6800287FF46CAF1BF0010F09D006F178
:10CC3800280207F13000711C161806F8205CCEB2E5
:10CC48005EE71BF0040F3FF45BAF08F1280207F121
:10CC5800300008F1010102EB000808F8105C5FFAE7
:10CC680081F84DE7002063E780120200C0630200EC
:10CC7800BA44020004000001941702001BF80A30AD
:10CC880054F8239087F83730D7F884302BB3D7F887
:10CC980088309B4521D2D7F8843033F81B80012196
:10CCA8003A6AFB6A07F13700984700281ADB0544FF
:10CCB800B8F1000F06D14846FBF78CFF00F10108D8
:10CCC8001FFA88F8414648463A6AFB6A984700289E
:10CCD80008DB05440BF1010B5CE74FF00008DEE7C9
:10CCE800454645E6054643E670B51F4B82689A42BD
:10CCF80015DDD0E90016013392FBF3F3012976F133
:10CD080000054FEAE3741CDAC91844EB0604C0E9CD
:10CD18000014164901FB03238360012070BD002A1B
:10CD2800FBDAD0E90041124E9B1A0029B3FBF6F357
:10CD380010DA01F100459C4275F100050ADA00207D
:10CD4800ECE7CD439D426FF00045A5EB0605A541F4
:10CD5800DADAF4E706FB0322E41A61F10001C0E91C
:10CD680000418260D9E700BFFFC99A3B003665C41D
:10CD780000CA9A3B01287FB50C4634D18A681B4B00
:10CD88009A4230D813F07BFC6D46C20B42EA41420E
:10CD980052424FEAD13363EB4303CDE90023144AEF
:10CDA800C0F30E00A0FB0202C30B43EA42435B42FE
:10CDB80028460293FFF798FF214628460EF023FAEB
:10CDC800EFF31186202383F31288BFF36F8F95E862
:10CDD8000F00084C84E80F0086F31188BFF36F8FAB
:10CDE800002004B070BD6FF01500FAE7FFC99A3B48
:10CDF80000CA9A3B18D10020014B1860704700BF49
:10CE080044C6002080B505460E46174698460AF0E7
:10CE180053FE034614F026FA0446DFF818904246FB
:10CE280049F8003039463046A84754F8090001F05F
:10CE380051FC00BF08000000032800B508D914F011
:10CE480011FA0922074B1A504FF0FF305DF804FB26
:10CE58003022054B02FB0033D3E8AF3F002BEED066
:10CE68000020F3E70C000000DCDD00203023434302
:10CE780030B50D4908330B44D3E8AF2F92B1541E97
:10CE8800D3E8EF5F954204D1C3E8EC4FBCF1000F43
:10CE9800F6D1F1D1012A05D13023584300230A18CD
:10CEA8000B50536030BD00BFD4DD002038B50446B8
:10CEB8001546FFF7C1FF00280DDB30236343074AFF
:10CEC800D0184068086015B10C3313442B60302328
:10CED8005C43105938BD0020FCE700BFD4DD0020BA
:10CEE80070B500254FF0FF334FF0FF3218480EF0B1
:10CEF800D8F9184BD3E8AF2F82B10135042D03F1CF
:10CF08003003F7D114F0AEF917224FF0FF35124B6A
:10CF18001A500F480EF0C7F9284670BD30246C43EC
:10CF2800D3E8EF0F0130C3E8E10F0029F8D10B4E29
:10CF3800331932515A609A6204F10C00304413F0EC
:10CF4800C7F804F12000304413F022FAE1E700BFEB
:10CF580010C90020DCDD00200C000000D4DD00201A
:10CF68002DE9F0413024164644430F4A1019115157
:10CF78004660C362B6B1F368A3B114F073F90B4FFE
:10CF88000C3450F807801319054640F20512304654
:10CF98000EF078F9B8F15F0F04D0EB595F2B08BF9A
:10CFA80045F80780BDE8F081D4DD00200C000000C2
:10CFB800F8B50546FFF740FF002824DB30246C4312
:10CFC800124F04F10C063E444FF0FF324FF0FF338E
:10CFD80030460EF066F93A1953689B688BB1D26AED
:10CFE800385912F4404F0AD029469847044630462B
:10CFF8000EF059F92846FFF739FF2046F8BD984743
:10D00800F4E71C46F3E74FF0FF34F6E7D4DD0020E1
:10D01800044608B5EFF31183202383F31288BFF386
:10D028006F8F04F067F8204601F00AFB02480EF003
:10D038001CF90EF076FEFCE76E4502002DE9F84378
:10D0480040F26C7344690569E1170135E41841F150
:10D058000001022D8CBF00230123E41AC76861F187
:10D0680000010029064607F1FF374EDA6FF4C77052
:10D078004FF4C8720023201861F10001FBF72EFD60
:10D08800244B4FF03C0E03FB0044D6E900834FEAE3
:10D09800E37C99466346022D02468CBF6FF002007E
:10D0A8000920B6680544C6FB0E93A9FB0EC60EFB05
:10D0B800036640F26D1E9920A3080EFB04333B441F
:10D0C800642745430520B4FBF7F40235B5FBF0F5BA
:10D0D8001B1B114C1CEB080CA2FB042004FB0101D8
:10D0E8002B4446EBE87698180C4A41F10003801867
:10D0F8000B4A63F10003A0FB020102FB031110EBD2
:10D108000C0041EB0601BDE8F8834FF4C872002318
:10D118002046B3E770FEFFFFB13A02009405F5FF21
:10D12800805101002DE9F047058B044628079046F9
:10D1380011D4022905F0070540F0CC8020460EF0F6
:10D1480072FB78B10138218B042811D8DFE800F090
:10D15800C2106D85950001290CBF45F0100545F0FA
:10D168002005258388F31188BFF36F8FBDE8F0870A
:10D1780001F0070AAA4500F0A5800027B9463E46F7
:10D18800A368002B00F0BC8041F00801218388F3DC
:10D198001188BFF36F8FA168002900F0BA800D686D
:10D1A800002900F0B680334652462046D1F8048064
:10D1B800C047002D76D02B6829461D46F0E701F0C0
:10D1C80007035A1F012A1BD8002221F00701062B4A
:10D1D800276889B2C4E9002209D13B4603E0628B83
:10D1E800013262831B68002BF9D141F0020120460D
:10D1F80021830EF018FB00287AD041F0200176E058
:10D20800042B0AD121F0070189B2204621830EF0B0
:10D218000AFB10B141F020012183218B01F0070A9C
:10D22800AA454FD00027B946AAE7236921F007018C
:10D2380041F00601062DD3F8009021832DD1B9F1D4
:10D24800000F3FD041F00801218388F31188BFF314
:10D258006F8F20463949C84729E021F00701236923
:10D2680041F0040189B2042DD3F804902183E6D05B
:10D2780000274FF0040A3E4682E721F007012369A0
:10D2880041F0050189B2052DD3F808902183D6D045
:10D2980000274FF0050A3E4672E700274FF0060ABE
:10D2A8003E466DE72B4687E7B9F1000FD1D1EFF382
:10D2B8001188202383F31288BFF36F8F238B23F009
:10D2C80008032383258BEA062ED525F01003238334
:10D2D80005F007056669218B002EBFF670AF0023A5
:10D2E8002768C4E9003321F0070141F001012183D7
:10D2F800218B4FF0000901F0070AAA457FF440AFDF
:10D30800002F9CD041F00801218388F31188BFF3D6
:10D318006F8F002FC8D03D683946334652462046A5
:10D328000EF0ADFA2F46F4E7AB067FF51BAF25F0FC
:10D338002003238305F0070500E700BFB3B8010009
:10D348002DE9F047044607464FF00109DFF8508001
:10D3580014B93846BDE8F08794FAA4F5B5FA85F50E
:10D3680009FA05F32E0108EB05156FEA030A24EA0A
:10D3780003042B7B002BEBD058F806301B694BB904
:10D388004644736804222846196807EA0A070EF01B
:10D3980061FBDDE7284698470028D9D1F0E700BFB0
:10D3A800CC18020030B5002289B00F490F4813F09D
:10D3B800AEF9002200230024CDE906230E230C4DEC
:10D3C800CDE903344FF440722846CDE90144094BB6
:10D3D800094900940AF0A0F80849284612F0E2FF2B
:10D3E800204609B030BD00BF09D40000C8D50020D0
:10D3F80028D100201DD70000685B01209E4502004F
:10D40800014809F0D7BD00BF58CA00202DE9F047F0
:10D41800804621480F460EF001FB0646002833D00F
:10D4280000252846BDE8F087237B83B12368DB68A5
:10D438000BB120469847636883F8069023681B69F8
:10D44800D3B963680422204619680EF003FB01363D
:10D4580010345445E8D3B8F1000FE2D0002DDFD0E6
:10D468002846FFF76DFF0546002FF7D000214FF43F
:10D47800A47013F077F8F1E7204698470028E0D029
:10D4880009FA06F31D43E2E705464FF00109034C8C
:10D49800DFF80CA0DDE700BFA4DE0020CC180200F6
:10D4A800DC180200014B53F820007047581C02009A
:10D4B80008B5034608462BB1044A136000F06EFC19
:10D4C800002008BD6FF01500FBE700BF48C600202C
:10D4D80010B5044C237813B9034809F06BFD0123F8
:10D4E800237010BD8401012058CA002010B50446DD
:10D4F80009480EF093FA3CB1084BD3E8EF1F013905
:10D50800C3E8E21F002AF8D1054813F00CF9BDE87A
:10D518001040044809F04EBD9CDE0020A0DE00202B
:10D52800C8D5002058CA002000200146034BD3E884
:10D53800EF0FC3E8E21F002AF9D170479CDE0020F4
:10D5480070B5FFF7F1FF0546074C084EB44200D30B
:10D5580070BD63685B792BB123685B6813B129469A
:10D56800204698471034F1E7CC180200DC18020076
:10D5780010B5044C044920460DF09EFF034B1C6077
:10D5880010BD00BF7CC80020441C020094DE0020AF
:10D5980000230D4A10B513700C4A4FF40041136074
:10D5A8000B4A0C481360FFF783FFFFF7E1FF0A4BB4
:10D5B8000A4918468B4200D310BD1A1A5C6812112A
:10D5C800013222711033F5E7850101209CDE00202D
:10D5D800A0DE002021BA0100CC180200DC180200ED
:10D5E80001460022002301480DF087BF7CC80020B7
:10D5F80001480EF020B800BF7CC80020024B01464D
:10D6080018680EF06CB800BF94DE002001480EF0D8
:10D61800A1B800BF7CC8002070B5274B1878002837
:10D6280049D0FFF7E5FF0546002841D1234B244C9C
:10D638001B68002B19DD13F022F84FF47A72A0FB57
:10D64800020302FB0131C30B43EA4143D4E9002042
:10D658009B1A40F2E9324FEAD13161EB0001934263
:10D6680071F1000101D3FFF76BFFD4E9003213F524
:10D678007A7342F10002C4E90032BDE87040FFF756
:10D68800C5BF63685B7923B12368294620461B68B8
:10D6980098471034B442F4D32846FFF7AFFF094B3C
:10D6A800D3E8EF1F0139C3E8E21F002ABED0F7E72D
:10D6B800054C064EEEE770BD840101209CDE00207B
:10D6C800C0D50020A0DE0020CC180200DC18020023
:10D6D80070B50D4D297861B90120FFF797FE0B4C05
:10D6E8000B4EB44206D3FFF797FF0028FBD1012366
:10D6F8002B7070BD63685B791BB1236820469B68FB
:10D7080098471034EDE700BF85010120CC180200CE
:10D71800DC18020000212DE9F0470846FFF776FEE5
:10D72800044658B340F267684FF0000913F09AFDB9
:10D738001B4B1C4A1B58136033B11B4B1B68092B2E
:10D7480002DD1A4809F036FC0025194FDFF85CA005
:10D7580044B12046FFF7F4FD044618B94FF0FF38EE
:10D768004FF0FF39FFF758FF064628B9B5B94246CA
:10D778004B46504609F058FC3546E9E74FF0FF386C
:10D788004FF0FF39D2E72B689B691BB1002228466E
:10D79800114698471035BD42F5D3E8E7054DFAE73D
:10D7A8000800000098DE0020A0DE002058CA0020F3
:10D7B800DC180200CC18020013B518480EF02EF938
:10D7C800174B1B7873B1EFF31184202383F312886E
:10D7D800BFF36F8FFFF720FF84F31188BFF36F8FBC
:10D7E80002B010BD0F4B1B68002BF9D050B90022B6
:10D7F80000230D48CDE900234FF4004200230AF02E
:10D8080055FCEDE70928EBD1074812F08CFF0748D3
:10D8180002B0BDE8104009F0CDBB00BFA0DE00207B
:10D828008501012098DE0020C8D5002058CA0020B4
:10D8380010B5064B04461B6898472146A06004486B
:10D848000DF0DAFEBDE81040FFF7B6BF48C600206D
:10D858007CC80020044A054B9B1AB1EBD30F34BF98
:10D8680052F83100002070477C170200CC180200E3
:10D878002DE9F04F8FB0C1F34A2804AF0D46914609
:10D88800B8607B600C0DB8F1000F63D000264FF034
:10D89800040B4FF00A0A07F11403C7F80C80C7E914
:10D8A80007667E620193CDF808B0CDF800A007F1B5
:10D8B8001C0332464846F968FFF730F8B0F5006FA8
:10D8C80003461CD36C468AB0D9F8041004AB26482A
:10D8D8001A46C3E9050140F2FF71D9614FF400719E
:10D8E8001984224B42F8103F4FF412513346204816
:10D8F800FFF7BEFFA5462C37BD46BDE8F08FC0F345
:10D908000A0804F11700184420F0070080083B605B
:10D91800FFF766FE68F35325044690B13B6800F1B3
:10D928001001C7E9083607F11403F961CDE900A32E
:10D93800CDF808B048460F4AF96807F11C03FEF70E
:10D94800EDFF68F353252A4620467B68B9680EF038
:10D95800A1F8D0E704F1170020F007008008FFF7CE
:10D968003FFE0446EDE700BFAF450200040000019A
:10D97800FC1702006FBA01002DE9F04F87B004468A
:10D98800DDE9105ADDE91279934698460391BFB153
:10D998003B46524610210020CDF80090CDF8149057
:10D9A800FEF7EAFDB0F5006F06460AD340F2FF73B2
:10D9B8000221174A174807B0BDE8F04F0EF0C3B868
:10D9C8003E4605F11700304420F007008008FFF7B5
:10D9D80007FE04F007040BF0070BE40044EA8B147D
:10D9E80044EA462444EA0554054640B13FB13B4663
:10D9F80052463146CDF800901030FEF7BDFD434643
:10DA080022462846039907B0BDE8F04F0EF042B809
:10DA1800EE450200FC170200406820B1034BC01A13
:10DA280040F3CF0070474FF0FF3070477C1702007B
:10DA38000EB403B503AB53F8042B01460448019315
:10DA480001F090F902B05DF804EB03B0704700BF35
:10DA5800B1BB0100CA0605D48B064CBF0249034975
:10DA6800FFF7E6BF704700BF9A55020099550200BC
:10DA78002DE9F04F89B09B46149B9DF84CA0069366
:10DA8800159B04460593169B0D469046179E0493D6
:10DA9800BAF1000F00F09D8006F4807307930DF033
:10DAA800D7FF06F00209024600283ED020469149D9
:10DAB800FFF7BEFF0746B9F1000F08D016F0440F74
:10DAC80035D12A4620468C49FFF7B2FF074406F0B5
:10DAD800010353B1894B204653F82A20884B8949C2
:10DAE800002A08BF1A46FFF7A3FF06F48073002B2D
:10DAF80049D006F00803002B63D1B8F1000F66D0B7
:10DB0800424620468049FFF793FF0546069B3D4461
:10DB1800002B6DD1049B002B73D1F30700F1E48037
:10DB280031462046FFF796FFD8E00746C3E7774B14
:10DB380018680028CAD0764B4FF47A791B684FF0E2
:10DB48003C0CB5FBF3F5B5FBF0F14FF4616300FB5A
:10DB5800115509FB05F5B1FBF3F2B5FBF0FE03FB2C
:10DB6800121100FB1E55B1FBFCF309FB05F5B5FBD3
:10DB7800F0F50CFB131120460091CDE901E565494C
:10DB8800FFF756FFA2E706F00803EBB1624B204609
:10DB980053F82A206149FFF74BFF0546B8F1000FFB
:10DBA80005D0424620465849FFF742FF0544BBF1DD
:10DBB800000FABD05A4620465949FFF739FF0544B4
:10DBC800A4E74FF0000BE1E706F00805E6E7454655
:10DBD8009CE7BBF1010F069B06D1002B64D1049B87
:10DBE800002B7BD000250CE0002BF8D04D485CE0E2
:10DBF8004D48069B22464D490DF0AFFA049B002B79
:10DC080068D0DFF82C81DFF82C91049F3146102F63
:10DC1800204628BF10274FF0000BFFF71BFF5D457C
:10DC280045DC059B494620461A78FFF701FF4FF06F
:10DC3800010B1BF0070F03D141462046FFF7F8FE02
:10DC48005F453BD9059B4946204613F80B20FFF753
:10DC5800EFFE0BF1010BBBF1100FEAD14FF0000BF7
:10DC680020463549FFF7E4FE5A46059B20469A5C54
:10DC7800A2F120015F2928BF2E223049FFF7D8FEE4
:10DC88000BF1010BBBF1100F1DD01BF0070F03D1D7
:10DC980041462046FFF7CCFE5F455A46E5D8414647
:10DCA8002046FFF7C5FEEBE71F485546A1E741466A
:10DCB8002046FFF7BDFE0BF1010BB0E720462049D7
:10DCC800FFF7B6FEC5E7059B3B440593049BDB1BAA
:10DCD80004939AD1BAF1000F7FF41FAF204609B020
:10DCE800BDE8F04F0DF053BF2046054A0549FFF740
:10DCF8009FFE15E72B4602002F460200681C020013
:10DD080026460200863A020054460200ACDE002095
:10DD1800A8DE0020384602007C1C0200584602009B
:10DD28005E460200DFBB0100B1BB01006DED0000E3
:10DD38006B460200634602006D460200C1560200AF
:10DD48006946020042F20F7373B58B4228BF0B4637
:10DD580005680446052168460D4A0AF0F5FB0646A3
:10DD6800636828460B225B680A490DF002FF636866
:10DD78003246694628465B680DF0FBFE63681B2245
:10DD880028465B6804490DF0F4FE02B070BD00BF80
:10DD98002B6002008B4602006F460200002101231F
:10DDA800064A904206D8064A01B901231360054B7A
:10DDB80018607047012140085B00F2E740420F00FD
:10DDC800A8DE0020ACDE0020F8B50D460446064F5C
:10DDD8004618B44201D12846F8BD14F8011BBB68A7
:10DDE8000148DB699847F4E710140200014B03600F
:10DDF80000207047C41C020070B50D461646044644
:10DE080038B331B32022002112F046FE28881122AF
:10DE1800022101F00DF90028E06005DA13F022FA7A
:10DE28000D4B1858404270BD3246294601F032F970
:10DE38000028E06802DA0EF091F8EFE70121A36804
:10DE480044F8330004EBC3020B4491800020A36024
:10DE5800E9E76FF00D00E6E70C00000070B5054635
:10DE68008EB00C4616460021302202A812F014FE8D
:10DE7800A968224628460DF0ACFF002806DA13F000
:10DE8800F1F92A4B185840420EB070BD42D0E868EC
:10DE9800002430222346CDE9004402A901F088F984
:10DEA8000028ECDB302838D1D5E90412089B1BBACE
:10DEB800944208BF8B4233D1099BAA691BBA93428B
:10DEC8002ED19DF8083003F00703042B02D06FF021
:10DED8001500D9E79DF809302BB30C990D9B09BAA9
:10DEE8001BBA51EA0302F2D00029B3600DDA104BD5
:10DEF800994202D8C6E90014E9E70E4BC91864EB49
:10DF080004040020C6E90014BEE70A4BC91844F10E
:10DF18000004F6E76FF07300B6E76FF07900B3E737
:10DF28006FF02100B0E76FF00F00ADE70C000000C4
:10DF38007F7EAA838081557C2DE9F0410F461646E5
:10DF480005468EB0002846D0002A44D03022002151
:10DF580002A812F0A1FD1B238DF8083012F08FFBE8
:10DF68001F4C4FF00008A0FB043204FB012113F5FD
:10DF7800804341F10001D80B40EA41400023184A90
:10DF8800C90BFAF7ABFD41F2C603040E5A4303026C
:10DF980044EA012403F47F032343C5E9040143EA67
:10DFA8000063000A00F47F400343AA6112BAE868DC
:10DFB8000C930D9230224346CDE9008802A901F066
:10DFC80095F8002809DB3246394628460EB0BDE8E8
:10DFD800F041FFF743BF6FF00D000EB0BDE8F081D0
:10DFE80040420F0008B504480DF03FF9BDE808406D
:10DFF80002480DF03AB900BFD74602000C470200AC
:10E0080008B50348034A0021121A0DF065FE08BD41
:10E0180090CB002064160120074808B5074A084934
:10E02800121A0DF05BFEBDE808400648064A07498B
:10E03800121A0DF053BE00BF80C500208CCB002003
:10E04800D863020068C5002080C50020C0630200B4
:10E058002DE9F04706460C4600AF002936D0D1E935
:10E068000012E9468AB06D46A3684FF0050AA84633
:10E078001F48C5E90723C5E9050148F810AF002383
:10E0880042464FF421511B48FFF7F2FBD4E9031233
:10E09800CD466369AD461848C5E90723C5E90501BA
:10E0A800C5F810A0002342464FF421511148FFF74C
:10E0B800DFFBCD46E3690121104A0E480DF043FD10
:10E0C800A36901210E4A0B480DF03DFD012E07D131
:10E0D800EFF305830B4A31460648103B0DF033FD3C
:10E0E8002146304608F0E4FBBD46BDE8F08700BF96
:10E0F8003A47020084180200694702009847020064
:10E10800A7470200D547020030BFFFF7FDBF00BF99
:10E118002DE9F04105460B4EDFF82C80324606EB20
:10E128000807CC1B2046094912F08FFCA01942466B
:10E138000021083C12F0B0FCC5F8844007F1080043
:10E14800BDE8F0810000000008000000DC180200B3
:10E15800054BDA699B689A421FBF044A536843F02B
:10E168008053536009F072B988DA002000ED00E0AE
:10E1780070B52A4C06460D4629482A490DF0BBFDC4
:10E18800A36ADB0647D5264827490DF0B4FD1120C0
:10E19800A36A1C0704D5224824490DF0ACFD1220BF
:10E1A8001E4CA36A990712D521491D480DF0A3FDFD
:10E1B800636BA26A120609D501211E4A18480DF0A0
:10E1C800C2FC1EB1A36A23F08003A3621320134C80
:10E1D800A36ADE0704D5124817490DF08CFD1420F8
:10E1E800A36A9C0604D50E4814490DF084FD152039
:10E1F8000A4B9A6AD10658BF9A6A9A6A920642BF2F
:10E208005A6A22F400525A629A6A42F0FF029A62EB
:10E2180000232B7070BD1020BAE700BF00ED00E0AE
:10E2280084180200E8470200FE4702003148020055
:10E23800444802005C48020072480200914802000B
:10E2480010B5244C244925480DF055FDA36A9901C1
:10E258003ED5224822490DF04EFD1E20A36ADA0160
:10E2680004D51E481F490DF046FD1F20194CA36A0E
:10E27800DB0204D519481C490DF03DFD0220A36AB4
:10E288001C0304D5154819490DF035FD2120114C02
:10E29800A36A590304D5114815490DF02CFD222015
:10E2A800A36A9A0304D50D4812490DF024FD2320D2
:10E2B800084CA36ADB0304D508480F490DF01BFD81
:10E2C8002420A36A6FEA03436FEA1343A36210BDD5
:10E2D8001D20C3E700ED00E0C048020084180200DA
:10E2E800D8480200EB480200054902002F49020005
:10E2F8004D490200724902008C49020070B5294C50
:10E3080006460D46284829490DF0F5FCA36AD904AC
:10E318003CD5254826490DF0EEFC1720A36A1A05BE
:10E3280004D5214823490DF0E6FC18201D4CA36AAA
:10E338009B0512D51C4820490DF0DDFCA36BA26A91
:10E34800100409D501211D4A17480DF0FCFB1EB128
:10E35800A36A23F40043A3621920124CA36A590547
:10E3680004D5114816490DF0C6FC1A20A36ADA052F
:10E378000ED50D4813490DF0BEFC1B20094A936ABF
:10E3880043F47F43936200232B7070BD1620C5E7CA
:10E39800A36A9B04F2D504480B490DF0ACFC1C2081
:10E3A800ECE700BF00ED00E084180200B749020066
:10E3B800CD49020031480200DE490200F749020057
:10E3C8000C4A0200274A0200914802002DE9F04752
:10E3D8008AB0694B0446D3F804A08946164600253E
:10E3E80000AFCAF3080885F31188BFF36F8F02F0F6
:10E3F8007F43B3F17F4F1ED1D3071CD4500603D4FB
:10E40800110708D4012508E05C495D480DF073FC4C
:10E4180016F0040600D04C4600250023FB71A8F135
:10E428000303092B00F28680DFE803F0077C7F787E
:10E438008484848484822C46EFE7524950480DF046
:10E448005AFC00234C4EFB71F36A9A0705D54E49D6
:10E458004B480DF050FC002329E0F36A002B01DA49
:10E468004A49F5E7F36A5B00F5D5494944480DF098
:10E4780042FC7369A26943F480737361BFF34F8FE1
:10E48800BFF36F8F736932F8022C23F480737361C2
:10E49800BFF34F8FBFF36F8F4DF602739A4228D1A7
:10E4A800236801213B4A36480DF04DFB2368FA7971
:10E4B800DAB907F1080604F1200C324620686168D1
:10E4C800083403C264451646F7D17A6A002D4ED047
:10E4D800C2F3080121B96FEA52226FEA42227A6236
:10E4E800184607F10801FFF7B3FD2837BD46BDE818
:10E4F800F087B36ADBB223B10120F91DFFF738FEBC
:10E508000EE0B36A13F47F4F04D00120F91DFFF722
:10E51800F5FE05E0B36AB3F5803F9CD3FFF790FEA4
:10E528000346C4E70020F91DE8E70020F91DEEE7DF
:10E5380019498DE7194A6E461AF4F87F8AB0184BC4
:10E5480018BF13466A461749C2E90513A8F1100314
:10E55800D3614FF400731384134B42F8103F002328
:10E568004FF411510648FFF783F9B54673E722F4D3
:10E57800FF7222F00102B2E700ED00E06D4A0200EE
:10E5880084180200904A0200A74A0200C84A020002
:10E59800D64A0200F54A0200114B0200544A020012
:10E5A8003F4A0200354B020004000001064B5A693D
:10E5B80042F010025A615A6942F480625A615A69FB
:10E5C80022F008025A61704700ED00E0EFF308807E
:10E5D800EFF3098101B57246FFF7F8FE01BD00BFF0
:10E5E800002080F31488BFF36F8F002080F30A881F
:10E5F80080F30B880F4880F308880FF0AEFE0020E8
:10E608000D490860BFF34F8F00F03EF8202080F3DB
:10E6180011880A484FF40061401880F30988EFF325
:10E6280014800221084380F31488BFF36F8F00F031
:10E638000FF90000A881012094ED00E0686801202E
:10E64800BFF34F8F0549064BCA6802F4E0621343D3
:10E65800CB60BFF34F8F00BFFDE700BF00ED00E0C8
:10E668000400FA05002318460649D1F89020C2F3A1
:10E678000722934200DB7047C1F89830C1F8A00028
:10E688000133F6E700ED00E010B572B6002484F31C
:10E698001388FFF7E7FF23464FF0FF300C4A03F1DA
:10E6A80020010133102B42F82100F8D100234FF04C
:10E6B800FF30074A03F160010133102B42F82100B3
:10E6C800F8D162B6BFF34F8FBFF36F8F10BD00BF95
:10E6D80000E100E0084B9B6883420BD1EFF3058310
:10E6E80043B1064B5A6842F080525A605A6A22F483
:10E6F80000425A6209F0E6B988DA002000ED00E02D
:10E7080001B511F054FEBDE801401B498A6882F842
:10E7180091E04FF040001044EFF3098C80E8F01FBF
:10E72800202080F31288BFF36F8F144F4FF00066DC
:10E73800CA698A603E60D2F88400114C206092F960
:10E7480091E0D2F888000023C2F8883080F311885D
:10E7580002F1400090E8F01F8CF3098802F10000F4
:10E7680004B50DF0D0FABDE8044001B508F000FF8B
:10E77800BDE801407047000088DA002004ED00E0A1
:10E78800DCDE00201EF0040F0CBFEFF30880EFF36F
:10E798000980816911F8021C0229FFD001B572466F
:10E7A8000DF09EFA01BD00BF40B2002807DB01232F
:10E7B8004109034A00F01F00834042F821307047A6
:10E7C80000E100E040B200280CDB012206494309C1
:10E7D80000F01F008240203341F82320BFF34F8F01
:10E7E800BFF36F8F704700BF00E100E0054B42099F
:10E7F80053F82220012300F01F0003FA00F0104014
:10E80800704700BF00E100E040B2002801F10101BB
:10E81800ACBF00F16040064B4FEA4111C9B2ABBF33
:10E8280000F5614000F00F0080F80013195470479C
:10E8380014ED00E0044B054A23F07F039360BFF317
:10E848004F8FBFF36F8F70470080000000ED00E02E
:10E8580008B5FFF7EFFF074AD2F8883023F47003B2
:10E86800C2F88830FFF7CCFBFFF7D6FB00F04EF874
:10E8780008F04AF900ED00E042F8203C009B0D4901
:10E8880042F81C3C019B21F0010142F8183C029B14
:10E8980042F8081C42F8143C4FF0807342F8043CDC
:10E8A8000023C0F888304FF43C43203A0266C0F891
:10E8B800903070470DCE0000044608B50E4B154643
:10E8C8009860D0F884200D4B0E461A6008F050FE70
:10E8D800636F83F30B882C4686F309880020044B6A
:10E8E80098472046002100220023024C20470000C0
:10E8F8001DBD01000DCE000088DA0020DCDE0020FE
:10E908001022014B1A61704700ED00E0002320211E
:10E918000348C2180133412B82F80013F9D170471C
:10E9280000E100E008B5EFF30583064A103B02EB6F
:10E93800C30152F8330049688847BDE80840FFF72B
:10E9480007BC00BF901402001FB5094C094A2346B2
:10E958000121094800F012F900230393074B012114
:10E96800E41A01A80193029400F012F904B010BD52
:10E978000000042080C50020C41C020090CB0020A9
:10E9880010B50C7A0B6804F01F0223F01F031A431A
:10E99800CB68640923F01F03054943EA440343F0A5
:10E9A8000103C1F89800C1F89C20C1F8A03010BD3F
:10E9B80000ED00E010B50A4BD3F89030C3F30723FD
:10E9C800013B984208D901210346064A06480DF042
:10E9D800BAF86FF0150010BDFFF7D2FFFBE700BFD4
:10E9E80000ED00E04C4B0200541802002DE9F04FF6
:10E9F8008946144606464FF00008514D85B0C84573
:10EA080027DAD6F804A0BAF1000F44D0BAF11F0FE4
:10EA180017D91AF01F0F14D1D6F800B01BF01F0F2A
:10EA28000FD158460DF099F907460AEB0B0001384B
:10EA38000DF093F9874210D06FF01507414A3B4615
:10EA480001E04346404A012140480DF07CF86FF050
:10EA58001504204605B0BDE8F08F17F1160FEDD06C
:10EA6800BC42EBDDC5F89870D5F89C10C5F89870D5
:10EA7800D5F8A03021F01F0143F01F0BD6E9003272
:10EA88001A44994202F1FF3A1DD1D34507D13146C4
:10EA9800F8B20DF06BF908F101080C36AFE7314612
:10EAA800C5F89870D5F89C3022F01F0203F01F03B8
:10EAB8001343C5F89C30E0B20DF058F910F1160F69
:10EAC800C5D0441CE7E7C5F89870D5F8A020013BED
:10EAD80023F01F0302F01F021343D3453146E0B26F
:10EAE800C5F8A030E8D00DF041F910F1160FAED0FE
:10EAF800C5F89870D5F89C209DF808300BF1FF3BBD
:10EB080062F304038DF80830D5F8A0309DF808208A
:10EB18005B0863F347128DF80820D6E900321344E6
:10EB2800009323F01F035B44A3EB0A03013023F097
:10EB38001F036946C0B20393FFF73CFFBEE700BF5F
:10EB480000ED00E0954B0200724B020054180200E1
:10EB58000522044BC3F89420BFF34F8FBFF36F8F88
:10EB6800704700BF00ED00E0BFF35F8F0022024B4B
:10EB7800C3F89420704700BF00ED00E010B5034CC7
:10EB88002278FFF733FF207010BD00BF87010120F6
:10EB98002DE9F74F294D8A4606464FF00008AB4647
:10EBA800274FD0451BDAD6F80490B9F1000F3FD0B3
:10EBB8003168084601910DF0D0F80199044609EB37
:10EBC800010001380DF0C9F884424FF014021D4BC2
:10EBD80008D002FB08F36FF015024BF8032003B0CE
:10EBE800BDE8F08F14F1160F2C60F8D01978A14207
:10EBF800F5DD02FB08B0C7F89840C7F89840D7F889
:10EC08009C4000F10801007B64F304000871D7F808
:10EC1800A0000C79400860F347140C71D7F89C10D9
:10EC280021F01F016960D7F8A01021F01F012961A8
:10EC380008F1010814350C36B3E700BFE0DE002008
:10EC480000ED00E087010120F0B54149414CD1F8C1
:10EC580090302568C3F307239D4287B075D80020FC
:10EC6800FFF782FF3C4BC1F8C030854216D13B4CC0
:10EC780001A82570FFF7BAF800250646384FAE42BE
:10EC880013D1002023783249D1F89020C2F307220B
:10EC9800934254DBFFF75CFF00202FE0616801EB33
:10ECA8000011FFF76DFE0130DFE70199280101EB44
:10ECB8000513DA683A40B2F5001F21D0B2F5800F8B
:10ECC8002BD0B2F5801F38D15A689B680958013B90
:10ECD80022F01F0003440120844623F01F0340EA6A
:10ECE8004C10CDE902218DF8100002A92078059377
:10ECF800FFF760FE00281DDA6FF0150007B0F0BDC1
:10ED08005A689B680958013B22F01F0003444FF0E2
:10ED1800020C012023F01F03E1E75A689B68095899
:10ED2800013B22F01F0003444FF0000C022023F0A7
:10ED38001F03D4E723780133237001359FE7C1F817
:10ED48009830C1F8A00001339EE74FF0FF30D5E7B7
:10ED580000ED00E0D01C0200AAFF4400870101205A
:10ED68000000F0FFF0B587B007460E4614460021B4
:10ED7800102268461D4611F08FFE02238DF80230DE
:10ED8800054B2A4621466846CDE9047601930AF0E8
:10ED98006DF807B0F0BD00BFA7BD010008B5024B74
:10EDA8001B689847002008BDF4DE0020034B044A86
:10EDB8001860937843F0020393707047F4DE0020E4
:10EDC80054C6002008B50649064821F00701C1F1DC
:10EDD800005202F580220CF054F9002008BD00BF53
:10EDE80027F20120F8DE00202DE9F04F0F464FF002
:10EDF8000008BB4646469DB0069008A814461D4626
:10EE080011F03FFCDDE90823DDF81890CDE9042373
:10EE18000DAB0A93CDF80C80BBF1000F21D1002E69
:10EE28006BD0B5F1FF3F08BFB4F1FF3F17BF4FF4F8
:10EE38007A724FF0FF34A4FB024302FB05331CBF78
:10EE4800E40B44EA43444FF482724146CDE900742E
:10EE5800069B03980CF0AEFF064630461DB0BDE891
:10EE6800F08FD9F80000002842DB0CAA0BA9FEF7A6
:10EE78001DF8824600283BD00C984FF0FF324FF027
:10EE8800FF3307F09DFF1CAB01930AAB00934FF4CF
:10EE980081724B4651460B980CF08CFF10F1780F9D
:10EEA80003461AD10023002208A811F0EAFBDDE985
:10EEB8000834CDE904340024254623460C980793EA
:10EEC80007F0F6FF079B002B12DA5B4212F0CAF933
:10EED800404A4FF0FF361350BFE710F1120FEDD143
:10EEE800039B13B9D0460B9B039300230126E5E748
:10EEF80009F108090BF1FF3B8EE7DDE9042308A8B7
:10EF080011F0E4FBDDE90845B04622462B46DFF860
:10EF1800C8900A990DAC091B891009FB01F120461C
:10EF280009F02CF900F10B030B2B04D82B4E1E41D2
:10EF380016F0010601D04342C8E73D46B2460A949E
:10EF4800069C85B9BAF1000F87D0002E85D1DDE97E
:10EF5800042308A811F0BAFBDDE908452B46254330
:10EF68002246D6D179E72068A4F8068000282ADB53
:10EF78000CAA0BA9FDF79AFF834618B92023E38052
:10EF8800013620E00C984FF0FF324FF0FF3307F0C6
:10EF980017FF0AAB5946009340F2031223460B9819
:10EFA8000CF008FF83460C9807F082FF1BF10B0F4B
:10EFB8000CD0BBF1000F02D0CBF1000386E7B4F907
:10EFC8000630002BDCD10834013DBAE74FF0010AC6
:10EFD800F9E700BF0C000000CDCCCCCC7EF7FFFFDA
:10EFE8000122024B0020C3F84025704700900340DF
:10EFF80048B1054B054A1B68B3FBF2F35843044B71
:10F0080043F0010318477047E0C7002040420F0053
:10F018003019020008B54FF6FF723F230348C0E9D4
:10F02800002304F0FFFF002008BD00BF04DF00201C
:10F038002DE9F04105460E461746134CDFF84C8083
:10F04800444508D312F00EF96A22114B1A504FF0BA
:10F05800FF30BDE8F0812368AB4200D08BB93A4657
:10F0680031462846A368984758B112F0FBF80022A9
:10F07800074B3146C2503A462846E368BDE8F0419E
:10F0880018471034DCE700BF6C1702007C17020039
:10F098000C00000073B50D461646694601AAFDF737
:10F0A80005FF0446B0B1009B9B69DBB14FF0FF320E
:10F0B8004FF0FF3301980CF04DFF009B204632467D
:10F0C80029469B699847044601980CF045FF20465D
:10F0D80002B070BD092312F0C5F8034A4FF0FF349F
:10F0E8001350F4E75F23F6E70C0000002DE9FF4119
:10F0F8000D46164602A903AA1F46FDF7D7FE044689
:10F10800E8B1029B5B6A13B34FF0FF324FF0FF3355
:10F1180003980CF01FFF0B9B204601930A9B324675
:10F128000093029B2946D3F824803B46C0470446F7
:10F1380003980CF011FF204604B0BDE8F0810923C4
:10F1480012F090F8034A4FF0FF341350F3E75F23AF
:10F15800F6E700BF0C00000073B50D461646694679
:10F1680001AAFDF7A3FE0446B0B1009B5B6BDBB1BF
:10F178004FF0FF324FF0FF3301980CF0EBFE009B8D
:10F188002046324629465B6B9847044601980CF0A6
:10F19800E3FE204602B070BD092312F063F8034A6B
:10F1A8004FF0FF341350F4E75F23F6E70C0000003C
:10F1B8002DE9FF410D46164602A903AA1F46FDF791
:10F1C80075FE0446E8B1029B9B6A13B34FF0FF3209
:10F1D8004FF0FF3303980CF0BDFE0B9B20460193C4
:10F1E8000A9B32460093029B2946D3F828803B4667
:10F1F800C047044603980CF0AFFE204604B0BDE8B3
:10F20800F081092312F02EF8034A4FF0FF3413500F
:10F21800F3E75F23F6E700BF0C0000002DE9FF418C
:10F228000D46164602A903AA1F46FDF73FFE0446EF
:10F23800D8B1029B1B6B03B34FF0FF324FF0FF3383
:10F2480003980CF087FE0A9B20460093029B3246E7
:10F25800D3F8308029463B46C047044603980CF053
:10F268007BFE204604B0BDE8F081092311F0FAFFC7
:10F27800034A4FF0FF341350F3E75F23F6E700BF6C
:10F288000C0000000122024B1860024B1A707047F4
:10F298000CDF002088010120034B186808B1034BDC
:10F2A800187800F0010070470CDF00208801012069
:10F2B80010B4034C24682468A44610BC604700BFFF
:10F2C8000CDF0020014B1B685B6818470CDF00202F
:10F2D8002DE9F0410D460646F8B1F1B10846F9F7B7
:10F2E80079FC08281CD8114FDFF84480441C474596
:10F2F80008D32246294606F10C0011F0A6FB00208F
:10F30800BDE8F081B74206D02246294607F10C0035
:10F3180011F0CEFB38B14437E9E76FF01500EFE79D
:10F328006FF05A00ECE76FF07700E9E700CB0020B8
:10F3380044CB00202DE9FF414FF0FF324FF0FF335F
:10F3480024480CF05DFE244C244E254D254FB44234
:10F3580005D3204804B0BDE8F0410CF066BE002299
:10F368002046C4E9032222750CF014FED0F8088068
:10F37800B8F1000F14D0D8F800308BB104F11800A0
:10F3880010F0A6FE04F12C0010F0A2FED8F8003010
:10F398002046984794F8403023F0030384F840301F
:10F3A800237B83B920460CF0D0FE70B10E4A136857
:10F3B800591C11600D4A092101A809F0C5F8204619
:10F3C80001A9FFF785FF4434C1E72B685A1C2A605E
:10F3D8003A46F0E760C9002000CB002044CB00206B
:10F3E80010DF0020E94B020014DF0020E24B02008E
:10F3F80038B5074C074DAC4200D338BD0321204631
:10F408000CF0D5FD10B920460CF06DFE4434F2E73F
:10F4180000CB002044CB00202DE9F04F0024074604
:10F428008FB00AAD01920E46102221462846079455
:10F4380011F032FB022FCDE9084464D12C46334643
:10F448001036224618685968083303C2B342144676
:10F45800F7D1DDE90A3213434CD14FF6FF73BDF8FB
:10F468003240E31A5C425C4108A802460023194670
:10F4780035F81160002E3FD00133082B02F101024C
:10F48800F5D14FF0FF384FF00109002610F8013B85
:10F498004B4588BFB04606F1010688BF9946082E3D
:10F4A800F4D1B9F1010F4FF03A0B08BF4FF0FF3814
:10F4B8000295002101980025042E64D105F1380336
:10F4C8006B4413F81C2C03466ABB302203F8022B4A
:10F4D80080F801B018460135AE42EDDC019B984238
:10F4E80013D0012F4FF0000340F0878000F8013C53
:10F4F80001980BE00024B7E7167801310136082996
:10F508001670B5D1B8E7012F03D000200FB0BDE8C1
:10F51800F08F3368079304264FF02E0B4FF0FF3817
:10F52800B9460294C5E74FF0000E4FF0090CCDF82C
:10F538000CE0DFF8CCE0B2FBFEFACDE9042A0EFBC2
:10F548001A22DDF80CA0D44503DBDDF810A0F24543
:10F5580007D3DDF814A0CDF80CC00AF1300A03F87F
:10F5680001AB4FF00A0A0CF1FF3CBCF1FF3FBEFBB8
:10F57800FAFEE0D14FF000021A701B1A50FA83F01D
:10F5880000F801BBA7E75CB1052D09DD0D9B04263A
:10F5980007933A234FF02E0B012700F8013B8AE727
:10F5A800A8450ED111B9B8F1000F02D13A2300F8DD
:10F5B800013B3A2300F8013B09F1FF3300211D44C8
:10F5C80089E711B13A2300F8013B029B33F8153063
:10F5D8005BBA13F47F4FC3F307215FFA83FA0AD0AB
:10F5E800002361220CF0DAFD0123514661220CF060
:10F5F800D5FD01216FE70B46F7E7037078E700BFF9
:10F6080000CA9A3B01282DE9F8430C46164637D123
:10F6180000234C1E136019461A461D4614F8010FA4
:10F6280018B12E281BD101339BB2012909D9092A07
:10F6380003D9032907D1632A05D86FF01500BDE85F
:10F64800F8830029F9D0FF2AF7D8725522781AB121
:10F658000135EDB2042D10D1032B7BD0EDE7303806
:10F66800C7B2092FE9D80131C9B20429E5D002EBA4
:10F67800820200EB420082B2D0E700221146CDE7B9
:10F688000228DAD12E21204611F022FA2378002808
:10F698000CBF082706273A2B08BF01342046F9F784
:10F6A80099FA00224249824223DB0025A8462378A2
:10F6B800002BC2D03A2B41D010220021204609F05D
:10F6C80049F9102281460021204609F043F9C9F37F
:10F6D800072949EA002926F815903A21204611F011
:10F6E800F7F9D8B1441C0135AF42E0DC062F31D11F
:10F6F80033E0A35CA3F13005092D09D9462B09D8BD
:10F708002D2B9AD92E3BDBB221FA03F3DB0794D5D4
:10F718000132C8E7613B052BFAD98EE77B1EAB4265
:10F728008BDC0135AF4288DC062F13D185E706EB69
:10F73800450306F8158083F801800135BD42F6DBE4
:10F748003A21204611F02DFAA0421ED1062F03D0EF
:10F758006378F3B9002072E7013400250B3623786B
:10F76800002B3FF46AAF00210A22204609F0F2F884
:10F778002E2106F8010F204611F0AAF9B0B1013583
:10F78800042D00F10104EAD1E4E7062F08BF00F1D7
:10F79800FF307D1E013010F8013D3A2B02D1013DAA
:10F7A800FFF44BAFA042F6D101349CE7032D54E798
:10F7B8000110F8012DE9F0470B6890F888503C4A91
:10F7C80003F1050806463B4B90F88600C1F8008017
:10F7D800032814BF104618460C460CF0D3FEC5F398
:10F7E8004005034638B9D4E90072974296F8861066
:10F7F80004D16FF00B031846BDE8F0873A4602F8CB
:10F80800011B616822608A42F3D0BB1C78702360B8
:10F818002146B6F884000CF0A6FE03460028EAD17B
:10F8280006F154000CF0AEFE03460028E3D1B06E9A
:10F838006D00E8B1214696F888A090F808900CF081
:10F84800A1FE0AF0010A03460028D4D1F36E21462E
:10F8580053B318460CF096FE03460028CBD145F06A
:10F8680004054FEAC90345EA4A1503F018031D4386
:10F87800306E38B121460CF085FE03460028BAD117
:10F8880045F08005706E38B121460CF07BFE0346CA
:10F898000028B0D145F040057D7022464146BDE8BC
:10F8A800F04710200CF089BE0CF05DFED4E700BFD5
:10F8B800F81C0200001D0200D2E90031C91A012912
:10F8C80083BF0549002009886FF00B0084BF23F827
:10F8D800021B5360704700BFEF4B0200D0E90032B3
:10F8E800D21A012A81BF054A128823F8022B4360E5
:10F8F8008CBF00206FF00B00704700BFF14B020077
:10F90800F0B5C66D044685B0308806220121FFF7A0
:10F918008FFB00280546E06206DA11F0A3FC164BBF
:10F928001858404205B0F0BDA76A9FB1134A02AB10
:10F9380010685168072203C3394602A811F004F978
:10F94800082319220093012128466B44FFF766FC1F
:10F9580000280ADB3388E06A012B0CBF0822182232
:10F96800E16DFFF797FB002803DAE06A0CF0F6FA7E
:10F97800D3E70020D6E700BF0C00000018190200EA
:10F988002DE9F341002406460F461546A046AC4231
:10F9980001D300200EE0F06A0023CDE900882A1B7D
:10F9A8003919FFF7A3FB031E07DA11F05BFC044BC0
:10F9B8001858404202B0BDE8F0811C44E7E700BF98
:10F9C8000C0000002DE9F041002507462B460C46A7
:10F9D800C9688B4211D10026B046AE4217D2F86AE8
:10F9E80000222146FFF7B8FB031E0DDA11F03AFC9E
:10F9F800144B18584042BDE8F081A26802EBC302DC
:10FA0800526801331544E4E71E44B54217D8002074
:10FA1800F1E71B1AC1F804800132E1689142DCD990
:10FA2800A16801EBC20148689842F2D9C01A48603F
:10FA3800A06850F83210194440F83210CDE700227F
:10FA4800EBE700BF0C00000013B5C06A002483F088
:10FA58000103CDE900449B01FFF7AAFB002804DA63
:10FA680011F000FC024B1858404202B010BD00BF14
:10FA78000C00000008B5C06A0CF070FA002805DA1E
:10FA880011F0F0FB024B1858404208BD0020FCE77B
:10FA98000C000000142290F824305343014AD35834
:10FAA800184700BF081D020030B4142590F8244000
:10FAB800024B05FB043330BC5B681847081D020085
:10FAC80010B4142490F82420024B04FB023310BC19
:10FAD8009B681847081D020070B4142690F824503B
:10FAE800034C06FB0544E468A44670BC604700BFAD
:10FAF800081D0200142190F82420024B01FB023358
:10FB08001B691847081D0200F0B590F85030C66D03
:10FB1800002B04464B49308808BF012185B04FF4BB
:10FB28008172FFF785FA00280546E06205DA11F0D0
:10FB380099FB454B1858404256E0A76A9FB1434A83
:10FB480002AB10685168072203C3394602A810F0B7
:10FB5800FBFF082319220093012128466B44FFF775
:10FB68005DFB00284EDBE06A0423052200934FF476
:10FB78008D7104F13003FFF751FB002842DBA36BC2
:10FB8800E06A002B32D1236CE06A002B3ED1A56CD1
:10FB9800E76A002D47D1636CE06A012B0AD1042380
:10FBA8000C2200934FF48D7104F14403FFF736FBE8
:10FBB800002827DBE36CE06A53B104230A22009390
:10FBC8004FF48D7104F14C03FFF728FB002819DB73
:10FBD8003388E06A012B0CBF08221822E16DFFF779
:10FBE80059FA00280EDB002005B0F0BD626B002A30
:10FBF800C9D0920000924FF48D710322FFF70EFBDB
:10FC08000028C0DAE06A0CF0A9F990E7E26B002A54
:10FC1800BDD0920000924FF48D710122FFF7FEFAD9
:10FC28000028B4DAEEE72846F8F7D4FF0130009050
:10FC38002B4602224FF48D713846FFF7EFFA002861
:10FC4800A9DADFE7010000400C00000020190200DB
:10FC58002DE9F341002406460F461546A046AC425E
:10FC680001D300200EE0F06A0023CDE900882A1BAA
:10FC78003919FFF73BFA031E07DA11F0F3FA044BC0
:10FC88001858404202B0BDE8F0811C44E7E700BFC5
:10FC98000C0000002DE9F041002507462B460C46D4
:10FCA800C9688B4211D10026B046AE4217D2F86A15
:10FCB80000222146FFF750FA031E0DDA11F0D2FA9E
:10FCC800144B18584042BDE8F081A26802EBC30209
:10FCD800526801331544E4E71E44B54217D80020A2
:10FCE800F1E71B1AC1F804800132E1689142DCD9BE
:10FCF800A16801EBC20148689842F2D9C01A48606D
:10FD0800A06850F83210194440F83210CDE70022AC
:10FD1800EBE700BF0C00000013B5C06A002483F0B5
:10FD28000103CDE900449B01FFF742FA002804DAF9
:10FD380011F098FA024B1858404202B010BD00BFAB
:10FD48000C00000008B5C06A0CF008F9002805DAB4
:10FD580011F088FA024B1858404208BD0020FCE711
:10FD68000C000000084B70B5C31A0D4607499B10DC
:10FD780004465943402206480DF06DF82B460146CB
:10FD88002046BDE8704018472CDF0020B76DDBB671
:10FD980070130200402373B50B4C0093041B0B46F1
:10FDA8000D460A49A41061430646094A09480DF060
:10FDB8007DF8011E05DA30462B4602B0BDE87040DA
:10FDC800184702B070BD00BF2CDF0020B76DDBB64E
:10FDD8001DCF010070130200F8B50022012105466D
:10FDE8000520FEF711FD104804F044F90446B8B99F
:10FDF80004F060F92F690D4938460BF063FD031EC6
:10FE080009DB01263E642D69084905F11C000BF049
:10FE180059FD031E02DA1C462046F8BDEE64FBE7D6
:10FE28006FF00404F8E700BF71FF0000301D020006
:10FE38007FB500220123CDE9022304ABCDE90433C9
:10FE4800094A6B46CDF800D0CDF804D00DF05BF828
:10FE5800002805DB4FF480420023684607F0E4F8E9
:10FE680007B05DF804FB00BF2FCF010010B5EFF31A
:10FE78001184202383F31288BFF36F8F074A136816
:10FE880023F00201DB07116002D401200EF0BAFA58
:10FE980084F31188BFF36F8F10BD00BF7CDF002093
:10FEA8000C22104B014602FB0033002030B4D3E98A
:10FEB8000E529863EFF31180202484F31288BFF365
:10FEC8006F8F1C6C04F0C00444F002041C6480F3BF
:10FED8001188BFF36F8F1DB12B4630BC02481847FD
:10FEE80030BC70472CDF00207013020010B4EFF311
:10FEF8001182202383F31288BFF36F8F174801689C
:10FF080041F002040460C80707D482F31188BFF3E4
:10FF18006F8F012010BC0EF06DBA1149D1F80C0496
:10FF2800D1F80C14C907F0D5EFF3118083F31288C8
:10FF3800BFF36F8F0B490B6C03F0C00343F0020350
:10FF48000B6480F31188BFF36F8F82F31188BFF3BE
:10FF58006F8F002010BCFFF7A3BF00BF7CDF00201D
:10FF6800005000402CDF002010B1012804D0704759
:10FF7800034B1B6C5B0701D1FFF792BF704700BFB3
:10FF88002CDF00202DE9F041012207463449D1E851
:10FF9800EF3FC1E8E02F0028F9D133B931493248A1
:10FFA8004B60CB608A600BF0A0FC7B1E012B28D82D
:10FFB800012F06D12D4BD3F81C3403F00303022B79
:10FFC8001FD010F0E9F90546E8B9294B1B78D3B1E1
:10FFD80002220646254BC3F80823244CDFF89480F8
:10FFE800D4F81824D4F81834D20315D503F0030331
:08FFF800022B01D0012F0FD1F3
:020000040001F9
:100000006DB386F31188BFF36F8FBDE8F081EFF316
:100010001186202383F31288BFF36F8F0125E0E759
:10002000C5B130460BF08EFED4F81835DBB2012B8B
:10003000DAD1D4F80421002AD6D00022C4F8042151
:10004000D4F804210222C4F818252022C8F88021FF
:10005000A360C9E70021212010F088FAE4E702221A
:10006000044BC3F80423D0E728DF002018DF00206A
:1000700048DF0020005000406116012000E100E050
:1000800008B507480FF04DFF38B10648FEF792FE5D
:100090000448FCF7B5FE002008BD6FF01200FBE736
:1000A00010140200A90001000A2838B50446074DC3
:1000B00004D1AB680D212846DB699847AB6803483B
:1000C000DB69E1B29847204638BD00BF101402003A
:1000D000024B0B6001231360704700BF80DF0020DC
:1000E00000487047541D020007B50346054A0091B9
:1000F000054801210BF035FD6FF0150003B05DF8E8
:1001000004FB00BF2C4C0200D417020010B50122E2
:100110000648114610F07CF80EF0D0FB044C20602D
:100120000EF0C9FB6060002010BD00BF88DF00201A
:1001300080DF0020F7B50E4614460EF0BCFB2146CA
:10014000054630460CF015FF374660B3B6FBF5F3B5
:1001500005FB136323B9B4FBF5F305FB13434BB164
:100160003346134A0094134801210BF0FAFC6FF058
:10017000150002E0A54202D9002003B0F0BD4FF007
:10018000FF324FF0FF330C4806F052FF0EF093FBA6
:100190000546384604F0A4FA641B2F44F9D10648FA
:1001A00006F00CFFE8E7054A33460094DBE700BFA2
:1001B000494C0200D417020088DF00202C4C0200BA
:1001C000F7B50E461946304617461C460CF0D1FED0
:1001D00050B93346174A0094174801210BF0C1FC6F
:1001E0006FF0150003B0F0BD46EA040515F00305F5
:1001F00003D0124A33460094EEE7A4B14FF0FF3229
:100200004FF0FF330E4806F013FF24F00304A5421D
:1002100005EB060009D10B4AD2F80034DB07FBD509
:10022000074806F0CBFE0020DCE7795904F070FAAD
:100230000435ECE72C4C0200D4170200684C020095
:1002400088DF002000900340430970B507D10B4BB5
:10025000596821B101250C68094E854001B970BD6E
:100260008A682A4002D030464B6898471CB1236800
:1002700021461C46F2E72346FAE700BFA0DF002034
:10028000901302002DE9F04340F206354768D0068E
:1002900048BF4FF0030C3B7C02EA050558BFC2F390
:1002A000401C87B001F01F06B5F5837F144646EA6F
:1002B00043168DF803C042D00DD8062D16D005D8B0
:1002C000A5B1022D3DD06FF0150035E0B5F5807F6A
:1002D000F9D101250AE040F20222954233D0B5F56A
:1002E000407F32D0B5F5007FEDD1022501232203F6
:1002F00003FA01F12BD57B689960B86860BB06F002
:100300001F03760971D13B4A84F4803102EB8302EA
:10031000D2F80032C1F30041C4F3404423F4E16356
:1003200044EA410423F007031C4344EA8C0444EAF2
:100330000524C2F80042002007B0BDE8F08307257D
:10034000D4E70425D2E70525D0E70325CEE76303EC
:1003500044BF7B68D960D0E731460DF102020EF050
:100360004BFA14F4403F80460CD13146B8680EF089
:1003700055FAB8F1000FDED19DF80210B86804F00C
:1003800039F8D8E74FF0000901ABCDE90199CDE983
:100390000439CDF80C903146B86803AA0EF027F95D
:1003A0004845C8DB14F4003314D09DF8033084F4BE
:1003B0008034C4F300448DF80E308DF80C508DF865
:1003C0000D404B463146B86803AA0EF0ABF9002841
:1003D000CFDAB0E7CDE904330DF1030303933146DF
:1003E000B86803AA0EF003F9F1E7803350F8233020
:1003F000FFDE00BF0025844038B54568A86890B18D
:100400000EF006FA014670B9A86803F0C1FF044671
:1004100058B902460649A8680EF0EBF922460521B4
:100420003120FEF7F5F9002038BD6FF00400FBE73E
:1004300049020100F0B544681646A068227C01F02C
:100440001F0587B045EA4215002864D0B6F5001FA5
:1004500004D129460EF02AFA00204DE00020B6F51E
:10046000800F01AA0190506035D1B3F1007F14BF15
:10047000052304238DF804300023CDE904230393DE
:10048000E3680DF1030723FA01F111F0010135D101
:10049000B6F1A07F32D105F01F036A0903F1800392
:1004A0003CD1204A52F82330DB0727D43A4629466C
:1004B000A0680EF0A1F9163018D002972946A0685E
:1004C00003AA0EF094F8002816DB01222946A06842
:1004D0000EF0A6F9C0E7B3F1C06F05D0B3F1007F0D
:1004E00014BF01230223C5E70323C3E73946A068ED
:1004F00003F08AFF0028E0DA07B0F0BD3A4629464B
:10050000A0680EF079F90028D8D19DF80310A068F2
:1005100003F070FFD2E76FF08500EDE751F823306C
:10052000FFDE00BF002584402DE9F04F40F2FF15AB
:10053000504E514FDFF844C100EB8101814202D19E
:100540000020BDE8F08FD0F8008018F4804FC8F389
:10055000C324C8F308037FD1AB4208BF4FF0FF3379
:10056000B8F1806F16F804E04FEA18640DD2013C30
:10057000022C12D8DFE804F017414400173C022C8B
:1005800041D8DFE804F0575A5D00A4F11608B8F12D
:10059000030FF3D96FF08500D3E7C2F80C355C1C6C
:1005A00051D10430CAE7C2F814355C1CF9D04FF0C1
:1005B0000009D0F800B00BF40044002C16BF4FF037
:1005C0000009C8464FF0010803F01F045B094BD136
:1005D00007EB8404D4F800A2CBF3412B4FEA0E239F
:1005E00043EA8B030AEA0C0A43EA0A0343EA0903D3
:1005F00043EA4803C4F80032D3E7C2F80835CEE72F
:10060000C2F81035D1E7C2F86035B3F1FF3F046896
:10061000C7D0C4F300444FEA5318A4B9B8F1000F8F
:100620001DD10124DFF850809C40C8F80C404FF0E9
:100630000109BEE7C2F86435E7E7C2F86835E4E7C8
:10064000C2F86C35E1E75C090BD10124DFF82880A2
:100650009C40C8F80840EAE76FF0150071E7E460D5
:10066000FFDE00239B60FBE70023803453F8243037
:10067000F6E700BFB34C020000258440F0F8FCFF11
:10068000F0B5044683B000220121212000AFFEF71F
:10069000BFF823692D4A184661680EF084F9051EDB
:1006A00017DA23686C4688B06A462949C2E90513FF
:1006B0004FF400739383274B42F8103F00234FF40D
:1006C000E2512548FDF7D8F8A54628460C37BD4627
:1006D000F0BD636800211D6B3A1D284626690CF0A9
:1006E000C6FC002805DB7B682A6819791868FFF7C3
:1006F0001BFF002002463568184E02F5AC7355F812
:10070000231000290ADB4B091DD17368CB4013F07D
:1007100001031CBF012393400343D8B20132042AD2
:10072000EBD1002301256268116A05FA03F2024247
:100730000CBF01220022D20321F813200133042B25
:10074000F1D10025C1E700235B68FFDE95D00100F1
:10075000BB4C0200030000018C18020000258440FD
:10076000F8B5BDF818C003290D46466804690CF0B9
:10077000010C06D90B464D4A01214D480BF0E7F913
:1007800016E0B17D012904BF5B085208002B63D03D
:100790009A4264D9A1698A421CD00121277F01FABB
:1007A00005FE37EA0E0706D0424A41480BF0C6F96B
:1007B0006FF01500F8BD1146B1F5004F44D2A261AB
:1007C0006777226896F816E0C2F80C75C2F804E55F
:1007D000C2F808150127627F23FA02F292B241683B
:1007E0008CF0010E096A42EACE3221F81520002F62
:1007F0003ED1226805F5AC7152F82120002A11DBA8
:10080000BCF1000F48D0B3FA83F35B0902F01F0775
:100810000121DFF8A4C052092BBB002A40D1B94006
:10082000CCF80C100127217F07FA05F521EA050114
:10083000217719B3A37F3BBB10230122204606F189
:1008400020010EF0C2F81DE00137082F4FEA5101D8
:10085000B2D11346194A8FE71F461A46BFE7002751
:1008600047F6FF72BBE7EAB9B940CCF80810D9E700
:100870000122237FAA4013432377DBE700690EF0B0
:10088000DCF8A777002095E70023A37720460EF039
:10089000EEF80028FAD0CFE7003B18BF0123B5E7F8
:1008A000DB60FFDE00239B60FBE700BFDB4C020048
:1008B0008C180200F04C020000258440054D020017
:1008C0002DE9F8430446884645680FF069FD6368E2
:1008D000A8B92E4A127892B14FF020091F686426F9
:1008E00060680CF052FD00283ED101200DF03DFD66
:1008F000013EF5D1002121200FF038FEEFE74FF047
:10090000200921691F68EFF3118689F31288BFF36C
:100910006F8F60680CF039FD08B34B6853B1D3F8A2
:10092000A4203AB1D3F8B420002A03DAD7F84C2532
:10093000C3F8B4206B6801225B0744BF4FF4800307
:10094000C7F804332B6A204683F80080296A0CF02C
:10095000FCFD86F31188BFF36F8FBDE8F88386F343
:100960001188BFF36F8FCEE7EFF311810E4689F345
:100970001288BFF36F8F60680CF007FD0028D9D193
:1009800081F31188BFF36F8FB4E700BF61160120B8
:100990002DE9F041054644680121E0680CF01CFD9A
:1009A0006B681A682369C2F82435617D237D0B4387
:1009B000A17D0B43C2F86C352C696068A0B16B68EF
:1009C0000022354908301E680FF0A5FE6368DD631C
:1009D00060680022314968300FF09DFE6368C3F8FB
:1009E0009C502F4BC6F804336F68D7E9004313F0CF
:1009F000010336D0D5F8108004F10C0108F1200273
:100A000004F590700DF0E6FC061E07DA0121254A78
:100A100025480BF093F83046BDE8F08198F82000A7
:100A200003F018FB0823C4F800353B6AC4F84435CA
:100A30000023C4F848350123A360D4F85831002BB3
:100A4000FBD00023C4F800356B68596811F004012D
:100A500005D1D8680CF0C0FC28460CF05BFD0026E0
:100A6000D9E70822C4F800253A6AC4F84425C4F836
:100A700048350123A360D4F82031002BFBD000239C
:100A8000C4F82031D4F820310123E3604FF480739F
:100A9000C4F80433D1E700BF99D60100BBDA0100E6
:100AA00014020A00424D0200AC180200F7B50646D7
:100AB0001C460569EFF31187202383F31288BFF3E7
:100AC0006F8F6B68D3F8A4C0BCF1000F07D087F319
:100AD0001188BFF36F8F6FF00F0003B0F0BDC3F844
:100AE000A4206B68C3F8A01001F06043B3F1005F6D
:100AF0006B6814D1C3F8A8106B68C3F8AC20294602
:100B000030460CF078FD87F31188BFF36F8F736860
:100B10001B7D012B01D1631C06D10020DDE7C3F84A
:100B2000B0C00CF0DDFBEAE74FF4004600210A48B4
:100B300024EAE4740023C4FB0601084AF8F722F80B
:100B40006D6802460B46683500200021CDE90001A2
:100B5000284607F0AFFAE0E73F420F0040420F009F
:100B60002DE9F04FD0F804A09946D0F810B09AF8CB
:100B70000830064688461746DBF80450DAF800408D
:100B800085B0002B40F0A78095F86130002B40F035
:100B9000A58095F8623003F0FF01002B40F09E80A5
:100BA000B9F1FF3F64D0B9F1040F61DD4FF0050CDE
:100BB0004FF4004099FBFCFCDFF828E10023CCFB5C
:100BC00000E1494A7046F7F7DDFF0023C5E91087C9
:100BD000C5E91530C5E91233E9652B65DAF804304B
:100BE000590756D5EFF31181202383F31288BFF301
:100BF0006F8F3269D36943F00200D0619A0704D144
:100C0000304603910CF086FC039981F31188BFF301
:100C10006F8FDAF804305B073BD595F86060C6B398
:100C2000BE4228BF3E4640463246DAF81C100FF05E
:100C300010FFBF1B29D195F860200BF11C0B921BF4
:100C4000D2B285F86020DAF81C0081190FF00EFF8F
:100C5000DBE8EF3F43F00403CBE8E23F002AF7D1A3
:100C600044F30734002C06DA002005B0BDE8F08F0D
:100C700000200146A9E7012263091C4904F01F0472
:100C8000A240403341F82320EEE7B9F1FF3F12D1F3
:100C9000B0440023C4F83485C4F83875C4F8103162
:100CA000D4F81021C4F84C31D4F84C31012385F824
:100CB00061302360D8E70023C4F80831D4F8083144
:100CC000D5E9162300200021CDE9000105F1080037
:100CD00007F0F0F9DCE76FF08500C6E76FF00F0072
:100CE000C3E700BF3F420F0040420F0000E100E0B9
:100CF0000123834070B5DC430B4AD2E8EF1F01EAC1
:100D00000405C2E8E65F002EF7D14FF4803282403E
:100D10000648C0F80823BFF35F8FBFF36F8F0B4205
:100D200014BF0120002070BDB0DF00200050014042
:100D300070B40E4922F07F46D1E90034D01AC318AE
:100D400044F10004C1E90034A6F50013B3F5400FE7
:100D500009D2074B1B681A0A1B069C19054B42F166
:100D60000005C3E9004570BC07F0A6B890D7002085
:100D7000B4DF002098D70020D9B101230D4A834069
:100D8000D2E8EFCF4CEA030CC2E8E1CF0029F7D15B
:100D90004FF48033084A8340C2F80433074BD3E84A
:100DA000AF3FC340DB0742BF4FF40012044BC3F810
:100DB00000217047B0DF002000500140ACDF002070
:100DC00000E100E00D4B1868010A0006BFF35F8FD9
:100DD0000B4BD3F80435181841F10001B3F5801F0F
:100DE0000AD2084BD3E90023904271EB030303D2EC
:100DF00010F1807041F10001704700BFB4DF0020A6
:100E00000050014098D700202DE9F04F85B01646DC
:100E10001F4604469DF840A0FFF76AFF0190FFF7C8
:100E2000D1FFB04271EB070352D23B4B301A67EB54
:100E30000101984271F100014DD2384B03EB0413CC
:100E4000D3E902239F4208BF964258D04FF480381E
:100E5000334908FA04F8204626F07F4BC1F848834E
:100E60000CF02EFE4FF00309584604F15005AD007A
:100E7000ADB205F1804504F5A87305F5A8350293D8
:100E8000029A20F07F4341F82230C1F84483D1F820
:100E90000435244AC01A033820F07F4090422ED9EE
:100EA000286868B1D1F80435A3EB0B0020F07F402F
:100EB000B0F5000F039322D920460CF001FE039BEE
:100EC000BAF1000F07D109EB030009F10109D7E7D7
:100ED000BAF1000F09D06FF0150520460199FFF710
:100EE0004BFF284605B0BDE8F08F01230E4AA34012
:100EF000D2E8EF0F1843C2E8E10F0029F8D1074903
:100F00000E982301C8500F9B01EB04120025C2E983
:100F100002675360E1E700BF0100800080D7002036
:100F200000500140FDFF7F00ACDF00207FB50025B1
:100F30004FF0FF304FF0FF31194C1A4B0226C4F826
:100F40000833C4F84833184BC4F80855C3E9020104
:100F50004FF480334FF40012C4F80433134B0121D3
:100F6000C4F804631520C3F880212A46FDF750FC1D
:100F70001520FDF71DFC01230D4AA36023601360BB
:100F80000C4B0D4A009328460023CDE90155FFF78D
:100F90003BFF3046FEF7FAFF284604B070BD00BFA5
:100FA0000050014003000F0080D7002000E100E066
:100FB000B0DF0020310D0100FFFF7F002DE9F74376
:100FC0002E4BD3F8042390070BD5D3F8042142B15C
:100FD0000022C3F804212A4AD3F8043113680133EC
:100FE0001360264AD2F80433D90326D5254BD3E81B
:100FF000EF1F21F00100C3E8E40F002CF7D1CB076D
:1010000002D4D2F84031C3B100251C4CC4F8405181
:10101000D4F84031FFF7D6FEEFF31182202383F39B
:101020001288BFF36F8F184BD3E90267B042B94102
:1010300006D282F31188BFF36F8F03B0BDE8F0834F
:101040004FF0FF38D3E900104FF0FF391D60C3E9BE
:1010500002894FF48033C4F84833C4F84051D4F8BF
:10106000403182F31188BFF36F8F0029E5D00090E3
:1010700032463B4628468847DFE700BF0050014024
:10108000B4DF0020ACDF002080D7002030B5431C47
:10109000124C85B005D08442A8BF0446012CB8BFCD
:1010A0000124FFF78FFE0E4B0C4DD3E90013401ABD
:1010B000B0F5000F0FD22218AA4228BF2A460020FE
:1010C00052180849CDE90100009143F10003FFF7F0
:1010D0009BFE05B030BD2A46F1E700BFFFFF7F0051
:1010E00090D70020310D010008B5FFF76BFE024BD1
:1010F0001B68C01A08BD00BF90D70020012310B59F
:10110000074C15206360FDF761FB4FF40012054B9F
:10111000C4F80833C4F84833034BC3F8802110BD2A
:101120000050014003000F0000E100E037B5046902
:101130000D4694F835304BBB0B7B022B29D10B6845
:101140000BBB94F834204B68D2B9134A591E914214
:1011500019D8236320460DF107010DF003FD10F1AE
:101160000C0F0BD0AB689DF8070013B1021D44F8BB
:10117000223094F83430013384F8343003B030BD79
:10118000226B9A42E6D06FF01500F7E76FF00F0080
:10119000F4E76FF08500F1E7FEFFCF0710B50022FE
:1011A000046901211820FDF733FB00232046BDE828
:1011B00010401946014A0DF0B1BC00BFC111010039
:1011C0002DE9F0410C464FF001080A4E0A4F0CB9C8
:1011D000BDE8F08194FAA4F5B5FA85F52B1D56F813
:1011E000233013B129463846984708FA05F524EA12
:1011F0000504ECE774C700203014020070B5054602
:10120000054C064EB44200D370BDD4E900312846E7
:1012100098470834F6E700BFA8630200A8630200FD
:1012200070B5002201212A20FDF7F2FA0B4803F0E5
:1012300039FB044628B101210346094A09480AF04E
:1012400086FC094D094EB54201D3204670BDD5E953
:101250000031204698470835F5E700BFE01E020040
:10126000A74D02007C180200A8630200C0630200C0
:10127000F0B50F4B01461A680E4B0B250026184699
:101280001F46B84201D3013D04D11846013A196006
:101290005A60F0BD04688C42FBD03CB14468141B1A
:1012A000A642BCBF034626460830EAE70346ECE701
:1012B000A4E00020B0E000200020054BC3E90000BE
:1012C000044BD3E8EF2FC3E8E10F0029F9D17047B1
:1012D000A8E00020A4E000202DE9F04F89B00546E9
:1012E0000E460DF07AFC20B96FF06D0009B0BDE834
:1012F000F08F0FF0C8F933680446002B0F4604D175
:1013000006F03AFB6FF00A00F0E7BCBF4FF0FF3386
:1013100033600122002101A80EF07AFFE84607950C
:10132000EFF3118B202383F31288BFF36F8F0FF03D
:101330009DFFDFF828A1DFF828915AF80000FFF799
:1013400097FFD9F8003042689A426ED10023454D8C
:1013500000936B68002B6FD1C5E900888BF311886F
:10136000BFF36F8F33685A1C6BD04FF4004E40F2BE
:10137000E730002123EAE37C4FF47A720023CCFBB0
:101380000E01F7F7FFFB02460B4601A805F050FEE1
:10139000EFF3118B202383F31288BFF36F8F0022AA
:1013A0002B685BB1434556D10099002A4DD16A683C
:1013B00029609A4200D16960002300930FF056FF24
:1013C0005AF80000FFF754FFD9F8003043608BF360
:1013D0001188BFF36F8F0DF000FC002884D03568B2
:1013E0006B1C27D00FF04FF94FF47A7EA0FB0E3222
:1013F0000EFB0121A4FB0E420EFB0722DB0BE40BCC
:1014000043EA414344EA42441B1B4FEAD1314FEACD
:10141000E57C61EBD231ED1A6CEB010CBCF1000FF5
:10142000B8BF002535602DB96CE743608BF3118898
:10143000BFF36F8F002059E7C3F80080C5F8048020
:101440008CE74FF0FF3213469FE7116069689942BD
:1014500008BF6A60B0E71A461B68A2E708000000F0
:10146000A4E00020A8E00020024600B50FF0FEFE38
:10147000014B1A505DF804FB0C00000030B4046806
:101480002CB10D4B9C4202D3D8339C420BD30B4C56
:101490002378082B0BD85D1C2570074C03EB430306
:1014A00004EBC3030360006830BC0EF0B1BE6FF004
:1014B0000B0030BC704700BFCCDF0020CA01012008
:1014C00002682AB1094B9A4202D314339A4206D3D6
:1014D000074B1A7832B901221A70044B0360006876
:1014E0000EF0FABD6FF00B00704700BFB8DF0020B0
:1014F000C901012038B505460A4BD3E8EF1F013179
:10150000C3E8E21F002AF8D1074B1C6804B938BDB4
:10151000E369AB4201D005B113B9201D05F04EFDC2
:101520002468F3E7A4E00020A8E0002001460022A0
:101530000023014805F066BB00E100200146014898
:101540000EF044BD00E100200146002200230148C6
:1015500005F058BB14E10020014601480EF036BDED
:1015600014E1002008B54FF48062064906480EF0E9
:1015700025FDBDE808404FF40252044904480EF02E
:101580001DBD00BFCB01012000E10020E884002048
:1015900014E1002010B5044B1C6804B910BD201DD7
:1015A00005F00CFD2468F8E7A8E0002070B50546BA
:1015B000054C064EB44200D370BDD4E90031284634
:1015C00098470834F6E700BF98630200A86302005A
:1015D00003460121014A02480AF0B9BADD4D020072
:1015E0007C18020008B1FFF7F3BF014803F078BD93
:1015F000AD150100292800F08D8009DC012855D0A7
:10160000062800F0918000287DD04FF0FF30704711
:10161000B0F58D7F08D0B0F5007FF6D140F20643DB
:101620009942F2D11E2128E00F2929DC0029ECDDA6
:101630004B1E0E2BE9D801A050F823F07B160100B9
:101640007B1601007B1601007B1601007B16010052
:101650007B1601000B1601000B1601000B16010092
:101660000B1601000B1601007B1601007B16010012
:10167000991601009D1601000E210020116070478F
:10168000A1F2FA33042BC0D8A1F2FB310329F3D81D
:10169000DFE801F02F06080A0F21EEE71021ECE742
:1016A0001221EAE71321E8E71421E6E740F20943B3
:1016B000994220D009DC1429DFD004DC0229DCD0D7
:1016C0000429DAD0A1E71529FBE740F22543994226
:1016D00013D008DC40F20A43994210D0B1F5826F72
:1016E00093D12821C9E740F2274399428DD13F2168
:1016F000C3E71121C1E72121BFE73D21BDE7222139
:10170000BBE72021B9E740F2074399427FF47DAF60
:101710001F21B2E7B1F5816FF3D040F22643994221
:101720007FF473AF3E21A8E740F21F4399427FF454
:101730006CAF3721A1E700BF002330B50E4C056820
:1017400085B05A01A25804EB4311954203D1CA69EE
:101750002AB905B030BD0133082BF2D1F9E74B6847
:10176000019383680393436801A8002B18BF0B23E0
:1017700002939047EDE700BF2CE100204FF0FF32CD
:10178000074B00201A601A621A641A66C3F8802098
:10179000C3F8A020C3F8C020C3F8E020704700BF02
:1017A0002CE100202DE9F0431C46002387B00129DD
:1017B00080460E461546CDE904330E9FD0F80090C2
:1017C00003D1192A12D15F2307E02946304603AA24
:1017D000FFF710FF002823DA6D230FF047FD1B4AA7
:1017E00013504FF0FF3007B0BDE8F0832946304674
:1017F00003AAFFF7FFFE0028EEDBA5F11403012B7F
:1018000015D80CB3082723680493A36804AC059388
:10181000234631464846039A009704F013FBE2E75B
:10182000B6F58D7FF4D10C2D08BF0427F0E740F208
:1018300027439D42ECD12CB123680427044CC8F8FF
:101840001C30E5E7C8F81C400024E1E70C0000006C
:10185000ACC700202DE9F0411D4600238AB00F4699
:101860001446CDE9043308230668214638460DEBBB
:101870000302DDF840800393FFF7BCFE00280ADA7C
:101880000FF0F4FC6D224FF0FF361F4B1A5030461C
:101890000AB0BDE8F081012F1DD1A4F11403012B82
:1018A00019D803AA04AB304600923946029A04F0D4
:1018B000B3FB06460028EAD1012FE8D1042C0DD154
:1018C00028680028E3D0FFF7CFFD0FF0CFFC0E4BC8
:1018D0001B582B60DBE742462B46E4E7143C012C07
:1018E000D5D8D8F80040049B102C28BF1024CDE98F
:1018F0000630059B2246284606A908930FF0A9F852
:10190000C8F80040C3E700BF0C0000000B490346C5
:10191000087880B90A49097839B1A2F5807102299D
:101920000AD9A2F58872012A06D9013B022B8CBF85
:101930000020012070470020704700BF4C060120A6
:101940004B0601202DE9F0430546D0F80090806851
:1019500089B00E4617469846109C08B10CF055F910
:10196000A4B9CDE9004443463A46314648460DF015
:10197000DCFD0446A86828B14FF0FF324FF0FF337A
:101980000CF041F9204609B0BDE8F0832388012B13
:101990000BD1ADF808306368628803930823ADF873
:1019A0000A2001936B440093DDE7022B18D1628873
:1019B000ADF80830ADF80A20231D0DF10C0C04F130
:1019C000140E624618685968083303C2734594467A
:1019D000F7D1237D8DF81C301623019302ABE2E78B
:1019E0000FF044FC6A22024B4FF0FF341A50C1E75B
:1019F0000C0000002DE9F347074690460C4679B3EA
:101A000000231A46C868834235D1802A72D800253F
:101A10004FF0FF324FF0FF3339480CF0F4F8A9468D
:101A2000384EE368AB422DD800263546DFF8D4A007
:101A3000B14511DD85B96368384601932368A9EB88
:101A4000060200930AEB06014346FFF77BFF051EE3
:101A5000EEDD2E44B145EEDC29480CF0D6F806E068
:101A60000FF004FC16224FF0FF35274B1A50284682
:101A700002B0BDE8F087A16801EBC30149680133FA
:101A80000A44C0E7A36806EB090003EBC50253F85C
:101A9000351052680EF0DDFFA3684FEAC50A5344C3
:101AA0005B6801359944BCE7A3684FEAC60A03EBBB
:101AB000C6035B683BB14FF00009A36803EB0A0261
:101AC0005268914504D30136E368B342ECD8CEE7BF
:101AD00053F80A1063684944019323683846009319
:101AE000A2EB09024346FFF72DFF011E05DB8944E7
:101AF0000D44E2E700263546E6E70D46B7E700BFAE
:101B000088C90020CB0501200C00000038B50A4D23
:101B100004464FF0FF3228464FF0FF330CF073F8C5
:101B200000234FF0FF32C4E901232260E36128461D
:101B3000BDE838400CF069B8FCC8002070B54FF023
:101B4000FF324FF0FF3305460B480E460CF05BF8B2
:101B500000230A4A5901505802EB4314013006D1C0
:101B60005550666004480CF050F8204670BD0133B3
:101B7000082BEFD10024F5E7FCC800202CE1002061
:101B800010B50446094B0A4A186003680948DA612F
:101B9000FDF77CFB236843B10C33D3E8EF1F41F022
:101BA0000801C3E8E21F002AF7D110BD28E1002098
:101BB000CD1C01000C1F0200F0B5A1F58173046873
:101BC00087B0032B58D8DFE803F002417A5401278D
:101BD000D2E9016113683B4AB3F904300492ADF8CD
:101BE00014308DF816703368994205D10FF03EFB22
:101BF0000C22354B1A5014E000F10C0528460EF06B
:101C0000D0FE2B460022394630680EF09CFE082399
:101C1000204600933C22394604AB04F013F90446F5
:101C200010B14FF0FF340EE0336814333360CDE968
:101C30000200284602AA03A90EF0B8FE039B002B5F
:101C400018BF6FF07704204607B0F0BDD2E900421C
:101C50001368143313600023CDE9033303AA04A9E6
:101C60000C300EF0A3FE049B0BB1039BE380002419
:101C7000E9E713688360FAE7032913D0042919D12F
:101C8000126832F4804304D00FF0F0FA16210E4BA4
:101C9000195004212046C2F3803207B0BDE8F0405D
:101CA0000DF0BEBE204600220DF0BAFE840304F4FF
:101CB0008044C8E70FF0DAFA1622034B9AE76FF078
:101CC0005E04C0E7D11E01000C0000002DE9F041C8
:101CD0000D1E0646174615DA05F0FEFDDFF880807A
:101CE000012388F800303A46304625F04041FDF7A0
:101CF000A3F9002388F80030044605F001FE2046D1
:101D0000BDE8F08115F0804804D005F0E5FDDFF86E
:101D10005480E5E7FBF7E8F8041E09DB29463A465C
:101D2000304603F0FBFF051E05DA204609F0C1FA34
:101D30004FF0FF34E3E72146FFF700FF014640B9CB
:101D40000FF094FA0C22084B1A50284604F046F87B
:101D5000EBE743462046054AFBF706F9CFE700BF0D
:101D60004C0601204B0601200C000000141F02004D
:101D70002DE9F04389B007460C461546FBF7B4F849
:101D80000646002E38681FDB0CB31DB32B6801AA72
:101D9000082B18BF16230DF10809019349460DF0D1
:101DA00026FBB0F100080CDB3146FFF7C7FE074603
:101DB00098B90FF05BFA0C22274B1A50404604F0FA
:101DC0000DF8304609F075FA4FF0FF3619E022465B
:101DD000A146E3E72A46A946E0E764B15DB1B9F858
:101DE0000020012A11D108232B60BDF80A3022807F
:101DF0006380039B6360002339463046174AFBF734
:101E0000B3F8304609B0BDE8F083022A17D1182391
:101E10002B60BDF80A3003AD638023460DF11C0C26
:101E200023F8042B2A4603CA6245186059601546F8
:101E300003F10803F6D19DF81C302375DBE70FF0A2
:101E400015FA8622044B1A50404603F0C7FF384665
:101E5000FFF75CFEB5E700BF0C000000141F020096
:101E6000F0B50A880B46012A066887B00DD1ADF897
:101E70000020082249885B68ADF80210019369468A
:101E800030460DF042FA07B0F0BD022A15D149885C
:101E9000ADF80020ADF802101A1D01AD03F11407D2
:101EA0002C4610685168083203C4BA422546F7D15F
:101EB0001B7D16228DF81430E1E70FF0D7F96A2266
:101EC000024B1A504FF0FF30DDE700BF0C0000005E
:101ED000002330B4084C01685A01A558A94206D124
:101EE000B0F906100C32A01830BC06F0A3B90133CB
:101EF000082BF1D130BC70472CE100200023074AA9
:101F000052F83310814203D1054A52F8330070472A
:101F100001330F2BF4D10348704700BF5C1F020050
:101F2000581F02000F4E020008B5064803F0D2F811
:101F3000034620B10121044A044809F008FE0020AC
:101F400008BD00BF511F01009D4F02008C17020009
:101F50002DE9F84304460026244DDFF8949000AFA5
:101F60004D4521D3EEB12046F6F738FE0022411D43
:101F70000023204804F046FE054650BB6E4688B05C
:101F80006A461D4BC2E905344FF4007393831B4B23
:101F900042F8103F4FF4E45103461948FBF76CFC3C
:101FA000B546BD46BDE8F88395F8088018F0010FE6
:101FB0000BD1296819B120460EF00DFE28B118F09A
:101FC000020F04D020466B6898470C35C8E70126FD
:101FD000FBE721460430F6F7F9FD294609480EF0E3
:101FE0000CF9094805F08CF9DBE700BF2CC800208C
:101FF00068C80020D4C80020CA4F020003000001B6
:102000008C170200E8CA0020BCC700202DE9F84365
:10201000134E144FDFF8508000220023304604F0A6
:102020009BFF0546B8B9BDE8F883237ADA070AD4DE
:102030009B0708D4216819B148460EF0CCFD10B1B9
:102040004846636898470C34BC42EED32946404664
:102050000DF0BCFFE0E7054C05F10409F4E700BF13
:10206000E8CA002068C80020D4C800202CC800207E
:1020700050B103685BB143684BB10069054BC01AAE
:1020800018BF4FF0FF3070476FF0150070474FF0EA
:10209000FF307047EEFFC00000232DE9F04F0C46E3
:1020A000017B89B005464268079369B1C4E9002302
:1020B00008222281426803730792AB680020013333
:1020C000AB60079B6B6079E0D0F80880B8F1000F37
:1020D00005D110460BF0E0FE08B102326A606F686D
:1020E0003E78002E71D00D2E51D00A2E02D17B7871
:1020F000002B6AD03A46137892460D2B02F101026A
:10210000F9D00A2BF7D04FF00009DFF8CCB05BF81C
:10211000041B08460191F6F761FD019902465046FD
:102120000EF004FD002850D009F10109B9F1040FA7
:10213000EDD10D2E01D00A2E02D17B78002B47D194
:1021400038460BF0A9FE002842D102AE394630468F
:1021500007AAB8F1000F20D10BF031FF96E8070075
:1021600084E80700237ADBB1237A0798053B032B29
:10217000A3D80178627A0D2903D8184B0B41DB07ED
:102180001FD50BF089FEE0B9002A96D114E07B78C8
:10219000DBB10A2BAED1BB78AAE70BF0A3FFDDE7DA
:1021A0003046696807AA00F0A9F896E8070084E8B5
:1021B0000700237A002BD7D16FF04C0009B0BDE89F
:1021C000F08F012A08BF2A7377E76FF00400F5E764
:1021D0006FF00A00F2E700BFD01F0200FEDBFFFF36
:1021E0002DE9FF411F460023054688461646CDE9E6
:1021F00001330393002A6BD0FFF73AFF044688B9F6
:10220000AB68013B99429CBF2B68C5E90130284669
:1022100001A9FFF741FFAB680446013B984505D98A
:102220000028F4D0204604B0BDE8F0810028F9D1A0
:102230009DF80C30052B06D0082B0CBF6FF03C042A
:102240006FF05E04EEE70FF011F8DFF88C80052FD9
:10225000054640F80840019810D103782D2B02D193
:102260006FF02104DEE70A22214606F0E3FC55F870
:102270000830222BF4D030607160D3E70A22214667
:1022800006F0E2FB013F0546032F03D8DFE807F025
:102290000D10141810F5004341F10001B3F5803F13
:1022A00071F10001DCD23580BCE7B0F5803FF7E783
:1022B00010F1004341F100010029D1D13560B1E7AF
:1022C0000EF0D4FF58F80030222BC9D03560D3E788
:1022D0006FF01504A6E700BF0C00000048B141B143
:1022E0000023054AC0E900118360C36002611846FB
:1022F00070476FF015007047EEFFC0000B78F0B527
:10230000392B08D82F2B0AD8202B19D00023C0E94D
:1023100000338360F0BD5A2B0ED8402BF6D90B4604
:102320000126224F5C785D1C392C30D81F2C14D824
:102330000D2C35D02B461AE0613B192BEFD9E5E780
:102340004B785A2B06D8402B02D8303B092BDDD8CE
:102350000131E4E7613B192BF9E7A4F12003DBB27B
:1023600006FA03F33B4219D12C2C2B461CD013F850
:10237000014C02B113600923A4F12C0203725342F1
:10238000A5EB01055341016045604372C2E75F2C34
:1023900004D094BF413C613C192CCBD82B46C1E7FB
:1023A0009C780A2CC6D102330133E0E70168FF03B1
:1023B00020B90321024A034809F0C0BB00F056B817
:1023C000265002001C18020008B530B100F04EF88B
:1023D000BDE80840002000F083BA00F097F800281C
:1023E000F6D00121034A044809F0A8FB6FF015005C
:1023F00008BD00BF985002001C18020003460121CE
:10240000014A024809F0A3BBB55002001C180200A3
:1024100008B518B1BDE80840FFF7F0BF00F07EF83E
:102420000A4B19780A4B18780BF013FF034620B1BA
:102430000121084A084809F08AFB0121074802F0F7
:1024400055FEBDE8084000F021BD00BF28C80020AF
:1024500029C80020EA5002001C1802002051020086
:10246000014804F029BD00BF4CC9002070B50646E4
:10247000124D4FF0FF324FF0FF33114804F0A4FC2F
:102480002C6844B9082005F091FF48B9FFF7E8FF30
:102490006FF068000DE063689E4207D02468F0E7A3
:1024A000046046606B682BB9C5E90000FFF7D8FFF0
:1024B000002070BD18606860F8E700BF2CE20020C3
:1024C0004CC9002038B50F4C05462368C3B14FF006
:1024D000FF334FF0FF320C4804F076FC23680BB159
:1024E0001C681BB9BDE83840FFF7BABF28465B68D7
:1024F00098471CB1226823461446F2E72246FAE7C1
:1025000038BD00BF2CE200204CC90020024B1868E7
:10251000B0FA80F0400970472CE2002000B591B07D
:1025200040216846134A02F045FE034638B10121B6
:10253000114A124809F00BFB11B05DF804FB684624
:102540000F490EF048FB18B101220E4B1A70F3E749
:1025500068460D490EF03FFB10B10222094BF5E72A
:1025600068460A490EF037FB0028E5D00322054BE8
:10257000ECE700BFE1260200335102001C18020004
:10258000605102004D0601206951020072510200A3
:10259000014B1878704700BF4D060120F7B50023A6
:1025A00005460EF063FE0E4F1646C3510A4604461A
:1025B00001A9284606F0D2F9019AAA420DD0127854
:1025C0005AB900F10042013A033202D9E259222AF3
:1025D00003D03060002003B0F0BD6FF03C00FAE79C
:1025E0000C0000007FB50023CDE90433064B4FF407
:1025F0008062039303AB009304490E23044804F064
:1026000085FE07B05DF804FB7F510200685F012082
:10261000A0D700202DE9F041A8B000AF064638222F
:10262000002107F168000EF03BFA0A230021302256
:1026300007F13800C7E902310EF032FA4FF0FF33EC
:10264000314607F12400C7E91033FFF747FE0121A7
:102650003A1D07F124000BF0A8FC0546E8B103463B
:102660007D4A01217D4809F072FA6C468AB06A46BB
:102670007B4BD661C2E9053540F201331384794BB7
:1026800042F8103F00234FF411517448FBF7F4F85F
:10269000A546A037BD46BDE8F08107F10C0107F162
:1026A00024003C790BF05EFC054610B16E4A0346EF
:1026B000D7E75A2C26D0FB68032B23D9022107F138
:1026C000080307F1180207F124000BF071FC014622
:1026D00028B9102207F1180006F046FA78640A2398
:1026E0000321BB6007F1180207F1080307F124007A
:1026F0000BF05EFC014628B9102207F1180006F025
:1027000033FA386404213A1D07F124000BF04DFC24
:1027100000287CD197F80480052107F1100207F109
:1027200024000BF042FC0621054607F1140207F1D4
:1027300024000BF03AFC3B692843034316D1D7E948
:1027400010016D468AB07E696A46C2E9070106211A
:10275000DFF818C1C2F82480C2E905C642F8101F8C
:102760004FF442513D48FBF787F8AD46012C51D15B
:102770003B6C013361D03E4804F020FCFFF7C6FEFD
:10278000002886D13B4B1A78A24208D087F868000F
:1027900007F168001C7087F87040FFF793FE364B16
:1027A000396C9A68914203D1DB687A6C9A421DD0E9
:1027B0000423314D07F1380487F868300FCC0FC57A
:1027C0000FCC0FC594E80F0007F1380685E80F001D
:1027D0000FCE07F170050FC50FCE0FC594E80F009F
:1027E00085E80F0007F16800FFF76CFE234A1378B5
:1027F00043453FF44EAFB8F10E0F05D844F28123A4
:1028000023FA08F3DB071AD41D4A43460BE04FF0C6
:10281000000881E7052CABD0372C09D8631F2C2B7F
:10282000ACD82346174A01210C4809F090F930E74B
:10283000A4F15A03012BF4D8A0E704249EE7052352
:1028400007F1680082F8008087F8683087F87080A8
:10285000FFF738FE1DE700BF8D5102001C18020073
:102860005C52020004000001BA5102000952020049
:1028700040CA00204E06012058D800204F060120F3
:10288000B052020088520200002313B5044601939F
:10289000D0B101AB0E490F480DF1020202F072FDFA
:1028A000031E08DC0C4801210C4A09F050F96FF0B6
:1028B0000D0002B010BD019B002001330CBF0423AA
:1028C0009DF802302370F4E76FF01500F1E700BFC8
:1028D000C5520200F12602001C1802008D510200B0
:1028E00073B5054601242C4ED6E8EF2FC6E8E14F1C
:1028F0000029F9D14AB10221284A294809F01EF9D4
:102900006FF07604204602B070BD0DF10700FFF7AE
:10291000BBFF70B1234A2146214809F00FF96FF03F
:102920000D040023D6E8EF2FC6E8E13F0029E9D0E7
:10293000F8E79DF8073003F0FB03012B01D10024D9
:10294000EFE70DF1060000F059F80028E7D116482E
:1029500004F094FB204600F077F804460028E0D10C
:10296000002DECD04FF0967200230F4804F060FB6E
:1029700010F10B0F04460BD103210C4A084809F053
:10298000DDF86FF073049DF8060000F05DF8C8E70D
:102990000028F8D1D3E700BF34E20020E252020061
:1029A0001C180200FE52020040CA002028530200F8
:1029B00008B5064802F09AFB38B101210346044AE3
:1029C000044809F0C4F86FF00D0008BD4D53020033
:1029D000585302001C18020008B5FFF7E9FF48B978
:1029E00000F0BCF830B9044B1B781BB1BDE80840BF
:1029F00000F03CB908BD00BF5006012013B50446E5
:102A0000B0B10D490D480DF1060202F0BBFC0128E2
:102A1000034608D00A4801210A4A09F098F86FF0E5
:102A20000D0002B010BDBDF8063000202370F8E79D
:102A30006FF01500F5E700BF95530200A0530200A8
:102A40001C180200A9530200042838B5044620D9F6
:102A5000A0F11405EDB21A2D08D91B482346012117
:102A60001A4A09F074F86FF0150011E00123184AB2
:102A7000AB4013421CD1012DEFD1FFF7ADFF034650
:102A8000B0B10121134A104809F061F86FF00D0050
:102A900038BD0428E1D801A353F820F0B12A010081
:102AA0007B2A01007B2A01005B2A0100B12A010078
:102AB0002146094802F01AFB0028E9D00121074A03
:102AC000014809F03BF8E1E71C1802000E5402002F
:102AD000010C3007E45302002A540200355402006E
:102AE00010B5044694B03822002106A80DF0D8FF96
:102AF000214601A8FFF7F2FB6A46012101A80BF06D
:102B000054FA044668B101210346104A104809F0FE
:102B10001EF8012123460F4A0D4809F018F814B099
:102B200010BD009B4BB1012B07D001210A4A084878
:102B300009F00DF86FF01504EBE78DF82030032352
:102B400006A88DF81830FFF7BDFCE8E76E540200C8
:102B50001C180200B35402009754020008B506483E
:102B600002F0C4FA38B102210346044A044808F0CE
:102B7000EEFF6FF00D0008BD17550200DA54020099
:102B80001C18020070B594B004463822002106A833
:102B90000DF086FF0B2300252E4E8DF818300834DB
:102BA00056F83500F0B12146F6F706F8B8B92A4BC9
:102BB00013F835308DF820300B238DF818309DF840
:102BC0002030012B42D1FFF7E3FC03283ED040F632
:102BD000CD420023214804F003FC14B070BD013540
:102BE000082DDDD120461E4903AA05F0DDFC012891
:102BF00006D106238DF82030039B8DF82430DBE7C7
:102C00000223059305AB00932046164904AB03AAA3
:102C100005F0CAFC01280CDD08238DF82030039B49
:102C20008DF82430049B8DF82530059B8DF82630D7
:102C3000C2E720460C4903AA05F0B6FC0128CCD116
:102C400009238DF82030039B0993B5E706A8FFF709
:102C500039FCC2E7E41F0200E01F0200B0C50020FB
:102C600022550200365502005C55020008B508489E
:102C700002F03CFA20B901220020064B1A7008BD70
:102C8000054802F033FA0028F5D06FF00D00F6E7A2
:102C900072550200500601207E55020038B5431ED1
:102CA000072B05460C4608D90346184A0121184847
:102CB00008F04DFF6FF0150038BD042902D9154A00
:102CC0000B46F3E7082812D129B10121124A104816
:102CD00008F034FFEEE7114802F008FA80B10C4822
:102CE00001210F4A08F02AFF6FF00D00E4E70D4BB9
:102CF0005A5C0D4B53F820100C4802F0F7F9EDE741
:102D00000B4B1D700B4B1C70D6E700BF0756020023
:102D10001C180200295602004E560200945602006A
:102D2000C4560200DE56020020200200AE56020009
:102D300029C8002028C80020002330B597B00446D9
:102D40001493ADF854308DF85630002800F08A8086
:102D50000DF14300FFF752FE38B10121434A4448C8
:102D600008F0ECFE6FF00D0046E09DF84330022BBA
:102D700039D8002B39D004F108030E9304F1100365
:102D80000D9304F10E030C9304F118030B930DF152
:102D90004A030A9312AB099304F114030893231D09
:102DA000079304F11203069304F12403049304F13E
:102DB0001603039304F10C03029304F10A03019335
:102DC00014AD0DF1460300932A4911AB2A4805952D
:102DD00013AA02F0D7FA031E10DA0121274A244869
:102DE00008F0B5FEBEE7152BC5D021480221244AC4
:102DF00008F0A4FE6FF05E0017B030BD139A3AB130
:102E00001B48134602211F4A08F0A1FE1398F3E75E
:102E1000112B07D001211C4A154808F098FE6FF0CD
:102E20004C00E9E7BDF844300A212370BDF8463074
:102E300004F120026370BDF848300DF15300A37017
:102E4000BDF84A30E370FFF7A9FB0028E7D18DF801
:102E500053000A21284604F11C02FFF79FFB0028BB
:102E6000CAD0DCE76FF01500C6E700BF07570200C5
:102E70001C1802006B570200BE570200C95702001F
:102E800025570200E6570200135802000423B0B58C
:102E90008AB000AFFB8310231F4C012021463A1D4E
:102EA000FB8403F0AFFA00BB2146022007F10802C1
:102EB00003F0A8FA0346E0B10123022007F108015C
:102EC00007F1280202EBC30333F80A2C0CF02EF9A9
:102ED00040B10EF0CBF9114B1B580121104A11489B
:102EE00008F035FE2837BD46B0BD00230120391D4E
:102EF000E6E76D4688B06A460B49C2E905144FF40F
:102F000000719183094942F8101F4FF4E2510548BE
:102F1000FAF7B2FCAD46E5E7385802000C000000B5
:102F2000405802001C1802006B5802000300000108
:102F30007FB5014601A8FFF7D1F90DF10202012189
:102F400001A80BF02FF8024630B1064906480BF0F5
:102F50009BF907B05DF804FB044B9DF802001B6869
:102F60009847F6E7905802003C18020038E200202B
:102F70002DE9F04F4FF000080D46BDB002AF0446FA
:102F8000164641467C2207F16C00C7F868800DF0B8
:102F900087FDC7F80C80002D54D0002E52D09B4BDB
:102FA00085F8008053F8249007F168088021404696
:102FB000D9F80030964A02F0FDF88346002840F028
:102FC0001F81022C22D1282140460DF085FD0446A8
:102FD000292140460DF080FD002C00F014810028CE
:102FE00000F0118180F801B02046F5F7F7FDB042FE
:102FF000834602D36FF0790B03E021462846F5F7AC
:10300000E5FD5846EC37BD46BDE8F08F092C40F091
:10301000998038617F4940460DF0DDFDA8B96C46C6
:1030200088B002AA7C49C2E905184FF40071918367
:103030007A4942F8101F4FF4E4515B467848FAF79A
:103040001BFCA5466FF0150BDBE780F800B040468F
:10305000DFF8D09149460DF0BEFD044600283AD174
:10306000BBF1000FCDD001230BF1FF397B6008EBE2
:10307000040A50466B490DF0AEFD002800F0C380F5
:10308000A0EB0A000134044407F1080204F1E00354
:1030900013440022514603F8802C07F11400FFF777
:1030A0001DF9402307F1280A3B615246042107F12C
:1030B000100307F114000AF07BFF83460028A0D11B
:1030C0003A6962B90134B9F1000F38D12846F5F7F1
:1030D00085FD834695E7601C0BF1010BBAE702F111
:1030E000E00307F108029A1802F8C00C20215046AC
:1030F0000DF0F2FC28B180F800B05046F5F76EFDF7
:1031000038612846F5F76AFDCDF800A07968464A8F
:10311000464BA6EB000B002908BF1346284459462E
:10312000434A05F015FA00287FF764AF8345FFF4A2
:1031300061AFB9F1000FC9D0002301347B6009F100
:10314000FF3994E7414607F12800FFF7C7F899F8DF
:103150000A30012B37D199F8081007F1140207F152
:1031600028000AF01FFF834628B1024631492C4847
:103170000BF08AF845E731462846BB8A2E4A05F00F
:10318000E7F9F86000283FF435AF8642FFF432AF2C
:103190000E2C11D12C462846F5F720FDA31C641BEC
:1031A000A04223D8FB68142B06D1EB7C462B01BF31
:1031B0000023EB741323FB60FB68002B14BF9B46BA
:1031C0006FF0850B1DE7022BE2D12A4699F8081013
:1031D00007F10C0307F12800FE600AF0E9FE8346C0
:1031E00000287FF40EAFFA68A854D1E713F8022C38
:1031F00013F8011C1C4603F8021C03F8012CCAE753
:103200006FF0040BFDE66FF00D0BFAE640200200B4
:10321000863A020001500200B35802000300000188
:103220003C18020099550200B05802009B5502005C
:10323000CA580200CF5802002B60020008B5FAF706
:103240004BFA04480121044A08F078FC0020FBF7FF
:10325000FBF900BFC4170200675B0200002808B535
:103260004DDB20F47F03B3F5047F09DCB3F5007F69
:103270000DDC322B4BD033DC002B3AD0172B3FD058
:103280003C4801213C4A08F062FC3C4837E06FF4BE
:1032900000729A180F2AF3D801A151F822F000BF4A
:1032A0001D3301002B33010039330100813201004D
:1032B00081320100473301005533010081320100A2
:1032C000813201008132010081320100813201002E
:1032D0008132010081320100633301006733010054
:1032E0003C2BCDD1234826490AF0D5FF6FF00700CB
:1032F00005E0204823490AF0CEFF6FF0040008BD26
:103300001C4821490AF0C7FF6FF00600F7E71F4984
:1033100018480AF0C0FF6FF01500F0E715481C4987
:103320000AF0B9FF6FF00100E9E7124819490AF005
:10333000B2FF6FF00C00E2E70E4817490AF0ABFF4E
:103340006FF00B00DBE70B4814490AF0A4FF4FF0C5
:10335000FF30D4E7074812490AF09DFF6FF077006D
:10336000CDE71049D4E703480F490AF094FF6FF006
:103370008B00C4E74C180200815C0200ADBAADBA04
:10338000C15B0200845B0200925B0200A15B020051
:10339000CE5B0200DC5B0200EF5B0200075C020018
:1033A000315C0200445C0200545C020002460B46A1
:1033B000014803F009BD00BF38C90020014803F0EF
:1033C0007BBD00BF38C9002013B504460D490E4827
:1033D00001AA01F0D7FF031E0DDA02210B4A0C48A7
:1033E00008F0B5FB002301210A48237002B0BDE8B4
:1033F000104001F07BBE019B002BF3D00123237012
:1034000002B010BD9B5C0200A55C0200AE5C020035
:103410004C180200D55C02000021014801F066BE94
:10342000D55C0200F0B506460F461C46154685B031
:1034300002B3FBB14FF0FF314FF0FF30FFF7B6FFA3
:103440000DF10F00FFF7C0FF23463A4631460C4806
:10345000009501F04BFE9DF80F3004460BB9FFF7C5
:10346000DBFFFFF7ABFF3CB1204605B0BDE8F04005
:10347000FFF7F4BE6FF01504204605B0F0BD00BFA5
:10348000E05C020037B504460D464FF0FF304FF0C8
:10349000FF31FFF78BFF0DF10700FFF795FF214686
:1034A0002A460A4801F022FE9DF8073004460BB96F
:1034B000FFF7B2FFFFF782FF204624B103B0BDE85B
:1034C0003040FFF7CBBE03B030BD00BFF85C020058
:1034D0007FB504460E46154662B34FF0FF314FF0FC
:1034E000FF30FFF763FF0DF10F00FFF76DFF0023C3
:1034F00012484FF480510370114A2346009601F0A0
:1035000059FE9DF80F3004460BB9FFF785FF44B113
:103510002046FFF7A3FE0446FFF750FF204604B005
:1035200070BD0648F5F75AFB042894BF002001201F
:103530002870F1E76FF01504F0E700BF5106012095
:10354000095D0200FF281CBF034B1870034B1B686A
:103550000BB10148184770475116012044E2002082
:1035600010B5037883B9037A03F0FB03012B0BD169
:103570000AF09AFE40B9BDE810404FF40042002323
:103580000249034803F032BF10BD00BFE0C5002070
:1035900090D80020012270B50F4BD3E8EF1FC3E88D
:1035A000E42F002CF9D1B1B94FF47A734FF40045F0
:1035B00003FB00F440F2E7304FF47A720023E4FB9F
:1035C0000501F5F7DFFABDE8704002460B460348F7
:1035D000034903F00BBF70BD40E2002090D80020EB
:1035E000E0C500200022054BD3E8EF1FC3E8E02F21
:1035F0000028F9D14FF46150FFF7CCBF3CE2002026
:103600007FB50023CDE90433084B4FF4A062039348
:1036100003AB0749009307480E2303F077FE0648E3
:10362000FEF7C6FE07B05DF804FB00BF335D020085
:103630006863012090D8002061350100034AD2E977
:103640000032134314BF01200020704788D80020A7
:1036500010B5104CD4E90032134302D16FF03C0096
:1036600010BD0DF010F84FF47A72A0FB020302FBBC
:103670000131C30B43EA4143D4E900209B1A064AB7
:103680004FEAD13161EB0001934271F10001E5DABB
:103690000020E5E788D8002080EE36002DE9F041D3
:1036A0008EB080460F4615460021102268461E4601
:1036B0000DF0F6F92422002105A80DF0F1F90CF027
:1036C000E2FF4FF47A72A0FB024302FB0131DFF804
:1036D00078C01E4BE40B44EA4144C90B1E60CCE9A0
:1036E0000041FFF77FFF0022194BD3E8EF1FC3E82B
:1036F000E02F0028F9D1404639464FF47A72002372
:10370000F5F7F0F9134BCDE900015A43029201207D
:103710006946F9F733FB034650B10F4801210F4AC0
:1037200008F015FA0320FFF70DFF0EB0BDE8F08199
:10373000684605A904F068FE1DB1314605A800F0F1
:1037400015FA2846EFE700BF88D80020CCC7002034
:103750003CE2002040420F00AC170200445D020032
:10376000014B1B68FFF79ABFCCC7002030B587B06C
:10377000FFF76EFF38B9FFF735FFFF2007B0BDE850
:103780003040FFF7DFBE00221C4BD3E8EF1FC3E839
:10379000E02F0028F9D163230024002501A902A805
:1037A000CDE90245019300F09BF9024630B9DDE90D
:1037B0000201019BFFF772FF07B030BD04A8CDE9FD
:1037C000044500F01FF828B9DDE904010122FFF7E4
:1037D000C7FFF1E70A4BD3E8EF2F511CC3E8E01F06
:1037E0000028F8D1002A05DBFFF7FCFE0320FFF7D5
:1037F000A9FEE1E73C20FFF7CDFEF7E740E200201D
:103800003CE200202DE9F043A1B006460BA80AF0E7
:103810001EFD054640B102210346334A334808F0F5
:1038200096F96FF03C045BE09DF82C3003F0FB034D
:10383000012BF6D12E4FDFF8BC90DFF8BC8054226C
:1038400000210BA857F8044B0DF02AF94FF48063C0
:1038500049460C93204601AB0BAA08F0F6FA034642
:1038600068B10221254A214808F071F92DB10221E1
:10387000234A1E4808F062F9D3E70125DFE7019BE0
:1038800002A8D3E90621FAF7BBFA034658B11D4A4C
:103890000221164808F05BF9019808F050FB02A8D5
:1038A00008F019FAE2E741F28831134A02A8FAF760
:1038B00047FB044610B1144A0346E9E7019808F0B3
:1038C0003EFB02A808F007FA4FF47A71D8F80030EE
:1038D000D8F80400A3FB013201FB0022C6E9003244
:1038E000204621B0BDE8F083625D0200AC17020003
:1038F000A02102009C5D020048D90020A05D0200CA
:10390000E25D0200B75D0200CC5D020010B5064822
:1039100001F0ECFB034630B1BDE810400121034A41
:10392000034808F014B910BD225E02002E5E0200AA
:10393000AC170200012801D0152803D10249034821
:103940000CF0FBBC704700BFD0C7002090D800200F
:103950000122F0B55A4B8DB000AF04461A70FFF744
:1039600077FEC0B12C2120460DF0B6F80546A8B967
:103970006E4688B06A46534BC2E905344FF4007373
:103980009383514B42F8103F4FF4E25103464F48A6
:10399000F9F772FFB5463437BD46F0BDF5F71EF9AD
:1039A000102813D86D4688B06A46494BC2E90534E1
:1039B0004FF400739383444B42F8103F00234FF4BD
:1039C000E2514248F9F758FFAD46E4E76B78222B05
:1039D00004D06D4688B06A463E4BE7E707230E21C8
:1039E0003A1DA81C07F0EBFE062810D86D468AB0D9
:1039F0006A46394BD461C2E9053040F20133138481
:103A0000364B42F8103F00234FF41151D9E7397972
:103A10007A7901F00F0303EB8303090901EB4301FA
:103A200002F00F0303EB8303120902EB4302BB799D
:103A3000C9B203F00F0000EB80001B0903EB400349
:103A4000DBB2BB61FB79D2B203F00F0000EB800068
:103A50001B0903EB4003DBB27B613B7A013A03F0C5
:103A60000F0000EB80001B0903EB4003DBB23B615E
:103A70007B7A643103F00F0000EB80001B0903EB3D
:103A80004003B87ADBB2FB6000F0070303EB83036B
:103A9000040904EB4304030707F10C004FF47A75A3
:103AA00048BF6442FA613962F9F7CCFAA0FB050617
:103AB0002346002205FB0161FFF7F0FD6BE700BF25
:103AC000521601206A5E020003000001AC170200DA
:103AD000975E0200BA5E0200F15E0200040000017F
:103AE000632370B590B006931B4B04461B780D46BC
:103AF000C3B106AB07AECDE9036308AB029309ABD4
:103B000001930AAB00930CAA0BAB1449144801F0C3
:103B100039FC821F012A034608D90221114A1248A2
:103B200008F015F86FF03C0010B070BD0C9B3046EB
:103B300064330C930B9B4FF47A76013B0B93F9F7AC
:103B400081FAA0FB060206FB0122069BC4E90002E3
:103B500000202B60E8E700BF52160120335F02000F
:103B60002E5A02004F5F0200AC1702007FB5114BC6
:103B70001B78E3B9D0E90425642495FBF4F603919E
:103B8000036804FB16510293436801320193836872
:103B90000093C368084801F0A9FA034638B101212F
:103BA000064A074804B0BDE8704007F0D0BF04B033
:103BB00070BD00BF52160120E35F020010600200DA
:103BC000AC170200014610B5064801F08FFA034613
:103BD00030B1BDE810400121034A044807F0B7BFE7
:103BE00010BD00BF863A02003560020034180200A2
:103BF00003460121014A024807F0A9BFDD4D02003A
:103C00003418020008B518B1BDE80840FFF7F0BF4E
:103C10000B480AF04BFB0B480AF048FB0A480AF035
:103C200045FB09480AF042FB07480AF03FFB0648FB
:103C30000AF03CFBBDE8084003480AF037BB00BF70
:103C40005B6002007A6002009B55020010B50749D4
:103C500007480AF043FB044628B101210346054A00
:103C6000054807F074FF204610BD00BFC93E0100A3
:103C700048E20020A0600200841802002DE9F04113
:103C8000DFF8D4810D46D8F8704000AF072C00F063
:103C900008065BD0132C00F0A080052C40F0B98002
:103CA000D8F854806D496E480AF014FB18F4805F10
:103CB00041D06C496A480AF00DFB172418F4006FD4
:103CC00004D0694966480AF005FB182418F4007FFF
:103CD0000ED0664962480AF0FDFA654B18F4004FB1
:103CE0009B6B04D00121634A5D4807F030FF192423
:103CF00018F4806F04D0604959480AF0EBFA1A248E
:103D000018F4807F19D05D4955480AF0E3FA1B2466
:103D1000EB69002E40F09B80C3F3080222B96FEAE2
:103D200053236FEA4323EB6129462046FAF794F9BF
:103D3000BD46BDE8F0811624C0E718F4005FE7D067
:103D40004F4947480AF0C6FA1C24E1E7D8F85C401E
:103D500043484C490AF0BEFA600606D5D8F86830E8
:103D60000121494A3E4807F0F2FEE10705D54749DF
:103D70003B480AF0AFFA2624CAE7A20705D5444912
:103D800037480AF0A7FA2724C2E7630705D5414957
:103D900033480AF09FFA2824BAE7200705D53E49A0
:103DA0002F480AF097FA2924B2E7E10605D53B49E6
:103DB0002B480AF08FFA2A24AAE7A20605D538492B
:103DC00027480AF087FA2B24A2E723063DD5354978
:103DD00023480AF07FFA2C249AE7D8F86C803249FD
:103DE0001F480AF077FA18F0020F03D02F491C4839
:103DF0000AF070FA18F0010F03D02D4918480AF0A4
:103E000069FA18F0040F83D02A4915480AF062FABB
:103E10007EE7294A294BE8468AB00F2CC8BF1346D3
:103E20006A462749103CC2E905134FF40073138416
:103E3000244BD46142F8103F00234FF4115108483D
:103E4000F9F71AFD0024C54662E7252460E723F44C
:103E5000FF7323F0010366E748E20020B749020040
:103E600084180200CD49020031480200DE490200F8
:103E700000ED00E0F74902000C4A0200274A020068
:103E800091480200DA600200F36002000361020060
:103E90001961020037610200526102006F61020085
:103EA000846102009E610200B1610200CB610200E8
:103EB000FB61020029620200544A02003F4A0200EC
:103EC000354B02000400000100B5104B89B05A6A5E
:103ED000D86C00929A6A20F005000192DA6A69466D
:103EE00002921A6B03925A6B04929A6B0592DA6BE8
:103EF00006921A6C1B6D07929B0748BF40F00400A6
:103F0000FFF7BCFE09B05DF804FB00BF48E20020EB
:103F10002DE9F04105460E46174698460CF040FA4A
:103F200070B90E4B1B785BB14FF0FF324FF0FF338F
:103F30000B4802F049FF044618B16FF083050AE010
:103F40000124424639463046069BA847054614B927
:103F5000034802F0B1FF2846BDE8F0816116012058
:103F60009CC90020002300B589B0CDE9063303AB1E
:103F70000493042303900593A9B10B6806934B683F
:103F800007930223111E18BF01210848CDE9002123
:103F900040F2F53104AA00F02FF80028B8BF012044
:103FA00009B05DF804FB0123ECE700BF0501004008
:103FB00070B5402696B006AB05460C463246002149
:103FC00018460CF06DFD4FF48072CDE90206CDE984
:103FD0000454ADF8402054B1012304AA00920021FA
:103FE0000448019302AA00F007F816B070BD2046FD
:103FF000FBE700BF0001004010B4B1F5004F029C88
:104000000ED2042B0CD8042C0AD8240444EA0364EE
:10401000134644EA0102014610BC0348FFF778BF8B
:104020006FF0800010BC7047217C0000014B1860CD
:10403000704700BFBCE2002010B5054B144618685D
:104040000AF095F90028A4BF2070002010BD00BF21
:10405000BCE200200123024A8340C2F804357047C5
:1040600000700140014B00201B681847C0E200208F
:10407000014B1B68184700BFC0E2002010B50C4C74
:10408000237993B9012323710A4B0028206018BFBC
:10409000184600F041F850B923680748002B08BFC4
:1040A0001846BDE8104000F093B86FF0770010BDDF
:1040B000C0E20020654001007140010008B5064BD8
:1040C0001B6843B10520FAF795FB20B9BDE808400D
:1040D0000520FAF76DBB08BDC0E2002038B501230A
:1040E0000C4C42F21075C4F8083363600023C4F826
:1040F0000031D4F80031D4F80C24D4F80C34D203B5
:1041000006D5DB0704D501200AF02FF9013DF2D1D5
:1041100038BD00BF00500040054B0246187918B961
:104120001A6001221A7170476FF07700704700BF64
:10413000C8E2002000220B4B0B49C3F80021D3F842
:10414000002101221A60096811B1C3F804237047E5
:10415000D3F80021002AFBD00022C3F80021D3F8B5
:104160000031704700500040C8E20020094BD3F8EE
:104170000423D2070DD5D3F8002152B10022C3F891
:104180000021D3F800210122C3F80823024B1B6849
:104190001847704700500040C8E2002038B502239D
:1041A0000A4C42F21075C4F808330123E36000237F
:1041B000C4F80431D4F80431D4F81834DB0304D53E
:1041C00001200AF0D2F8013DF6D138BD0050004080
:1041D000064B0246187930B91A6001221A71044B55
:1041E000C3F8182570476FF077007047D0E20020C1
:1041F0000050004010B51F4B1F4CD3F81814D3F8D3
:10420000182411F4803F19D002F00302022A04D0CE
:10421000012A01D0FFF7C2FF0122164BC3F818256F
:104220000022C3F80421D3F8042101229A602268F5
:104230008AB9D3F80421002AFBD014E0D3F814245F
:10424000D207E9D5D3F81C2402F00302013A012A6F
:10425000E0D822681AB10222C3F8042310BDD3F8B3
:104260000421002AFBD00022C3F80421D3F8043132
:10427000F4E700BF00500040D0E20020F8B501266E
:104280001A4C1B4FD4F8045305F0020505B9F8BDCC
:10429000B5FA85F0C0F11F00830003F580739BB26F
:1042A00003F1804303F5A043196806FA00F225EAFA
:1042B00002050029EAD00021012819601B68C4F812
:1042C00008230ED1D4F81834D4F8183403F00303BB
:1042D000012B06D10222C4F81825C4F80423A360D8
:1042E000D4E73B68C0B29847D0E700BF0050004019
:1042F000D0E20020036803F01F025B09026002485D
:1043000018BF0020704700BF00258440024611F00E
:10431000010004D003490B6A13600B6203B900204B
:10432000704700BF0025844073B5CEB200EB46064F
:10433000B38A0446DB070D4625D50AF03BF9B38A5C
:104340009A0608D55A0B236803EB82030022C3F8B0
:104350001025C3F810252046002429460AF0DEF86F
:10436000B48201A80195FFF7C5FF019B00EB830014
:10437000D0F80022054B134043F00203C0F800328E
:10438000204602B070BD6FF01500FAE7F0F8FCFFB0
:1043900070B590F86C40054690F86D6024BB2146DE
:1043A000402214300CF07CFB2146114B286853F856
:1043B00036608E420ED10024C0F87C41D0F87C31AA
:1043C00040F30730FAF7F4F90123204685F86C3002
:1043D000AB6570BDCBB29B0003F580727C2B04BF34
:1043E000845083580131E4E76FF07700F1E700BFB4
:1043F000A821020090F86D00024B03EB800009F049
:10440000D0BF00BFE4C7002010B5064B90F86D0088
:104410000C4603EB800009F0AAFF0028A4BF20701F
:10442000002010BDE4C700202DE9F04F814659F867
:1044300004AB90F86D60DAF80413574CC9B28046AB
:1044400054F83620504687B041F000410AF08BF80E
:10445000051E23DA00234FF0010B049304EBC6037F
:104460005B6804A8194604EBC6040193FFF74EFFEE
:10447000231D0293029B1B78D90701D5049C9CB98C
:104480004FF00041002250460AF06DF8019904A84F
:10449000FFF73CFF0028EDD125F000450124002D59
:1044A00063D107B0BDE8F08F94FAA4F4B4FA84F4B1
:1044B00008EB44039F8AE00804AB1B5C04F007028E
:1044C0000BFA02F223EA020304AA135405A8059486
:1044D000FFF710FF059BB908803350F82330C7F36E
:1044E00082064A073746C3F3014322D53A46484677
:1044F0002146DEB209F0F5FF05A80594FFF7FAFEA4
:10450000059B803350F82330C3F301439E4207D10B
:104510000021204609F0D6FF3146204609F0D2FF9F
:1045200005A80594FFF7E6FE059B0BFA03F303626B
:10453000A4E7022B0DD10321204609F0C3FF06F0AA
:104540000503012BECD13A462146484609F0C9FF44
:10455000E6E702212046039309F0B4FF032EF2D0D0
:10456000039B032BDCD1022EECE795FAA5F3B3FAFB
:1045700083F304FA03F225EA020503F5A2725AF85E
:10458000222008EB43034846B3F85C10C2F3014213
:1045900009F0A7FF83E700BFA8210200F8B5084D86
:1045A0000F462C79164644B92A20FAF701F901235F
:1045B00020462B712F60AE60F8BD6FF07700FBE7EF
:1045C000D8E20020002330B50D4A50F8234003F50F
:1045D000A2710133082B42F82140F6D10023084A8A
:1045E00000F11C0103F5B27451F8045F0133082B8C
:1045F00042F82450F6D1036CC2F8043330BD00BF3A
:1046000000A0024038B50024154D2A20C5F81045F9
:10461000C5F81445C5F81845C5F81C45C5F820452A
:10462000C5F82445C5F82845C5F82C45C5F890457A
:10463000C5F89445C5F89845C5F89C45C5F8A0450A
:10464000C5F8A445C5F8A845C5F8AC45FAF7BEF8C5
:104650004FF0FF33C5F80833024B1C7138BD00BF63
:1046600000A00240D8E200200123024A8340C2F8A1
:104670000433704700A002400123024A8340C2F87D
:104680000833704700A00240F8B5012600270B4B05
:104690000B4DD3F80C4304B9F8BD94FAA4F0B0FA6A
:1046A00080F006FA00F324EA0304064B82009F50D0
:1046B0002B68002BEFD0A9689847ECE700A00240D8
:1046C000D8E2002000A10240044AD2F80834DB07F7
:1046D000FBD50160BFF35F8F704700BF00900340C0
:1046E000C0F30B0373B90222084BC3F884254FF0C3
:1046F000FF320260D3F80024D207FBD50020C3F8B4
:10470000840570476FF00C00704700BF00900340B5
:10471000012310B5044CC4F88435FFF7D5FF0023FE
:10472000C4F8843510BD00BF009003402DE9F0436C
:104730000B7FA3B34C7F0F8B91F815C091F816E057
:104740008A7E91F81B8003685CB9D1E90065D1E9E4
:104750000241C3F86065C3F86455C3F86845C3F8FF
:104760006C1542EA0822C3F80CC5C3F804E5C3F887
:104770000875C3F8102500230068C0F81031D0F880
:104780001021C0F80831D0F80821C0F80C31D0F859
:104790000C31BDE8F04340F30730FAF709B80127C0
:1047A0001B4EDFF870E00C1F01F1100501F10C0C3D
:1047B00054F8043F5A1C1BD095F8008003F01F02E8
:1047C0004FEA5319B8F1000F17D0B9F1000F02D01A
:1047D00000239B60FFDE07FA02F2B26006EB830360
:1047E000D3F8002202EA0E0242F00302C3F80022CC
:1047F000644505F10105DBD19CE7B9F1000F03D158
:1048000007FA02F2F260E9E7C8F80C80E2E700BFBD
:1048100000258440F0F8FCFF0368034A01F5C071ED
:1048200043F82120704700BF3546526E37B5012549
:10483000074C4FF4FA70656109F08BF9002363614E
:104840000193256123690193019B03B030BD00BF33
:104850000056004030B50D4D89B0036A03AC01909D
:104860008DF808300FCD0FC42B6801A823600AF023
:10487000C2F940B9044603AD55F8043B984710B956
:104880000134052CF8D109B030BD00BFF01802008A
:10489000034BD3E8EF2FC3E8E10F0029F9D17047AC
:1048A000E4E2002038B50546002850D0436A002BCA
:1048B00050D0836A002B4DD00124294BD3E8EF2F31
:1048C000002A03D1C3E8E14F0029F7D145D1686A36
:1048D00000F04EF8FCF746FE224BC8209C6609F01B
:1048E00038F92846FFF7B6FF044640B901221D4BB0
:1048F0000220DA66FFF7CCFF0024204638BDFFF720
:1049000095FF002C11DBAB6A20469847164B9C4262
:104910001AD013DCA4F18864033C012C11D828467A
:10492000FFF798FF04460028E0D001220D4BDA661D
:10493000FCF730FE0020FFF7ABFFDEE70B4B9C429D
:10494000EDD06FF00404F0E76FF00A04EDE76FF0CC
:104950000D04D2E76FF01504CFE74FF0FF34CCE73A
:10496000E4E2002000500040050040040100500532
:10497000014B1860704700BFE8E2002007B5044B08
:10498000CDE900011B686846984703B05DF804FB59
:10499000E8E20020014B1870704700BF5316012059
:1049A000024B1878431E5842584170475316012055
:1049B00070B503680446033BDBB2052B03D8094AF4
:1049C00052F823502DB9A06858B1BDE8704000F0EE
:1049D0001DB80AF054F921682B46BDE87040090C57
:1049E000184770BDB8210200014B5B69184700BF32
:1049F000ECC70020014B1B68184700BFECC7002024
:104A0000014B5B68184700BFECC70020014B1B69D6
:104A1000184700BFECC70020014B9B68184700BF38
:104A2000ECC70020014B1B6A184700BFECC70020F1
:104A3000014B5B6A184700BFECC70020014B1868A8
:104A4000704700BFECE20020002230B50B4B196824
:104A50000C6894420FD001EBC2039D68A8420BD1B1
:104A60004FF003020433D3E8CF1F002903D1C3E87A
:104A7000C02F0028F7D130BD0132EAE70CE3002057
:104A80002DE9F041002406460F462046DFF8548009
:104A90003368A34201D8BDE8F08106EBC4056B681A
:104AA000DBB2012B16D16A68B8F80030B3EB124FB5
:104AB00010D1022FA8680FD1FFF77AFF01206B6891
:104AC00023F0FF0343F003036B60B8F800300133B9
:104AD000A8F800300134DBE70168090C0AF07FF820
:104AE000ECE700BF08E7002010B5074C0221606822
:104AF000FFF7C6FF0028F9D101212068FFF7C0FFAA
:104B00000028F3D110BD00BF14E3002070B50728C2
:104B100060D8DFE800F00B5F475F435F3C0401F0C3
:104B200071FE0320BDE87040FCF7E4BC03202A4B73
:104B3000D3F81446D3F81866284B1D781870EDB2D8
:104B4000FFF728FF012D10D1254B264A9C4212D099
:104B5000230C1B04B3F1886F0DD0A4F58033203BE8
:104B6000022B0FD96FF0040313603146C4F30B001E
:104B7000FFF704FF00E014601B4B186808F0EDFF1E
:104B80000020CFE7194931F913301360F4E700240E
:104B9000124B20461C70FFF7FDFEEDE7FFF7A4FF68
:104BA0000220BFE70D4B1A78012AD0B20ED1104A6D
:104BB0001168104A8C6854604968116002221A70AA
:104BC000FFF7E8FE084B186808F0C7FFFFF78CFFF7
:104BD0000120A7E770BD00BF00A0024055160120CC
:104BE0000100500510E30020FCE20020C823020071
:104BF000F8E2002014E300200A23F7B54FF47A7599
:104C00000C4E0D4F0193316838680AF013F80446D2
:104C100040B908F0A0FF40B9012001A9FCF75CFBF6
:104C20006E30F0D1204603B0F0BD0198684308F023
:104C300090FFE8E700E3002008E30020054B1B7825
:104C40002BB9054B1968054B186809F0F3BF002014
:104C5000704700BF5416012004E300200CE300203D
:104C600070B5164B42681B6822F0FF0242F0020248
:104C7000C31A42601248134A0168C3F38913D2E889
:104C8000DF4F651CC2E8D65F002EF8D101EBC301EF
:104C90004A6892B242EA04424A600268032002EB88
:104CA000C302536823F0FF0343F00103536008F08D
:104CB00050FF0122044BDA6070BD00BF04E3002006
:104CC0000CE300200AE7002000A002402DE9F04F8D
:104CD00095B038220021064603A80BF0E1FE02231E
:104CE0000493082306932023089304230D93102391
:104CF00040250F9380230122CDE91153D5230021B4
:104D000059480B921393FCF7B9FB0546002840F075
:104D1000A880024655493079FFF740FC03A8FFF709
:104D200051FC34686268B2F59D6F40F0978061690C
:104D3000E3680B44E16903F59D630B44B3F5003F61
:104D400000F28C80206829460BF0AAFE33681C68AC
:104D5000D3F81C9004F53A72019204F16007444ABA
:104D600004F1A40804F1200BB9F1000F60D1C2F8DE
:104D700000B000254FF0010A2570657084F802A08C
:104D8000E570336840461B69636033685B69C4F84B
:104D900014B0A360374BC4F81890C3F80080364BAA
:104DA000E7601F600823C4F8108084F8A43088F8F6
:104DB000015088F8025088F8035084F860307D7004
:104DC000BD70FD7009F019FF384609F016FF2B4B36
:104DD00004F53A7231681A60294B04F1E802C86898
:104DE0001A60284B284E1860086949695860996014
:104DF000264B2749C3F81046C3F81456254B264CBA
:104E00001D80264B86F800A01D80254B029525604D
:104E10001D611B690293029B134B186808F09FFEEB
:104E200098B103236FF073043370FFF7EBFB11E0CD
:104E30009B6904F14009636433684846DB69C2F842
:104E400000B0236401F0B6FC93E72468002CECD199
:104E5000144B1C70204615B0BDE8F08F6FF01504A0
:104E6000E3E76FF02D04F5E7FCE200200D4B0100B5
:104E7000F8E200200CE3002008E3002004E3002017
:104E800000E30020ECE200205516012000A00240C3
:104E9000F04902000AE7002010E3002008E70020A4
:104EA000005600405416012070B5164B42681B682E
:104EB00022F0FF0242F00102C31A42601248134A74
:104EC0000168C3F38913D2E8DF4F651CC2E8D65FDF
:104ED000002EF8D101EBC3014A6892B242EA0442C3
:104EE0004A600268032002EBC302536823F0FF0309
:104EF00043F00103536008F02CFE0122044B5A607A
:104F000070BD00BF00E3002008E300200AE7002096
:104F100000A0024010B5FFF76FFE0124002203211C
:104F2000047081704270C270FFF7BEFF054B1C70A9
:104F300009F076FEBDE81040034B47F23051186887
:104F400008F00DBE54160120FCE2002038B50A4BD3
:104F500004461B78022BDDB20DD1FFF74DFE50B198
:104F6000002201218460017042708570C270BDE82A
:104F70003840FFF799BF38BD55160120034A126823
:104F800012B1002800DB1047704700BF28E3002063
:104F90002DE9F743002581460F46104829469046E3
:104FA0001E46019305F09CF8041E11DB01342046D7
:104FB00009F092FEC9F8000068B133464246214626
:104FC000019605F08DF828463C6003B0BDE8F083FB
:104FD0006FF01500F9E76FF00B00F6E728190200F3
:104FE00010B50E4B04461B68A3B1F3F7F7FD082874
:104FF00010D9237A3F2B0DD00949082220460BF007
:1050000078FD014630B904F108000A22BDE81040DD
:1050100003F0AABD4FF0FF3010BD00BF28E3002011
:105020005D620200F7B504460F46042000211646D3
:105030001D4609F026FE024638B914B1204609F093
:105040004DFE6FF00B0003B0F0BD00206FF0580371
:1050500014600D4C137350739073D07320703146ED
:105060000320576009F02DFE4FF0FF3301932378A2
:10507000AB4201D10020E6E7022001A9FCF72CF9A0
:105080000028F4D0DFE700BF56160120F8B505462A
:1050900000240F4F57F8046B284631460BF09BFD58
:1050A00028B90134042CF5D14FF480300DE06CB1F7
:1050B000A31E012BF8D83046F3F790FD0A220021F9
:1050C000284403F04BFC40EA0440F8BD2046FCE7CE
:1050D000D0210200014B1860002070472CE3002013
:1050E000014B1860704700BF28E300200FB42DE982
:1050F000FF410A9CFFF754FC00284AD0002C4BD0FB
:10510000284E294F3168386808F04BFD002846D1F9
:10511000264D3168286808F022FD002836D1224645
:105120000BAB03A902A80193FFF732FF044658B165
:10513000286808F012FD386808F031FD204604B0F8
:10514000BDE8F04104B07047029C2046FFF748FFDD
:1051500002230646012220460399FFF763FF044617
:105160000028E5D1DFF84880D8F80000FFF78EFF6F
:105170000446D8F8000009F0ABFD286808F0EDFC03
:10518000002CD8D13046FFF7F9FED4E76FF00A04BF
:10519000D1E74FF0FF34D1E76FF00D04CEE76FF0A9
:1051A0000A04CBE740E3002038E300203CE3002082
:1051B00030E300200CB42DE9F04F8BB007460E46CB
:1051C000149CFFF7EDFB002800F0C380002F00F0D7
:1051D000C380002C00F0C080002E00F0C080DFF8FB
:1051E0008C81634BD8F80010186808F0DAFC0028AE
:1051F00040F0B8805F4DD8F80010286808F0AFFC88
:10520000002840F0A380224615AB09A908A80793FF
:10521000FFF7BEFE044618B1286808F09EFC3CE08B
:10522000DDE908830393544B1C68002C5AD0C24616
:10523000DDF80C90CDF804809AF80030202B36D0A1
:10524000093B042B33D90C224FF0000B4B4BCDF80C
:1052500008B01B6802FB03430493049B9C422ED1BD
:10526000029B002B3ED0286808F077FC019A11467B
:1052700011F8013B202B0191F8D0093B042BF5D903
:1052800031463846029B9847044618B93846FFF71E
:10529000FDFE0446404609F021FD354B186808F034
:1052A0007EFC20460BB0BDE8F04F02B07047B9F16C
:1052B000000FC8D00AF1010A09F1FF39BCE7A36861
:1052C0005B450DD94B451A46504628BF4A462168D2
:1052D00005930BF00EFC18B963680293059B9B467F
:1052E0000C34BAE74046FFF77BFE022381460122D9
:1052F00040460399FFF796FE044600288CD1DFF85C
:1053000080803846D8E9004AB2455246214628BF37
:1053100032460BF09EFBB245204607D909F0D8FC77
:10532000286808F01AFC6FF00604B6E7FFF7AEFE37
:105330000446D8F8000009F0CBFC286808F00DFC02
:10534000002CAAD14846FFF719FEA6E76FF00A0421
:10535000A3E74FF0FF34A4E76FF00D04A1E76FF06F
:1053600015049EE76FF00A049BE700BF40E30020AE
:1053700038E300203CE3002020E300201CE3002071
:1053800030E300200EB42DE9F343DDF8248081469C
:10539000FFF706FB00285FD0B9F1000F5FD0B8F12E
:1053A000000F5CD0314C324F2168386808F0F9FBAF
:1053B000002857D12F4E2168306808F0D0FB002814
:1053C00047D14846F3F70AFC451C284609F084FCFF
:1053D000044668B9306808F0C0FB6FF00B04386809
:1053E00008F0DDFB204602B0BDE8F04303B0704793
:1053F00049462A460BF0ACFB2046FFF7F1FD02239D
:105400008146012220462946FFF70CFE044618B1CA
:10541000306808F0A2FBE2E7174B30681D6808F01F
:105420009CFBB9F1000F06DB2846FFF72FFE10B9F1
:105430004846FFF7A3FD0AAA41462846019204F018
:1054400077FE041E284608BF6FF04C0409F040FCAC
:10545000C5E76FF00A04C2E74FF0FF34C2E76FF010
:105460000D04BFE76FF00A04BCE700BF40E3002073
:1054700038E300203CE3002030E3002038B5C36867
:105480000446A72B01D0206810E0032907D0042987
:1054900026D0022902D10122154B1A7038BD144BB7
:1054A00000681A78022A05D10028F7D0BDE83840F4
:1054B00009F00EBC0F4D2A6862B12B689847002393
:1054C00020682B6009F004FC0B4B1868BDE83840DD
:1054D00008F043BB094A1060616851600222DCE7B2
:1054E000074B1B68002BCED000689847CBE700BF66
:1054F0005616012024E300203CE3002030E3002086
:105500002CE30020012210B511460B48FBF7B6FF33
:1055100070B90A48FBF7D4FF014648B94FF0FF3293
:10552000074B1A60BDE8104001230522FFF77ABD42
:105530006FF02D0010BD00BF3CE3002038E30020D9
:1055400040E3002010B400F11C03D3E8EF2F511EFC
:10555000C3E8E41F002CF8D1012A0CDC074BD0E88B
:10556000EF2FC0E8E13F0029F9D16822002110BCEB
:1055700004300BF095BA10BC704700BF1EF101005B
:1055800010B500240A4B4FF45872214609481C708C
:105590000BF086FA21462246064B074801310829BE
:1055A000C3E900029A6003F16C03F7D110BD00BF9C
:1055B0005716012044E300201EF10100164830B5C3
:1055C000002203464FF0FF34144DD0E8EF1FA942EC
:1055D00004D1C0E8EC4FBCF1000FF6D10CBF0121A3
:1055E000002112D16C2101FB023301220C49DA6146
:1055F000097893F8202061F3451283F820200222D5
:10560000A3F84C2083F84E2030BD0132082A00F167
:105610006C00DAD10846F7E744E300201EF10100F0
:105620005716012030B5024600236C25054905FBBD
:1056300003F460180C59944203D00133082BF6D1BF
:10564000002030BD44E3002010B50446043009F0CA
:105650004CFDA06C08B1FBF771FF064BD4E8EF2FAF
:10566000C4E8E13F0029F9D12046BDE81040FFF72A
:1056700069BF00BF1EF1ADDE70B50825064C074EB0
:105680002368B34202D02046FFF7DEFF013D04F15C
:105690006C04F5D170BD00BF44E300201EF1010091
:1056A0002DE9F8430F4C06460025A0464FF06C0943
:1056B0000D4B0E4F18702368BB420CD009FB0583BD
:1056C00093F8202066F3451283F82020A36B13B1D2
:1056D000204609F065FB0135082D04F16C04EAD180
:1056E000BDE8F88344E30020571601201EF10100B5
:1056F000112807DC002801DA00207047064B23FA46
:1057000000F005E0A0F1FF03122BF5D80348D840C4
:1057100000F00100704700BF4100020009000400D2
:1057200010B5436904461BB90AF02EFA236843609A
:10573000044B186808F011FA2046BDE810400AF042
:1057400025BA00BFA4E60020032208B5114604488C
:10575000FBF794FE002818BF6FF02D0008BD00BFB6
:10576000A4E600202DE9F04F9A46002387B0814639
:105770000E461446CDE903330593FFF711F940B9FE
:105780000120FBF771FE6FF00A04204607B0BDE868
:10579000F08FB9F1000F5CD1002E00F0C28000F054
:1057A00019FD08B90D20ECE7002C49D1002506278A
:1057B0004FF0010801950A220021304603F0D4F988
:1057C0004FF6FE73421E9A4200F21B814FEA002BF5
:1057D0004BEA102B1FFA8BFB002C6FD02368DB04E5
:1057E0006CD53A2130460BF077F900B1461C3046B3
:1057F00085490BF0F0F90A22002872D0002103300D
:1058000003F0ACF80446814B4FF47A61186808F055
:10581000A6F9002840F08C80B9F1000F64D048460A
:10582000F3F7DCF90146182009F02BFA06460028A8
:105830005CD1764B6FF00904186808F08EF9A4E784
:10584000236823F4A05323F002038BB14FF0FF34FD
:105850009BE700F0BFFC0028A4D0002CF0D1002E64
:10586000A4D1354606274FF00108B346019625E03E
:10587000606838B9A06860B109F0D7FB48B96FF02B
:10588000060482E709F0CBFB0028F3D16FF0050492
:105890007BE7E068A8B9606800F05EFEC3B20193E0
:1058A000A368E768002B08BF0123002F08BF062765
:1058B00025685FFA83F8BFB256B9B3464FF0FF349C
:1058C000A1E7A16809F0C5FB0028E4D16B2058E7E7
:1058D00005F4A053B3F5805F7FF46DAF4FF0000B7C
:1058E0007CE7014630468BE749469CE70461B9F105
:1058F000000F07D04846F3F771F949460246306871
:105900000BF0A7F8019B314647F20D00B361C6F8D2
:105910001C803762756103AA00F03EFE162804461B
:1059200002D16FF0010430E705DC50B10B2806D13D
:105930006FF0020429E7722801D1732021E7204685
:105940001FE72020DDF81090FBF7F0FD0646CAF8AF
:10595000000070B3D9F808000AF07BF87060DAF83C
:1059600000607368012B0DD0022B25D03046FBF769
:10597000E5FD6FF00504049800283FF406AF09F038
:10598000A7F902E70823C6E90287002733613560DB
:10599000F76109F118085A464046B9F8141009F0A1
:1059A000A5F97061DAF8006073693BB93046FBF71E
:1059B000C5FD6FF00904DEE71623E4E715F00205E4
:1059C0001DD0B9F816000130FBF7B0FDDAF8003051
:1059D000B061986928B95869FBF7B0FDDAF80000A2
:1059E000E5E7B9F81410B9F8162041440BF031F886
:1059F000DAF80020B9F816309269D754BBE7B561E0
:105A0000B9E76FF00704C0E666620200A4E6002072
:105A1000F8B548F20F03994205460E4641D022D808
:105A200048F20D03994234D048F20E03994234D023
:105A30000069FFF7F7FD044618B3B6F5004F20D90B
:105A4000A6F50046013E0B2E1BD8DFE816F07500C8
:105A5000BD007D007D007D00100110017D008B00E8
:105A60001A001A00E00049F2040399421DD0B1F572
:105A7000104F40D9C068FFF7D5FD0446002840F01C
:105A80003B812868002800F04681BDE8F84009F015
:105A90001FB9BDE8F840FFF743BEBDE8F84009F084
:105AA00088BBBDE8F84009F02EBB0369082B00F263
:105AB0003281DFE813F01000160009000E00160016
:105AC0003001300118001E000020BDE8F840FFF74B
:105AD000E7BD0120F9E70021E868BDE8F84009F0DA
:105AE00062BA0121F8E70021E868BDE8F84009F052
:105AF00066BA0121F8E70069FFF794FD0446002823
:105B0000BFD048F281039E42BBD10146284600F037
:105B10007FFB1CE0A6F51046013E042EB1D801A380
:105B200053F826F0855C0100635C0100A15B010075
:105B3000835A0100AD5B01006B692BB928460AF05E
:105B400023F8AA6943681A6028460AF01FF820461D
:105B500009F0BCF9002800F0DE802046BDE8F840DE
:105B600009F01EB990F8203043F0010380F820308E
:105B700009F083F918B1684B186807F0EEFF94F844
:105B80002030204623F00A0384F8203009F09EF9E3
:105B900010B1204609F004F92046FFF755FDD3E780
:105BA0002869692819D16823A361D0E7204609F044
:105BB00092F90028CBD0286909F090FF6A69014664
:105BC000204609F005F9C2E790F82030EE686FF33F
:105BD000410380F82030686918B109F07FFFA061A7
:105BE000B5E7204609F033F928B994F8203043F09E
:105BF000040384F82030204609F029F90028A6D0B3
:105C0000002EA4D00021204600F038FB9FE76B69EE
:105C1000F3B9284609F0B8FFAA6943681A604268D8
:105C200092F8203043F0040382F820304368226960
:105C30001A61436862695A6183684BB105F10C02CD
:105C400005F1300152F8040B8A4243F8040BF9D1F4
:105C500094F82230002B3FF477AF013B84F82230D8
:105C600072E794F82230013384F822306FE7284637
:105C700009F08AFF6B6913B9AB69436064E74FF0C1
:105C8000FF33FAE7204609F011F90746C0B91020A2
:105C9000FBF74CFC064698B1394610220AF000FF8B
:105CA0002B6873606B683381698A01B32A8A05F1B6
:105CB000140009F01BF8F060C8B93046FBF73EFC51
:105CC000286809F005F8204609F0B2F858B12046D6
:105CD00009F0ECF838B994F8203043F0800384F8E8
:105CE00020300C23A361204609F0A7F82FE73146A6
:105CF000204609F07DF82AE749F205039E427FF627
:105D000009AF49F282039E427FF4BBAE214628468A
:105D100000F096FA1BE7F8BDA8E600202DE9FF4148
:105D20002D4B80461B780F4616463BB90D20FBF7DE
:105D30009BFB4FF0FF3004B0BDE8F08109F06FF934
:105D400008B96A20F3E73046FFF7D2FC08B97B2098
:105D5000EDE7384609F069F908B96B20E7E73946FD
:105D6000304609F076F90028F7D0FFF727FC054602
:105D700008B91720DBE70021142008F082FF044651
:105D800020B92846FFF760FC6920D0E74FF0FF33C9
:105D9000037443748374C374404600F0DDFB606198
:105DA000384609F05EFE0146A061304609F05AFE11
:105DB0002146E06101AA47F20100029500F0ECFBE8
:105DC000044620B12846FFF73FFC2046AFE7C5E96F
:105DD000038728686E61AEE75816012030B585B09C
:105DE0000546FFF71FFC044628B90920FBF73CFBDA
:105DF0004FF0FF300EE0FEF7D3FD68B9204609F002
:105E00003CF818B10E4B186807F0A7FE2046FFF7C4
:105E10001BFC002005B030BD0021082008F031FF38
:105E2000014608B96920E1E7056101AA47F20900C6
:105E300000F0B2FB0028ECD01628EAD0D6E700BF6D
:105E4000A8E600202DE9F04385B081468846144637
:105E50001D460C9EFFF7E6FB40B90920FBF704FB4B
:105E60004FF0FF33184605B0BDE8F08315B90EB109
:105E70001620F3E7B8F1290F00F0AD800CDCB8F183
:105E8000010F11D0B8F1060F00F0A180B8F1000F9A
:105E900000F09F806D20E1E7B8F58D7F45D0B8F523
:105EA000007FF7D11E2C1EE03C2C30D01DDC152CC1
:105EB00026D00ADC022C0CD0142CEBD13246294619
:105EC00005B0BDE8F04309F065BE222C0ADC202CA9
:105ED000E0DD3146102008F0D4FE074600287FD1CF
:105EE0006920BBE7282CF4D0D4E73D2C16D03F2CFA
:105EF000D0D13246294605B0BDE8F04309F0A9BE2D
:105F00003246294605B0BDE8F04309F051BE32469D
:105F1000294605B0BDE8F04309F058BE324629468F
:105F200005B0BDE8F04309F071BE631E132BB1D874
:105F300001A252F823F000BF975F0100C15F01008A
:105F4000D35E0100955E0100B35F0100895F01002F
:105F5000955E0100955E0100955E0100955E010071
:105F6000955E0100A55F0100D35E0100D35E0100D4
:105F7000D35E0100955E0100D35E0100D35E010097
:105F8000955E0100D35E01003246294605B0BDE8AA
:105F9000F04309F070BE3246294605B0BDE8F04333
:105FA00009F07DBE3246294605B0BDE8F04309F050
:105FB0008BBE3246294605B0BDE8F04309F096BED7
:105FC0003246294605B0BDE8F04309F09EBE372CA5
:105FD00089E71F2C87E7202C3FF47BAF3E2C82E71C
:105FE000C0F81090404609F05CFD7861204600F052
:105FF000BBFAB86125B13246294638680AF029FD56
:10600000394647F203007E6001AA00F0C5FA034654
:1060100000283FF427AF21E72DE9F04385B0814602
:10602000884614461D460C9EFFF7FCFA40B909202D
:10603000FBF71AFA4FF0FF34204605B0BDE8F083B5
:1060400005B10EB90E20F3E7B8F1290F00F09680E4
:106050000CDCB8F1010F11D0B8F1060F00F0898007
:10606000B8F1000F00F088806D20E1E7B8F58D7F72
:106070002DD0B8F5007FF7D11E2C7BE0152C1FD05A
:106080000ADC042C15D0142CEED13246294605B07A
:10609000BDE8F04309F073BEA4F12103012BE3D85E
:1060A0001020316808F0EDFD074600286AD169200C
:1060B000BEE73246294605B0BDE8F04309F04FBEC1
:1060C0003246294605B0BDE8F04309F067BE621EBE
:1060D000132AC9D801A151F822F000BF576101006D
:1060E00065610100A1600100A1600100496101003A
:1060F0002D610100696001006960010069600100B3
:1061000069600100696001003B6101006960010094
:10611000A1600100A1600100A160010069600100AF
:1061200069600100A1600100A160010032462946BA
:1061300005B0BDE8F04309F040BE3246294605B03F
:10614000BDE8F04309F04FBE3246294605B0BDE830
:10615000F04309F05ABE3246294605B0BDE8F04387
:1061600009F065BE3246294605B0BDE8F04309F0A6
:1061700070BE372C94D077E71F2CFBE7202C8FD0F4
:106180003E2CF7E7C0F81090404609F08AFC786191
:10619000204600F0E9F93946B86101AA47F2040047
:1061A000D7F8008000F0F8F9044620B1404608F026
:1061B00095FD20463CE77A68336841469A4228BFFD
:1061C0001A46284632600AF044FC404608F086FD34
:1061D00032E700BF014B1878704700BF5816012006
:1061E00008B5FFF7CDF9FFF7AFFA40B9012206482D
:1061F0001146FBF743F918B90122044B1A7008BD88
:106200006FF02D00FBE700BFA8E600205816012024
:1062100010B543690C467BB191F820306FF3C3038E
:1062200081F82030406909F059FC044BA061BDE8B9
:106230001040186807F091BC10BD00BFA8E6002010
:1062400010B591F820300C466FF3C30381F820306D
:10625000006960B9DBB223F0140343F0140381F842
:106260002030054BBDE81040186807F076BC09F0F7
:1062700035FCA061F5E700BFA8E600202DE9F74353
:10628000DFF8FC900446D9F80000019107F067FCA4
:10629000074650B1019B002B70D11023A3614FF032
:1062A000FF37384603B0BDE8F083A06CD8B1F2F7F1
:1062B00095FC461C94F84F8031464FEA880808F157
:1062C0000C0008F0DEFC054678B9204608F0DAFD3F
:1062D00008B16923A361D9F8000007F03EFC6920EA
:1062E000FBF7C2F8DBE73E46E4E72368424603617A
:1062F00094F84C3004F15001037594F84E30183086
:1063000000F8023C94F84D3000F8033C94F84F300C
:1063100000F8013C0AF09DFBF6B13246A16C2868FA
:106320000AF016FC6E6094F82030042043F0080355
:106330002A4647F2810184F8203008F0C2FC20464A
:1063400008F0A0FD0028ACD1204608F096FD40B929
:10635000A0690028A5D0C3E72E706E70AE70EE70F5
:10636000E0E7022001A9FAF7B7FF10F10B0F05D003
:106370000028E9D00028B8BF4042B1E77420AFE759
:10638000A8E600202DE9F74F0025074688462C4651
:106390004FF00A0ADFF868908DF8045001AE17F844
:1063A00001BBBBF1000F09D1032D27DD0124019BA7
:1063B000C8F80030204603B0BDE8F08F59461048B9
:1063C0000AF08AFB68B13278A0EB09031AFB0233AA
:1063D000FF2B11D814B90135042DEBDC01243370E7
:1063E000DDE7BBF12E0F07D1002CE3D0042D03D045
:1063F000707004460136D2E70024DBE75C46D9E73B
:106400008C6202002DE9F04F87B00D46019201B178
:106410002AB90E20FBF728F84FF0FF3088E001285A
:1064200003D0022808D06A20F4E72846019907B073
:10643000BDE8F04FFFF7A6BF1022002102A80AF026
:106440002FFB2B783A2B03D16B783A2B6FD1013588
:106450000024A9462746A346A04602AE15F801AB84
:10646000BAF1000F23D1BBF1000F64D0B51C06AB0D
:106470009D425CD864BA3480B8F1000F64D006AB9A
:106480009D42A5EB080852D01A46002101239845E9
:1064900053DA019A02AB06AD1C4603CCAC42106045
:1064A0005160234602F10802F6D1012040E0514636
:1064B00027480AF011FB88B9514626480AF00CFB20
:1064C00070B1244A032F32DC821A42EA0414B4F574
:1064D000803F2CD24FF0010B0137BFE71C4AF1E798
:1064E000BAF13A0F16D1BBF1000F05D1B8F1000F88
:1064F0001DD1A946B046B1E72B78C3B1B31C06AA9B
:10650000934214D864BA3480A9461E46044607460E
:106510008346A3E7BAF12E0F09D1351D06AB9D4284
:1065200005D831464846FFF72DFF0028A4DC00209F
:1065300007B0BDE8F08F35469EE715F8010D013331
:1065400002F8010D2970A2E706AB9D42EFD1A0E74A
:106550007B6202006A62020003289CBF014B18564E
:10656000704700BF9762020002383C289ABF034B75
:1065700053F820004FF0FF30704700BFF4210200B5
:10658000013804289ABF034B53F820004FF0FF3026
:10659000704700BFE02102004FF0FF3337B50D4DCB
:1065A000CA60144615600A4601460420019308F0AB
:1065B00088FB2068A84202D009F090FA08E0022087
:1065C00001A9FAF789FE0028F3D00028B8BF40429D
:1065D00003B030BDEEC100BC2DE9F04105680746AF
:1065E0000C463DB101F47043B3F5005F04D1404B5C
:1065F000C3E90015BDE8F0813E4E336863B144F253
:106600000402914264D00CD844F2020399424ED065
:1066100044F20303994253D03868BDE8F04108F0D2
:1066200057BB44F2012221F4807393420FD044F20D
:1066300003139942F0D1304C206808B108F048FBB0
:1066400001222E4B1A7025600420336826E0DFF803
:10665000B080D8F8000008B108F03AFB44F20133EA
:106660009C420CBF0322022295F85170254B264C08
:106670001A70C8F8005017F008053368227810D057
:106680001AB9052098470123237007F04107012F0D
:1066900002D102203368984701203368BDE8F041F9
:1066A0001847002AF1D0062098472570EDE7174CCF
:1066B000206808B108F00CFB032033682560EDE783
:1066C0000D4C206808B108F003FB00220B4BB9E722
:1066D0002A78032AA0D8DFE802F00205070907207C
:1066E000984799E70820FBE70920F9E70A20F7E730
:1066F000BCE60020ACE60020B0E6002059160120E0
:10670000B8E600205A1601205B160120B4E60020EE
:1067100008B50023094A0A4813700A4A13700A4A46
:1067200013700A4A13700A4A136001221146FAF7DD
:10673000A5FE002818BF6FF02D0008BD5B160120D4
:10674000C4E600205D1601205C1601205A160120C7
:10675000ACE6002010B50B4C206818B108F0B8FA70
:1067600000232360084C206818B108F0B1FA002318
:106770002360064C206818B108F0AAFA00232360B1
:10678000002010BDB8E60020B4E60020B0E60020EE
:1067900030B4074B1C6844B143688589A44602683D
:1067A000C1899BB2E8B230BC604730BC704700BFC3
:1067B000C8E6002000210122074B1970074B1A7010
:1067C000074B1970074B1960074B1960074B18608E
:1067D0000748FAF753BE00BF5E160120601601207D
:1067E0005F160120D0E60020D4E60020E4E6002079
:1067F000CCE60020024B186808B107F0AEB970472C
:10680000CCE6002070B4284B1B68196958691A7CC3
:1068100000221A745C7C5A749C7C9A74DC7CDA7456
:106820001C7D1A755C7D5A759C7D03299A75DC7DEB
:10683000DA7529D0042929D001290FD185681B4E8A
:10684000954210D11A7A012100221972597A5A728E
:10685000997A9A72DA7A6FF05F02DA72144B70BC2E
:10686000186807F07AB9911C00EB81014C68217817
:10687000622907D0633918BF0121490046F8214039
:106880000132DDE70121F9E7187ADEE7187A19729B
:10689000597A5A72997A9A72DA7A6FF05F02DA72DA
:1068A0000122044B1A70D9E7E4E60020D8E6002064
:1068B000CCE600205F1601202DE9F84304460D4682
:1068C00000AFEFF31188202383F31288BFF36F8F9B
:1068D0000428294A98BF294BE9468AB09668117C5A
:1068E00098BF53F820306A4688BF254BC2E907316C
:1068F00040F2013323489384234BC2E9050442F854
:10690000103F00234FF431512048F6F7B5FFCD4634
:1069100045B1EB69C3F3080323B101211C4A1B48AD
:1069200005F00CF92EB1304609F043FD08B10378AB
:1069300003B91848E9468AB06A46174BD061C2E9E4
:10694000053640F201331384144B42F8103F002304
:106950004FF411510D48F6F78FFF2946CD462046DA
:10696000FCF76CFC88F31188BFF36F8F3046F7F7A4
:10697000B5FEBD46BDE8F88388DA0020E8220200B3
:106980009B620200A9620200050000018418020057
:10699000D16202006B290200F262020004000001D1
:1069A00038B50A4B53F82040013053F82050A54227
:1069B00000D838BD606830B1037FDB0701D409F02F
:1069C00098FA0834F3E723689847FAE7FC220200B4
:1069D000012270B5294B032086B01A70FFF7E0FF43
:1069E000F7F704FB0420FFF7DBFF254C254D264677
:1069F000AE4204F1300410D300F06EFF204C224E62
:106A0000AC4226D300F07CFFF2F7C6FA1F4A137B94
:106A100023F00103137306B070BD54F80C3C0593CA
:106A200054F8103C049354F8143C039354F8183C65
:106A3000029354F81C3C019354F8203C009354E911
:106A40000A2354E90C0100F01DFD54F8303C5E6649
:106A5000CDE7D4E90A23B3F1FF3F08BFB2F1FF3F0E
:106A600005D052EA0301206803D101F005F8303463
:106A7000C6E73146183001F08FF9F8E761160120BA
:106A8000981602009816020003050200F0D90020B3
:106A900098232DE9F041194E0F2203FB00660023D5
:106AA0001C2586B04FF00108CDE902324FF4A072E8
:106AB000134F044605FB00751249CDE9048302FB20
:106AC000001101933046104B009500F0DBFC737B06
:106AD00004EB080223F0040373730C4BEE6003EB2A
:106AE000C2236B6007EB0413283307EB04172C74E5
:106AF000AB6187F8308006B0BDE8F08158D900203E
:106B000088DA002068700120050002006868012012
:106B1000BFB50020FFF744FF294B03F5006282F365
:106B2000088883F30A880024E023264D264F85F841
:106B30002230EC772C766C76AC7685F820406B6A48
:106B400043F4E0236B6285F82340F7F733FDF7F752
:106B5000DBFE4FF0FF33AB62EB62F8F779F8F7F743
:106B6000F7FEF6F719FD194800F00CFD0120FFF7BC
:106B700017FF0220164DFFF713FF00F0F5FE154B2F
:106B80001549DD61154B4FF48052059301232846CA
:106B9000CDE90343CDE901443B46009400F072FC8B
:106BA00006466A7B284622F004026A7309F06CFCF0
:106BB0002046FFF76DFF3A4631462846F7F780FE3C
:106BC0006868012000ED00E0D1690100C0DA002012
:106BD000F0D9002088DA0020A87101200F240200DB
:106BE00038B5064C064DAC4201D3002038BD2046D6
:106BF000D4E9011209F0E2F91434F4E7C0C8002026
:106C0000E8C800201FB5054CCDE9002302940A46D0
:106C1000002109F091F904B010BD00BF85B001005A
:106C20002DE9F34104460E469DF8200004F10808C2
:106C3000EFF31187202181F31288BFF36F8F256A4C
:106C4000E1688D4247D22568AC4218D0BDB12846D4
:106C500009F0E3F905F1180009F0E9FC3146A268F2
:106C6000286909F0F6FE00232846C5F88C3009F0A3
:106C70000BFC4046394600F009FE002038E0A268CF
:106C8000D8B13146E06909F0E4FEE369A268134433
:106C90006269E361934201D12369E361236A1021B0
:106CA0000133236204F1240009F05CFE0028E0D1E6
:106CB00087F31188BFF36F8F1AE0A16923699942A6
:106CC00008BF6369314608BFA361A069801AA0614B
:106CD00009F0BFFEE2E752EA03010CD00749404643
:106CE00089680E61CDE900233946224600F03AFD5D
:106CF00002B0BDE8F0816FF02200D9E788DA002009
:106D0000F7B50446084604F10807EFF31186202181
:106D100081F31288BFF36F8F216A00293AD0A268ED
:106D2000A16909F096FEA369A26825681344626907
:106D3000A361934204BF2369A361236AAC4203F1B8
:106D4000FF33236234D02846002D32D009F065F994
:106D500005F1180009F06BFCA2682969E06909F0E7
:106D600078FEE369A268284613446269E3619342AE
:106D700004BF2369E361236A013323620024C5F859
:106D80008C4009F081FB3846314600F07FFD2046FB
:106D900003B0F0BD52EA030110D00A4989680861C6
:106DA000CDE9002331462246384600F0DBFCEFE710
:106DB000002086F31188BFF36F8FE9E76FF02200A0
:106DC000F7E700BF88DA00202DE9F34104461746B3
:106DD0001E46EFF31188202383F31288BFF36F8FD1
:106DE000C368334A7BB180689168884219D057EAFA
:106DF000060318D188F31188BFF36F8F6FF00F006F
:106E000002B0BDE8F081916891F90E100133E360A2
:106E100093682161A36088F31188BFF36F8F00200E
:106E2000EEE72169F2E791F90E1090F90E306FF05C
:106E30007E029942A8BF19469142B8BF11468B42C3
:106E40002DDD09F041F9054622464146CDE900769F
:106E5000184800F087FC0028E1D0EFF311862023CA
:106E600083F31288BFF36F8FA068D0B123682169C4
:106E70009C420AD04BB193F90E309942A8BF1946F3
:106E80006FF07E039942B8BF194609F01DF940B171
:106E90003146084800F0FAFC6FF00A00B0E7002520
:106EA000D2E7002DF4D186F31188BFF36F8FF3E79B
:106EB00088DA002062160120F8B583680546002BA9
:106EC00040D0234A926893423FD1C368012B03D933
:106ED000013BC3600020F8BDEFF31187202383F34B
:106EE0001288BFF36F8F0169806809F0EDF82C6894
:106EF000AC4207D10023C5E9023387F31188BFF301
:106F00006F8FE7E7002CF5D0D4E90032002613603C
:106F10005A60637BC4E9006623F002036373A660D2
:106F200004F1180009F083FBAC6094F90E302046A0
:106F30002B61C4F88C6009F0A7FA3946054800F0C7
:106F4000A5FCC7E76FF01500C5E74FF0FF30C2E7BB
:106F500088DA00206216012037B51146EFF311855B
:106F6000202282F31288BFF36F8F04689CB12368DC
:106F7000426823F003039442036008BF4360012189
:106F8000204609F02EF9044685F31188BFF36F8F70
:106F9000204603B030BD51EA0302F5D000F10802EB
:106FA000CDE900131046294600F0DCFB0028EFD1A4
:106FB000014B9B681C69EBE788DA002070B5EFF3A2
:106FC0001186202383F31288BFF36F8F0468A042D9
:106FD0001BD0D4B1D4E90032002513605A60637B22
:106FE000C4E9005523F002036373A56004F118009F
:106FF00009F01DFB2046C4F88C5009F045FA3146D3
:10700000BDE87040094800F041BCD0E902329A4224
:1070100018BF013302218360103009F0A3FC00285F
:10702000EDD186F31188BFF36F8F70BD621601201A
:1070300013B5EFF31181202484F31288BFF36F8F0F
:10704000846844B1013C846081F31188BFF36F8F81
:10705000002002B010BD52EA030406D181F311886A
:10706000BFF36F8F6FF00F00F3E7CDE90023024607
:10707000014800F077FBECE7621601202DE9F843A8
:107080000546EFF31188202383F31288BFF36F8F37
:1070900000266FF00A0937462C68A54216D0ACB11D
:1070A000D4E9003213605A60637BC4E9007723F0AF
:1070B00002036373A76004F1180009F0B8FA2046D0
:1070C000C4F88C9009F0E0F90126E5E700230221DD
:1070D000AB6005F1100009F045FC30B92EB988F31A
:1070E0001188BFF36F8FBDE8F8834146BDE8F843D0
:1070F000014800F0CBBB00BF621601202DE9FF4123
:10710000044620274E4EEFF3118887F31288BFF311
:107110006F8FD4F89C50F5B9022104F1B40009F046
:1071200087F8002868D004F1AC0500220121284628
:1071300009F043FA0028F8D100234FF0FF32029300
:107140004FF0FF334146CDE900233E4804F1A4024D
:1071500000F05CFDD7E7D4F8A0202B689542C4F876
:107160009C3008BFC4F8A030D4F8B43043F0020318
:10717000C4F8B430EB6823F0040343F00103EB6080
:107180006B6888F31188BFF36F8F28469847EFF339
:10719000118887F31288BFF36F8FEB68D80623F04E
:1071A000010236D4EA60EB689A0716D5306823F0FE
:1071B0000203EB6088B10021036870B14268954218
:1071C00035D1036869BB72683360824200D1736055
:1071D000002340F8083BFFF7F1FED4F8B43023F069
:1071E0000203C4F8B43088F31188BFF36F8FDB0556
:1071F00089D400F0C1FB86E7D4F8B430D9069BD51A
:10720000C4F8B40088F31188BFF36F8F04B0BDE8F1
:10721000F08123F01103EB6005F11000FFF7CEFEC3
:10722000C1E70B607368834208BF7160D0E723B188
:107230001A68014618461346BFE71A46F9E700BF29
:10724000E8E6002062160120F8B5C36804469A07F4
:107250000F46C3F340062ED45B071CD40B680BB952
:1072600083680B60E368DD0742BFA36802263B60CA
:107270003D6858BF0126002D3CD0204B9A68D5F8B8
:1072800098309A420AD0D5F8B430D807C3F38002B8
:1072900014D46FF0120600233B6025E009F080F85B
:1072A000D5F8B4300028F0D1D907C3F3C002F0D527
:1072B00052B15B0708D46FF00F06ECE7002AFAD151
:1072C000C3F3C003002BF6D100232360D5F8A03010
:1072D00063B9C5E92744284608F0C4FFE36843F0D2
:1072E0000403E3603B68A3603046F8BD1C60C5F84A
:1072F000A040F0E76FF01506CDE700BF88DA002068
:107300000146014809F019B878DB0020F0B50446C1
:10731000002089B0C4E927000E9D04F1A400C4E94F
:10732000290004F1AC00C4E92B0055B328790028EA
:1073300040F2011008BF0120C4F8B40000204FF053
:10734000FF364FF0FF37CDE90330CDE90100CDE93D
:10735000066720460C4B009400F0E2F855B129680E
:1073600011B1204609F022F86B791BB1237B43F061
:1073700001032373204600F07FFBC4F8984009B056
:10738000F0BD0120D8E700BFFD70010037B50190C6
:107390000846EFF31184202181F31288BFF36F8F29
:1073A000C16811F01E0F16D153EA020508D101A9D8
:1073B000FFF74AFF84F31188BFF36F8F03B030BD2E
:1073C00041F00801C160019910308161034900F06A
:1073D000E3FC0120EEE70020ECE700BFD902020049
:1073E00001460148FFF7D2BF78DB0020F7B50C4615
:1073F00016461D460190EFF31187202383F3128870
:10740000BFF36F8F084608F01EFF55EA060309D147
:10741000204601A9FFF718FF87F31188BFF36F8F8C
:1074200003B0F0BDE368324643F00803E360019B1C
:107430000449A36204F110002B4600F0ADFC0120CA
:10744000EAE700BFD902020001460148FFF7CEBFBC
:1074500078DB00200A4B9A68537B13F001030ED1AE
:10746000526F1168B1F1F03F09D04FF0F031116067
:1074700083F31188BFF36F8F0223184602DF704732
:1074800088DA00202DE9F043984685B000F16803C2
:10749000C0E91A33109B00250373042343730F9B29
:1074A000073283734FF0F03322F0070701EB07092F
:1074B0000E46C0E906558560C5730B604946044613
:1074C000F6F72AFE0E9B073020F00700E067C4E9BC
:1074D0001D6702930D9BA9EB000901930C9B4A4683
:1074E0000093314643462046F7F7CAF90B4B6566D1
:1074F0009B682BB9C4F88030484605B0BDE8F083DE
:10750000D3F880301022C4F88030294604F13000CE
:1075100009F0C6FA012384F83830EDE788DA002054
:10752000F0B5002587B00595109DDDE9127604952C
:107530000F9D044603950E9D02950D9D01950C9D92
:107540000095FFF79FFFB6F1FF3F08BFB7F1FF3F80
:1075500005D056EA070305D1204600F08DFA2046F3
:1075600007B0F0BD3A46334604F11800014900F077
:1075700013FCF4E703050200014B986800F082BE9B
:1075800088DA002040F201138381002310B50446FD
:10759000C0E91D3300F014FF014B9C6010BD00BF1B
:1075A00088DA002070B590F90D20437B002A36DB85
:1075B000D90634D11B4C63F07F032246437352F843
:1075C000203F616A934207D1C0E9002108606062F0
:1075D00011E09942F8D01B68002BF5D090F90E50BD
:1075E00093F90E60B542F4D0AE42F2DD5968C0E9BD
:1075F000003108605860256A954200D005B9E568F9
:10760000A3685A7BD20604D1DA897F2A01D9AA69F4
:1076100032B1AB4202D0284600F038FBE56170BDC4
:10762000E361FCE788DA002038B590F90D200146C7
:10763000002A437B04DA03F07F03437308F0EAFE79
:107640000D4D2A4652F8204FAB68944200D004B941
:10765000EC688B4207D05A7BD20604D1DA897F2AA4
:1076600001D9A2692AB1A34202D0204600F00EFB44
:107670002346EB6138BD00BF88DA002010B5044610
:10768000FFF7E8FE6FF00A01094A9368C3F88C100F
:107690000849C3F888404B6843F080534B6000238F
:1076A00083F31188BFF36F8F9368D3F88C0010BDFC
:1076B00088DA002000ED00E0B3F1FF3F08BFB2F12F
:1076C000FF3F03D00249183000F066BB704700BF8F
:1076D0000305020070B590F90D200146002A437B96
:1076E00004DA03F07F03437308F094FE1C4C4B7BD9
:1076F000224663F07F034B7352F8203F606A934247
:1077000007D1C1E900200160616211E09842F8D020
:107710001B68002BF5D091F90E5093F90E60B5421D
:10772000F4D0AE42F2DD5868C1E900300160596022
:10773000256AA368954200D005B9E5688B4207D059
:107740005A7BD20604D1DA897F2A01D9AA692AB1E3
:10775000AB4202D0284600F099FA2B46E36170BD97
:1077600088DA0020F8B5DDE906670D4B0C4698680D
:1077700011460C4A1060EFF31182202282F3128826
:10778000BFF36F8F9D68284608F056FE28463246A4
:107790003B46FFF791FF2046BDE8F840FFF76EBF7C
:1077A00088DA0020F0E60020F8B50446EFF31187F0
:1077B000202383F31288BFF36F8F437B49B203F01A
:1077C0001F02002A0CBF0126002639D103F07F03D7
:1077D0002D4D437308F01EFE2A46437B817363F0F0
:1077E0007F03437352F8203F934227D1686AC4E96C
:1077F000002004606C620FE09842F8D01B68002BF8
:10780000F5D093F90EC06145F6D08C45F4DD59688A
:10781000C4E900310C605C602C6A944200D004B969
:10782000EC68AB689C4202D0204600F02FFAEC6175
:1078300087F31188BFF36F8F3046F8BD686ADEE7C3
:107840009B071ED5856808F0E5FD81732B689D4276
:1078500009D16B68C4E900531C606C60E8E76A6892
:107860009342F6D01B68002BF3D093F90E2091427F
:10787000F5D08A42F3DD5A68C4E9003214605C60D6
:10788000D6E78173D4E700BF88DA002049B9EFF367
:10789000058030B9054BDA699B689A4201D0FFF741
:1078A000EDBE81F31188BFF36F8F704788DA002037
:1078B000034648B9EFF3058232B9064AD1699268A6
:1078C000914201D0FFF7DABE83F31188BFF36F8FC7
:1078D000704700BF88DA0020EFF31181202383F383
:1078E0001288BFF36F8F054B9A68D37B013BD3732C
:1078F00081F31188BFF36F8F704700BF88DA0020D3
:1079000070B5EFF31186202383F31288BFF36F8FD6
:10791000144DAB68DA7B0132DA732A4652F8204FF5
:10792000944200D004B9EC685A7BD20604D1DA89BB
:107930007F2A01D9A2692AB1A34202D0204600F0D1
:10794000A5F92346EB6186F31188BFF36F8FEFF340
:107950001180202383F31288BFF36F8FBDE870403E
:10796000FFF7A6BF88DA0020024B03F12002C3E92B
:107970000822704788DA002070B5EFF311862023C3
:1079800083F31288BFF36F8F1B4CA168606A0B688A
:10799000814214BF1A46002249680B605960A368EF
:1079A000616A2AB9154AC3E900210B6063620CE0E1
:1079B00093F90E0092F90E50A84218D0854216DDB8
:1079C0005168C3E900210B605360256A0B4B9D424F
:1079D00000D005B9E568A3689D4202D0284600F0B2
:1079E00055F9E5613046BDE87040FFF747BE8A4271
:1079F000D8D01268D5E700BF88DA0020A8DA0020C6
:107A0000F8B550EA010306460C4603D1FFF7B4FF70
:107A10000020F8BDEFF31187202383F31288BFF312
:107A20006F8F124D124BA8681860FFF7FDFDA86814
:107A3000234632460F49183000F0AEF9AA680446D2
:107A4000537B384643F004035373FFF717FEAB68CC
:107A5000D3E90A23B3F1004F08BF002AD8D108F0B8
:107A60000EFE201A20EAE070D3E700BF88DA00207B
:107A7000F0E600200305020038B50446EFF3118557
:107A8000202383F31288BFF36F8F437B5B070FD5EF
:107A9000183008F0CCFD637B204623F004036373A9
:107AA000FFF780FD2946BDE838400448FFF7EEBEE9
:107AB00085F31188BFF36F8F38BD00BF62160120B8
:107AC000014B9868704700BF88DA00202DE9F84321
:107AD0000446077BEFF31185202383F31288BFF35D
:107AE0006F8F437B190705D585F31188BFF36F8F1F
:107AF000BDE8F883D90943F008025DD14273A36859
:107B000013B1204608F08EFC04F1180008F08FFD38
:107B1000A66E04F16808B04511D04FF0000976B1A7
:107B2000304608F07FFC06F1180008F080FD304672
:107B3000C6F88C90FFF736FDA66EB045EFD1DFF8A2
:107B4000C080D8F808309C423ED1EFF30589B9F1E6
:107B5000000918BF4FF00109D8F82060294A964261
:107B600000D00EB9D8F80C60B34202D0304600F015
:107B70008DF82046C8F81C6004F0CDF8B9F1000F6C
:107B800002D02148FFF7FEFCD8F808309C4231D1E2
:107B9000EFF3058373BB227BD20718D42846FFF787
:107BA0006DFDFB07A4D5002383F31188BFF36F8F0E
:107BB0000423184602DF9BE703F07F0343F008032A
:107BC000437308F027FC9AE74FF00009C4E785F3F8
:107BD0001188BFF36F8F83F31188BFF36F8F042376
:107BE000184602DFEFF31180202383F31288BFF3DE
:107BF0006F8FD4E785F31188BFF36F8FD1E700BF94
:107C000088DA0020A8DA0020C0DA0020D3B5DDE948
:107C10000667089CCDE90067FFF7A4FD1CB1034B84
:107C20009B681B69236002B0D0BD00BF88DA0020CA
:107C30000122044BC01A044BC0105843034B1A5482
:107C4000704700BF58DB0020ABAAAAAA6216012029
:107C5000C3897F2B12D80A4B1B6863B1094B90F97B
:107C60000E201B689A4209DB437BDB0606D1064BDC
:107C7000C31A18BF012303F0010070470023FAE77D
:107C800014C80020F4E6002058D9002070B50E4B2F
:107C90000E4C1E7C054606EB460304EBC30420464F
:107CA00008F0C5FC00220A4B28469A55FFF7D0FF82
:107CB00048B1084B2046BDE870401A680649013AB1
:107CC000D31700F069B870BD88DA002058DB0020B7
:107CD0006216012014C80020317C010038B5EFF392
:107CE0001185202383F31288BFF36F8F104B114A45
:107CF0009C681068A04206D1FFF7C8FF85F3118881
:107D0000BFF36F8F38BD00211B7C11600A4AD35C22
:107D1000002BF3D02046FFF79BFF0028EED0637BBB
:107D2000DB0602D12046FFF7D5FC2046E4E700BF82
:107D300088DA0020F0E6002062160120024B186865
:107D4000984208BF0020704718C80020034B1B68EA
:107D50000BB9F9F7C9B90020704700BFF8E6002059
:107D600030B570B10B4B5B6898420AD0036843B1E1
:107D7000D3E90421D0E90445121941EB0501C3E917
:107D80000421D0E9003213605A600023C0E90033B7
:107D900030BD00BF18C80020B3F1FF3F08BFB2F1EB
:107DA000FF3F2DE9F84F0446994615461F467AD005
:107DB0008160EFF31188202383F31288BFF36F8F64
:107DC000B9F1000FDFF8E4A020DBFFF7BFFFDAE92D
:107DD0000027013549F100092D1849EBE0730646EB
:107DE0004FF00109C4E90453AD1843EB0707FFF74F
:107DF000A5FF0346DFF8B8E0DEF804A0EBB9C4E95C
:107E000000EACAF80040CEF8044028E06FF0010311
:107E1000DAE900125B1A4FF0FF3161EB02025B1BE3
:107E200062EB0902012B72F10001BCBF01230022A9
:107E30004FF00009C0E90432D9E7D3E9041CD4E9C2
:107E400004208A4270EB0C0B24DA891A5A686CEB16
:107E50000000C3E90410C4E9003214605C60FFF75D
:107E60006DFF84420ED1134B1B685BB9B9F1000F53
:107E700002D1FFF76BFF0646304608F0C1FB002138
:107E8000F9F704F988F31188BFF36F8F2846394654
:107E9000BDE8F88F521A60EB0C009A45C4E9042043
:107EA000ADD01B68AAE700252F46EFE770DB002066
:107EB00018C80020F8E600202DE9F047EFF31185FF
:107EC000202383F31288BFF36F8FDFF8A090002682
:107ED000C9F800000027FFF731FFDFF89480D9F8D8
:107EE0000030D8E900ECD91750B1D0E90442A342E0
:107EF00071EB020A1BDAE41A62EB0102C0E90442E8
:107F0000002413EB0E034CEB01012046C8E90031BD
:107F1000C9F8004008F074FB2146F9F7B7F885F37B
:107F20001188BFF36F8FBDE8F047FFF7D7BE14EBA2
:107F30000E024CEBE473C0E90467C8E90023FFF7C5
:107F40000FFF85F31188BFF36F8F83689847EFF3B6
:107F50001185202383F31288BFF36F8FD9F8003087
:107F60001B1BC9F80030FFF7E9FEB8E7F8E6002070
:107F700070DB002010B5EFF31184202383F3128807
:107F8000BFF36F8FFFF7E2FE0346054AD2E9000117
:107F9000181841EBE37184F31188BFF36F8F10BDA4
:107FA00070DB0020F8B50546EFF31187202383F33B
:107FB0001288BFF36F8F036823B187F31188BFF373
:107FC0006F8FF8BDD0E90A46611C46F10002022914
:107FD00072F1000236D3012C76F10002BCBF0124FD
:107FE0001E46013C46F1FF3608F04DFB013041F1E1
:107FF0000001001946EB0101012871F1000130DB9D
:1080000008F041FB6FF00203013041F1000100195B
:1080100046EB010183426FF000438B4126DB08F001
:1080200032FB013041F100016FF00102001946EB13
:1080300001034FF0FF31121A61EB030328461C497C
:10804000FFF7AAFE2B6B01332B632B6A93B93C46D7
:108050002B4653F8185F9D4200D0D5B984F31188A0
:10806000ADE76FF001024FF0FF33E7E700224FF07A
:108070000043E3E787F31188BFF36F8F28462B6A2D
:108080009847EFF31184202383F31288BFF36F8F97
:10809000DEE7284608F007FA0023C5F88C3084F3A1
:1080A0001188BFF36F8F2846BDE8F84008F0ECB99F
:1080B000A57F01002DE9F04105461C4690461F466C
:1080C000EFF31186202383F31288BFF36F8FB4F18F
:1080D000FF3F08BFB2F1FF3F05D186F31188BFF320
:1080E0006F8FBDE8F081002C09DB012A74F10003D9
:1080F000BCBF0122002412F1FF3844F1FF372846AB
:1081000008F095FADDE906010023C5E90A012B63B1
:1081100042463B4628460249FFF73EFEDDE700BFE8
:10812000A57F01001423F0B50024202703FB0100E4
:10813000134E01B9F0BD10F8073CA0F1140C03F088
:108140003F03102B40F80C4C0CD826FA03F3DB0746
:1081500008D550F8143C2BB150F8105C2B605D60D2
:1081600040E9054482F31188BFF36F8FEFF311826A
:1081700087F31288BFF36F8F60460139D9E700BFDC
:10818000160101002DE9F74F1D46274B16469F6843
:10819000012387F8703087F8713052EA05030CBF6D
:1081A0000123002307F17002804608F006FB814698
:1081B000EFF3118B4FF0200A8AF31288BFF36F8F11
:1081C00097F870404CB901465A464046FFF7AAFF5F
:1081D0008BF31188BFF36F8F0BE0002387F87030AB
:1081E00056EA050309D18BF31188BFF36F8F6FF047
:1081F0000A04204603B0BDE8F08F5946CDE900657A
:108200000A4A0B48FFF7AEFA0446EFF311858AF3EA
:108210001288BFF36F8F2A4649464046FFF782FF18
:1082200085F31188D6E700BF88DA002020C8002037
:108230006316012038B50346EFF31185202282F33F
:108240001288BFF36F8FC160012181600068834293
:1082500006D185F31188BFF36F8F0024204638BD07
:10826000D0E9003213605A600023C0E9003308F0FF
:1082700027FB294604460248FFF708FBEEE700BF4C
:108280006316012008B505F027FC012838BF01203E
:10829000014B586108BD00BF88DA002070B5EFF3CC
:1082A0001186202383F31288BFF36F8F0F4D6C6903
:1082B000ACB105F011FCAB6801282CBFC4EB000188
:1082C000C4F1010193F8382032B1D3E90C205218DF
:1082D00040F10000C3E90C20044808F06CFB0023C7
:1082E0006B6186F31188BFF36F8F70BD88DA002051
:1082F0002DE9F04106460C46EFF31187202383F366
:108300001288BFF36F8FC0EBC0039B00184D17D1CD
:1083100005F0E2FB012838BF0120AB68696993F8DA
:1083200038208046411A32B1D3E90C20521840F16E
:108330000000C3E90C200E4808F03DFBC5F814808E
:108340001C21AA6901FB0655D2E90032C4E90232B8
:10835000E868D0E90C105B1842EB0002C4E9041095
:10836000C4E9003287F31188BFF36F8FBDE8F08155
:1083700088DA00202DE9F04105460E46174608F040
:108380000FF830B9074B9B68D3F8804014B9BDE8AB
:10839000F081054C3B46324629462046BDE8F04177
:1083A00008F019BB88DA0020C0C80020024600216E
:1083B000014B024808F00FBB85B00100C0C8002087
:1083C000014BC0F880307047C0C800200146024A07
:1083D0000020FFF7CFBF00BF85B0010007B5074BF6
:1083E0004FF40062009306494FF0FF330548FEF753
:1083F0008DFF002003B05DF804FB00BF14230200D2
:10840000A8C1012078DB0020F8B54D4A0C460023B6
:108410004C4DD0E90001F0F765FB002A4FF4616193
:1084200000F52F20B7BF02F5A83200F66C2000F649
:108430006B2002F5C072B2FBF1F301FB13223C2169
:10844000A360B2FBF1F301FB13226360C31C226043
:10845000072293FBF2F2C2EBC2029B1A52D50733FA
:10846000A361A0F50E33A3F52C7393FBF5F5364B02
:1084700048F6AC6140F2B45740F26D1603FB0500BC
:108480004FF0050CB0FBF1F1B0FBF7F30144C91A52
:108490002E4BB0FBF3F3C91A48F69463B1FBF3F328
:1084A000B1FBF6F2B1FBF7F103445B1A992106FB2D
:1084B000123303EB83005E1C0230B0FBF1F779430B
:1084C0000231B1FBFCF1761A40F2F95188424FF4C7
:1084D000C8708CBF6FF00901022100FB05253944EB
:1084E000012998BF0135B3F5997F11D3A3F599738D
:1084F000A5F26C75E36100232046E6602362C4E9BF
:108500000415F8BD0028A361ABDB90FBF5F5AEE7E1
:10851000970710D14FF0640C92FBFCF70CFB172768
:108520005FB992FBF0F700FB1722B2FA82F2520910
:108530003B331344DCE70022FAE70122F8E700BFEF
:1085400080510100B13A02004FC5FDFFB03A020070
:108550000CB430B589B005460C461C22002101A898
:1085600008F09EFA022305958DF806300D4B029314
:1085700023462CB1B4F1004F28BF4FF00043013B1C
:108580001D440DAA0C9901A80695009200F072FCFA
:1085900014B1059B00221A7009B0BDE8304002B04A
:1085A000704700BF291202000EB470B589B00546AD
:1085B0001C2200210DAC01A854F8046B08F070FADD
:1085C000012301A8224631468DF80630054B05955A
:1085D0000393009401F022F909B0BDE8704003B0A4
:1085E000704700BF151202002DE9F84F00228046A7
:1085F000894618F80230511C202B00F09E81A3F10F
:108600000900042840F299812B2B0D4633D02D2BE5
:1086100036D01846042440F02003692B32D06E2B4C
:1086200060D000224FF00A0A96469446134611463F
:1086300014F400666BD040F02007A7F1610BBBF18A
:10864000050F64D8573FFFB2BA4540F3F28044F0BB
:108650008006E005B6B268D5F40506F4007079D559
:10866000002F18BF4CF0010C00B9013218F80500BA
:1086700034460135DCE7042418F80100951CCAE7EC
:108680004424F9E7AE4B0026AE4F13F8011B49B165
:1086900018F80520681C42F020028A4226D0AA4A17
:1086A000934230D132463B4630463946F0F770F9B6
:1086B00048B918F80530282B05D1013518F80530D0
:1086C0000135292B14D1630602D507F100431F465B
:1086D000B9F1000F02D04544C9F800503046394680
:1086E000BDE8F88F994B0026994FCEE70546CCE7B9
:1086F00023F02002413A192AE0D9A3F13002092AD5
:10870000DCD95F2BDAD0002600270025E0E7A0F1B6
:108710003007FFB257452DDA44F0800614F480701C
:10872000B6B299D1BAF10A0F06D0BEF10F0F93DDA0
:1087300044F4C076B6B28FE7BEF1100F8CDD44F47E
:10874000C076042FB6B287D9052F4FF0020C08BFB0
:10875000074681E700B1013AAAFB0334FB180AFB84
:10876000014444F1000153EA01003FF47FAF0EF1F0
:10877000010E7BE7FE2F5CD1A70556D52006C2D59A
:10878000002E40F0968053EA010005F1FF3500F01D
:10879000D180200540F1B2803632B1F5800FC0F0B3
:1087A00091806C4FB1F5000F80F09180BA42C0F219
:1087B0008E804CEA0303084603F00306032E04D020
:1087C00003F00606062E40F08B80043341F10000D2
:1087D000B0F5000FC0F084800132B2F5806F80F2F6
:1087E000A68000234FF4801102F2FF3221F48011A1
:1087F00041EA025718461E46394602F021F901386F
:10880000022804D8544B222208F030FD1A5030467A
:10881000394602F015F9013802283FF654AF4E4BA5
:10882000222208F023FD1A504DE744F40076B6B238
:108830001CE740F0200004F08007782809D147B1F8
:1088400053EA010A05D144F400664FF0100AB6B2AB
:108850000CE7002F3FF457AF6EB3920070268642AC
:1088600091D118F805006E1C2B2804D02D2824D196
:1088700044F48064A4B218F80600A0F13006092E72
:1088800081D8AE1C354640F2D34A00264FF00A0B81
:108890005645DCBF30380BFB060618F805000135DD
:1088A000A0F13007092FF3D9670548BF764232445B
:1088B00069E72E20D1E76526D1E7A0F13007092F1F
:1088C000E0D960E7DB1802F1FF32494165E75E0855
:1088D00003F00103013246EAC1764908334361E7F8
:1088E000B2F5806F23DA9B08B0F5800F4FEA900154
:1088F00043EA8073BFF478AF002279E70EEB020001
:1089000010F5A27F10DDB0F59B7F10DA03F00100B7
:1089100040EA0C0001308008181841F1000101F014
:1089200021FC06460F4672E7002600276FE7002667
:10893000044F6CE700260027C5E60A4659E600BF4B
:10894000636302000000F07F666302006063020060
:108950000000F87F02FCFFFF0C000000242A2DE934
:10896000F041044601D8012A4CD1364B162208F0BA
:108970007DFC1A5001B10C6000273846BDE8F0813B
:1089800035462E4616F8010B2028F9D0A0F109072C
:108990000346042FF4D92B2836D02D2837D14FF099
:1089A000010CAE1C6B78302B38D1307840F02000B1
:1089B00078282FD132F010002CD173783446102251
:1089C00002360CF1004000270138B0FBF2FE02FB3A
:1089D0001E08392B82BF03F1FF3343F02003263BEF
:1089E000303B9A421ED9774502DC03D1984501D22B
:1089F0004CF0020C354607FB0237344615F8013BB4
:108A00002E46E6E70546BCE74FF0000CC9E74FF0FD
:108A1000000CC8E7002A08BF0822D2E7002A08BFD6
:108A20000A22CEE701B10C601CF0010F18BF7F4293
:108A30001CF0020FA1D0034B2222074608F016FCBF
:108A40001A509AE70C000000242A2DE9F84F8046BE
:108A5000894601D8012A60D1424B162208F006FC53
:108A60001A50B9F1000F01D0C9F80080002319464F
:108A70001846BDE8F88F31460E4616F8013B202B0C
:108A8000F9D0A3F109001C460428F4D92B2B46D0B9
:108A90002D2B46D101278E1C4C78302C48D13378B1
:108AA00043F02003782B3ED132F010033BD1747891
:108AB000B0461025023617F1FF3B6FF000432A46FF
:108AC00043F1000A584600235146F0F75BF80023B3
:108AD0008C461946392C82BF04F1FF3444F020043F
:108AE000263C303CA54228D998427CEB010E05DBA0
:108AF000614508BF834203D1A24201D247F0020779
:108B0000A5FB033EB04605FB01EEE3184EF1000164
:108B1000B6461EF8014B7646DCE70146ACE7002777
:108B2000B9E70027B9E7002A14BF15460825C2E7B0
:108B3000002A14BF15460A25BDE7B9F1000F01D080
:108B4000C9F80080F80702D55B4261EB4101BA0722
:108B50008ED5044A222408F089FB5B465146145006
:108B600086E700BF0C000000242AF0B5044601D8B7
:108B7000012A40D12E4B162208F078FB1A5001B181
:108B80000C600020F0BD2F463D4615F8010B202853
:108B9000F9D0A0F109060346042EF4D92B282CD0D5
:108BA0002D282CD10126BD1C7B78302B2DD1287887
:108BB00040F02000782824D132F0100021D16B78C9
:108BC0002C46102202350020392B82BF03F1FF33DF
:108BD00043F02003263B303B9A421AD9A0FB020403
:108BE0000CB9C01801D346F002062F462C4617F8E0
:108BF000013B3D46E8E70746C6E70026D3E70026E7
:108C0000D3E7002A08BF0822DDE7002A08BF0A22AE
:108C1000D9E701B10C60F20748BF4042B307B1D5B4
:108C2000034B222208F022FB1A504FF0FF30A9E735
:108C30000C000000242AF0B505460E4601D8012A92
:108C40000AD13E4B162208F011FB1A5006B13560CE
:108C500000200146F0BD2046044614F8011B2029DF
:108C6000F9D0A1F109070B46042FF4D92B2939D0EB
:108C70002D293AD14FF0010C841C4378302B3BD185
:108C8000217841F02001782932D132F010012FD122
:108C9000637825461022023400200146392B82BF1A
:108CA00003F1FF3343F02003263B303B9A4232D995
:108CB000002729BBA0FB02E517F0010770462946F3
:108CC00008D11EEB030E55F10005704628BF0127A1
:108CD00029460FB14CF0020C2746254617F8013BF8
:108CE0003C46DBE74FF0000CC6E74FF0000CC5E751
:108CF000002A08BF0822CFE7002A08BF0A22CBE7D4
:108D0000A2FB0151A0FB02E02D1841F10001002956
:108D100018BF0127D0E706B135601CF0010F02D063
:108D2000404261EB41011CF0020F93D0034B222221
:108D300008F09CFA1A504FF0FF308AE70C00000050
:108D40002DE9F04101260746B24201DCBDE8F08181
:108D50003B461F4613F8014B002CF7D0252CF8D1C9
:108D60001C780237252CF3D00023DFF804819C46C1
:108D70001D461F2D18D8A4F1200EBEF1100F09D9E1
:108D8000A4F1300EBEF1090F1ED80A24202504FBE1
:108D900003E304E028FA0EFE1EF0010F06D017F8D8
:108DA000014B002CE5D128E07F2D1CD8A4F1300E1A
:108DB000BEF1090FE9D9242C10D1BCF1000F46D027
:108DC000B34246D00023EAE724F0040EBEF12A0F96
:108DD000F8D06C2C09D145F08005E0E724F0040EB2
:108DE000BEF12A0FEED06C2C22D06C2C1BD8682C34
:108DF00023D06A2C28D04C2C26D0BCF1000FA5D053
:108E0000B445A1D144F020070B68A7F1650CBCF173
:108E1000020F01D9612F1ED1073323F00703083356
:108E200001360B608FE7742CB9D07A2CB7D0E4E709
:108E30002C0648BF45F40075CDE7EC0548BF45F466
:108E4000007545F48075AAE745F42075A7E79C46B0
:108E5000B8E76324D6E7692C02D007D8632C03D087
:108E60002F0601D5AC05D7D40433D9E7732CF6E728
:108E7000892801002DE9F04F436895B0804603939F
:108E800083789807CDE9081216D50B4600250D9278
:108E90001F789FB1252F15D00133079341463846DF
:108EA000039B01359847002880F22C8498F8023003
:108EB00043F0040388F802304FF0FF35284615B020
:108EC000BDE8F08F5F789A1C252F0792E6D000242A
:108ED0002646A246A346BBF11F0F32D8A7F12003B6
:108EE000102B0AD8DFE803F02409092A0909091B15
:108EF00009090922092709091900A7F13003092BDB
:108F00002DD92A2F39D154B90D9B1BF0400F53F89E
:108F1000042B0D9329D0164601E04BF0010B079B63
:108F200013F8017B0793002FD5D15BE04BF0020BC8
:108F30004BF0040BF3E74BF0080BF0E74BF0100B92
:108F4000EDE7BBF17F0F3FD8A7F13003092BD8D84D
:108F50001BF0400F03D00A2202FB0636DFE70A228D
:108F600002FB0A3A4BF0200BD9E7B2F1000AF9DA1A
:108F7000CAF1000A4BF0280BD1E72E2F05D11BF0C8
:108F8000400F9BD14BF0400BC9E7242F1CD1002C84
:108F900000F03F81099B1BF0400F0D930AD1524610
:108FA0000DA90898FFF7CCFE0D9B1A1DD3F800A061
:108FB0000D92B4E732460DA90898FFF7C1FE0D9B4C
:108FC0001A1D1E680D92AAE76C2F00F00F8100F2A7
:108FD0000681682F00F012816A2F00F017814C2F54
:108FE00000F0148134B1099B22460DA908980D9315
:108FF000FFF7A6FE002E47F02009B8BF2BF0400B6C
:10900000A9F16503BCBF00261FFA8BFB022B40F2BF
:109010000581B9F1610F40F05B82FF431BF0400F07
:109020004BF4C05407F0200308BF4FF0FF360693FF
:109030000D9B073323F0070303F10802D3E9000176
:10904000069B0D920EAA0093334608F02AF80130D1
:10905000C3B2B342049301DB049B5E1E01230E9F47
:10906000A3464FF07009059307F10903122B0DD9A0
:1090700007F16303C62B40F20C8107F2E73340F29D
:10908000CE72934294BF0323042305939DF83C20A2
:1090900002F00C0312F0010240F016811BF0020FE7
:1090A00040F00F811BF0040400F0F580002B40F02D
:1090B0000E8120231BF4405F20D1049A002E02F180
:1090C000500208BF01266A44133A049921B112F8EC
:1090D000011D302900F030811BF0100F049A18BFD9
:1090E0003246391DC0F22D81B74280F22A81BA4240
:1090F0004BF4005B40F327817E1C961B1BF400524F
:109100000A9200F0228127EAE774013403B10134A6
:10911000002E00F02281721C1444A245CCBFAAEBA1
:10912000040400241BF0090F04D12C44A54240F094
:10913000198100243BB118464146039B01359847ED
:109140000028FFF6B3AE1BF4006F12D0414630206A
:10915000039B98470028FFF6A9AE069B41460235BF
:10916000C3F17800039B00F0F80098470028FFF651
:109170009DAE1BF0080F05D12C44AC4240F0FE80A0
:10918000254600240A9B002B00F0178127EAE77A86
:109190007642A7EB0A07049B0AF1FF3A05F10109A1
:1091A0004146BB4289BF0EAB3020FB18587956456B
:1091B000039B00F3EC809847002807F10107FFF6B6
:1091C00075AEBAF1FF3F08D141462E20039B984768
:1091D0000028FFF66BAE05F102094D46DBE7742F60
:1091E0003FF49DAE7A2F3FF49AAEFBE61BF0800F62
:1091F00018BF4BF4007B4BF0800B90E61BF4807F94
:1092000018BF4BF4007B4BF4807B88E64BF4207B4B
:1092100085E626465446B346B24680E6FF431BF039
:10922000400F07F0200308BF0626B9F1650F06932B
:109230000D9B03F1070323F0070303F10802D3E9B1
:1092400000010D9213D1731C00224BF4805BDBB242
:109250001446112BCDE9002428BF11230EAA01F0DA
:1092600073F80E9FC3B2049302230593FCE6B9F191
:10927000660F05D14BF4005B344601221123E8E769
:10928000F3B200224FF06509012B144638BF0123C9
:10929000DFE70223F9E6002B3FF40CAFBAF1030F2E
:1092A00039DC9DF83C30A14E13F0080FA04B08BFED
:1092B0001E463746B94617F8010BA0BBAE1BB1449A
:1092C00078E023BB2B23F5E61BBB2D23F2E62022FF
:1092D000BAF1040F12DD1BF0080FAAF104040ED13D
:1092E0002C4441462020039B0135049298470028D6
:1092F000FFF6DCADA542049AF3D192B100244146B9
:109300001046039B013598470028CADACEE52B2288
:10931000DEE72D22DCE71BF0080FAAF10304C0D121
:10932000DEE71446BDE7069B4146C01A039BC0B268
:1093300098470028BEDAB9E504990139C9B2049109
:10934000C3E6561EDAE60026D8E61BF4006F059A3F
:109350000CBF032405241444D8E61BF0100F18BFDB
:109360000134DAE60B934146039B202098470028FE
:1093700005F101050B9BBFF6D9AE97E541463020BC
:10938000039B013598470028BFF6F7AE8EE5984756
:109390000028FFF68BAD1BF0100F0BD0BAF1FF3F8A
:1093A00008D105F1020941462E20039B9847002869
:1093B000FFF67CAD4D464C442BE241469DF83D0006
:1093C000039B98470028FFF671AD002E65DD4146EE
:1093D0002E20039B98470028FFF668AD4FF0010A46
:1093E000049B4146D3469A45B7BF0EAB3020534449
:1093F0005879039B98470028FFF658AD0AF1010AF7
:109400005645EDDA02355D44069B4146A9EB030063
:10941000039BC0B298470028FFF648AD002F414695
:10942000039BB6BF2D202B207F4298470028FFF6D4
:109430003DAD059B042B3DD14FF47A794146039B0A
:109440000335B7FBF9F606F13000C0B298470028A3
:10945000FFF62CAD09FB16774FF064094146039BDC
:109460000135B7FBF9F606F13000C0B29847002885
:10947000FFF61CAD09FB16774FF00A094146039B26
:109480000135B7FBF9F606F13000C0B29847002865
:10949000FFF60CAD09FB167713E01BF0100F01D19E
:1094A0000135B1E741462E20039B0235984700283D
:1094B000AADAFBE4059B0235032BCDD0059B012BDB
:1094C000DAD107F1300005F101094146C0B26CE77D
:1094D000A7F16303122B00F2FE80DFE813F0130004
:1094E0005600FC00FC00FC00FC005600FC00FC00E8
:1094F000FC00FC00FC001601F700FC00FC002B0047
:10950000FC00B8000D9B01240EAF1A1D1B680D92C4
:109510008DF838301BF0080F2DD03E19B946B145F3
:109520002BD1EF1BB944AAEB040443E76B630200A1
:10953000AF4602000D9B1A1D0D921F68AB4B002F0A
:1095400008BF1F461BF0400F384614BF31464FF08E
:10955000FF3107F00DFB0446DCE741462020039B6A
:1095600098470028FFF6A2AC013EB442F5D355441B
:10957000B246AD1BD1E75646F7E7414619F8010B55
:10958000039B98470028CADA90E41BF0800F0D9BDC
:1095900035D01BF4007F2DD0073323F0070303F1F0
:1095A0000802D3E900010D922BF0100900291FFADF
:1095B00089F936DA404249F4806961EB41010DF1E5
:1095C000380B0A235A4607F01CFB19F0400FA0EB9A
:1095D0000B0B65D029F001025E4592B240F3B280D8
:1095E000002F00F0A98019F010033446914626D0D0
:1095F00002345CE01A1D18680D92C117D4E71A1DD9
:109600001BF4807F19680D9201D10846F5E71BF421
:10961000007F19BF48B241F3C01108B241F3C03115
:10962000C2E750EA0103CAD11BF0400FC7D0002E99
:10963000C5D12BF0110B34461FFA8BF9B34640F21B
:10964000064319EA03031CBF013400232FE02BF06B
:10965000100B0A231FFA8BFB1BF080040D9A57D0C6
:109660001BF4007115BF0732101D22F007020D9088
:109670000FBF106802F108010D91D2E9000150EA14
:10968000010252D12BF016091BF0400F1FFA89F985
:109690004FD0002E4DD12BF0170B1FFA8BF9B3468C
:1096A00019F0100352D0002F4ED10BF1010419F024
:1096B000080F5ED119F0010F06D0A2456EDDAAEBAE
:1096C000040404EB0B06544622464DE04BF0100B0D
:1096D00010237827C0E7B9F1780F04D1C7F17803D8
:1096E00043F01003B8E741462520039B9847002824
:1096F000FFF6DCAB41463846039B98470028FFF64F
:10970000D5AB0235079BFFF7C3BB08230027A3E7B0
:10971000111D10680D911BF48071B0D01BF4007105
:109720001ABFC0B2214680B2A9E72BF0060B1FFA80
:109730008BF90DF1380B45E729F0110934461FFA72
:1097400089F97CE79146ABE75C4651E75C4676E7F2
:10975000CDE9042341462020039B98470028FFF6CB
:10976000A5AB049A059B01329245F1DC2C1BA51890
:109770001446F3B141463020039B98470028FFF67A
:1097800095AB6FB90135A9462E44A6EB09035B459D
:1097900021DC5D460EAE5DBBD944C4E65E4693E770
:1097A000023541463846039B98470028EBDAFFF71D
:1097B0007DBB40F2064319EA030FE4D019F0020F13
:1097C00005F10105414614BF2B20202019F4806FBC
:1097D00018BF2D20E7E741463020039B09F101091E
:1097E00098470028D1DAFFF761BB00BF6F63020022
:1097F000013D4146039B705D98470028CBDAFFF797
:1098000055BB41462020039B013598470028FFF6B1
:109810004DAB631B002BF4DC74E700BF2DE9F04F68
:10982000002391B0029007920E920F9306930D467B
:1098300015F8016BAEB1202E17D0A6F10903042B49
:1098400013D9252E17D00FA9029807F001FA031E8D
:10985000C0F2F380DBB2B3420BD00FAA029907F03B
:1098600001FA069811B0BDE8F08F0FA9029807F031
:1098700001FA2946DBE74E788D1C252EE3D02A2EEF
:1098800003BFCD1C8E78012400240027A6F13003ED
:10989000DBB2092B19D9A20723D5242E23D1079B8C
:1098A00024F0020400220E93A4B201239F4215DC8F
:1098B00042B17B1E002F0E9A4FEA8303D8BF0023CC
:1098C0001A440E9215F8016BDFE744F002040A22F5
:1098D00015F8016BA4B202FB0737D7E70133012269
:1098E000E4E74FF0FF376C2E35D007D8682E24D030
:1098F0006A2E3FD04C2E37D026B9B2E7742E36D020
:109900007A2E34D03146894807F0E6F80028A8D0EE
:1099100014F001030C9311BF4FF0000A0E9B1A1DA7
:109920000E9208BFD3F800A06E2E26D10F9A002306
:109930005046009407F0B3F99BE72E78682E04D0C8
:1099400044F02004A4B20135D6E744F030046E7828
:10995000A4B20235D0E72E786C2E02D044F0040475
:10996000F0E744F00C04F2E744F00C04A4B215F85C
:10997000016BC1E744F00804F8E7632E1FD114F02F
:10998000020F04F0040408BF01270FA9029807F092
:109990005FF9002851DBBAF1000F02D064B14AF838
:1099A000040B013FF1D10C9B002B7FF462AF069BAF
:1099B0000133DBB206935CE70AF8010BF1E75B2E9B
:1099C0005DD12B7800265E2B06BF01354FF00109D3
:1099D0004FF000090FA9029807F03AF90022A846B3
:1099E00005F1010E9446114618F8013BFBB1F04514
:1099F00008D05D2B12D02D2B04D132B90B46012299
:109A00001946F1E7002A08BF194688424FF00002C4
:109A1000F6DB9842D8BF4FF0010CF1E7002805DBD8
:109A2000E14511D10FAA029907F01CF9CEB9029BAA
:109A30009B7813F00C0F3FF414AF069B002B14BF60
:109A400018464FF0FF300DE7BAF1000F05D063075D
:109A50004CBF4AF8040B0AF8010B013F4FF0010616
:109A6000B8D1BAF1000F01D145469CE714F00404C7
:109A700016BF00238AF80040CAF80030F4E70FA9A7
:109A8000029807F0F7F80028D7DB582E7BD0643E09
:109A9000F3B2142B00F2BD80142E00F2BA80DFE87E
:109AA00006F00BB8B8B8B841B8B8B8B8B86F72B863
:109AB000B852B80BB8B872004FF00A080FA9029854
:109AC00007F0C6F82B2804D02D280AD144F0400412
:109AD000A4B2013FABD00FA9029807F0B9F8002853
:109AE000A5DB302877D1B7F1010918D00FA902986A
:109AF00007F0AEF8002812DB40F0200344F08004A9
:109B0000782BA4B242D138F0100344D1B7F1020946
:109B100005D00FA9029807F09BF8002862DA00260A
:109B200037464CE04FF00008C8E700BF76630200FC
:109B3000BAF1000F05D066074CBF4AF8040B0AF8CB
:109B4000010B013F0FD00FA9029807F081F8002800
:109B500009DB202803D0A0F10903042BE8D80FAAC1
:109B6000029907F07FF8BAF1000F3FF41CAF14F030
:109B7000040416BF00238AF80040CAF8003012E738
:109B80004FF008089AE74FF0100897E7B8F1000F78
:109B900008BF4FF00808002637463928034682BF21
:109BA00000F1FF3343F02003263B303B98451CD89F
:109BB0000FAA029907F056F820067FF538AF610624
:109BC00002D5764267EB470732463B465046009443
:109BD00007F065F8E7E6B946B8F1000FDBD14FF0C2
:109BE0000A08D8E74FF01008D5E7A8FB066244F052
:109BF00080049E1908FB0722A4B242F10007B9F1C4
:109C00000109DCD00FA9029807F022F80028C4DA75
:109C1000D5E70FA9029807F01BF803909DF80C30C8
:109C20002B2B04D02D2B0DD144F04004A4B2013FC6
:109C30003FF4FDAE0FA9029807F00AF8031E039344
:109C4000FFF6F5AE039B43F02003692B69D06E2B22
:109C500000F099804FF000080A234646C146CDE93E
:109C60000488220540F1BE80039A42F02002D2B25D
:109C7000A2F16101052900F2B580573AD2B29342B0
:109C800040F3008144F0800BE1051FFA8BFB40F1AB
:109C9000CC801BF4807F0BF4007100F0D780059816
:109CA000002A18BF40F00100059009B908F1010829
:109CB000013F0D9300F0FB800FA9029806F0C8FF4A
:109CC000031E5C4603930D9BCBDA21067FF5AFAEF6
:109CD0002205039A4CBF7023652342F0200248BF3F
:109CE0004FEA88089A4240F02A81B7F1010B00F050
:109CF00028810FA9029806F0ABFF0346C2B22B2AB7
:109D000005D02D2A40F0F18044F48064A4B2B7F16C
:109D1000020B40F0CE800FAA0299184606F0A2FF6F
:109D20000FE1734E4FF00008DFF8C89116F801BB41
:109D3000BBF1000F13D0013F0DD00FA9029806F020
:109D400087FF031E07DB43F020035B45EED00FAA1D
:109D5000029906F087FF684B9E427FF468AE424648
:109D60004B4640464946EEF713FE38BB013F25D02F
:109D70000FA9029806F06CFF282816D00FAA0299A6
:109D800006F070FF1AE05D4E4FF00008DFF87091AA
:109D9000CCE720F02003413B192B06D9A0F130037A
:109DA000092B02D95F287FF442AE013F3FF43FAE5A
:109DB0000FA9029806F04CFF2928EAD1630606D5C0
:109DC00009F10043CDF828800B93DDE90A89BAF147
:109DD000000F3FF4E8AD14F00C0F00F06D81CAE9FC
:109DE0000089E0E5039A303AD2B29A4240DA44F070
:109DF000800BE1051FFA8BFB3FF54BAF0A2B14D10B
:109E000014F00C0F1FD1049908297FF742AF44F4D6
:109E1000C07B042A1FFA8BFB7FF63BAF052A4FF06D
:109E2000020108BF0022059133E714F00C0F0499DA
:109E300007D107297FF72DAF44F4C07B1FFA8BFBB6
:109E400027E70F29F6E704991029DEE709B108F1A1
:109E5000FF38A3FB0661961903FB091141F10009C4
:109E600056EA09023FF424AF049A013204921FE734
:109E7000FE2A07D1A2053FF528AF44F4007B1FFA64
:109E80008BFB15E7039A04F0800342F02002782A46
:109E90007FF41BAF002B3FF418AF56EA09037FF4A1
:109EA00014AF44F4006B10231FFA8BFB00E75C46F1
:109EB0000BE70FA902980D9306F0CAFE0D9B1F46F3
:109EC0000346A3F13002092A1CD918460FAA0299A9
:109ED00006F0C8FE7B1C04D00FAA0299384606F093
:109EE000C1FE0FAADDE9021018E74FF0FF37E8E7DF
:109EF0008D6302000000F07F906302008A6302001D
:109F00000000F87F00270A2240F2D3418F42DCBFD5
:109F1000A3F1300102FB0717BBF1010B09D00FA918
:109F2000029806F095FEA0F1300103460A220929A5
:109F3000EAD96005039348BF7F42B8445F46002FCB
:109F4000CFD156EA090300F0B280210504F00C02DB
:109F500040F18A80002A4FF001005F4912BF35238B
:109F600018236FF07D015F1CA3F11F02C7F1200CC5
:109F700000FA02F2B84420FA0CFCB84042EA0C02A3
:109F8000864279EB020751D30127A3F11E02C3F1E8
:109F90001E0C981C07FA02F227FA0CFC07FA00F0D4
:109FA00042EA0C02864279EB020745D2884543DB40
:109FB000059A324316464A4606F00300032803D0AA
:109FC00006F0060006280BD1043649F10002B2F56E
:109FD000000F21BF760808F1010846EAC276520850
:109FE000B608C3F13500C3F11507153B46EA827682
:109FF000920806FA07F726FA03F3824006FA00F001
:10A000003A431A43344B994225D1B8F5806F5DDA53
:10A01000B2F5801F25D308F2FF3822F4801242EAFD
:10A02000085308900993DDE90889C7E6B61908F1D5
:10A03000FF3849EB0909A3E7770806F0010608F1A4
:10A04000010847EAC9774FEA59093E43AAE70018D1
:10A0500008F1FF385241B2F5801F34D218F57F7FE6
:10A06000F5DA4FF00008DAE7059B06F00100184327
:10A07000049B013043448008301849F100015AB173
:10A0800013F5A27F13DDB3F59B7F1FDA424600F084
:10A0900069F88046894691E613F12D0F07DB272BDF
:10A0A00014DC414606F041FEEEF7B2F9F1E74FF05D
:10A0B00000084FF0000981E640464946EEF7C2FC31
:10A0C000CAF800006FE4B8F5806FA4DB4FF0000819
:10A0D000DFF8089072E600BF02FCFFFF0000F07F8F
:10A0E000F0B589B005460C46164600211C2201A891
:10A0F0001F4606F0D5FC0223204605958DF8063054
:10A100000A4B02932CB1B4F1004F28BF4FF000402E
:10A11000013805443A46314601A80695FEF7AAFEE5
:10A1200014B1059B00221A7009B0F0BD291202007B
:10A1300070B588B006460C46154600211C2201A8C1
:10A1400006F0AEFC01232A4621468DF8063001A810
:10A15000034B05960393FFF761FB08B070BD00BF8A
:10A16000151202002DE9FF47804616460F460029CA
:10A1700000F09E80B1FA81F4341B002E04F10A0431
:10A18000C0F29E80304600F03FFB0444304600F0B1
:10A1900041FBA4EB060905466946304600F062FB28
:10A1A000A9EB05036A4640467D33394606F08DFD2E
:10A1B000A64282460D467FDCB9F13F0F7EDC4FF0B0
:10A1C000FF33A9F12000C9F1200103FA00F003FADE
:10A1D00009F223FA01F103FA09F3024328EA03031F
:10A1E0000A4327EA020213430CBF01200020002D7E
:10A1F00000F08880B5FA85F3E31A40F2FE7203F2AC
:10A200003E43934200F38780002B23EAE376D4BFDA
:10A2100001223246121BA2F23341A2F23447A2F2CB
:10A220005344C1F1200C2AFA01F325FA04F4C7F1D2
:10A23000200E05FA0CFC25FA01F105FA0EFE43EAA0
:10A240000C03A2F2544CA2F2544223432AFA07F41C
:10A2500025FA0CFC44EA0E0444EA0C04C7F1200C75
:10A2600014F0010F52D0A8B14FF0FF3000FA02F203
:10A2700000FA07F4144320FA0CF2B840144303F038
:10A2800001022AEA000A25EA04054AEA020A5AEA11
:10A29000050A3BD0013341F10002C2F3130253EA35
:10A2A000020136D0184642EA065104B0BDE8F087F4
:10A2B000B0FA80F420345FE7012098E7002096E7A9
:10A2C000C6F10009484600F0A5FA241A484600F0F5
:10A2D000A1FAA61B0546694648462E4400F034FB09
:10A2E0006A46404606F17C03394606F0EEFC82469B
:10A2F0000D464046394600F09DFA81458CBF00204E
:10A30000012074E7BAFA8AF3203375E7C1F3130228
:10A31000C8E70136C6E700200049C6E70000F07F25
:10A320001FB502AB074A00934FF0CC3306F07FFE17
:10A33000DDE90201C00840EA4170C90805B05DF8D6
:10A3400004FB00BFCDCCCCCC2DE9F04F9BB0044634
:10A3500005920A460A93C2F30A559DF89030D20F2F
:10A360000B93C1F313030992090D7DB950EA03025F
:10A370001CD1059A302301265371099B156043F0C7
:10A380000203137130461BB0BDE8F08F40F2FF723C
:10A3900095424BD10343099B059A4FF0000614BF29
:10A3A00043F0080343F004031371EBE700F00102EC
:10A3B0004FEA830887009A460892012248EA90787B
:10A3C000AA4D1646C5F1000B0692584600F016FA43
:10A3D000B5F1FF3FACBF8146A0F10109ABEB090B22
:10A3E00009EB05035846049300F01CFA16A9A0F1E6
:10A3F0007D05584600F036FA12AB069AA9EB050522
:10A40000019310AB20460292009316AA2B465146A8
:10A4100006F019FDB9F1010F04460D4600F2D28095
:10A42000089B002B40F0C58001276BE043F4801AA5
:10A4300000F001020343A5F235454FEA8A0808926D
:10A440004FEA800748EA907849D140F2FE731942FA
:10A450000CBF01260026002D3246B3DB284600F053
:10A46000C7F9032DC8BF0138049000F0DBF9049B45
:10A470007C3016A95D1B0544184600F065FA12AB46
:10A48000204616AA019310AB5146029600932B4624
:10A4900006F0D9FC049B04460D46152B00F286807D
:10A4A00014AB734A3846414600934FF0CC3306F064
:10A4B000BEFD149B159A9B0843EA827303EB83034A
:10A4C000BB42DDE9109A0CD13846414600F0B2F9A2
:10A4D000049B83428CBF00270127002612E001263F
:10A4E000B9E7089B002B51D1013F48F1FF31B81B60
:10A4F00061F1000100F09EF9049B089F83428CBF2C
:10A50000002601260B9B002B40F09180DDF828B03F
:10A510004FF000084FF00A0ACDE90688DDE9100186
:10A52000FFF7FEFE129BCDE90C01184613990E931E
:10A53000FFF7F6FE0C9B81460D9A98420B460F9151
:10A54000934180F08E8020462946FFF7E9FE0AFB02
:10A5500009F30E9AB8F1000F14BF002707F00107A6
:10A560000AFB10480D46934214BF002606F0010670
:10A570000C9B5FFA88F8044610930D9BCDE91139C6
:10A580000F9B1393079B01330793C7E7B81C48F150
:10A59000000100F04FF9049B83428CBF0020012092
:10A5A000B9EB00006AF10002CDE9100200273E4637
:10A5B000A8E7109B0127119A013B42F1FF32CDE938
:10A5C00010328AE7B9F13E0FF0D84FF0FF33A9F10E
:10A5D0002000C9F1200103FA09F203FA00F023FA7E
:10A5E00001F103FA09F3024327EA03070A4328EAC1
:10A5F000020857EA08070CBF012700276DE700FB98
:10A6000002FC0133A1FB001262448C4275EB020C88
:10A61000F5D2049ADDF828B01344259A1344D20FDA
:10A620009342B8BF13469B45A8BF9B4670E70A21DB
:10A63000002201230846E8E70AFB03F00131A2FBF0
:10A640000A230344944275EB0300F5D2594511DD0A
:10A65000BBF1000F02D154EA05030BD0012306938E
:10A6600071E70A2200230121ECE700BFCCFBFFFFCA
:10A67000CDCCCCCC002E2FD04FF00A0A129B1399D0
:10A6800018460D93FFF74CFE0D9B0AFB00F2814626
:10A690000C919A4220D1B8F1000F14BF002707F0A7
:10A6A0000107DDE91001FFF73BFE0E900D912046FA
:10A6B0002946FFF735FE0D9B0AFB10480E9A04460B
:10A6C0000D465FFA88F81092CDE911390C9B13936F
:10A6D000079B01330793D1E7DDF81090079B99445E
:10A6E000002F5DD0B8F1050F5AD114F001034DD100
:10A6F000069A32B9DDE912239D4208BF944262D026
:10A70000069B18194FF00A044FF000024FF00106A3
:10A7100045F100012546A04271EB020756D2F3B184
:10A72000B3451CDA0B9B6BB106EB0903259ADDF8E8
:10A7300028B01344012BB8BF01239B45A8BF9B46FB
:10A740005E450CDD053009F1010906F1FF364FF0D9
:10A750000A024FF0000341F10001EEF713FA5E45E3
:10A760000FFA89F9059BA8BF5E4636B2B14406F1DF
:10A77000050809F1FF3798444FF00009B1452CDB7B
:10A78000059B1A461F60099B1371FBE5069B2BB9BD
:10A79000DDE912239D4208BF944209D00123B0E7AE
:10A7A000069B53B9DDE912239D4208BF944204D1B0
:10A7B000089B002BF2D1002EF0D0B8F1040F94BF0B
:10A7C000002301239DE74FF00408F1E705FB02F7A2
:10A7D0000136A4FB05423A449DE70A220023EEF726
:10A7E000D1F9303209F1010908F8012DC6E700BF9F
:10A7F000014B5843800C704741340100014B5843D2
:10A80000000D7047FB2E0B00014B5843C00C7047E6
:10A810004F931200024B5843C00C0130704700BFE9
:10A820004F931200024B5843C00C0130704700BFD9
:10A830004F93120070B50346094A00204FF0CC3602
:10A840004FF0333506FB03F402FB0144A3FB023156
:10A8500021449D4275EB010401D30130F2E770BD44
:10A86000CDCCCCCC1A232DE9F04FB0FBF3FA334E0C
:10A8700003FB1A0389B004460D4606EB0A1653B9CA
:10A88000D6E90023C1E90023D6E90201C5E90201A6
:10A8900009B0BDE8F08F2A4A02EBC303D3E900896F
:10A8A00004AB404649460093D6E9022306F0BFFBBD
:10A8B00006AB83460F46404649460093D6E900233F
:10A8C00006F0B5FB00238146DDE9066216EB0B06B8
:10A8D00052EB070828BF012333B1049B059A0133CB
:10A8E00042F10002CDE9043220460391FFF79AFFBE
:10A8F00007461A2000FB0AF0FFF794FF3F1A324682
:10A90000434648460399009706F0ACFB0D4A4FEAD0
:10A91000141C640004F01E0352F82C40DC4004F0C8
:10A9200003042418304641F10001DDE90423C5E9A0
:10A9300000414146009706F095FBA7E7081A020080
:10A9400038190200202302002DE9F04F1A2700F1E8
:10A950001905DFF8E0A089B004460E46B5FBF7F50F
:10A960006F434FEA051B0AEB05153A1A0AD1D5E9E0
:10A970000023C1E90023D5E90201C6E9020109B0BB
:10A98000BDE8F08F2C4B03EBC203D3E9008904AB85
:10A99000404649460093D5E9022306F048FB5AF8A1
:10A9A0000B206B68013ACDE9020106A963F10003AF
:10A9B00040460091494606F03AFB8A460299002338
:10A9C0008146DDE906526D18039952EB010828BF54
:10A9D000012333B1049B059A013342F10002CDE912
:10A9E00004323846FFF71EFF07462046FFF71AFFDE
:10A9F0003F1A2A46434648465146009706F032FB26
:10AA00000E4A4FEA141C640004F01E0352F82C4056
:10AA1000DC4004F0030401342418284641F100010D
:10AA2000DDE90423C6E900414146009706F01AFB20
:10AA3000A3E700BFD81A02003819020074230200ED
:10AA40000B4631F0004107D190B10D4A1A40002A5F
:10AA500014BF042003207047094A13420AD0094B4F
:10AA6000994209D9914209D1B0FA80F04009704762
:10AA70000220704703207047042070470020704771
:10AA80000000F07FFFFFEF7F704713460A46012169
:10AA900001F05DB80378032B01D1EEF79FBA704740
:10AAA00070B50646ADF5067D0D46144600214FF4FF
:10AAB0000672684605F0F4FF8DF8006005F0E3FDCE
:10AAC0004FF47A73A0FB030203FB0122C00B40EAA0
:10AAD0004240D20BCDE902026DB164B1B4F5007F02
:10AAE00028BF4FF40074294622460DF1120005F0EC
:10AAF000B0FFADF810406846EEF73EFB0DF5067D61
:10AB000070BD08B50378013B032B1CD8DFE803F0C8
:10AB1000020910150120EEF775FEBDE80840F1F7B7
:10AB200017BA0020EEF76EFEBDE80840F1F71EBA36
:10AB30000220BDE80840EEF765BEEEF795FE02285C
:10AB400001D10120F5E708BD0378032B01D1EEF711
:10AB50009BBE70470378032B01D1EFF7FDB9704717
:10AB600000F0F5BFF8B50E4615461C4600272C210F
:10AB700005F0B2FF08B92870F8BD0137B74200F1FF
:10AB80000100F4D101460B4611F8012B62B91B1AE2
:10AB9000013C9C4228BF1C4601462246284605F03F
:10ABA00058FF00232B55E7E72C2AF0D02A2AEAD1B8
:10ABB000EDE7024630B5014441F221054FF6FF7042
:10ABC0008A4200D130BD082412F8013B80EA0320FC
:10ABD00010F4004F4FEA400318BF6B40013C98B29D
:10ABE000F6D1EDE70346D3E8EF0FC3E8E21F002AF2
:10ABF000F9D1704700F0ABBF10B50024EEF734FE7A
:10AC000002280DD114F0070F0CBF01200020F0F72F
:10AC10005FFD013400214FF4005005F0A7FCEDE783
:10AC200004F0010080F00100F1E700F090BF0B7A22
:10AC3000012B02D1898AF0F783BE7047D0E8EF3F3D
:10AC4000C0E8E21F002AF9D170477047012870B5AB
:10AC500004460D46164609D9F1F70EFA40B13246C0
:10AC600029462046BDE87040F1F728BC002070BDA1
:10AC70006FF07F00FBE7836800EBC101B3F5004F85
:10AC80002CBF51F8220031F81200704700EBC101CF
:10AC90008068B0F5004F2CBF41F8223021F8123007
:10ACA0007047012208B5FFF7E6FFD04008BD836872
:10ACB00000EBC101B3F5004F08D34B681AB143F064
:10ACC00001034B60704723F00103FAE74B881AB188
:10ACD00043F001034B80704723F00103FAE7530070
:10ACE0000122FFF7D3BF8368B3F5004F34BF0423BD
:10ACF0000823C91A081AC00870478368481CB3F5AE
:10AD0000004F34BF042308230833A0EBD300B0FA6C
:10AD100080F0C0F11F0070472DE9F0411746032273
:10AD200088460446FFF7A7FF8045054607F106065B
:10AD300013D10122E368BA4023EA0203E36000234F
:10AD400004EB8606736041462046FFF7AAFF23699D
:10AD5000A3EBC0032361BDE8F081414602222046F7
:10AD6000FFF789FF074604EB86062B4601460322C0
:10AD700020467560FFF78AFF3B460222294620469F
:10AD8000FFF784FFDFE770B50D4686680446FFF7DE
:10AD900088FFB6F5004F014601D3012809D02046AF
:10ADA000FFF7ABFF294602462046BDE87040FFF79B
:10ADB000B3BF70BD2DE9F0470546FFF79EFF05EBD9
:10ADC000800ADAF81C9088460646B9F1000F1BD0BD
:10ADD0000327DAF81C4028462146FFF762FF40456A
:10ADE00007D3324621462846FFF796FF2046BDE8A6
:10ADF000F087032221462846FFF73DFF013FCAF8AE
:10AE00001C0001D08145E4D14FF0FF34EB680136DE
:10AE1000B4401C40EAD094FAA4F2B2FA82F205EBF4
:10AE20008203DC69DEE72DE9F04114460E46054653
:10AE3000FFF737FFA4EB0608371B074442463146AD
:10AE40002846FFF74CFF3A4621462846FFF747FFC2
:10AE50004346002221462846FFF718FF2146284690
:10AE6000FFF71FFF3B46211800222846BDE8F041AE
:10AE7000FFF70CBF2DE9F041164604460F46FFF7D9
:10AE800010FF314605462046FFF70BFF05442A46D2
:10AE900039462046FFF723FF31462046FFF701FFE2
:10AEA0002B46311800222046BDE8F041FFF7EEBEE8
:10AEB000F8B50D4686680446FFF7F3FEB6F5004F79
:10AEC000014601D301281FD02046FFF716FF04EBEF
:10AED0008001CE69CEB90122E36882401343E3606A
:10AEE0000222CD612B4629462046FFF7CFFE0322E2
:10AEF00029462046FFF7CAFE29462046FFF7D1FE25
:10AF0000236903EBC0032361F8BD022231462046CA
:10AF1000FFF7B1FE0746034629462046FFF7B6FE77
:10AF20000322334629462046FFF7B0FE39462B461A
:10AF30002046FFF7ABFE02223146DAE7F8B50C46B1
:10AF40000546FFF7AEFE2618012231462846FFF7D8
:10AF500092FEC3070CD431462846FFF714FF214662
:10AF60002846FFF79EFE214622182846FFF782FF5B
:10AF7000002221462846FFF77EFE271A0122394685
:10AF80002846FFF778FE10EA020613D13946284614
:10AF9000FFF7F9FE214632462846FFF76CFE2246AF
:10AFA000211A2846FFF766FF214632462846FFF75A
:10AFB00062FE241A21462846BDE8F840FFF778BF14
:10AFC00038B5B1B1046800222046FFF78CFE054673
:10AFD00001462046FFF76BFE2946FFF762FE6369D4
:10AFE0002946A3EBC00363612046BDE83840FFF764
:10AFF000A5BF38BD70B5056811B90024204670BDE5
:10B00000AB6801F00704B3F5004F2CBF08220422FF
:10B0100007341444E40804EBD1049C4228BF1C46C6
:10B0200028462146FFF7C6FE06460028E5D0014621
:10B030002846FFF736FEA04209D934443146284657
:10B040002246FFF7F0FE21462846FFF731FF012296
:10B0500031462846FFF72BFEAB683146B3F5004F6B
:10B0600034BF04240824FFF71CFE6B6904EBC604FC
:10B0700003EBC000AB692C44686183422CBFAB6119
:10B08000A861BBE71146FFF7B5BFB2F5802F2CBF13
:10B09000082304232DE9F0410026D21A8D18CC1D77
:10B0A00024F0070425F007052D1BED080460294650
:10B0B0002046C4E90366C4E90566A560FFF71DFEE6
:10B0C00000F108029200013002F107074FEAD707AA
:10B0D0003146A2F11C0204F11C00B8BF324605F053
:10B0E000DFFC3A4631462046FFF7F9FD334632464B
:10B0F00031462046FFF7CAFDA5EB0708204631463A
:10B100000122FFF7D4FD42463946FFF7E8FD3B46F2
:10B11000324639462046FFF7B9FD29462046FFF75B
:10B12000DEFD4346324629462046FFF7AFFD29465D
:10B1300020460122FFF7BBFD3946BDE8F041FFF78D
:10B14000B7BE58B151B103681B690B6003685B69F6
:10B150004B60036800209B698B6070476FF015009F
:10B1600070472DE9F04706460D46174698462BB323
:10B170004FF0000A98F8004093F80190DB78A400A3
:10B1800004EB430498F802301C444444CA4509D3F4
:10B1900039463046AC46D8F8042008F10803BDE82B
:10B1A000F047604714F8013B0AF1010A204648F8CD
:10B1B0002340EDF713FD01300444E7E76FF015007D
:10B1C000BDE8F08770B5002502462846144614F8FD
:10B1D000013B0BB9184609E098B18D4207D1702B9D
:10B1E00004D0A3F140023A2A0BD8002070BDA3F18D
:10B1F00040063A2E05D853780135941C002BE9D02F
:10B200000020252B224608BF80F00100DEE7F0B4C5
:10B21000D1E90054D0E90032002A16DA002C08DA0D
:10B220004FF000465F4266EB0206BD4274EB060635
:10B230001ADB5B1942EB0402C0E9003283688A68BA
:10B2400013448360F0BCF1F753BD53EA0206F0D01B
:10B25000012D74F10006ECDBDE43AE426FF00046D8
:10B26000A6EB0206A641E3E70020F0BC70470020F1
:10B2700070470FB407B504A951F8040B019100F011
:10B28000DAFB03B05DF804EB04B070470CB403467E
:10B2900007B504AA084652F8041BDB6801929847D8
:10B2A00003B05DF804EB02B07047FBF78DBDFBF710
:10B2B00003BEF1F7DFBD10B50369024613F00800C5
:10B2C00009D11368D4689C429BBF0120126AE31A1B
:10B2D000D31A0B6010BD00231846FAE713B501A975
:10B2E0000446FFF7E8FF20B1019BE268013B1344ED
:10B2F0000193206A019BC01A013802B010BD10B53D
:10B30000044650182269236AD20702D5013B18402F
:10B3100010BD984228BFC01AFAE710B504460A4685
:10B32000C168FFF7ECFF2369E06023F008032361A5
:10B3300010BD38B50D46C2698B00016843F00203A9
:10B34000044642F8213001682A46FFF7D8FFE36837
:10B350006168984208BF2369206008BF43F0080372
:10B360002A46204608BF2361FFF7C9FF606038BD49
:10B370002DE9F74FC768C6699B4606EB8703009324
:10B3800016F82730044603F00303022B8846914643
:10B390004FF000030BD01360CBF8003023699B07FC
:10B3A00013D44FF0000A504603B0BDE8F08F56F8B2
:10B3B000271013608908CBF80030EFD0FFF7ADFFFE
:10B3C000E368A3604FF0010AEDE7A36906EB87008D
:10B3D000984716F82720054612F0010AE1D012F02E
:10B3E00002021FD0B8F1000F03D041462046FFF7FC
:10B3F000A0FF61682A462046FFF781FFD4E90221B9
:10B400009142606006D12A462046FFF778FF4FF050
:10B41000000AA060A2682260E260226942F008028D
:10B420002261C0E7014620460192FFF776FFE368FC
:10B43000A360B8F1000F04D02168E369019A43F8D2
:10B44000212005EB0802CBF8002021682046FFF7F9
:10B4500056FF2369206043F00803236116F8273064
:10B460006FF3000306F82730009BC9F80030A9E706
:10B4700070B504461546FFF742FF2368834205D1A5
:10B480002369216023F00803236170BDE269AB00EA
:10B4900043F0020342F8213061682A462046FFF754
:10B4A0002EFF6060F1E738B5036904465B0706D5F7
:10B4B000456AFFF713FF85422CBF6562606238BDA5
:10B4C00038B50D4604461C22002105F0E9FA002299
:10B4D000EB68A361AB6863612B68E3616B686262D0
:10B4E00023622A6923B1591E194208BF42F00102A2
:10B4F0002261012204F128000021BDE8384004F057
:10B5000087BE2DE9F04F002587B00093036A0446FB
:10B510008B420E469246A9460395059539D3EFF323
:10B52000118B202383F31288BFF36F8F059AD846BF
:10B530002AB129462046FFF79BFF0023059304A963
:10B540002046FFF7B8FE04990746B1422AD3226885
:10B55000E369204613F8221003EB820921F003016E
:10B5600003F8221021683246FFF7C9FEE368206025
:10B57000984212D0002788F31188BFF36F8F039988
:10B5800029B162690AB12046904700230393002F36
:10B59000C5D1484607B0BDE8F08F236943F00803E2
:10B5A0002361E7E718B12046FFF7C3FEE3E7009BFE
:10B5B0005AEA03021CD0019104F0F2FE0199B8B9D5
:10B5C000BBF1000F14D187F31188BFF36F8F524680
:10B5D000009B04F12800FBF72BFDEFF311882023DB
:10B5E00083F31288BFF36F8FB0FA80F77F09C2E749
:10B5F000204605AB03AA2568FFF7BAFE0746BAE75F
:10B6000070B50446836908460D4698470246EFF335
:10B610001186202383F31288BFF36F8F2B78204687
:10B6200043F001032B706168FFF769FE60602046FC
:10B63000FFF739FF86F31188BFF36F8F70BD2DE9D7
:10B64000F04104462027EFF3118687F31288BFF3F9
:10B650006F8F236913F0080FA36802D162689342C9
:10B6600000D9226AD21AE16932B986F31188BFF390
:10B670006F8F4FF0000833E011F8232001EB8308AF
:10B6800012F00300F1D0022803D151F82350AD0885
:10B6900005D1D00712D44046A36998470546A16852
:10B6A0002A462046FFF72BFE2946A0602046FFF7DA
:10B6B00034FE86F31188BFF36F8FC4E742F00202B5
:10B6C00001F82320A3694046A56898472946024609
:10B6D0002046FFF714FEA06086F31188BFF36F8F3A
:10B6E0004046BDE8F081F8B50446836908460D463A
:10B6F00098470646EFF31187202383F31288BFF3A0
:10B700006F8F2B786FF300032B7023699B0705D590
:10B71000E268E36903EB82039D421AD12B786FF351
:10B7200041032B70D4E90231994204D132462046BC
:10B73000FFF7E5FDA06031462046FFF7EEFD87F3F9
:10B740001188BFF36F8F04F12800BDE8F840FBF7C4
:10B7500035BC2B6860F39F032B60F0E7EFF311819A
:10B76000202383F31288BFF36F8F036913F0080F50
:10B77000836802D14268934200D9026AD31A81F3E6
:10B780001188BFF36F8F181E18BF01207047A0F1FA
:10B790003003DBB2092B02D800200B707047A0F1F8
:10B7A0006103052B02D85738C3B2F5E7A0F1410376
:10B7B000052B01D83738F7E76FF015007047F7B55C
:10B7C000054601F0010000EB51069E424FEA510789
:10B7D00003D90026304603B0F0BD58B128780DF1EA
:10B7E0000701FFF7D4FF0028F3DB9DF80730013590
:10B7F00002F8013B01351744BA42EBD015F8010CB1
:10B800000DF10701FFF7C3FF0028E2DB9DF80740B9
:10B810002401E4B2147015F8020BFFF7B8FF0028FA
:10B82000D7DB9DF807301C4402F8014BE4E7038B9B
:10B8300013F0070305D10368002B0CBF0020032081
:10B840007047022B05D1408BB0FA80F04009800090
:10B850007047012B05D10368002B0CBF0020052089
:10B8600070470020704710B50C4600B111B96FF059
:10B87000150010BD081D00F093F80028F9D1A36849
:10B88000032BF6D9F3E72DE9F0410D46074619469B
:10B89000281D90461E4600F097F8044638B13346FE
:10B8A000424629463846A446BDE8F0416047BDE817
:10B8B000F08110B4EFF31182202484F31288BFF3D7
:10B8C0006F8F416110BC0121F1F730BC38B50C46D7
:10B8D000054658B151B10B6843B14B6833B11C22D6
:10B8E000002105F0DDF800202C6138BD6FF0150057
:10B8F000FBE770B505460E46FFF7B5FF041E14DBE7
:10B90000EFF31182202383F31288BFF36F8F4FF67A
:10B91000FF716B8B2C8B8B4204F0070407D182F3F1
:10B920001188BFF36F8F6FF00A04204670BD022CA0
:10B930000CD101336B8382F31188BFF36F8F002327
:10B94000224631462846FFF79EFFEEE7062C14D824
:10B95000DFE804F004131313041A04000023336017
:10B960006B683BB9C5E90066ACB902212846F1F71E
:10B97000DDFBDAE71E606E60F6E782F31188BFF345
:10B980006F8F6FF00404D0E782F31188BFF36F8FDD
:10B990006FF08504C9E782F31188BFF36F8FC4E7A6
:10B9A000034640B1426802F00302022A06D0032A8D
:10B9B00004D0012A05D06FF0150070471A68002ADC
:10B9C000F9D000209860704710B54268034602F035
:10B9D0000302022A4FF00004816007D0032A02D03C
:10B9E0005C60002001E018685C6010BD18685C6055
:10B9F0000028F6D0FCF71EFCF3E7704703785B07DE
:10BA00005FBF03684288C3F34A2303EB12105DBF94
:10BA1000173020F007008008002070470020704792
:10BA200002F05AB80346D3E8EF0F421CC3E8E12FF7
:10BA30000029F8D170471FB50023CDE902011A464D
:10BA400019461846CDE90033F1F79AFF05B05DF8C5
:10BA500004FB0120F1F74EBD002070474368DA7106
:10BA600001224368196043685A71F1F735BD70B51A
:10BA700015460C4669B1D2E901369B1B99420AD89A
:10BA800013680A460146981904F0E3FFAB682344A3
:10BA9000AB60204670BD6FF01B00FBE770B50E4633
:10BAA00015461946044618B9BDE87040F1F722BDA5
:10BAB00033B1C2F34A231030120D184404F0C9FF09
:10BAC000C4E900562046BDE87040F1F7B5BE2DE947
:10BAD000F3415F1C4FEA8708064608F1170020F083
:10BAE000070080080C461546F1F77EFD00238DF80F
:10BAF0000470ADF805308DF8073068B10346019A3F
:10BB0000A8F1040143F8102F2A46294452F8045B97
:10BB10008A4243F8045FF9D100233146A20102F4BE
:10BB2000E07242EA482222F07F4222F4700222F0C0
:10BB30003F0202B0BDE8F041FFF7B0BF07B50123F7
:10BB4000019201AAFFF7C3FF03B05DF804FB07B53C
:10BB5000CDE9002302236A46FFF7B9FF03B05DF881
:10BB600004FB1FB5CDE90123069B01AA0393032320
:10BB7000FFF7ADFF05B05DF804FBF8B506460D46CE
:10BB800014461F4604B9F8BD214628463A46B04738
:10BB9000241A0544F6E710B542680446D2E90023AA
:10BBA00081680068FFF7E9FF002263681A6010BD32
:10BBB00038B54B6805461A68CB680C469A4202D1E4
:10BBC0000846FFF7E8FF6368D3E8EF2F511CC3E88E
:10BBD000E01F0028F8D1A36800209D5438BD0A2832
:10BBE00038B504460D4602D10D20FFF7E1FF294686
:10BBF0002046FFF7DDFF002038BD2DE9F043054664
:10BC000087B008460E8891F800900C46D1F808805D
:10BC10001746F1F705FF011EC6F38216C9F3C209E4
:10BC20001EDB4846F1F71AFE0346214651F8102B59
:10BC30006088C2F34A22002A01EB020408BF0021F7
:10BC40000022C0F30B10CDE90407CDE90214284609
:10BC5000414601960092F1F70FFF07B0BDE8F0836F
:10BC60000023E2E7436800201B685B689961704726
:10BC700043681B681A6852685360704701212DE9B8
:10BC8000F04143681B685A6811771D682F68D5E931
:10BC90000136D3E900481CB96B681C60BDE8F0812F
:10BCA000214630464246B847241A0644F3E7436823
:10BCB0001B681868F2F74AB870B543680C461D68EF
:10BCC0006B689869F1F7F2FB214603460F2228685A
:10BCD000BDE87040184710B1C06800F043B9704724
:10BCE00004F0DEBE04F0B5BE01460068F2F7B4B958
:10BCF00008B5F2F70DFABDE80840F2F72DBA0A468A
:10BD00000121FFF71BBF00210120F2F7A5B9436F06
:10BD100083F30B8870476FF08500704761B662B699
:10BD200080F31188BFF36F8F704772B6002383F3DF
:10BD30001188BFF36F8FBFF34F8F30BF62B6BFF371
:10BD40006F8F704772B6002383F31188BFF36F8F34
:10BD5000BFF34F8F20BF80F31188BFF36F8F62B6A0
:10BD6000704740E800F313F4803FD8B208BF6FF08B
:10BD70001500704730B50C684B6885B00A894D894D
:10BD80000094013B24F01F04234402F01F0242EA06
:10BD9000451223F01F0369468DF808200393F2F73C
:10BDA0000DFE05B030BD08B5D1E90431984700203B
:10BDB00008BD08B5F2F7F6FF002008BD0CB4034635
:10BDC00007B504AA084652F8041BDB68019298479D
:10BDD00003B05DF804EB02B070472DE9F041141E8A
:10BDE00005460E4613DB4FF4004740F2E7300021D2
:10BDF0004FF47A720023C4FB0701ECF7C3FE02463E
:10BE00000B4631462846BDE8F041F2F7F1BF4FF04E
:10BE1000FF321346F5E707B501AB02F08AFA0228B4
:10BE20000AD003280BD068B90198003818BF012048
:10BE3000404203B05DF804FB6FF01500F9E76FF0C6
:10BE40008500F6E74FF0FF30F3E72DE9F14F80462C
:10BE50000D4616461F46F3F723FA40B13B463246DD
:10BE60002946404601B0BDE8F04FF3F725BA54210A
:10BE7000012004F0CFFD0446386000285CD0B8F102
:10BE8000000F26D06EB3D6E902B9B9F1020F2ED059
:10BE90004FF0060A4FF001094046ECF79FFE04F10F
:10BEA000240601463246404600F065FA88B1B4F8EF
:10BEB0002480BBF1000F01D0D8450AD1D5B10A22A8
:10BEC00000212846FCF74AFD4FF6FE73421E9A42B7
:10BED00011D9386804F097FD00236FF001003B6032
:10BEE00027E04FF0060A4FF00109B346D4E74FF0C0
:10BEF000110AD1E72846B8F1010FC4E90289C4F854
:10BF000010A005D0B8F1020FE3D11823E66101E0DB
:10BF10000823E661A36104F13C032362002384F853
:10BF20003C302360030243EA20230020E384A4F88A
:10BF3000248001B0BDE8F08F6FF00900F9E710B57B
:10BF40000446F3F7ADF920B12046BDE81040F3F701
:10BF5000BDB92046BDE8104004F055BDFAF734BF26
:10BF6000FAF7AABFF1F728B838B103682BB11B68FC
:10BF70009B682BB15B681BB1184700239B68FFDEF1
:10BF80000020704708B5F3F7D9F9F3F735FA002028
:10BF900008BD10B1006800B14068704710B100687A
:10BFA00000B10068704728B1006818B1C069003856
:10BFB00018BF0120704738B1006828B10C30D0E8B4
:10BFC000AF0F084100F00100704760B1036853B142
:10BFD00001220C3302FA01F1D3E8EF0F0843C3E862
:10BFE000E20F002AF8D1704768B103685BB1012203
:10BFF00002FA01F1C9430C33D3E8EF0F0840C3E85C
:10C00000E20F002AF8D17047FAF7DEBE4FF0FF3298
:10C010004FF0FF331830FFF7F7BF10B50346FFF7B7
:10C02000B8FF28B1C2681AB1BDE8104018461047E1
:10C0300010BDFAF741BF2DE9F04103680021044625
:10C0400093F82060FFF7B7FF90BB02252368002B11
:10C050004BD02746204683F82050FFF7D7FF57F8EC
:10C06000188B04F010FB4FF47A72A0FB020302FB62
:10C070000131C00B40EA4140C90BC8E90A0138460A
:10C08000FFF7D7FF236893F82030AB422DD1062D60
:10C0900024D1062E29D008212046FFF796FF2046FE
:10C0A000FFF781FF08BB2046BDE8F041FFF7B5BFB1
:10C0B0002046FFF773FF03F034FF68B109212046E3
:10C0C000FFF779FF0028C0D00A212046FFF773FF51
:10C0D000C0F10605EDB2B9E70325B7E7062E04D196
:10C0E00008212046FFF780FFD9E7BDE8F08138B589
:10C0F0000546FFF78BFF00212846FFF75CFF10BBCA
:10C100002846FFF746FF044680B1846874B128468C
:10C11000FFF744FF03F005FFC0B12846FFF739FFE2
:10C120000121836828469847041E06DB2846002123
:10C13000FFF74BFF2846FFF77EFF05F11800FFF7DA
:10C1400078FF204638BD6FF07704F6E76FF00504FE
:10C15000F3E708B50346FFF726FF48B11846FFF797
:10C160001DFF8368986818B18047C31E5842584124
:10C1700008BD37B504460A220D4601A9FCF7F4FCB8
:10C18000019A0346A24200D150B1207830B1107814
:10C1900030B9B3F5803F01D201202B8003B030BD10
:10C1A0000020FBE710B50C0901F00F0103B944B101
:10C1B000092C85BFA2F10A03E4183034E4B200F878
:10C1C000014B0023092985BF0A3A89183031C9B2C9
:10C1D000017000F8013F10BD2E292DE9F0479A4665
:10C1E00080460B460F46914628BF2E2300248EB072
:10C1F000A3420EDC1C462246BAF1000F53D05D214B
:10C20000404604F018FC064648B900200EB0BDE8D0
:10C21000F08718F80420002AEDD00134E8E708F18F
:10C220000101431A9C42A8BF1C4602A8224604F002
:10C2300010FC002504F138036B4403F8305C022045
:10C2400009F1040202A9F3F7E1F9A842DDDB0223B8
:10C25000A9F80030BAF1000F23D0731CB84443454D
:10C260001FD272783A2A1CD1033F3F1BB11CAF4248
:10C270001FDC3D462A4602A804F0EBFB05F138031B
:10C280000DEB030400230DF1060102A804F8303C75
:10C29000FFF76FFF0028B8D0BDF806305BBAA9F8E9
:10C2A00002300120B2E7414602A804F0D2FB564614
:10C2B000BFE713F8012F002ADCD00135D7E710299A
:10C2C0002DE9F043994607460B460C46904628BF99
:10C2D0001023002587B0AB420EDC1D46B9F1000FDC
:10C2E00047D02A463A21384604F0A5FB064640B915
:10C2F000002007B0BDE8F0837A5D002AEED001355A
:10C30000E9E7C31B9D42A8BF1D46394600272A46C0
:10C3100001A804F09EFB05F118036B4403F8147C9C
:10C32000012008F1040201A9F3F770F9B842DFDB3C
:10C330000123A8F80030B9F1000F18D0013C641BAC
:10C34000F118224601A804F084FB04F118030DEB58
:10C3500003040DF1020101A804F8147CFFF709FFA2
:10C360000028C5D0BDF802305BBAA8F80230012021
:10C37000BFE74E46C9E770B50D461646044650B3B2
:10C3800041B3037843B35B2B13D000230246081854
:10C3900012F8011B21B13A2908BF01338242F7D1BB
:10C3A000012B0BD1324629462046BDE87040FFF7ED
:10C3B00086BF0123BDE87040FFF70EBF0023324661
:10C3C00029462046FFF77BFF28B903463246294617
:10C3D0002046EFE7084670BD1846FCE7D0E900327A
:10C3E000D21A012A06D933F8022B52BA0A80036006
:10C3F000002070476FF01500704710B5044600200C
:10C400000860D4E9003293421CD21B78C0EBC00212
:10C4100003F07F0393400A6801301A440A602368DE
:10C420005A1C226093F90030002B06DB0B68B3F135
:10C43000805F28BF6FF0150010BD0428E1D16FF0B8
:10C440001500F9E76FF00A00F6E738B50D4611461A
:10C45000D0E90032934208D013F8012B2A70036010
:10C46000FFF7CBFF00EAE07038BD6FF01500FBE787
:10C4700070B5D1E90036B34202D16FF0150070BD3E
:10C480001C4614F8015BA6420C60F6D05C780233BF
:10C490000B60547090F886300020032B1CBF05F011
:10C4A00001031370EBE7F7B51D46089C1646A27D05
:10C4B0004B0003F0020322F00302C1F341011343D6
:10C4C00021722846A3750DF10601FFF787FFD8B941
:10C4D000D5E90012BDF80630521A9A4212DB6360A9
:10C4E00073B12A6822601A442A60237A67686BB99C
:10C4F000BB1C9E4206D30020F61AE060266103E0D2
:10C500002360F2E76FF0150003B0F0BD284604F198
:10C510001401FFF763FF0028F6D13B1DE9E7084649
:10C5200008B51146FFF75AFF00EAE07008BDFFF7B3
:10C53000F6BFFFF7F4BFFFF7F2BF10B50C46114688
:10C540002046FFF74BFF40B9D4E900239B1A8B60CC
:10C5500023B122684A601A44226010BD4860FCE79B
:10C5600008B508461146FFF739FF002008BDD1E99C
:10C570000032D21A012A81BF020A58701A7002339F
:10C5800086BF00200B606FF00B00704738B5054682
:10C59000D1E9002340689B1A821C93420C460DD3BC
:10C5A00080B2FFF7E4FFD5E90012206804F051FAE9
:10C5B000002023686A681344236038BD6FF00B00C5
:10C5C000FBE7F0B514680646641AB4F1805F2DD21B
:10C5D00020460023C00903F10103FBD10133576852
:10C5E00003F0FF035D42CB1ABB42136018BF4E55E8
:10C5F00021461CBF01331360D2E90036B34207D293
:10C6000001F07F061E70C909136807D1013313605A
:10C6100013681D44234415605360F0BD1E7866F016
:10C620007F061E70136801331360E5E76FF0790031
:10C63000F3E770B506461446084669B11568114619
:10C6400005351560FFF793FF40B92246294630466D
:10C65000BDE87040FFF7B5BF6FF0150070BD2DE964
:10C66000F8438F7D0C7A07F001080D469146C7F319
:10C6700040070CB18B8A83B3D9F800604946053670
:10C680002846C9F80060FFF781FFB0B92B7AB3B92B
:10C69000600000F006002A69D9F80030384340EA0B
:10C6A000C800134440F030004A463146C9F8003013
:10C6B00000F03F00FFF785FF40B1BDE8F883494631
:10C6C000A88AFFF754FF0028E2D0F6E7D9F8043033
:10C6D0002A699B1AC9F80430EFE76FF01500ECE700
:10C6E00040200988FFF7A5BF2DE9F843CB880E4607
:10C6F000154643B31768114605371760F088FFF7F2
:10C7000036FF044608BB4FF00C08B388A34206DC92
:10C710002A463946BDE8F8438220FFF752BF08FB9E
:10C7200004F9306829464844FFF730FF80B9336880
:10C730004B441A7AD5E900318B420BD003F8012B18
:10C740002B600134E1E76FF015042046BDE8F88363
:10C750000446FAE76FF00B04F7E7F8B50D46D1E9A8
:10C760000031CB1A9342064601D30020F8BDD41AFB
:10C770000F19D0E91D2313449F4213D8974211D3B8
:10C7800000232246F3F7ACF90028EFDB0DD0F36964
:10C79000A0420344F3616B6803446B60E5D26FF021
:10C7A0000A00E3E76FF00B00E0E76FF07F00DDE7E2
:10C7B00070B5436FC2698EB00493054613440222DC
:10C7C0000593284604A9FFF7C8FF041E2DDB6B6FF5
:10C7D00003AA0DF10B0104A80493FFF736FE10F134
:10C7E0000B0F04464FF00102EBD000283FDB9DF811
:10C7F0000B6006F0F003302B1BD10222284604A95F
:10C80000FFF7ABFF041E10DB049B16F0060F1A881F
:10C81000284652BA92B20CBF0232043204A9FFF782
:10C820009CFF00EAE074002C0ADA14F10B0F1ED111
:10C830001CE02846039A04A9FFF78FFF0446F2E79D
:10C840009DF80B402022002106A8039E04F028F941
:10C8500004F0F003602B76D017D8402B68D009D8AD
:10C86000202B32D0302B4DD00023EB61002420460A
:10C870000EB070BD502BF7D10423284607AA04A997
:10C880008DF81830FFF753FE5AE0B02B6DD00CD85E
:10C89000702B61D0902BE7D10723284607AA04A963
:10C8A0008DF81830FFF749FE4AE0D02BDCD195F91E
:10C8B0008730002BD2BF002303F1FF335BB285F832
:10C8C000873009238DF818300FE0284607AA04A9FD
:10C8D000FFF7CEFD0446002833D19DF81D304BB93B
:10C8E000AB690D9043F00403AB61284606A900F044
:10C8F00071F8B9E7284606A90D936FF06E0400F0B1
:10C9000069F8B4E702238DF8183007AB214600938D
:10C91000324604AB2846FFF7C6FD04460B9B0D903C
:10C920002B62284606A900F055F8002C9CDA9EE7F9
:10C930000323284607AA04A98DF81830FFF7EFFD56
:10C9400004460D94EDE70523284607AA04A98DF8AF
:10C950001830FFF7EEFDF3E70623284607AA04A9DF
:10C960008DF81830FFF7E7FDEAE70823284607AA05
:10C9700004A98DF81830FFF7F3FDE1E738B5044658
:10C980000D46D0F880200021C06F04F089F8E36FD5
:10C990002B60D4F8802013446B6038BD08B503F0D9
:10C9A00072FE4FF47A72A0FB020302FB0133C00B4C
:10C9B00040EA434008BD4FF0FF324FF0FF33FAF733
:10C9C00003BA10F0040F0CBF6FF07F000020704717
:10C9D000FAF772BA38B5036F04460D4653B1FFF744
:10C9E000F7FF20462946236F98472046BDE8384088
:10C9F000FFF7E1BF38BD70B588B004460D46164656
:10CA0000F3F77CF80021C4E90511C4E907115EB110
:10CA10001C22684604F044F80123694620468DF83C
:10CA200000300795FFF7D6FF08B070BD38B5054652
:10CA3000F3F73EF8041E06DA012221462846FFF7E6
:10CA4000DAFF204638BDFFF7A9FF00246861F8E748
:10CA50002DE9F0410F4690461E46054628B3FFF7E4
:10CA6000AAFF2C6ABCB144452246334628BF424641
:10CA700039462846F3F734F8044616B910F10B0F7F
:10CA800009D0002C0DDC08BF6FF07F040122214685
:10CA90002846FFF7B0FF2846FFF79AFF2046BDE87B
:10CAA000F0812B6A1B1B2B62F5E76FF01504F5E78D
:10CAB00010B5044690B19022002103F0F1FF20460A
:10CAC00003F00AFB042384F8863094F888306FF36F
:10CAD000410384F888307823A4F8843010BD37B53A
:10CAE000054600283AD0436DC3B3FFF764FFEB6FF0
:10CAF0008BB36B6F7BB32846F2F7D0FF041E24DBA9
:10CB000069462846FFF73AFFAB69694643F00203DE
:10CB10002846AB61F2F752FE041E13DBDDE900127A
:10CB20002846521AF2F7C4FF041E0BDBFFF736FF4C
:10CB30000024686185F887402846FFF749FF2046B2
:10CB400003B030BD2846F2F7D9FF0023C5E905330D
:10CB5000C5E90733F0E76FF00B04F6E76FF0150453
:10CB6000EDE770B50E4605468EB000283CD0002992
:10CB70003AD0FFF720FF284601A9FFF7FFFEA8697A
:10CB8000FFF71FFF041E24DB3146284601AAFFF7EA
:10CB900066FD041E1DDB019A029B03929B1A1C2258
:10CBA0000493F3680021059333690DEB02000693AB
:10CBB00003F076FF03AB09930223284607A90A93E3
:10CBC000F2F782FF041E0ADA012221462846FFF707
:10CBD00012FF2846FFF7FCFE20460EB070BDFFF79F
:10CBE000DDFE00246861F4E76FF01504F4E773B527
:10CBF0000E460546F8B1F1B1FFF7DDFE284669465D
:10CC0000FFF7BCFEA869FFF7DCFE041E0DDB6A46D9
:10CC100031462846FFF764FD041E06DBDDE90012FD
:10CC20002846521AFFF702FF04462846FFF7D0FEB7
:10CC3000204602B070BD6FF01504F9E773B50E46DB
:10CC4000054620B3FFF7B7FE28466946FFF796FE74
:10CC5000A869FFF7B6FE041E13DB6A463146284674
:10CC6000F2F72EFE041E0CDBDDE900122846521AF4
:10CC7000FFF7DCFE041E04DB012200212846FFF73B
:10CC8000BAFE2846FFF7A4FE204602B070BD6FF042
:10CC90001504F9E773B50E460546F8B1F1B1FFF793
:10CCA0008AFE28466946FFF769FEA869FFF789FEF4
:10CCB000041E0DDB6A4631462846FFF715FD041EAB
:10CCC00006DBDDE900122846521AFFF7AFFE0446E4
:10CCD0002846FFF77DFE204602B070BD6FF01504B8
:10CCE000F9E737B5054618B3FFF765FE28466946EC
:10CCF000FFF744FEA869FFF764FE041E12DB6846D6
:10CD0000F2F7F0FD041E0DDBDDE900122846521A91
:10CD1000FFF78CFE044695F987307F2B1CBF01334B
:10CD200085F887302846FFF753FE204603B030BD14
:10CD30006FF01504F9E710B5044670B1FFF73BFE3C
:10CD4000A3692BB101226FF070012046FFF753FE5B
:10CD50002046FFF73DFE002010BD6FF01500FBE7F9
:10CD600038B50446F0B1FFF726FE6569FFF716FEF9
:10CD7000401B06D52046FFF72BFE6FF00A0528461C
:10CD800038BDB4F88430002BF4D04FF47A7253439A
:10CD90008342EFD82046FFF7A4FF05462046FFF761
:10CDA00017FEECE76FF01505E9E738B5044645696D
:10CDB000FFF7F4FD431B4FF47A70B4F8842023EAA4
:10CDC000E37350431AB1984204D9C01A38BD4FF0EA
:10CDD000FF30FBE70020F9E738B50546D8B1FFF78B
:10CDE000EAFDAB699B0710D52B6A8BB92846FFF784
:10CDF000DFFC041E04DA012221462846FFF7FBFD72
:10CE00002846FFF7E5FD204638BD6FF07F04F7E7C1
:10CE10006FF00F04F4E76FF01504F4E70123FFF758
:10CE200017BE70B506460C468D18AC4201D30020E3
:10CE300070BD214630462A1BFFF7F0FF0028F7DBC4
:10CE400001D00444F1E76FF00400F1E70C2203691C
:10CE5000C9B201FB0233186C00F00700704770B5CF
:10CE6000C9B20369EFF31185202484F31288BFF35C
:10CE70006F8F0C2606FB0134246C14F0C00408D01C
:10CE8000A24206D085F31188BFF36F8F4FF0FF30B9
:10CE900070BD012271430B441A6485F31188BFF3FE
:10CEA0006F8F43680B445B6898470020F0E780224F
:10CEB000FFF7D5BFF8B5069F0469C9B2EFF3118635
:10CEC000202585F31288BFF36F8F0C2569430C442E
:10CED000256C05F0070CBCF1010F0BD1276486F31C
:10CEE0001188BFF36F8FC4E90E2343685B589847DE
:10CEF0000020F8BD05F0C005AF4286F31188BFF3EE
:10CF00006F8F0CBF6FF077004FF0FF30F1E713B574
:10CF100080240094FFF7CEFF02B010BD10B41C2493
:10CF20000069CBB203FB0400002110BC104710467F
:10CF3000FAF744B801F07BBAF7F75CB9084608B5D0
:10CF40001146F7F735F8002818BF6FF0040008BD48
:10CF500008B501F0ECF9002818BF6FF0040008BD17
:10CF600010B50C4601F0A4FC0023C4E900031846E8
:10CF700010BD38B505460C4601F09AFC002D07DBC4
:10CF8000A84205D9401B84428CBF0020012038BD37
:10CF90000020FCE770B50C461946204616461D4693
:10CFA000FFF7E7FF28B929462046BDE87040F3F7B0
:10CFB0009BB85DB1B4F5004F2A462146304603DAEE
:10CFC000BDE87040FEF727BF03F043FD002070BDB1
:10CFD000436800205B681B690B607047436802EA86
:10CFE00001005B6821EA020198600020D960704767
:10CFF000436800205B6899607047436800205B6865
:10D00000D960704743685A68536821EA03000B40AF
:10D0100090600020D360704710B503695868F8B17C
:10D02000884219D19C680868A142586000D1986074
:10D03000002008602AB15A680A609A68596002B9EB
:10D040009960002010E0814206D10868206098684D
:10D050008142EDD19C60EBE7044600680028F2D1E4
:10D06000002AE8D16FF0150010BDF7F7DDB930B533
:10D0700043681360057A446804EBC504A34202D3F5
:10D080006FF0010030BD5C798C4201D00833F0E7CD
:10D090000020F7E77047436800205B6BC2E900306F
:10D0A000704743681B68D3F88004C3F88004704756
:10D0B00003695A6813680BB152681847704730B556
:10D0C00087B004460D461422002101A803F0E8FCB5
:10D0D000042320460DEB03018DF804300295FFF781
:10D0E000E7FF07B030BD70B586B0066904460D464F
:10D0F0001422002101A803F0D3FC02238DF8043090
:10D10000736820461B6C01A9029373689B6CCDE980
:10D110000335FFF7CDFF06B070BD30B503695C681D
:10D1200043681B68EFF31185202080F31288BFF35A
:10D130006F8F206CA8B1E06CB0B90020C4E9131265
:10D14000042AC3F83415C3F8382582BFD3F8002267
:10D1500042F02002C3F8002285F31188BFF36F8FDD
:10D1600030BD6FF00C00F7E76FF00F00F4E70369D4
:10D17000586820B101605B6800205A6070476FF00A
:10D180008500704710B5426800691368406860B94F
:10D19000D3F8104164B1526A12780A70C3F81001D2
:10D1A000D3F8102101221A6010BD6FF08500FBE753
:10D1B0004FF0FF30F8E7002A0FDD42681368D3F81C
:10D1C000100158B10020C3F81001D3F8100101205C
:10D1D000526A12780A70186070470020704710B5C4
:10D1E00043681C680369EFF31180202282F31288E0
:10D1F000BFF36F8F1A68D17B39B9917301221B6815
:10D20000DA734FF48003C4F8043380F31188BFF35A
:10D210006F8F10BD03691A68D17B21B10121917311
:10D2200000221B68DA737047026903461168C87BE5
:10D2300040B15B681B68D3F8580118B100230B613B
:10D2400013689889704743681B68D3F81001003849
:10D2500018BF0120704743681B68D3F80423D20627
:10D260005CBF1022C3F80423704743681B68D3F8DF
:10D270000423D20644BF1022C3F8082370474FF49A
:10D28000007243681B68C3F8042370474FF40072B0
:10D2900043681B68C3F80823704738B543680446E1
:10D2A0001D68D5F804335B0205D4D5F8040310F0EB
:10D2B000100006D138BDFFF7B7FF0028F5D00120D8
:10D2C000F8E72046FFF7BFFF003818BF0120F1E75D
:10D2D000012070470369186801601B685A60704735
:10D2E00010B503695968D1F8A420D1F8B040121BD9
:10D2F00013D0082A28BF08224068C1F8AC2059681A
:10D300008069C1F8A8005B68D3F8A010D3F8B030EA
:10D31000194403F09EFB012010BD1046FCE770B5D8
:10D3200003690E465D6843681C6805F1080003F058
:10D33000FEF9EFF31182202383F31288BFF36F8F7E
:10D34000EB6C53B1D4F8003223F02003C4F8003260
:10D350000023C4F84C31D4F84C31002385F86130F7
:10D3600001230EB185F86230636082F31188BFF348
:10D370006F8F002070BD03695B681B6C13B10121C6
:10D38000FFF7CDBF6FF00D00704702680346D2F87B
:10D39000580140B95B68DB0706D4D2F82001003899
:10D3A00018BF01207047012070470368EFF3118216
:10D3B000202181F31288BFF36F8FD3F8201131B190
:10D3C0000021C3F82011D3F820110121D96082F384
:10D3D0001188BFF36F8F704713B501AA0446FFF79A
:10D3E00046FE002805DB019B226819791868F3F7CF
:10D3F0009BF802B010BD10B402694468D36923EAF7
:10D400000101D16111F0030108D143681B68C3F821
:10D410000015E068012110BCFFF7DEBF10BC7047AB
:10D420002DE9F0410646406835690468D4F80433B4
:10D43000DA0504D5D4F820310BB1FFF7B6FFD4F8E4
:10D4400058311BB92B685BBBBDE8F08143685B07B3
:10D4500014D5EFF31187202383F31288BFF36F8F66
:10D4600001213046FFF7C7FF2B681BB94FF480033B
:10D47000C4F8083387F31188BFF36F8F2B68002B34
:10D48000E2D000221A612B68DB7B1BB94FF48003CA
:10D49000C4F808332B689A7B12B100229A73D3E741
:10D4A000D4F8243123B10023C4F82431D4F8243132
:10D4B0002A681368002BC7D03046BDE8F041516898
:10D4C000184770B5036986B04568044614220021E8
:10D4D00001A85E6803F0E4FA05238DF80430002308
:10D4E00086F861306B685B070ED5EFF3118520235A
:10D4F00083F31288BFF36F8F02212046FFF77BFF73
:10D5000085F31188BFF36F8F204601A9FFF7D0FD87
:10D5100006B070BD70B5456806690021E8682C68E2
:10D52000FFF75AFF0823C4F80035736863B92A7AF5
:10D5300052B96B6AC4F834350123C4F83835C4F8DD
:10D540001021D4F81021236070BD38B545682C68CF
:10D55000C4F84415C4F848250022C4F82021D4F8A2
:10D560002011C4F85821D4F858216A68520708D508
:10D570000269D36943F001019B07D16101D1FFF733
:10D58000C9FF0123A36038BDF8B5066905463368B5
:10D590009C8910339442A8BF14460122D3E8EF0FB0
:10D5A000002803D1C3E8E72F002FF7D10CBF1346A3
:10D5B00000231ED133682246986803F04AFAEFF33D
:10D5C0001187202383F31288BFF36F8F6868FFF7FA
:10D5D000DCFE336838B90446186187F31188BFF35D
:10D5E0006F8F2046F8BD224628469968FFF7ADFFA9
:10D5F000F3E71C46F5E74FF4800210B54368044694
:10D600001B68C3F804234068FFF7BFFE4B6818B9D6
:10D61000012283F8B82010BD002283F8B8204FF013
:10D62000FF324B682046C3F8B4204B68BDE8104079
:10D63000D3E92A12FFF789BF6FF08500704710B554
:10D640000446002201210B20F1F7E2F80B20F1F74C
:10D65000AFF82046BDE81040F3F79AB910B504467C
:10D66000002201210A20F1F7D3F80A20F1F7A0F8EF
:10D670002046BDE81040F3F78BB910B504460022F0
:10D6800001210820F1F7C4F80820F1F791F82046AD
:10D69000BDE81040F3F77CB937B5426B53681269A7
:10D6A0001B685068D3F808217AB10022C3F808211A
:10D6B000D3F808314265D0E916230024002508304C
:10D6C000CDE90045FAF7F6FC06E0426D0132042A86
:10D6D0004265F0D101225A6003B030BD2DE9F04F10
:10D6E000436807691D680446D5F80463D5F8083116
:10D6F000D7F8048089B0DBB1720719D50022C5F8CC
:10D7000008214168D5F808310369D1F800905968BB
:10D710004A655868D0E916234FF0000A4FF0000B15
:10D720000830CDE900ABFAF7C5FC0423C9F808338B
:10D73000D5F8243163B3B3052AD50021C5F82411E7
:10D74000D5F8243163681422D3F800A003A8DAF8CE
:10D75000809403F0A5F9062319F0010F8DF80C3021
:10D7600040F0288119F0020F40F0268119F0040FD3
:10D7700040F0248109F0080320468DF8103003A9F9
:10D78000CAF88094FFF794FC00212046FFF7C7FDFC
:10D79000D5F81031002B59D0F00657D54FF0000BBB
:10D7A000C5F810B1D5F81031C5F810B1D5F8103161
:10D7B0002369D3F804906368D3F800A009F1080046
:10D7C00002F0B5FF99F86010D9F84830DAF83C2536
:10D7D000C91A1144594589F860B002DD2046FFF7A7
:10D7E00082FC2046D9F84010FFF769FCD9F84C308C
:10D7F000C9F84030D9F85030C9F844300023C9E99D
:10D800001333C9F8483099F86130FBB1EFF3118256
:10D81000202383F31288BFF36F8FD9F84030002B99
:10D8200000F0CE80DAF84C3133B90121CAF800108B
:10D83000CAF84431DAF84431DAF8003223F0200330
:10D84000CAF8003282F31188BFF36F8F31031FD5FE
:10D85000D5F84C31E3B1D5F81011C9B9C5F84C1160
:10D86000142203A8D5F84C3103F01AF903238DF8DC
:10D870000C30236920465A6803A9D2E916321343B3
:10D880001FBF042263681B68C3F80423FFF710FC62
:10D89000B20329D5D5F8443133B3D5F810A1BAF184
:10D8A000000F21D1C5F844A1D5F844312369D4F83B
:10D8B00004B0D3F80490D9F8401021B12046FFF706
:10D8C000FEFBC9F840A099F86230002B7CD0002301
:10D8D00089F862300022636820461B68C3F808217B
:10D8E000D3F80831FFF7EDFDF00505D5D5F8203167
:10D8F00013B16068FFF759FD71023DD5D5F8583175
:10D90000002B39D063682569D3F80090EFF3118AB2
:10D91000202282F31288BFF36F8F6A685B68D2F8A7
:10D92000B4100029ACBFD2F8B460D9F84C655A07DE
:10D9300007D54FF4800301212046C9F80833FFF7CB
:10D940005AFD8AF31188BFF36F8F6B68D3F8A0205C
:10D9500092B193F8B810002959D0EFF31186202323
:10D9600083F31288BFF36F8F29462046FFF743FEEB
:10D9700086F31188BFF36F8F1C37D7E8EF3F23F092
:10D980000402C7E8E12F0029F7D15B077CD52046C8
:10D99000D8F84410FFF7A7FB2046D8F84010FFF74F
:10D9A0008EFB00232046C8E9103309B0BDE8F04FD4
:10D9B000FFF787BD0123DFE60223DDE60423DBE674
:10D9C0000123CAF804303DE7DBF804305B0781D55A
:10D9D00062681368D269C3F834250522C3F8382574
:10D9E0000122DA62D3F81021002AFBD00021C3F80B
:10D9F0001011D3F81021D3F84C212AB1C3F84C11DF
:10DA0000D3F84C21D3F83C2589F8602062E7D3F89D
:10DA1000A8108A4210D0D3F8AC10D3F8B020B1428D
:10DA200032442FD12046C3F8B020FFF759FC00281C
:10DA300093D16B68D3F8B0606868683002F077FE05
:10DA40001422002103A803F02BF86B682046D3F8BA
:10DA5000A03003A9CDE904366B68D3F8A4309E4208
:10DA60001CBF01238DF80C304FF48003C9F8083334
:10DA700000236A68C2F8A0306A68C2F8A430FFF7D1
:10DA800017FB79E71646D7E709B0BDE8F08F38B540
:10DA90004268036915685A68D2F8A01051B1002491
:10DAA00082F8B8405868683002F041FE01232046F1
:10DAB000EB6038BD6FF00D00FBE7406BFFF7E7BF91
:10DAC000002200F150039B009BB203F1804303F559
:10DAD000A8331A601B68704708B5F3F773F908BDDF
:10DAE0004FF0FF30704708B5006990F834308B4232
:10DAF00007D990F835303BB1C9B2F6F78DFE00205A
:10DB000008BD6FF01500FBE76FF00A00F8E71FB5DE
:10DB10000023046901930393236BCA0702935CBF3C
:10DB2000012301938B0758BF019B204658BF43F048
:10DB3000080301A958BF019300F0FFFF002806DB8E
:10DB4000204601F009F80123002084F8353004B0A4
:10DB500010BD02F0CAB902F023BCF9F72FBA4B1C72
:10DB600070B5054617D021EAE1744FF4004640F243
:10DB7000E73000214FF47A720023C4FB0601EBF773
:10DB800001F802460B462846F9F752FA002818BF5A
:10DB90006FF00A0070BD4FF0FF321346F3E7F9F75C
:10DBA0008BB94B1C70B5054617D021EAE1744FF4D0
:10DBB000004640F2E73000214FF47A720023C4FBA4
:10DBC0000601EAF7DFFF02460B462846F9F7FCF8A4
:10DBD000002818BF6FF00A0070BD4FF0FF321346E7
:10DBE000F3E700207047006801F0D8BB38B5044661
:10DBF00004B938BDE069256802F005FF204602F04F
:10DC000002FF2C46F4E7F9F7DFB8F9F755B900231E
:10DC100007B5CDE90033F3F795FE03B05DF804FBDB
:10DC20002DE9F04F064680688BB00C46DDE91457AD
:10DC30009046994608B1FFF7E8FFD6F800A005B175
:10DC4000AFB900232146CDE9003342464B4650464A
:10DC500001F0BDFD0446B06828B14FF0FF324FF02F
:10DC6000FF33FFF7D0FF20460BB0BDE8F08F4FF039
:10DC7000160B04AB5A460021184602F011FF03AA06
:10DC8000CDE9000221464B4642465046CDF80CB045
:10DC900001F09DFD041EDEDBBDF81020012A0AD133
:10DCA000039B082BD7D1BDF812102A80059A6980F2
:10DCB0006A603B60CFE7022ACDD1039B162BCAD105
:10DCC000BDF812300DF1140C6B802B460DF1240EB3
:10DCD00023F8042B624603CA7245186059609446C3
:10DCE00003F10803F6D19DF824302B751823E0E7E3
:10DCF000002307B5CDE90033FFF792FF03B05DF8CD
:10DD000004FB38B505460068F8F768F8044610B912
:10DD10002846F3F7FBFE204638BD2DE9F04F1446A8
:10DD20000E4600218BB00546202202A81F46019115
:10DD300002F0B6FE5CB163680293E3680493A368E3
:10DD4000039323690593236A03B1089302AC314618
:10DD50002246284601ABF7F705FD064648B980463E
:10DD600081464FF0180A019D386035B9019801F0DD
:10DD7000CCF930460BB0BDE8F08F5420FAF716FB13
:10DD8000044600284FD0C0F80090C0F820902B68BF
:10DD90004360AB68C3606B688360EB680361D5F870
:10DDA00004B0BBF1010F15D10820FAF7FFFAE061CA
:10DDB000002835D00823A3616B695A88A0F800B009
:10DDC00042805B684360B8F1000F2FD13C60A046F1
:10DDD000ED69CAE7BBF1020F09D002F014FE6FF043
:10DDE00005063868FFF702FF00233B60BEE71820F6
:10DDF000FAF7DCFAE06198B1C4F818A06A695388B0
:10DE0000111D4380034602F1140C23F804BB51F8A2
:10DE100004EB614543F804EBF9D1137D0375D2E7B8
:10DE2000204602F0F0FD6FF00906DAE7C8F800407E
:10DE3000CDE7F0B5056808880B46012887B00DD1FD
:10DE40004A884B68ADF802200822ADF80000019323
:10DE50006946284601F0BAF907B0F0BD022815D18D
:10DE60004A88ADF80000ADF8022001AE0A1D01F1AC
:10DE70001407344610685168083203C4BA42264673
:10DE8000F7D11B7D16228DF81430E1E7284607B044
:10DE9000BDE8F04001F09AB903780D2B07D1437823
:10DEA0000A2B04D18078003818BF01207047002069
:10DEB00070472DE9F0431F46002385B0054689468B
:10DEC0001646CDE901339DF830800393002A40D0F7
:10DED000002F3ED0F4F7CCF8044688B9AB68013B7C
:10DEE00099429CBF2B68C5E90130284601A9F4F787
:10DEF000D3F8AB680446013B994505D90028F4D016
:10DF0000204605B0BDE8F0830028F9D19DF80C301B
:10DF1000013B082B20D8DFE803F0080808081F0899
:10DF2000080508006FF03C04EAE7029DB8F1000F15
:10DF300003D0019B33603D60E2E73A686B1C9A4274
:10DF40000DD32A463046019902F083FD06F805807C
:10DF5000F1E76FF01504D3E76FF05E04D0E76FF0E0
:10DF60000B04CDE77FB5002306460D46CDE901330E
:10DF70000393A1B1F4F77CF8044668B9304601A9CF
:10DF8000F4F78AF80028F9D0B3682B60431D03D05A
:10DF900010F10B0F18BF0446204604B070BD6FF09F
:10DFA0001504F9E70123F4F71BB90223F4F718B9B4
:10DFB00013B500240094FFF77CFF02B010BD0B786E
:10DFC00030B5412B22D017D8252B03D003F0F7030F
:10DFD000232B13D14B785A2B15D8402B02D8303B2A
:10DFE000092B0BD84B1C5C785D1C3A2C37D02DD8F4
:10DFF000303C092C2ED901E0612B07D00023C0E969
:10E000000033836030BD613B192BEAE74B7803F0A6
:10E01000DF03542BF2D18B788D1C233BDBB2082B12
:10E020000DD840F2051424FA03F3DB0707D5CB78AB
:10E030005A2B1CD8402B1FD8303B092B1CD902B1BE
:10E0400015606D1A016045600323DAE75A2C03D886
:10E05000402CD3D92B46C6E7613C192CCAE70233C2
:10E0600042B95B1A013B436001600423C9E7613B8D
:10E07000192BE3E71360F4E7CB1C5C785D1C3F2CA5
:10E080001CD012D8392C03D82F2CD8D92B46F4E722
:10E090003D2CD4D19C783F2C18D1033302BB5B1AA2
:10E0A000023B436001600123ABE75A2C02D8402CAD
:10E0B000C5D0EBE7613C192CE8D9C0E702336AB957
:10E0C0005B1A013B4360016002239AE7023302B10D
:10E0D00013605B1A013B01604360B5E71360EFE733
:10E0E0001360DCE730B50B78203B192B47D8DFE80D
:10E0F00003F00D462046464646464146464B6B4B8E
:10E100004646768787878787878787874C784B1C23
:10E11000223C172C33D8DFE804F045323232323259
:10E12000483232515851323263757575757575754F
:10E1300075754B1C497811B3222965D01C4614F81B
:10E14000011FE1B12229FAD1194623465C782C2C13
:10E1500014BF5D1C9D1C15F8014C02B115605B1AC3
:10E1600043600623016003722C2C14BF002301239B
:10E17000437208E04B7813B1283B012B46D80023AB
:10E18000C0E90033836030BD4B78313B082BF6D8B3
:10E190000B46013111F8014F2C2C4ED0303C092C8C
:10E1A000F8D921E08B1C8978C5E78D78292DE6D038
:10E1B000282D01F10204E2D055BBE0E78C78313C18
:10E1C000082CDCD80231E5E70B460AB1591C116076
:10E1D0000360002343604FF484730381D3E70B464D
:10E1E0005C78591C2C2C28D00C4611F8015C02B12B
:10E1F0001160E41A03600523446003722C2DB4E718
:10E200000B46C7E71946C5E719469FE70B464C1C66
:10E210006578282DB3D0292D01D00134CCE7A5781D
:10E22000A11C2C2D0CD00C4614F8015C02B114601A
:10E23000C91A036041600723DFE70C460131D4E7C8
:10E240000334F1E708B5F4F7CDF9002008BDF4F781
:10E250001BBBF4F723BDF4F76FBD08B9F4F716BE86
:10E26000704700B58FB038220021684602F018FCD4
:10E270000B238DF80030012368468DF80830F4F741
:10E2800021F90FB05DF804FB13460A460121FDF7A2
:10E290005EBC002070470A460221FDF74FBC08B55E
:10E2A000F5F7AEF9002008BDF5F7C8B903780BB152
:10E2B000F5F788BC704708B500F039F848B100237D
:10E2C00083F31188BFF36F8F0423184602DF6FF0CA
:10E2D000040008BD0A460121FDF730BC00B589B035
:10E2E00006AB02930823039301AB04930423079125
:10E2F000CDE9053004AA184602A9F5F733FE022835
:10E30000019B09D003280AD060B9181E18BF01204C
:10E31000404209B05DF804FB6FF01500F9E76FF0BB
:10E320008500F6E74FF0FF30F3E70020704700204C
:10E33000704710B588B01C4605AB01930C230293BF
:10E340000423CDE90612CDE904300DEB030103AA45
:10E350000020CDF80CD0F5F705FE009B236008B037
:10E3600010BD704703460020184701F0BEBD0246AD
:10E3700010B5116891B1B1FA81F3C3F11F00012307
:10E38000834021EA0303D2E8EF4F8C4204D1C2E874
:10E39000EC3FBCF1000FF6D1EBD110BD6FF00B00DC
:10E3A000FBE710B50368CB40DB0710D401238B409B
:10E3B000026843EA0201D0E8EF4F944204D1C0E87A
:10E3C000EC1FBCF1000FF6D1F2D1002010BD6FF0B0
:10E3D0001500FBE770B50D460021064608461446B9
:10E3E000F5F72AFE48B9237843F00043C6F8803099
:10E3F000237843F00043C5F8803070BD10B1012888
:10E4000002D07047F5F7F6BEF5F794BE18B10128B3
:10E4100003D100F00AB800F00AB8704708B5F5F764
:10E42000A5FEBDE80840F5F729BFF5F757BEF5F79B
:10E43000B5BEF7B51646DDE90847019001A81D46AF
:10E44000F5F758FF019BB6F1000C18BF4FF0010C17
:10E4500000EB83000B1E18BF0123002D43EA4C0381
:10E4600014BF4FF00C0C4FF0000C002C43EA0C03CF
:10E4700014BF4FF4E06C4FF0000C002F43EA0C0384
:10E4800014BF4FF4403C4FF0000CD0F8002243EA98
:10E490000C0322EA030301B109780EB13678760045
:10E4A00019430DB12D78AD0031430CB1247824020D
:10E4B00029430FB13F783F040C433C43C0F800426E
:10E4C00003B0F0BD1FB50DF10F03019300238DF8CC
:10E4D0000F101A4619460093FFF7ABFF05B05DF821
:10E4E00004FB70B5CBB2083330F813301646DA05AA
:10E4F00004460D4609D5C3F3432300EBC30231465E
:10E5000050F83330526828469847A3682BB13146FB
:10E510002846E268BDE87040184770BD10B4CBB221
:10E5200000EB43039A8AD1051BD5C2F3432122F4A1
:10E53000F8529A8200F1520400F1120232F8023FBE
:10E5400013F4807F03D0C3F34323994209D0A2423E
:10E55000F4D1002200EBC1035A6010BC5830FFF721
:10E5600020BF10BC7047F0B50446002001270546C7
:10E57000844695420AD1D4F87C3133B10023C4F8E3
:10E580007C31D4F87C3140F00040F0BDEBB29B0010
:10E5900003F580769B0807FA03F3194208D054F874
:10E5A00006E0BEF1000F03D044F806C0A659184398
:10E5B0000135DEE70246CBB202EB43039B8A0846F5
:10E5C000990611D599070FD4012110685B0B99406A
:10E5D000C0F80813126802EB8303D3F8102522F069
:10E5E0000302C3F8102570470021FFF76BBFF0B599
:10E5F000136805460C46164685B0DBB1CFB200EB7A
:10E600004707BA8A02F02202222A1ED000222046A0
:10E61000CDE900228DF80E208DF80F200DF10E01AE
:10E620000DF10F02FFF705FFBB8A23F0020343F051
:10E630000103BB82736823B31A785868E3B205EB11
:10E640004303998A8F0703D5A8B16FF015001BE02B
:10E6500021F4604121F02001998260B1032AF4D8AD
:10E66000716848682968077801EB870172B9C1F8B9
:10E670001025C1F81025998A21F01C0141EA820277
:10E680009A82B3684BBB002005B0F0BDD1F81005ED
:10E6900020F00300C1F81005286800EB8700D0F8CF
:10E6A000101521F4473121F44071C0F810152102F2
:10E6B000D0F810C501F4F85141EA024141EA0C01D9
:10E6C000C0F8101505EB4701A1F85C40998A41EAB2
:10E6D000473141F020019982CDE72146D3E9006717
:10E6E0002846FFF71BFF002ECDD06B689E4206D058
:10E6F00005F15800FFF73BFE002804DAC4E7AB68D9
:10E700009F42F5D1002005EBC003C3E90167E4B2E5
:10E7100005EB4404A38AC0B243EA402343F4807368
:10E72000A382B0E7F0B507460C461D4685B0F2B1AE
:10E73000CEB200EB4606B38A980701D499061ED4E0
:10E7400013F01C0F02D05378012B18D001238DF841
:10E750000F3000232046CDE900230DF10F01931C5B
:10E760000132FFF766FEB38A43F00303B382002D44
:10E770003DD0E2B207EB4202938A9B0703D46FF0CD
:10E78000150005B0F0BD002128783B684FEA800CE9
:10E7900003EB8003C3F81015C3F81015938A23F414
:10E7A000604323F0200393826E7806B33968AD7816
:10E7B0006144D1F81035360423F4981323F4F85348
:10E7C000C1F81035230203F4F85306F440362D0542
:10E7D000D1F81075334305F480152B433B43C1F842
:10E7E0001035938A43EA403343F02003938200209C
:10E7F000C7E7C0E903127047C9B200EB4100838A42
:10E80000990643BF5B0B002013706FF01500704733
:10E8100090F86C00003818BF01207047F5F784BDF0
:10E8200073B50C46C9B200EB41018B8A05689E06A0
:10E8300019D513F0020616D15B0B9C0004F580710C
:10E840006E50695801682144D1F8104544F0010424
:10E85000C1F810452AB10122016802FA03F3C1F898
:10E86000043302B070BDD5F80433002BA4BF4FF0C1
:10E870000043C5F804338B8AC3F38203042B11D001
:10E88000052B11D001A80194F5F734FD019A036915
:10E89000D34003F00103991C204602B0BDE870404C
:10E8A000FFF710BE0321F7E70221F5E7FFF782BE6D
:10E8B0004FF4801070474FF4805070474FF48070D1
:10E8C000704730B5022401250C72CA600468C4F890
:10E8D0000055096879B112F0040F0CBF8221922112
:10E8E000150748BF41F02001D406046848BF21F055
:10E8F0008001C4F80013016812F0800008BF0122F3
:10E900004FEA830303F108030CBFCA50C81830BD97
:10E9100030B50124A2F58075AD08AC400C4207D09B
:10E92000815829B10021815082581A6822431A6007
:10E9300030BD002313B50C4601934FF4887201AB30
:10E94000FFF7E6FF21464FF48A72FFF7E1FF214609
:10E950004FF48E72FFF7DCFF21464FF48272FFF70F
:10E96000D7FF21464FF48472FFF7D2FF21464FF4C0
:10E970008672FFF7CDFF4FF48C722146FFF7C8FF78
:10E98000019802B010BD10B54368044633B90221A6
:10E990000068FFF7CEFF08B101232373207B023804
:10E9A00018BF012010BD70B5067B044656B9C0E9FA
:10E9B000012319B10B7F0375F5F7B8FE0123002081
:10E9C000237370BD6FF07700FBE770B40C4601460F
:10E9D00015461A46266851F8043BC3F82065A688F8
:10E9E000C3F82465A668C3F82865E668C3F82C65F3
:10E9F00003682668C3F84065A688C3F84465A6681E
:10EA0000C3F84865E468C3F84C45046805F00103A1
:10EA100003EB5505C4F81455D4070CD412F00204C6
:10EA200003D0002B14BF082404240568C5F8004255
:10EA300070BCFFF746BF1024F7E7002210B503684B
:10EA40000446C3F80022012203685A6051B12046EF
:10EA5000FFF799FF0028FAD000222368C3F80025A9
:10EA6000012323732046BDE81040FFF78CBFFFF75A
:10EA70008ABF70B5B22104460068FFF75AFFC3068B
:10EA8000054607D523695E0704D5636813B10120E5
:10EA9000A1689847A80607D52369190704D56368B4
:10EAA00013B10220A16898472A0607D5206910F003
:10EAB000100003D163680BB1A1689847AB070CD570
:10EAC00000222368C3F8002501232373636823B160
:10EAD000A1680320BDE87040184770BD38B50446F2
:10EAE000D1E900510023C8034FF47A72490CEAF7C8
:10EAF00049F82368C3F80C55C3F80405A36863B14B
:10EB000000232468C4F8003144F30730D4F80031FE
:10EB1000EFF74EFE0123C4F8043338BD38B5C0E921
:10EB20000223437933B90123437109B1FFF7D6FFBB
:10EB3000002038BD6FF07700FBE708B543792BB1B3
:10EB4000022B06D0FFF7CAFF002008BD6FF0760049
:10EB5000FBE76FF00F00F8E7012203681A60022359
:10EB60004371704710B5EFF31184202383F31288AB
:10EB7000BFF36F8F0379072B11D80B70013303712B
:10EB8000012302680978D2F808058B40034300206E
:10EB9000C2F8083584F31188BFF36F8F10BD6FF092
:10EBA0000B00F7E70368D3F80414D3F800214AB147
:10EBB0000022C3F80021D3F80031D0E902324FF42B
:10EBC0008070184770470020704700207047002071
:10EBD00070470020704700207047F5F7E1BE02291A
:10EBE00004D0042906D0012900D17047806808B1FB
:10EBF000F2F7B2BC7047F5F7F7BE002210B5046813
:10EC0000944200D110BD00EBC2014B68013223F0E9
:10EC1000FF0343F003034B60F2E70420F5F724BD44
:10EC20000420F5F729BD08B5F5F7ECFCBDE8084070
:10EC3000F7F7E0BD38B504460025031D2268AA4257
:10EC400001D8002319E04FF00002D3E8CF0F0328CA
:10EC500004D1C3E8CC2FBCF1000FF6D102D00833A9
:10EC60000135EBE701EB851318464022002101F046
:10EC700017FF034604EBC504A060184638BD0830F2
:10EC8000704770B506460D4621B9F5F7B3FE90B949
:10EC9000002070BD0846F2F757FC04460028F7D064
:10ECA0003046F5F7A7FE38B92046F2F755FC0120AB
:10ECB000F2F720FCECE72C460661C56040F8084FEF
:10ECC000E7E740EA0141104640F8081DF5F7A4BE09
:10ECD000F5F79CBEF5F794BEF2F736BC08B5F2F72F
:10ECE0003BFCBDE808400120F2F704BC0429F8B55C
:10ECF0000546174603D0102910D000240CE0082048
:10ED0000F2F714FC04460028F7D0002343600123E7
:10ED1000478003802B6843602046F8BD1620F2F739
:10ED200005FC04460028E8D0061D122200213046CA
:10ED300001F0B6FE022323802B46678005F1100206
:10ED400053F8041B934246F8041BF9D1E4E7134639
:10ED500009B9116070470A88012A02D0022A07D037
:10ED600070471A68082A28BF08221A6001F071BE8D
:10ED70001A68162A28BF1622F7E708B5F6F752FCDC
:10ED800040B100F11C03D3E8EF1F0131C3E8E21FDB
:10ED9000002AF8D108BD006808B1F6F7D3BB704768
:10EDA00037B50025036804460093838F6846ADF8A5
:10EDB0000650ADF8043000F0EAFD38B1A36B6846A8
:10EDC000984794F83E300BB1A563E56303B030BDBE
:10EDD0001FB503680392CDE90131036C01A8984780
:10EDE00005B05DF804FB4068003818BF012070478B
:10EDF00000230B60836813B9C0E9011170471960E3
:10EE00008160704738B505460C46F5F70BFEAA68D9
:10EE1000236894426B6008BFAB60002320462360E8
:10EE200000F055F9BDE83840F5F702BE406870477C
:10EE30000069431E5842584170470069831E58427A
:10EE4000584170470069C31E584258417047406995
:10EE5000B0F5817F05D040F21113C31A58425841D2
:10EE600070470120704790F82000C0F340007047C1
:10EE700090F82000C0F38000704790F82000C0F3A5
:10EE8000C0007047406C00F00100704790F820000F
:10EE900000F0010070470369012B05D18069A0F1E2
:10EEA00080035842584170470020704790F8200076
:10EEB000C0097047836933F0800314BF012000202C
:10EEC000704790F82000C0F340107047806B003806
:10EED00018BF01207047006C003818BF0120704730
:10EEE00090F83400431E58425841704708B590F8D6
:10EEF0002030014613F001020BD1FFF7DBFF28B9E8
:10EF00000846FFF7C8FF80F00100C2B202F001001E
:10EF100008BD0022FAE770B504460D4616462046A5
:10EF2000FFF7E4FF70B155B1284600F0BFF848B9CB
:10EF300031460220F2F7D0F90028F0D070BD6368A6
:10EF4000002BF5D00020F9E74068003818BF0120F9
:10EF5000704790F82200003818BF0120704710B5A4
:10EF60000446FFF7A7FF94F82010C1F3401340EACE
:10EF70000302236982F00102012B14BF0123C1F3B4
:10EF80008003D2B220461A40FFF761FF48B1C1F3B7
:10EF900000112046FFF77FFF0A4080F0010010407B
:10EFA00010BD0121F5E710B50C46F6F73BFB28B183
:10EFB00090F8203064F3861380F8203010BD10B52F
:10EFC0000C46F6F72FFB28B190F8213064F30003CC
:10EFD00080F8213010BDD0E9092353EA020109D09D
:10EFE0004FF47A71B3FBF1F001FB02000128B8BFC6
:10EFF000012070474FF0FF307047D0E90B2353EAF0
:10F00000020109D04FF47A71B3FBF1F001FB020069
:10F010000128B8BF012070474FF0FF30704701381A
:10F0200002288CBF002001207047013802288CBFC5
:10F030000020012070470388012B03D0022B06D04B
:10F0400001207047082914BF0020012070471629AD
:10F05000F9E7FF2818D007DC06280ED0112811D0B8
:10F06000B0FA80F040097047B0F5817F05D040F2DA
:10F070001113984206D000207047012914BF0020C8
:10F08000012070470229F9E70329F7E7C368012B3C
:10F0900003D0022B07D0012070470888012814BF35
:10F0A00000200120704708880228F8E700B10068B6
:10F0B000003818BF0120704700B1006870474389CD
:10F0C00040681844704702894089101A704710B58B
:10F0D00004464068FFF7FCFDE06808B1F2F72EFA3D
:10F0E0002046BDE81040F2F729BA10B50446206862
:10F0F00000B910BD626803689042236008BF636076
:10F10000FFF7E5FFF3E700F041BD10B5044660B13D
:10F11000406908B1F2F712FAA06908B1F2F70EFAE5
:10F120002046BDE81040F2F709BA10BD7FB504468D
:10F130000E461546F5F734FC38B90120F2F794F97C
:10F140004FF0FF33184604B070BD631E012B01D988
:10F150006A20F3E716B175B91620EFE7002DFBD151
:10F1600029461C20FFF78DFD044670B105754575D5
:10F170008575C57513E0012C09D1042DECD1002152
:10F180001C20FFF77EFD044618B96920D6E7102D34
:10F19000F4E745612A463146183001F05AFC214611
:10F1A00047F20F0001AAF7F7F7F903460028C9D084
:10F1B000C4E710B5044600F0E7FC23684360A36988
:10F1C00083602046BDE8104000F0E0BC73B5064601
:10F1D0000C461546FFF7D1FD019050B90920F2F712
:10F1E00043F94FF0FF3401A8FFF7D5FD204602B0E8
:10F1F00070BDFFF75FFE10B1019B9869EFE70198C2
:10F20000FFF736FE08B17F20E9E70198FFF72BFEF4
:10F2100008B17820E3E70CB90E20E0E72146019819
:10F22000FFF734FF08B96A20D9E729462046FFF7DF
:10F2300002FF08B91620D2E70198FFF723FE054622
:10F2400020B1019B5D69113D18BF012500211C20E3
:10F25000FFF717FD024608B96920C0E70661238859
:10F26000012B11D0022B18D00199042091F82030E5
:10F2700043F0020381F8203047F20201D560FFF726
:10F2800020FDDDB17720AAE763888382042383759C
:10F290000023C37563688361E6E7638800F11801A2
:10F2A0008382102383750023C375231D143453F800
:10F2B000040BA34241F8040BF9D1D5E70198FFF7FD
:10F2C0009CFE00900198FFF7CEFD20B9019884695B
:10F2D00084B1204683E769460220F1F7FDFF10F173
:10F2E0000B0F05D00028EDD00028B8BF404276E7CC
:10F2F000742074E7FFF7ABFD00283FF474AFDDE93D
:10F300000010F6F7BBFF04466DE730B585B0054643
:10F310000C46F6F787F938B90920F2F7A5F84FF04F
:10F32000FF33184605B030BD0CB90E20F5E7214675
:10F33000FFF7ACFE08B96A20EFE700211C20FFF7B9
:10F34000A0FC014608B96920E7E705612388012B85
:10F350000AD0022B11D047F2050001AAF7F71CF9D9
:10F3600003460028DDD0D8E76388838204238375B1
:10F370000023C37563688361EDE7638800F11802B9
:10F380008382102383750023C375231D143453F81F
:10F39000040BA34242F8040BF9D1DCE730B585B089
:10F3A00005460C46F6F73EF938B90920F2F75CF845
:10F3B0004FF0FF33184605B030BDFFF739FD08B9EF
:10F3C0005F20F3E700210C20FFF75BFC014608B942
:10F3D0006920EBE724EAE4740561446101AA47F27D
:10F3E0000800F7F7D9F803460028E3D0DEE7F0B5C8
:10F3F00095B007460D461446FFF7BFFC019050B983
:10F400000920F2F731F84FF0FF3401A8FFF7C3FCF1
:10F41000204615B0F0BD15B11CB90E20F1E7002C47
:10F42000FBD1FFF705FD08B95F20EAE70198FFF778
:10F4300029FD28B10198FFF78CFD08B90B20E0E702
:10F440000198FFF7C8FD00900198FFF71FFD50B12C
:10F450000198FFF77EFD0028D2D0F6F7AFF80646F8
:10F4600080B91720CDE70198FFF773FD0028EFD191
:10F4700069460220F1F730FF0028E5D00028B8BF28
:10F480004042BEE700210820FFF7FBFB014620B900
:10F490003046F6F7D9F86920B3E70761039675B1EE
:10F4A0007CB10BAB47F20C0002AA0493F7F774F897
:10F4B000074640B13046F6F7C7F83846A1E72B4675
:10F4C000F0E72346EEE73DB134B1BDF83E30042B02
:10F4D00004D0102B15D02760346896E701232768E5
:10F4E000ADF81430082F28BF0827BDF83C30ADF820
:10F4F0001630109B06933A46284605A901F0A9FA52
:10F50000E9E70223ADF81430BDF83C3006AFADF8A2
:10F51000163014ABADF8280013E90F0087E80F0090
:10F520002768162F28BF1627E5E72DE9F04F89B089
:10F5300016461D46129F0390019103F0400803F404
:10F54000007BF6F76FF8044638B90920F1F78CFF15
:10F550004FF0FF3009B0BDE8F08FFFF7BCFC35F489
:10F560001073009005D1B8F1000F04D0BBF1000F6B
:10F5700015D05F20EAE7BBF1000F10D0009B002BF5
:10F58000F7D12046FFF739FD04902046FFF7A8FC8D
:10F59000B0B12046FFF78EFCD8B1A069D6E720466F
:10F5A000FFF72BFD04902046FFF76CFC28B9B8F15B
:10F5B000000818BF4FF00108E7E74FF00108E4E743
:10F5C0002046FFF777FC0028E7D12046FFF763FCD1
:10F5D000E2E72046FFF731FC00284CD02046FFF739
:10F5E00047FC002847D10FB97920AFE72046FFF745
:10F5F00024FC00284AD12046FFF724FC002845D1EE
:10F6000047F2060A2046FFF713FC40B12046FFF7F9
:10F610001EFC20B1B6F5006F28BF4FF40066FFF75F
:10F6200059FBB04207D22046FFF702FC002844D025
:10F63000FFF750FB064647F206039A450CBF0E2320
:10F640002223002502932046FFF73BFC18B12046F9
:10F65000FFF74CFC98BB31460298FFF712FB81463E
:10F6600000283BD1012004A9F1F736FE90BBB8F188
:10F67000000FF0D026E02046FFF7DFFB20B9204640
:10F68000FFF7E0FB0028BBD0002FB9D03946204659
:10F69000FFF7FCFC08B96A2058E738461399FFF7D2
:10F6A000CAFC08B9162051E72046FFF7D0FB08B185
:10F6B0007F204BE747F2070AA4E77A2046E7B8F134
:10F6C000000F01D00B2041E7022004A9F1F704FE4E
:10F6D0000028B8D00028B8BF404237E7039B036139
:10F6E000019B23B132461946006801F0B2F994F843
:10F6F000340020B1F6F744FF002284F83420BBF137
:10F70000000F18D1009BD3B947F207029245C9F800
:10F7100014004BD1A9F82C503A88012A24D0022A8F
:10F720002FD04946504605AAF6F736FF0346002873
:10F730003FD106980EE7009B40F040000BB140F02F
:10F740008000049A531C0CD04FF47A7592FBF5F5A7
:10F75000ADB2B5F5167F04D8B2F57A7FB8BF0125F2
:10F76000D2E74FF41675CFE77A88A9F8182004225B
:10F7700089F81A20002289F81B207A68C9F81C2011
:10F78000CFE77A8809F11C01A9F81820102289F81E
:10F790001A20002207F1140089F81B203A1D52F8A4
:10F7A00004CB824241F804CBF9D1BAE7A9F818504A
:10F7B000B7E70C2806DC0A2807DDB8F1000F3FF494
:10F7C00042AF7FE78C283FF4C1AE1846BEE62DE974
:10F7D000F74F8946DDE90C7A15461E4603F480781A
:10F7E000FFF7CBFA019058B90920F1F73DFE4FF031
:10F7F000FF3701A8FFF7CFFA384603B0BDE8F08F16
:10F8000036F4A17301D05F20EFE727B1BAF1000F02
:10F8100004D10E20E9E7BAF1000FFAD1FFF708FB97
:10F8200028B10198FFF724FB08B98020DDE7019893
:10F83000B8F1000F16D1FFF725FB08B9730611D5F3
:10F840000198FFF7D0FA68B90198FFF733FB48B980
:10F850000198FFF720FB28B90198FFF717FB08B9BB
:10F860000B20C2E70198FFF7B6FB6A460090002123
:10F870000198FFF750FB18B10028B8BF4042B4E729
:10F880000198FFF7B0FA88B90198FFF704FB002848
:10F8900076D10198FFF7FAFA0028A5D10198FFF771
:10F8A00009FB0028A3D0019B98699EE70198FFF708
:10F8B000BDFA044627B1C16852463846FFF747FAF9
:10F8C000002706F0020A2046FFF7FDFBA8421DD8DC
:10F8D0002046FFF7F8FB0646002E8AD02046FFF7A9
:10F8E000EEFB09EB070B01463246584601F0B1F832
:10F8F00001983744FFF7A1FA50B1BAF1000F7FF435
:10F9000078AF21460198FFF77DFA72E72E46E3E7CC
:10F910000198FFF797FA0028EFD1BAF1000F14D041
:10F92000B5423FF466AFB8F1000F04D06A462146F5
:10F930000198FFF7F0FA2046AD1BFFF7BDFB044628
:10F940000028C0D1002F9FD053E76389204633445D
:10F950006381FFF7B8FB18B921460198FFF752FA07
:10F96000B5423FF446AFAD1BB8F1000F04D06A4674
:10F9700000210198FFF7CFFA0198FFF757FADEE769
:10F98000002736E708B5F5F777FE002008BD38B543
:10F9900004460068F5F746FE054628B90120E388CD
:10F9A00043F02003E38038BDFFF770FA0028F5D15B
:10F9B0002846FFF77FFAF8B1E38843F00803E380B5
:10F9C000A388DA0707D52846FFF7BEFAE8B1E3882F
:10F9D00043F00103E380A3885B0707D52846FFF7C0
:10F9E000BEFA18B1E38843F00403E380B4F90600DB
:10F9F000003818BF0120D6E72846FFF74CFA002848
:10FA0000DED0E38843F01003D9E72846FFF7A1FAD8
:10FA10000028DCD12846FFF73EFA0028D7D1DAE7E4
:10FA200038B50D461446F5F7FDFD28B90920F1F764
:10FA30001BFD4FF0FF3006E0032D03D0042D03D053
:10FA40001620F4E7406C38BD012CF9D8446400203E
:10FA5000F9E7431F002B03D8DFE803F00100032080
:10FA600070477047FF2816D005DC062817D01128EC
:10FA700013D048B17047B0F5817F10D040F2111318
:10FA8000984208BF02207047012908D08B1E5942B6
:10FA900059414800704700207047022070470120FC
:10FAA0007047292811D00ADC012810D0062810D070
:10FAB000002808BF042018BF4FF0FF307047B0F592
:10FAC0008D7F08D0B0F5007FF5E70620704708204D
:10FAD0007047012070474FF4807070471B2812D97F
:10FAE000A0F164030C2B04D940F03A4040F42D00FF
:10FAF00070476B38052843D8DFE800F01E44031E2A
:10FB00001E404720704701381A280FD8DFE800F060
:10FB100010121416181A1C1E201822241A2628281F
:10FB2000222A3A2C14142E1430323400002070474C
:10FB30000C207047692070470B2070477220704777
:10FB400080207047162070477020704778207047DB
:10FB50007F2070477120704768207047742070477D
:10FB6000732070478C2070470D20704776207047B7
:10FB70000920704710207047462070475F2070476B
:10FB80006F2070477A207047C06870474269C36829
:10FB90001A60704708B5034624301AB95A624260A9
:10FBA000002008BD082A28BF082200F052FFF7E70E
:10FBB00008B503462C301AB9DA624260002008BD4D
:10FBC000082A28BF082200F044FFF7E738B50446AA
:10FBD0000D4639B1082A0BD01620F1F745FC4FF03D
:10FBE000FF3038BD002AF7D18263C2630020F8E7F6
:10FBF000F4F718FF95E8030004F1380383E80300E5
:10FC00002046FFF7CDF8F4F713FFEFE773B504468E
:10FC100008680D461646F6F7B3FC002801DB042EF3
:10FC200006D01620F1F720FC4FF0FF3002B070BD77
:10FC30002B68204684F83430FFF752F9002300285F
:10FC4000F4D0CDE900331A4619462068FFF76DFC61
:10FC5000ECE708B539B1042A0AD01620F1F704FC04
:10FC60004FF0FF3008BD002AF7D102640020F9E709
:10FC70000B680364FAE708B509B1042A05D0162019
:10FC8000F1F7F2FB4FF0FF3006E00B782BB1012BC0
:10FC9000F5D180F84C30002008BD0223F9E710B5FB
:10FCA000541E1B2C02D812F0030405D01620F1F7C5
:10FCB000DBFB4FF0FF3010BD930880F84F30503021
:10FCC00000F0C7FE2046F6E708B509B1042A05D0C2
:10FCD0001620F1F7C9FB4FF0FF3008BD0B78003B51
:10FCE00018BF012380F84D300020F6E708B509B1B0
:10FCF000042A05D01620F1F7B7FB4FF0FF3008BDFE
:10FD00000B6880F84E300020F9E770B505461446C0
:10FD10000E4631B9A2B11620F1F7A6FB4FF0FF3025
:10FD200070BD002AF7D0806C18B1F1F707FC0023F2
:10FD3000AB64601CF1F7FAFBA86440B96920EBE7FB
:10FD4000806C10B1F1F7FAFBAC640020E8E72246C2
:10FD5000314600F07EFE0022AB6C1A55F5E710B577
:10FD6000134612680446042A28BF042208461A6073
:10FD700004F1180100F06DFE0020A06110BD10B567
:10FD8000134612680446082A28BF082208461A604B
:10FD900004F1240100F05DFE002010BD10B51346F3
:10FDA00012680446082A28BF082208461A6004F18F
:10FDB0002C0100F04EFE002010BD37B50546002492
:10FDC000134695F84C200846012A18BF2246019296
:10FDD0001A6801A9042A28BF04221A6000F039FE1B
:10FDE000204603B030BD13B50446134694F84D20A9
:10FDF000084601921A6801A9042A28BF04221A6041
:10FE000000F027FE002002B010BD13B504461346D3
:10FE100094F84E20084601921A6801A9042A28BFC6
:10FE200004221A6000F015FE002002B010BD10B5CB
:10FE300004460846114694F84F309A000B689A42DF
:10FE400028BF1A460A6004F1500100F002FE0020AB
:10FE500010BDF8B5856C0E461446176875B1284676
:10FE6000E8F7BCFE0130B842024628BF3A462946B0
:10FE70003046226000F0EDFD0020F8BD3A462946EC
:10FE8000304600F00DFE2560F6E770B504460E46DC
:10FE900000F025F80546206808B1FEF719FF48F282
:10FEA00002039E4218D048F209039E4214D048F241
:10FEB00001039E420BD16B684BB104F1140204F1B3
:10FEC000380152F8040B8A4243F8040BF9D120465A
:10FED000BDE8704000F005B863696B60F7E7C06883
:10FEE00070470269C3681A60704708B1EFF784B8B9
:10FEF000704710B5436904463BB90020E2684042B0
:10FF0000537843F00103537010BD98470028F4D094
:10FF10000028B8BF4042FF28A8BFFF20E368187040
:10FF2000ECE740B1C368587810F001001EBF1878A4
:10FF3000B0FA80F0400970472DE9F04F054689B0CE
:10FF4000DDE9126805924346324606A80F4605F1E0
:10FF5000140A00F09AFBDDE90634CDE90234EFF330
:10FF600011844FF0200989F31288BFF36F8F05F1D8
:10FF70000C0B39462846059A149B984730B184F3F8
:10FF80001188BFF36F8F09B0BDE8F08F56EA0806FD
:10FF9000F5D0DDE9022306A800F09CFBDDE9066848
:10FFA0005A4621465046CDE90068F7F7DBFBEFF3F0
:10FFB000118489F31288BFF36F8FDAE710B400F170
:10FFC0000C04C0E9034410BCFBF75FB838B5044625
:10FFD000EFF31185202383F31288BFF36F8FFAF7B5
:10FFE000EFFF04F10C0000F0AEFA30B1294604F145
:10FFF0001400BDE83840F7F749BC85F31188BFF31A
:020000040002F8
:100000006F8F38BD202408B5EFF3118384F3128875
:10001000BFF36F8FFBF789FEF6E7D0E9003213607C
:100020005A600023427BC0E9003322F0020242738F
:100030008360704713B501240094F6F7F1FD02B018
:1000400010BDF8B50446EFF31186202383F3128820
:10005000BFF36F8F0568A84231D02DB32846FFF754
:10006000DCFF05F1180000F0E2FA6FF022072846E5
:10007000C5F88C7000F008FA2568AC420AD100235C
:100080002362E369A361314604F10800BDE8F8404A
:10009000F7F7FCBB3DB12846FFF7BFFF05F118009D
:1000A00000F0C5FAE3E7012500232362E369A361B9
:1000B000002DE8D186F31188BFF36F8FF8BD0023C0
:1000C0000362C3698361F5E790F90E308B4201D07A
:1000D000F7F76ABB0020704703460020C3E90033EE
:1000E000C3E902007047D0E9003213605A60002370
:1000F000427BC0E9003322F0020242738360704702
:100100002DE9F843914604460D469DF8202000F164
:100110000807EFF31186202181F31288BFF36F8F58
:1001200002B14568D4F80880474518D0B8F1000FEF
:1001300015D04046FFF7D7FF08F1180000F077FA16
:1001400000234046C8F88C30C8F8109000F09CF9A5
:1001500038463146F7F79AFB0020BDE8F883A3B193
:100160000820F8F733F9002838D00122C0F80490AD
:100170000260016801F003015DB922680A43026070
:10018000626820606AB960600BE04846C9F80030D8
:10019000EFE72A68032A16D80160616869B9C4E9E3
:1001A0000000042104F1100000F0DCFB0028CFD196
:1001B00086F31188BFF36F8FCFE70A6802F003025E
:1001C00002430A60DFE722F003020A4302602A6862
:1001D00002F0030240EA02032B60E2E76FF00B003B
:1001E000E6E710B5044630B10268930703D04468CF
:1001F00009B100F008FC204610BD012307B50093AB
:1002000000230A461946FFF77BFF03B05DF804FBA5
:100210005AB18A4209D300F11003C0E90212C0E9C1
:100220000000C0E90433002070476FF015007047EC
:10023000012302688B4022EA0303036022FA01F0E3
:1002400000F00100704710B5032104460C30FFF7A1
:10025000EFFF30B104F1100000F0E9F9B0FA80F0DE
:10026000400910BD20B10022A430114600F0A5B90C
:10027000704770B5C3680446C3F340069B0716D4A5
:10028000856802210C30FFF7D3FF80B1D5F89C20A0
:100290006AB194421DD122689EB9D5F8A030C5F844
:1002A0009C209C4201D1C5F8A02000232360E36874
:1002B00013F01F001EBF43F00203E36040F0020092
:1002C00070BD3260D5F8A020944208BFC5F8A06088
:1002D000EBE716461268DBE773B50446EFF31185CA
:1002E000202383F31288BFF36F8F0023A0F1100641
:1002F000032104380193FFF79BFF28B1A36930461F
:1003000001A90193F6F7A0FF85F31188BFF36F8F62
:1003100002B070BD13B501900846EFF3118420239D
:1003200083F31288BFF36F8F01A9F6F78DFF84F373
:100330001188BFF36F8F02B010BD10B5FFF7EAFF51
:10034000041E08DDEFF31180202383F31288BFF32E
:100350006F8FF7F7ADFA204610BD38B530220D4645
:100360000021044600F09CFB4FF480736560E3605D
:1003700038BD38B50446EFF31185202383F3128886
:10038000BFF36F8FFFF75FFF2046FFF772FF85F324
:100390001188BFF36F8F38BDC0E90000002070479F
:1003A000EFF30580003818BF012070476FF0570049
:1003B000704700207047F7F771BF10B5044686B04C
:1003C00028B31822002100F06BFB69460020F7F7E4
:1003D0008FFFD4E90032002000995B18019942EBAD
:1003E00001020299C4E90032D4E902325B18039990
:1003F00042EB01020499C4E90232D4E904325B18E9
:10040000059942EB0102C4E9043206B010BD6FF059
:100410001500FAE7D0E9003213605A600023C0E902
:100420000033704708B5FFF7F5FF437B23F0020365
:1004300043730023836008BD38B504460D46F7F7C3
:10044000F3F8637B43F002036373E5B1A5602B68A7
:100450009D4209D16B68C4E900531C606C6012E0D6
:100460006A689A42F6D01B68002BF3D094F90E20EC
:1004700093F90E108A42F3D09142F1DD5A68C4E933
:10048000003214605C6038BD10B5EFF31184202396
:1004900083F31288BFF36F8FF7F784F884F3118822
:1004A000BFF36F8F10BD08B5EFF31181202282F3E7
:1004B0001288BFF36F8F83680BB1FFF7B3FF81F32F
:1004C0001188BFF36F8F08BD014610B5EFF311849B
:1004D000202383F31288BFF36F8F437B13F0280F21
:1004E0000AD183680BB1FFF79DFF4B7B084623F0D1
:1004F00004034B73F7F756F884F31188BFF36F8F3B
:1005000010BD01211838FFF7DFBF08B50346EFF330
:100510001181202282F31288BFF36F8F006883421B
:1005200007D008B1FFF77EFF81F31188BFF36F8F0B
:1005300008BD0020F8E710B5FFF7B5FFBDE8104093
:10054000183000F074B838B5054604680020AC4295
:1005500000D138BD002CFCD02046FFF7ECFF204630
:10056000FFF792FF2C680120A542F1E738B5044659
:100570000D46F7F745FAB5F1FF3F08BFB4F1FF3F6D
:100580000246204618D000204FF47A7447F6FF73D5
:100590000146C2FB0431B3F5004F71F100020BD3E9
:1005A0006FF400429A4243F6FF728A4132BF6FF005
:1005B0000040D80B40EA414038BD38B5EFF3118513
:1005C000202383F31288BFF36F8F0468A04213D0F7
:1005D000A4B1C4F88C1022612046FFF723FF04F178
:1005E000180000F024F82046F6F7DCFF012085F320
:1005F0001188BFF36F8F38BD0020F8E72046F6E77B
:1006000008B50246F7F79AFB70B1D0E904319B1A9E
:1006100061EBE272B3F1004F72F1000104DA002ADB
:10062000ACBF1846002008BD6FF00040FBE7024653
:1006300038B5EFF31185202383F31288BFF36F8F52
:100640000368CBB1F7F77AFB04461046F7F788FB4F
:1006500000224FF000438442C0E9042306D1F7F79B
:1006600075FBFFF7CDFF0021F0F710FD002085F3AB
:100670001188BFF36F8F38BD6FF01500F7E708B52D
:10068000F7F778FC08BDF7F775BCB3F1FF3F08BF7B
:10069000B2F1FF3F70B506461D46144614D01A430A
:1006A00016D0002B08DBF7F765FC041941EB0501B8
:1006B000C6E90041304670BD6FF001031C1B4FF0CE
:1006C000FF3363EB0501F3E74FF0FF342146EFE71B
:1006D0000024FBE7B3F1FF3F08BFB2F1FF3FF8B5DD
:1006E000074616461C4610D054EA020311D0F7F70D
:1006F00041FCB0420A46A14103460AD2F31A64EB18
:100700000204C7E900343846F8BD4FF0FF331C46F9
:10071000F7E70023FBE70023C0E9081200F1180205
:10072000C0E90622C0E9003303634363704710B594
:100730000446FFF77CFFA8B9636A0BB120469847CF
:1007400004F11800FFF7E1FE60B1FFF79DFEEFF343
:100750001180202383F31288BFF36F8FBDE8104010
:10076000F7F7A6B810BD70B5D0E90034984209D0AB
:1007700044B1A568EDB115F9626C12F9625CB5423D
:1007800008D007DDC1E900042160416010E0A34208
:10079000F8D01B68002BF5D09A6862B112F9622C70
:1007A000AA42F4D0F3DD5A68C1E900321160596001
:1007B00070BDAB7BFFDE937BFCE72DE9F84F002596
:1007C0000F461446984601462E464FF0200AA94689
:1007D000BD4202DB3046BDE8F88FEFF3118B8AF3A0
:1007E0001288BFF36F8F4B7B03F03F03082B09D8B0
:1007F00053B1013B072B07D8DFE803F0281C062282
:100800000606062E102B2DD0B8F1000F3BD1237811
:10081000002B38D04B7B03F03F03082B3AD8002B3A
:100820003AD0013B072B37D8DFE803F03F393639A0
:10083000363636420B699B68002BE5D0022317E061
:100840000B691B68002BDFD0042311E00B699B6848
:10085000002BD9D001230BE00B691B6A002BD3D0EE
:10086000102305E00B69DA895B899A42CCD02023FA
:10087000CA68C1F80890C2F38630034363F3943228
:10088000CA6084F800908BF31188BFF36F8F013535
:1008900014319DE7102B0FD08C600136F3E7224610
:1008A00008691030FFF75FFFF6E722460869F9E7AD
:1008B000086922462430F5E7086922462C30F1E722
:1008C0002DE9F041846805460E46D4B16378012BCA
:1008D00022D114F8633C9A0711D5A4F17007384669
:1008E000FFF729FE082E0CBF6FF003030023E3611E
:1008F00014F8633CDB0602D13846FFF7C5FD002340
:1009000023700020EB68A860C3F38632164366F3B9
:100910009433EB60BDE8F081022BF0D12378002BFB
:10092000EDD054F8048CB8F1000FE8D004F11400B5
:10093000FFF77DFE0023A4F1140739464046E36229
:10094000FFF7E8FCDBE710B500245205090201F4CB
:100950007C5102F400120A43017B84600A43C0E91F
:10096000032310BD38B5EFF31185202383F31288DC
:10097000BFF36F8F0468A04211D0D4E90032136036
:100980005A6000232046C4E90033FFF799FF85F33E
:100990001188BFF36F8F201E18BF012038BD0024BF
:1009A000F5E70023C0E900008360704783680B60AF
:1009B000C3681360704710B583691A7A52B1D0E9E1
:1009C0000242944206D0D3E90020521840F10000C0
:1009D000C3E9002010BD043270B504460ED2EFF317
:1009E0001185202686F31288BFF36F8F41F0040132
:1009F000984785F31188BFF36F8F08B9002070BD49
:100A000040F8044BFBE720B1011F50F8040CFFF73E
:100A1000DDBA704770B5A0FB015424B92846F7F73A
:100A2000C5FC064610B90026304670BD2A46214650
:100A300000F036F8F8E7C9B20346024410B5934215
:100A4000184601D1002003E0047801338C42F6D12E
:100A500010BD0A44431E914200D1704710B511F8F1
:100A6000014B914203F8014FF9D110BD884210B5F6
:100A700001EB020402D98442234607D8431EA14257
:100A800008D011F8012B03F8012FF8E702440146C2
:100A90008A4200D110BD13F8014D02F8014DF7E76D
:100AA00002440346934200D1704703F8011BF9E763
:100AB0000A220021F7F752BF0139024410B59042D3
:100AC00001D1002005E0037811F8014FA34201D0C5
:100AD000181B10BD0130F2E7C9B20346184613F8DF
:100AE000012B12B18A42F9D17047002918BF0020AA
:100AF000704730B50A440546914201D100200FE00D
:100B000015F8013B11F8014BA3F141001928A4F19C
:100B1000410098BF2033192803D82034181BEBD08C
:100B200030BD181BFCD1002CE6D1F9E710B56AB135
:100B30000139841810F8012B11F8013F9A4203D1B2
:100B4000A04201D0002AF5D1D01A10BD1046FCE712
:100B500010B50139044632B111F8013F013A00F8ED
:100B6000013B002BF7D10021FFF79AFF204610BD73
:100B70000246014410B58A42134603D01C78013264
:100B8000002CF8D1181A10BD034630B5184613F8DA
:100B9000012B42B14C1E01E0954205D014F8015FD3
:100BA000002DF9D1F2E7104630BD38B511F0FF0441
:100BB00003460ED12146BDE83840FFF78DBF431CE8
:100BC000054621461846FFF787FF0028F7D128463B
:100BD00038BD0025F5E70A7870B56AB970BD9A424C
:100BE00009D10C46054614F8013F002BF6D015F844
:100BF000016F9E42F7D001300378002BEFD11846E9
:100C0000ECE72DE9F047C3F137090746884603F0C2
:100C10001F055FFA89F916464FF0000A384641462B
:100C20002A465346E7F7AEFF4346D4B23A468846D3
:100C30000746092C84BF4C44E4B2AA4204F13004B4
:100C400073EB0A0306F8014BE8D23046BDE8F087A3
:100C500010B50C4600F0BBFA0028A2BF2368013390
:100C6000236010BD0028A2BF136803F1FF33136097
:100C700000F0E2BA70B505460E4631462846FFF749
:100C8000E7FF041E09DB202CF7D0A4F10903042B95
:100C9000F3D932462946FFF7E5FF204670BDBDF87F
:100CA000001068B111F0100F01D00270704711F000
:100CB000080F02D0C0E9002370474B0701D502603E
:100CC00070478B06FBD5028070472DE9F04387B053
:100CD0001C461746814602AB88460093D2E90223A0
:100CE00000F0A5F904AB06460D4600934846414680
:100CF000D7E9002300F09BF90027DDE904239019D0
:100D000053EB050128BF012737B1029B039A01333A
:100D100042F10002CDE90232403CDDE902230094B9
:100D200000F0A0F907B0BDE8F0832DE9F843B0FA70
:100D300080F6002980460F46A1EB060606F107065D
:100D400025DB0846F9F760FD06443846F41BF9F741
:100D500061FD3946221A40463D3200F058F9B7424B
:100D600013DC1F2C68DC4FF0FF33A34038EA030389
:100D70000CBF01240024B0FA80F33546F31A9E33E9
:100D8000FE2B27DD4FF0FF4044E00124F3E74C4207
:100D90002046F9F73FFD351A2046A5EB0709F9F77C
:100DA00039FD21462E4609EB000240463C3200F058
:100DB0001BF9AF4230DCB9F11F0F3DDC4FF0FF33C0
:100DC00003FA09F338EA030327D0B0FA80F30024CA
:100DD000EB1A9E33002B23EAE372D4BF01231346A0
:100DE0005B1BA3F19705963B20FA05F120FA03F36C
:100DF000C90723D544B14FF0FF31A94020EA0100D3
:100E000003F00101084319D0581CC0F31600C0B10B
:100E100040EAC250BDE8F88300230521B8FBF1F297
:100E200002EB8205A84502D101339046F6E79C42C9
:100E30008CBF002401249EE700249CE7C3F3160026
:100E4000E6E70132E4E72DE9F04F061887B099464E
:100E5000154641EB010402AB3046DDF844B02146B3
:100E60000093A9F1410AD2E9002300F0E0F804ABB5
:100E700007468846304621460093D5E9022300F014
:100E8000D6F80022DDE90263841951EB0306049BC6
:100E900028BF0122D5E90001D218059B43F10003C8
:100EA000381848EB0101B84271EB0801D5E902C1DD
:100EB00034BF0120002014EB0C0CCDF800A046EB51
:100EC000010110EB0C0041F10001A04271EB060C96
:100ED00034BF4FF0010C4FF0000CCDE904231CEBA4
:100EE000020243F1000300F0BDF8109BC3E90001CA
:100EF000129B012BDDE9042329D1D5E90201D5E9B3
:100F000000C5201ACDF800A066EB0101674578EB1B
:100F1000050534BF01250025401B61F10001844215
:100F200076EB010534BF01250025521B63F1000358
:100F300000F098F8DDE90423CBE9000120463146B2
:100F4000CDF800A000F08EF807B0BDE8F08F17EBE9
:100F5000070E48EB080C201946EB0601BE457CEB5A
:100F6000080834BF01270027C71941F10008D5E957
:100F7000000186457CEB010C34BF01200020D5E93F
:100F80000215381A68F1000C401A6CEB0501921832
:100F90005B41A74278EB060534BF012500255219B5
:100FA00043F10003874278EB010834BF0125002597
:100FB000521BA9F140050095B8E710B5A3FB00430B
:100FC0000299A2FB0020001943F100033F29DBBF77
:100FD000A1F12002C1F1400140398B40D6BFD04081
:100FE00023FA01F0184310BD30B587B00446084617
:100FF000154602A9F9F7A8FC049B204600955A1C47
:10100000059B43F10003FFF7D8FF07B030BD30B5B3
:1010100087B015460446084602A9F9F723FC204686
:101020000095DDE90423FFF7C8FF07B030BDF0B538
:101030000F460446A0FB0201059EA7FB0252491978
:10104000A3FB0445A7FB037342F10002611845F1BD
:101050000004D21943F10003121943F10003C6E959
:101060000023F0BDF0B5059CC4F14007C4F1200693
:10107000A4F12005E04002FA06F6BB4022FA05F58D
:10108000BA403343C4F120062B4301FA06F6A4F11B
:101090002005304321FA05F5E14028431943104368
:1010A000F0BD2DE9F0410446CD0FC1F30A50C1F364
:1010B000130140F2FF76157154EA010707D0B042E0
:1010C0000CD145F0080500201571BDE8F08100281D
:1010D00064D0B0425FD145F00405F4E700285AD14E
:1010E0000120A0F2FF30002B10605ADB0C2B5ADCE1
:1010F000C3F10D050120AD0005F1FF3CA5F121076D
:10110000C5F1210600FA07F720FA06F600FA0CF0FE
:101110003743061847EB0708D6F1000E68EB480C7A
:10112000013E48F1FF38264008EA0108B04277EB5B
:10113000080810DBC5F12008B5F1200624FA05F5F2
:1011400001FA08F858BF41FA06F645EA080558BF03
:101150003543ED0703D52018044641EB070104EAA7
:101160000E0401EA0C019DF81860123218460D2594
:10117000C6F127064FF0300E04F00F03240905F1E5
:10118000FF3C571E44EA01740911B3B9A8420CDAB6
:1011900065463A46F0E741F48011A2E7044601466D
:1011A000A1E70023DFE70D23DDE782F800E01CF173
:1011B000010365463A46DFD187E7092BC8BF9B1973
:1011C000A84203F13003B8BF28461370EFE710B50B
:1011D00083780446DA0705D443F004034FF0FF3068
:1011E000A37010BD4FF00002D4E85F3FC4E8512F58
:1011F0000029F9D19BB213B1581EC0B2F1E7A36820
:1012000098470028F9DA0130A37814BF0822042295
:101210001343E3E702690346107810B101321A6103
:1012200070476FF001007047D1E9043293421EBF4E
:101230005A1C0A61187070478B78DA0702D44FF095
:10124000FF307047431CFAD0C0B2431CD1E8DF2FF7
:10125000002A04D1C1E8DC3FBCF1000FF6D1EED189
:101260008B7823F008038B707047000001480068FA
:1012700070470000DCDE00204079FE7F01000000A6
:10128000E9EF0000000000001DF000000000000079
:101290004D3C01000000000000000000701302003F
:1012A000E16B01000000000000000000901302004C
:1012B00000000000B0130200000000001014020043
:1012C00000000000F013020000000000D013020034
:1012D0000000000030140200810001000000000046
:1012E0002D0F010000000000ADD300000000000041
:1012F000B9120100000000000000000050130200BD
:10130000CDED0000000000002BE301000000000014
:10131000DD830100000000000000000070140200E6
:101320000000000050140200B7E2010000000000BD
:1013300085BF010000000000291F0100000000001F
:1013400045E20100000000009FE2010000000000F3
:10135000024E020000000000B0C700207AC8002042
:1013600028E100207D1701000000000000000000BF
:10137000FF4B02003C1D0200F416020068C800206A
:101380002CDF0020E1FD0000000000000000000054
:10139000A74C02005C1D0200B81602006EC80020B7
:1013A000A0DF0020F90301000000000000000000A1
:1013B000244C020000000000981602006AC80020B9
:1013C0000000000051CF01000000000000000000FC
:1013D000614D0200D41D02001017020072C80020E7
:1013E000F4C600203FD6010039D6010000000000FD
:1013F0006B4D0200281E02001017020074C8002066
:1014000018C700205DD6010039D601000000000099
:10141000754D02007C1E02001017020076C80020E5
:101420003CC700207BD6010039D601000000000037
:101430008F4D020000000000E416020078C8002072
:1014400074C700209D110100000000000000000092
:10145000864C020000000000A01602006CC80020AC
:10146000000000000D01010000000000000000006D
:101470002F4D0200701D0200DC16020070C8002013
:10148000D4C600208106010000000000000000001A
:101490000000000007BD01000000000007BD0100C2
:1014A0000000000007BD01000000000007BD0100B2
:1014B0000000000007BD01001DE4010065E301001C
:1014C0000000000007BD01000000000007BD010092
:1014D0001014020021D401000000000007BD01002B
:1014E000F0130200DDD60100D0130200DDD60100AA
:1014F0000000000007BD01000000000007BD010062
:101500000000000007BD01000000000007BD010051
:101510000000000007BD01000000000007BD010041
:101520000000000007BD01000000000007BD010031
:101530000000000007BD010000000000BD0F010019
:101540000000000007BD01000000000007BD010011
:1015500074C70020A5EB01000000000007BD0100DA
:101560000000000007BD01000000000007BD0100F1
:101570000000000007BD01000000000007BD0100E1
:101580000000000007BD01000000000007BD0100D1
:101590000000000007BD0100D4C6002073EA01006E
:1015A0000000000007BD01000000000007BD0100B1
:1015B0000000000007BD01000000000007BD0100A1
:1015C0000000000007BD01000000000007BD010091
:1015D0000000000007BD01000000000007BD010081
:1015E0008946010065E301000000000007BD01001D
:1015F0000000000007BD01000000000007BD010061
:101600000000000007BD01000000000007BD010050
:101610000000000007BD010064C600206BD001007F
:101620000000000007BD01000000000007BD010030
:101630000000000007BD01000000000007BD010020
:101640000000000007BD01000000000007BD010010
:101650000000000007BD01000000000007BD010000
:101660000000000007BD01000000000007BD0100F0
:101670000000000007BD01000000000007BD0100E0
:101680000000000007BD01000000000007BD0100D0
:101690000000000007BD01003DCF01000000000078
:1016A00095CF0100C101010035010100E1000100F9
:1016B00061CF0100D100010085020100D1CF0100FE
:1016C000DDCF0100F1CF0100FBCF010005D001000B
:1016D0003504010019D0010000000000610701007D
:1016E00097D001000FDB0100E1DA01002D110100AC
:1016F000E7DA010039FE0000AFCE01000FCF010094
:10170000000000004DCE01000000000000000000BD
:101710006FD10100AD0A01008FDA0100610B0100F9
:101720001BD1010077D3010085D10100C108010060
:10173000A3D0010089D50100B7D10100DFD101009C
:1017400015D2010029D2010057D201006BD201004D
:1017500029D2010047D201007FD201008DD20100C1
:101760009BD20100D1D20100D5D2010000000000BF
:10177000010000000D190100CD1C01002E26020001
:1017800003000000A225020003000000F64F020043
:10179000030000005D45020003000000164C02003B
:1017A00003000000462D020003000000295D020036
:1017B0000300000001440200030000004829020069
:1017C00003000000785B020003000000D146020025
:1017D000030000009D4C020003000000974502003A
:1017E000030000003232020003000000BF2B0200A1
:1017F0000300000024390200030000009C440200A2
:1018000003000000A645020003000000A0440200FF
:1018100003000000C846020003000000AE500200B2
:10182000030000002F290200030000000F24020023
:101830000300000092600200030000004A5B020007
:1018400003000000555B0200030000001A5D020067
:1018500003000000484B020003000000CD400200DE
:1018600003000000C74B020003000000CF4B020042
:1018700003000000C72E020003000000D34D020049
:10188000030000005463020003000000394D020011
:10189000030000008D2A02000300000092380200BD
:1018A00003000000DE4B0200030000007F4D020039
:1018B00003000000E4390200030000009E4D020016
:1018C00003000000F734020003000000A81C02001F
:0C18D0004CC60020B746020001000000DA
:1018E0000000000030750000000000000200000051
:1018F00005550100E161010011670100CFEB010016
:10190000D7EB0100C7EB010085F901005567010025
:10191000D3EB0100CBEB0100000000000000000051
:1019200000000000000000000000000000000000B7
:101930000338FDD8704700000100000000000000DF
:101940000500000000000000190000000000000079
:101950007D00000000000000710200000000000097
:10196000350C000000000000093D000000000000F0
:101970002D31010000000000E1F50500000000002D
:1019800065CD1D0000000000F90295000000000078
:10199000DD0EE90200000000514A8D0E000000003B
:1019A0009573C24800000000E941CC6B01000000C3
:1019B0008D49FD1A07000000C16FF2862300000068
:1019C000C52EBCA2B1000000D9E9AC2D78030000FF
:1019D0003D9160E45811000031D6E275BC5600001C
:1019E000F52E6E4DAEB10100C9EA26836778080076
:1019F000ED95C28F055A2A00A1EDCCCE1BC2D300B3
:101A000025A4000A8BCA2204000000000000000088
:101A100000000000000000100000000000000000B6
:101A2000B9340332B7F4AD1410DB1AB30892540E74
:101A30000D307D951447BA1A66088F4D26ADC66DD8
:101A4000F598BF85E2B74511CA96853D92BD1DEB5D
:101A5000FCA11860DCEF52163C92AE220BB8C1B468
:101A6000839D2D5B0562DA1C304C7E8F4E8BB25B02
:101A700016F4529F8B56A512FBD4827643ED8AF062
:101A80008FE7F9311565191850F19BD94A13EEB457
:101A9000284CF0A686C1251F035FC270CB9E491655
:101AA000E642889C44EB2014B0650836AD6EA585EF
:101AB00085F0CA14E2FD031A0B899979D5B13D0965
:101AC000D8DA973A35EBCF10AC363F5E73BB38CFE0
:101AD0003E6752FA44AFBA15010000000000000052
:101AE0000000000000000020345065C05FC9A6520D
:101AF000BB13CBAEC440C21806C8DF7100D5A87CAA
:101B0000F56F0FDA58FC27136E4756357D24206594
:101B100002C7E768E48CA41DE9E60268D7CD396105
:101B20007977FCC2405BEF16798CDE43FFA751F951
:101B300091F3B278F5BDBE11E857E9D6E8BEE87B6F
:101B4000B054AC8F848D751BEA23A499E9F9D38B2B
:101B5000B7A3714061DA3E15CEE33ECB73F9480876
:101B60008C97B427D51B7010A2BFEFB9EB85321547
:101B70004DB44DB49BBB6F1996B6076CF8E7EEAD4C
:101B800036D9B4F59135AE13222218AF4E6A684D9E
:101B900091DAAA3D4F40741E9FBD9EE006A1C098F9
:101BA00057C2A7FDA40E90170E7D497173E3208FD5
:101BB000B220D87605143B12853D7434811343B0AE
:101BC000AD297A5F27F4351C552902005D290200F2
:101BD00064290200D42E0200E32E0200F128020044
:101BE000F32E02006B290200FA2E02000100000011
:101BF0000000000027400200CD3A020038400200F9
:101C0000CD3A020061400200CD3A0200CD3A020016
:101C100075400200CD3A0200CD3A0200CD3A0200F2
:101C2000CD3A0200CD3A0200CD3A020092400200C5
:101C30002A000000A9440200AF440200814F0200C4
:101C4000B4440200C0D100200001000053BA0100DA
:101C5000FDB9010002000000FBBB01000000000014
:101C60000000000000000000000000009746020095
:101C70009F4602000000000000000000000000007D
:101C8000A7460200AB460200AF460200B346020080
:101C9000981C0200B0DE0020D1DD0000D0DE002064
:101CA0008601012001000000B9BC0100AFBC0100A9
:101CB0007DBC010071BC01000000000065BC01009A
:101CC0000000000080C500200000000006000100A8
:101CD00002000000D81C020000000000B84B020007
:101CE00002000000E0FF0F0068C50020C04B0200AA
:101CF00021000000E0FF0320F34B0200040000007D
:101D0000F84B02000600000009F9000089F9000004
:101D1000CDF9000051FA00007DFA000011FB00002F
:101D200059FC00009DFC000021FD00004DFD00005D
:101D30009DFD00006DFD000000000000F5FE0000AC
:101D400075FE00000A4C020039CF010035CF0100BA
:101D5000104C02000400000000FF0000FFFFFFFF26
:101D60000025844064C60020000000000000000040
:101D70000000000000000000000000000000000063
:101D80000000000000040000E8030201010100005F
:101D900000E7002004000000000000000000000038
:101DA000A81D02000024F40000100240B41D02002F
:101DB00002000000CC1D020002000000C41D020051
:101DC00002010000058000160780001705000016BC
:101DD0000700001700B000400500000000000000F0
:101DE000FC1D02000000D60100000000900101204F
:101DF0008B0101208A0101208901012000B00040EF
:101E0000081E020002000000201E02000200000066
:101E1000181E020002010000018000000080000185
:101E2000010000000006000100A0004005000000C5
:101E300000000000501E020000009D000000000095
:101E40009F0101209A0101209901012098010120A0
:101E500000A000405C1E020002000000741E020090
:101E6000020000006C1E0200020100001D80000044
:101E70001C8000011D0000001C06000100800040C5
:101E80000100000000000000A41E02000000D601B6
:101E9000000000000000000000000000A801012078
:101EA000A701012000800040B01E020002000000D7
:101EB000D01E020004000000C01E02000401000049
:101EC0001D8000001C8000011B8000021A8000039E
:101ED0001D0000001B0000021C0600011A06000382
:101EE00000800020E8040000E884002000200000BA
:101EF00068A5002000200000000000000000000095
:101F00000100000051970000FD1101001BDD0100E0
:101F1000EDDB0100F1DC01000FDC010003DD01005D
:101F2000B91B010000000000611E010033DE01004A
:101F3000E7DB0100711D01004519010021DC0100F2
:101F400055180100A5170100F51901000000000057
:101F50000000000000000000194E02000100000017
:101F6000334E0200020000004F4E0200030000004A
:101F7000694E020004000000844E020005000000CB
:101F8000984E020006000000AE4E0200070000005E
:101F9000CB4E020008000000E84E020009000000DD
:101FA000094F020010000000204F02001100000045
:101FB000364F020012000000524F020013000000D2
:101FC0006E4F020014000000864F02001500000052
:101FD00001500200065002000E5002001A5002008A
:101FE000000000008A550200010000009C5502001C
:101FF00002000000AE55020003000000BB550200C5
:1020000004000000CC55020005000000DC55020071
:1020100007000000E655020000000000000000007C
:1020200000000000E3560200E9560200A856020034
:10203000EF560200F5560200FB560200015702005F
:1020400094210200882102007C2102003421020038
:102050007021020064210200582102004C2102007C
:1020600040210200282102001C2102001021020050
:1020700004210200F8200200EC200200E02002000F
:10208000D4200200C8200200BC200200B0200200C0
:10209000A4200200982002001E5A02002A5A0200C0
:1020A000030702002E5A0200375A02000102020002
:1020B000405A0200485A0200000102004D5A020034
:1020C000555A0200000102005A5A02006A5A0200E0
:1020D000030501005A5A0200725A0200020501006B
:1020E0005A5A02007C5A020001050100845A02007B
:1020F0009D5A020003040200E1260200A35A0200D6
:102100000001020034590200B15A0200010201002C
:10211000F6580200BD5A020001020100CC5A02002A
:10212000D55A0200010201001E5A0200DE5A0200C6
:1021300004070200F1260200E85A0200030A020026
:10214000F1260200F15A0200040A0200F85A0200C5
:10215000085B020003050100F85A0200015B02005F
:1021600003050100F85A0200055B020003050200A6
:102170000C5B0200175B0200010201001E5B020003
:102180002A5B020001020200CD590200395B020005
:102190000102010081590200455B020006070100AF
:1021A000075E0200125E020008000000010000004D
:1021B00008000000010000007D540100115A0100D8
:1021C000000000008BFE0100D9650100916701004D
:1021D00001500200065002000E5002001A50020088
:1021E00000000002000000010000000400000008E0
:1021F00000000010041000000170000004700000D6
:10220000FFFFFFFFFFFFFFFFFFFFFFFFFFFFFFFFDE
:10221000FFFFFFFFFFFFFFFFFFFFFFFFFFFFFFFFCE
:1022200003700000027000000570000006700000DE
:1022300008700000097000000A70000007700000BC
:10224000FFFFFFFFFFFFFFFFFFFFFFFFFFFFFFFF9E
:10225000FFFFFFFFFFFFFFFFFFFFFFFFFFFFFFFF8E
:10226000FFFFFFFF01800000104000001060000031
:102270001130000012300000FFFFFFFFFFFFFFFFE3
:10228000FFFFFFFFFFFFFFFFFFFFFFFF103000001A
:10229000FFFFFFFFFFFFFFFFFFFFFFFFFFFFFFFF4E
:1022A000FFFFFFFFFFFFFFFFFFFFFFFFFFFFFFFF3E
:1022B000FFFFFFFFFFFFFFFFFFFFFFFFFFFFFFFF2E
:1022C000FFFFFFFFFFFFFFFF06500000FFFFFFFFC4
:1022D000FFFFFFFFFFFFFFFFFFFFFFFFFFFFFFFF0E
:1022E000FFFFFFFF206000000A6302001863020086
:1022F0002C6302003B63020047630200801202006D
:1023000080120200E0120200E812020038130200FC
:10231000501302005763020000010000000000009B
:1023200000000000000000000000000000000000AD
:102330000000004095596959555554551555555645
:1023400004051541105455404551554440455044ED
:10235000505555450040004040044496655556553B
:10236000454045545141154055915555555540519D
:10237000050100005445545445550504001004104F
:10238000140440000000014055551541540400005C
:10239000440001000000004041000044504445500A
:1023A000540055555455655100400040010000014E
:1023B000000501001154515154555505000000000D
:1023C0000000000000000000EAFF7AFFF4FF6E52F8
:1023D0004639313630206D756C74692D7461736BBC
:1023E000206669726D7761726520737461727469B9
:1023F0006E67006170706C69636174696F6E5F69AC
:102400006E6974206661696C65643A202564006DAC
:1024100061696E007B226465766963654964223A6E
:10242000222573222C226170704964223A22424F85
:102430004F54222C226D6573736167655479706502
:10244000223A2244415441222C2264617461223A8E
:10245000226F6E6C696E65227D00626F6F742070F2
:1024600061796C6F6164206275696C642066616972
:102470006C65643A20256400646174610061707069
:102480006C69636174696F6E5F696E697400617015
:1024900070006170706C69636174696F6E5F7374F2
:1024A0006172743A207374617274696E672074612A
:1024B000736B73007761746368646F675F737461D3
:1024C0007274206661696C65643A202564006C74DE
:1024D000655F7461736B5F737461727420666169A8
:1024E0006C65643A202564006D7174745F73657265
:1024F000766963655F7374617274206661696C6587
:10250000643A202564006865617274626561745F75
:102510007374617274206661696C65643A20256425
:10252000006E6574776F726B5F646961675F737467
:10253000617274206661696C65643A202564006785
:1025400070735F7374617274206661696C65643A5C
:1025500020256400776966695F7363616E5F7374D9
:10256000617274206661696C65643A202564007349
:102570006572766F5F7374617274206661696C65F1
:10258000643A202564006C65645F737461747573CC
:102590005F7374617274206661696C65643A2025AA
:1025A00064006170706C69636174696F6E00617062
:1025B000705F6576656E745F6D7367712066756CAC
:1025C0006C2C2064726F7070696E67206F6C642071
:1025D0006576656E74732028747970653D2564296D
:1025E000006C697374656E6572207461626C65203D
:1025F00066756C6C2C2063616E6E6F7420726567FB
:1026000069737465722027257327006C697374657C
:102610006E657220726567697374657265643A20CD
:1026200025732028257520746F74616C29006170F2
:10263000705F6576656E7473004C54452D4D006E69
:102640006F6E6500416374697665204C5445206D5A
:102650006F64653A202573002020252D39733A20B8
:102660002573002D2D2D206D6F64656D20737461B1
:102670007475732028257329202D2D2D005549436D
:1026800043002020252D39733A206E6F207369672F
:102690006E616C2028636865636B204C5445206133
:1026A0006E74656E6E61202F20636F766572616750
:1026B0006529002020252D39733A202564206442A5
:1026C0006D202872617720256429004F7065726142
:1026D000746F720043656C6C2D49440041726561F2
:1026E0000041542B43474D52004D6F64656D465772
:1026F0000041542B43455245473F006D6F64656D63
:102700005F696E666F5F696E6974206661696C658A
:10271000643A20256420287369676E616C206C6FB1
:102720006767696E672064697361626C656429001C
:102730004C5445207461736B20696E697469616CD7
:10274000697A656400436F6E6E656374696E6720B5
:10275000746F204C544520284C54452D4D202B207F
:102760004E422D496F542C207363616E6E696E6703
:1027700020616C6C2062616E6473292E2E2E006CB9
:1027800074655F6C635F636F6E6E6563745F6173C6
:10279000796E63206661696C65643A2025642C203B
:1027A000726574727920696E2025642073004C5420
:1027B00045205245414459004C544520636F6E6E8C
:1027C000656374696F6E206C6F7374202D3E207288
:1027D00065636F6E6E656374696E67006E72665FC7
:1027E0006D6F64656D5F6C69625F696E69742066A8
:1027F00061696C65643A202564202D3E2073746FF6
:102800007070696E67204C5445207461736B005280
:10281000656769737465726564206F6E204C5445FA
:10282000206E6574776F726B2028257329005365BD
:1028300061726368696E6720666F72204C54452030
:102840006E6574776F726B2E2E2E004E6574776FE7
:10285000726B20726567697374726174696F6E2040
:1028600064656E6965642028636865636B205349FD
:102870004D2F41504E2F7375627363726970746986
:102880006F6E290053494D2028554943432920663E
:1028900061696C757265004E6F742072656769734B
:1028A000746572656420287374617475732025647F
:1028B00029005374696C6C20736561726368696E7A
:1028C0006720666F72204C5445206E6574776F7276
:1028D0006B20284C54452D4D202B204E422D496F06
:1028E000542C20616C6C2062616E6473292E2E2E34
:1028F00000736561726368696E67004D4F44454DB2
:10290000204641554C543A20726561736F6E2030F9
:1029100078257820282573292C20504320307825CD
:1029200078202D3E207265626F6F74696E67006C4F
:1029300074655F7461736B0073746174653A20250C
:1029400073202D3E202573006465766963655F738F
:1029500074617465004F46464C494E45004C5445E1
:102960005F5550004F4E4C494E4500756E6B6E6F73
:10297000776E007B226465766963654964223A223A
:102980002573222C2274696D657374616D704D73AB
:10299000223A256C6C642C226D65737361676554F3
:1029A000797065223A22494E464F222C2273636881
:1029B000656D6156657273696F6E223A22257322C6
:1029C0002C2264657669636554797065223A222504
:1029D00073222C2268617264776172655665727326
:1029E000696F6E223A222573222C226669726D77F6
:1029F00061726556657273696F6E223A2225732281
:102A00002C22696D6569223A222573222C22696382
:102A1000636964223A222573227D007265676973B7
:102A200074726174696F6E207061796C6F6164207B
:102A30006275696C64206661696C65643A2025641E
:102A400000726567697374726174696F6E20707566
:102A5000626C697368206661696C65643A202564FC
:102A600000726567697374726174696F6E20707546
:102A7000626C697368656420746F202E2E2E2F257A
:102A80007320282564206279746573290072656754
:102A9000697374726174696F6E006F66666C696EDB
:102AA00065006F6E6C696E6500646973636F6E6E4E
:102AB0006563746564007B22646576696365496457
:102AC000223A222573222C2274696D657374616D1C
:102AD000704D73223A256C6C642C226D65737361A2
:102AE000676554797065223A2248454152544245FF
:102AF0004154222C22736368656D61566572736957
:102B00006F6E223A222573222C22757074696D65CE
:102B10004D73223A256C6C642C2262617474657268
:102B200079566F6C746167654D76223A25642C2264
:102B30006C74655369676E616C5175616C69747909
:102B4000223A222573222C226D717474537461749D
:102B50007573223A222573222C226D656D6F72796E
:102B60005573616765223A25642C226370754C6F3A
:102B70006164223A25642C22646576696365537426
:102B8000617465223A222573222C22677073537474
:102B900061747573223A222573227D006865617223
:102BA0007462656174207061796C6F616420627514
:102BB000696C64206661696C65643A20256400680C
:102BC00065617274626561740068656172746265E2
:102BD0006174207075626C697368206661696C65E8
:102BE000643A2025640068656172746265617420CE
:102BF0007075626C697368656420746F202E2E2E68
:102C00002F25730068656172746265617420746158
:102C1000736B20737461727465642C20696E7465C3
:102C20007276616C3D2564207365630022257322F2
:102C3000007B226465766963654964223A222573C4
:102C4000222C22737461747573223A25647D0063AB
:102C50006D642F726573756C7400636D6400256C10
:102C60006C6400636F6D6D616E643A2069643D252C
:102C70007320636D643D2573006765745F737461D1
:102C8000747573007075626C6973685F74657374D2
:102C9000007363616E5F77696669006F70656E00CF
:102CA000636C6F736500300A25730A007265626F8A
:102CB0006F740073746172745F676E737300737402
:102CC0006F705F676E7373006765745F636F6E66C6
:102CD0006967007365745F636F6E6669670066613C
:102CE00063746F72795F726573657400756E737566
:102CF00070706F7274656420636F6D6D616E6420B7
:102D000072657175657374656400756E6B6E6F774F
:102D10006E20636F6D6D616E642072657175657391
:102D200074656400636F6D6D616E642073746174AB
:102D30007573207075626C697368206661696C6573
:102D4000643A20256400636F6D6D616E645F686135
:102D50006E646C6572007B226465766963654964A4
:102D6000223A222573222C2274696D657374616D79
:102D7000704D73223A256C6C642C226D65737361FF
:102D8000676554797065223A224E4554574F524B2D
:102D9000222C22736368656D6156657273696F6E6C
:102DA000223A222573222C2263657265675374616F
:102DB000747573223A222573222C2263657265672B
:102DC000436F6465223A25642C2272737270223A32
:102DD000222573222C2272737271223A22257322C9
:102DE0002C22746163223A222573222C2263656CA3
:102DF0006C4964223A222573222C226D6363223AA5
:102E0000222573222C226D6E63223A222573222CF6
:102E10002262616E64223A222573227D006E6574FF
:102E2000776F726B207061796C6F61642062756975
:102E30006C64206661696C65643A202564006E6587
:102E400074776F726B006E6574776F726B20646954
:102E500061676E6F7374696373207075626C6973F8
:102E600068206661696C65643A202564006E65744B
:102E7000776F726B20646961676E6F7374696373D7
:102E8000207075626C697368656420746F202E2EE3
:102E90002E2F2573006E6574776F726B20646961E5
:102EA000676E6F7374696373207461736B207374DE
:102EB00061727465642C20696E74657276616C3D14
:102EC000256420736563006E6574776F726B5F6451
:102ED000696167006E6F745F7265676973746572AC
:102EE000656400726567697374657265645F686FB5
:102EF0006D650064656E6965640072656769737409
:102F0000657265645F726F616D696E6700475053EB
:102F10002055415254205258207265737461727466
:102F20006564004750532055415254205258207236
:102F3000657374617274206661696C65643A2025FA
:102F400064006672616D696E6700706172697479A0
:102F5000006F76657272756E00627265616B006EED
:102F60006F69736500636F6C6C6973696F6E00479E
:102F70005053205541525420525820627566666560
:102F80007220726573706F6E7365206661696C651F
:102F9000643A202564004750532055415254205232
:102FA000582073746F707065643A2025732028254B
:102FB00064292C20636F756E743D257500747275DD
:102FC000650066616C736500475053207461736BD4
:102FD00020737461727465642028554152542061D5
:102FE00073796E632F444D41292C207075626C6992
:102FF000736820696E74657276616C3D2564207318
:10300000656300475053204E4D454120636865631A
:103010006B73756D206572726F72733A202575003F
:1030200047505320554152542052582061637469CF
:1030300076653A2025752076616C6964204E4D4591
:10304000412073656E74656E63657300475053204D
:1030500055415254206C696E6B2075700047474192
:1030600000524D43007B22646576696365496422A2
:103070003A222573222C2274696D657374616D7018
:103080004D73223A256C6C642C226D6573736167F5
:103090006554797065223A224C4F434154494F4E52
:1030A000222C22736368656D6156657273696F6E59
:1030B000223A222573222C2276616C6964223A25F9
:1030C000732C226669785175616C697479223A258E
:1030D000752C22736174656C6C69746573223A2572
:1030E000752C226C6174223A252E36662C226C6F68
:1030F0006E223A252E36662C22616C744D223A25BA
:103100002E31662C2268646F70223A252E32662C8E
:103110002273706565644B6E6F7473223A252E328C
:10312000662C22636F75727365446567223A252E9B
:1031300031662C22757463223A222573222C226474
:10314000617465223A222573227D006C6F6361747D
:10315000696F6E207061796C6F6164206275696C53
:1031600064206661696C65643A202564006C6F6355
:103170006174696F6E006C6F636174696F6E20704B
:1031800075626C697368206661696C65643A2025B4
:1031900064006C6F636174696F6E207075626C6936
:1031A00073686564202876616C69643D25642C2011
:1031B000736174733D25752900475053206C6F73FC
:1031C000743A206E6F204E4D454120666F72202567
:1031D0006420732C2072657374617274696E672049
:1031E0005541525420525800475053205541525493
:1031F000206E6F7420726561647900756172745F0E
:1032000063616C6C6261636B5F7365742066616996
:103210006C65643A20256400756172745F72785F32
:10322000656E61626C65206661696C65643A202533
:10323000640067707300455350205541525420522A
:10324000582062756666657220726573706F6E7362
:1032500065206661696C65643A20256400455350B9
:1032600020554152542052582073746F7070656419
:103270003A20726561736F6E20256420286C696E38
:10328000652F45535033322069737375653F2900AC
:1032900077696669207363616E3A206E6F2072658C
:1032A00073706F6E73652077697468696E2025642A
:1032B00020732028636F756E743D2575290077692A
:1032C0006669207363616E3A2045535020726570C1
:1032D0006F72746564206572726F7220636F6465CB
:1032E0002030782530325800455350206672616D89
:1032F0006520435243206D69736D61746368007784
:10330000696669207363616E3A20696E76616C69E3
:1033100064205343414E5F524553504F4E53450036
:1033200077696669207363616E3A20256420415095
:103330007320627574204D515454206F66666C6919
:103340006E65202D3E206E6F74207075626C6973FF
:10335000686564007B226465766963654964223A26
:10336000222573222C2274696D657374616D704D12
:1033700073223A256C6C642C226D657373616765EA
:1033800054797065223A2257494649222C227363A8
:1033900068656D6156657273696F6E223A22257396
:1033A000222C22636F6E73696465724970223A251C
:1033B000732C226170436F756E74223A25642C223F
:1033C00077696669416363657373506F696E74737F
:1033D000223A5B0077696669207061796C6F61647D
:1033E00020686561646572206275696C642066613D
:1033F000696C65640025737B226D6163416464724E
:10340000657373223A22253032583A253032583AC1
:10341000253032583A253032583A253032583A253C
:10342000303258222C227369676E616C5374726556
:103430006E677468223A25642C226368616E6E653B
:103440006C223A25752C227369676E616C546F4E3D
:103450006F697365526174696F223A25642C226129
:103460006765223A25757D00776966692070617904
:103470006C6F6164207472756E6361746564206141
:1034800074204150202564005D7D007769666920C5
:103490007061796C6F616420636C6F736520666125
:1034A000696C65640077696669207075626C697320
:1034B00068206661696C65643A20256400776966F6
:1034C00069207075626C69736865642028256420C2
:1034D0004150732C20636F6E736964657249703D4F
:1034E000256429004553502055415254206E6F7475
:1034F00020726561647900776966695F7363616EE4
:103500000057694669207363616E207461736B2094
:10351000737461727465642028554152542061733C
:10352000796E632F444D41292C20696E7465727643
:10353000616C3D256420732C206D61785F61707330
:103540003D25642028474E53532D66616C6C6261A3
:10355000636B290077696669207363616E3A206E38
:103560006F20474E535320666978202D3E207363A9
:10357000616E6E696E67202866616C6C6261636B58
:10358000290077696669207363616E3A20666F72FD
:1035900063656420627920636F6D6D616E640045C0
:1035A0005350205541525420525820656E61626C30
:1035B00065206661696C65643A2025640045535056
:1035C0002055415254207478206661696C65643AD4
:1035D00020256400455350205541525420747820D2
:1035E00074696D656F757400455350205541525490
:1035F0003A202575205258206572726F72732064CC
:103600007572696E67207363616E202863686563F5
:103610006B204553503332206C696E6B29007769FB
:103620006669206C696E6B20646F776E202D3E207A
:103630006175746F2D726574727920696E202564CE
:103640002073007B226465766963654964223A22AF
:103650002573222C2274696D657374616D704D73CE
:10366000223A256C6C642C226D6573736167655416
:10367000797065223A22534552564F5F5354415454
:103680005553222C22736368656D615665727369A8
:103690006F6E223A222573222C22736572766F2276
:1036A0003A25642C22616374696F6E223A22257375
:1036B000222C22616E676C65223A25642C22616E91
:1036C000676C654F6E223A25642C22616E676C65CB
:1036D0004F6666223A25642C22686F6D65223A2572
:1036E000642C22686F6C64536563223A25647D0004
:1036F000736572766F207374617475732062756977
:103700006C64206661696C65643A202564007365A9
:1037100072766F2F73746174757300736572766F50
:103720002073657175656E63652025732073746100
:10373000727465640070776D5F7365742073657271
:10374000766F2025642028636825752920666169C5
:103750006C65643A20256400736572766F20256479
:103760003A20756E6B6E6F776E20616374696F6E51
:1037700020272573270073657474696E6700616E76
:10378000676C654F6E00616E676C654F66660068BA
:103790006F6C6453656300736572766F20256420D7
:1037A00073657474696E673A206F6E3D2564206F8F
:1037B00066663D256420686F6D653D256420686FF1
:1037C0006C643D25647300736572766F3A206D6199
:1037D0006C666F726D656420636F6D6D616E640001
:1037E000736572766F20636F6D6D616E643A2074DD
:1037F00061726765743D256320616374696F6E3D16
:103800002573007365712025733A20736572766F96
:103810002032202D3E202564206465672028686FB3
:103820006C647329007365712025733A2073657287
:10383000766F2031202D3E202564206465672C2082
:10384000686F6C6420256420730073657120257394
:1038500020646F6E653A20736572766F2031207236
:10386000657475726E656420686F6D65202D3E20ED
:1038700025642064656700736572766F2050574D2C
:1038800020646576696365206E6F7420726561647B
:103890007900736572766F00736572766F2074615C
:1038A000736B20737461727465643A2025642073AD
:1038B0006572766F732C206F70656E2F636C6F73FB
:1038C000652073657175656E6365206D6F64652035
:1038D00028686F6D653D2564206465672C207374CE
:1038E00065703D2564206D73290073746174757370
:1038F000204C4544204750494F206E6F742072651C
:1039000061647900737461747573204C454420635D
:103910006F6E666967757265206661696C65643A89
:10392000202564006C65645F737461747573004C6A
:10393000454420737461747573207461736B2073D4
:103940007461727465642028677265656E3A2066DA
:103950006C61736820657665727920322073203D32
:10396000204F4B2C206661737420626C696E6B2053
:103970003D206661756C7429007761746368646FBB
:103980006720616C6976653A20666564202575203C
:1039900074696D6573007761746368646F67206430
:1039A0006576696365206E6F742072656164790065
:1039B0007764745F696E7374616C6C5F74696D6554
:1039C0006F7574206661696C65643A2025640077C0
:1039D00064745F7365747570206661696C65643AC0
:1039E000202564007761746368646F670077617491
:1039F0006368646F6720737461727465643A2074DD
:103A0000696D656F75743D2564206D732C20666546
:103A100065643D2564206D73007061796C6F61642D
:103A200020647261696E206661696C65643A202564
:103A3000640050554241434B206661696C65643AAD
:103A400020256400736572766F207061796C6F61F8
:103A50006420746F6F206C617267653A2025750071
:103A6000736572766F207061796C6F616420726526
:103A70006164206661696C65643A20256400256391
:103A80000A252E2A730A257300736572766F2070DB
:103A900075626C6973683A207461726765743D255C
:103AA0006320616374696F6E3D252E2A732028257B
:103AB00075206279746573290070726F7669736915
:103AC0006F6E6564006D697373696E670073656519
:103AD00020736F636B65742F6D6F64656D20657205
:103AE000726E6F004D515454207461736B20737467
:103AF00061727465642C2077616974696E672066F1
:103B00006F72204C54452E2E2E006D7174742E65EC
:103B100078706C6F7265722E6465762E7463616264
:103B20002E636F6D0067657461646472696E666FA1
:103B300028257329206661696C65643A2025640034
:103B400042726F6B6572202573207265736F6C769D
:103B5000656420746F2025733A25640054504F44E7
:103B60002D4445562D30303100544C5320434120D4
:103B7000636865636B206661696C656420666F725B
:103B8000207365635F7461672025643A20256400B3
:103B9000544C53204341207365635F746167202553
:103BA000643A20257300436F6E6E656374696E67B7
:103BB00020746F204D5154542062726F6B657220D7
:103BC00025733A25642028544C53207365635F7431
:103BD00061672025642C20706565725F7665726967
:103BE0006679202564292E2E2E006D7174745F6312
:103BF0006F6E6E656374206661696C65643A20253A
:103C000064202825732900706F6C6C206572726FB8
:103C1000723A202564006D717474206C6976652F8A
:103C2000696E707574206572726F723A2025640037
:103C30004D5154542073657373696F6E20666175BE
:103C40006C74202D3E20656E64696E672073657309
:103C500073696F6E20746F207265636F6E6E65633B
:103C60007400736F636B657420636C6F736564209D
:103C700028726576656E7473203078257829005235
:103C800065636F6E6E656374696E6720746F204D37
:103C900051545420696D6D6564696174656C792057
:103CA000286E6F20636F6F6C646F776E292E2E2ED7
:103CB0000043412065786973747320636865636BA2
:103CC000206661696C656420666F72207365635F4E
:103CD0007461672025643A2025642028777269740E
:103CE000696E6720616E7977617929007365635F1A
:103CF00074616720256420616C7265616479206855
:103D000061732061204341202D3E2064656C657401
:103D1000696E6720746F20726570726F766973695F
:103D20006F6E0043412064656C657465206661694F
:103D30006C656420666F72207365635F74616720D1
:103D400025643A20256400686172642D636F6465A0
:103D5000642043412070726F766973696F6E2066CC
:103D600061696C656420666F72207365635F74615E
:103D7000672025643A20256420286D6F64656D20D6
:103D80006D757374206265206F66666C696E652060
:103D90002D204346554E20302F342900515549439C
:103DA0004B2D544553543A2070726F766973696F86
:103DB0006E656420686172642D636F64656420437E
:103DC0004120696E746F207365635F74616720259D
:103DD00064202864697361626C6520454D51585FA9
:103DE000544C535F50524F564953494F4E5F4341D5
:103DF00020666F722070726F64756374696F6E29CC
:103E0000006D7174745F7461736B006D7174745FB5
:103E10007075626C697368206661696C65643A20CC
:103E20002564005075626C6973686564202575208F
:103E3000627974657320746F2025730064657669F8
:103E40006365730025732F25732F2573004D51541F
:103E50005420434F4E4E41434B2072656A65637454
:103E600065643A2025642028626164206372656479
:103E7000656E7469616C732F41434C3F29202D3E60
:103E8000207265636F6E6E656374696E67004D5175
:103E9000545420636F6E6E656374656420746F2084
:103EA000454D51582062726F6B657200636F6D6D86
:103EB000616E6420746F706963206275696C642040
:103EC0006661696C65643A20256400736572766F7B
:103ED0002F2300736572766F20746F7069632062A0
:103EE00075696C64206661696C65643A20256400BC
:103EF0006D7174745F737562736372696265206655
:103F000061696C65643A202564007375627363723D
:103F10006962696E6720746F20257320616E64206A
:103F200025732028696420257529004D515454209B
:103F3000646973636F6E6E65637465643A202564AB
:103F40000053554241434B2069642025752072651A
:103F500073756C7420256400756E65787065637484
:103F600065642053554241434B2069642025750008
:103F7000756E6578706563746564207075626C69D0
:103F8000736820746F7069633A20252E2A7300636A
:103F90006F6D6D616E64207061796C6F6164207407
:103FA0006F6F206C617267653A20257500636F6DD5
:103FB0006D616E64207061796C6F616420726561FF
:103FC00064206661696C65643A20256400636F6DE6
:103FD0006D616E64206576656E74207375626D69BF
:103FE00074206661696C65643A20256400636F6DB6
:103FF0006D616E642072656365697665642028254D
:10400000752062797465732900646576696365203B
:10401000746F706963206275696C64206661696C95
:1040200065643A20256400686F737420756E72654C
:1040300061636861626C650074696D656F75742099
:104040007768696C65206F70656E696E6720544390
:10405000502F544C5320636F6E6E656374696F6E9E
:10406000006E6574776F726B20756E726561636840
:1040700061626C6500636F6E6E656374696F6E205C
:10408000726566757365642062792062726F6B6514
:104090007200636F6E6E656374696F6E2072657314
:1040A000657420647572696E6720636F6E6E6563F8
:1040B00074002354706F6440636C69656E742332BE
:1040C000303236303432320074706F64006D717487
:1040D000745F73657276696365002D2D2D2D2D42F9
:1040E0004547494E2043455254494649434154456A
:1040F0002D2D2D2D2D0A4D494943477A43434161CA
:104100004767417749424167495151644B64305890
:104110004C71377165417753787336532B48556A24
:10412000414B42676771686B6A4F50515144417A05
:1041300042504D5173770A435159445651514745A6
:10414000774A56557A45704D43634741315545434B
:10415000684D67535735305A584A755A5851675504
:1041600032566A64584A7064486B67556D567A5A7D
:10417000574679593267670A52334A76645841780C
:104180004654415442674E5642414D5444456C5446
:10419000556B6367556D3976644342594D6A416585
:1041A000467730794D4441354D4451774D44417700
:1041B0004D444261467730300A4D4441354D546399
:1041C000784E6A41774D4442614D453878437A4193
:1041D0004A42674E5642415954416C56544D536BB6
:1041E000774A7759445651514B4579424A626E524B
:1041F0006C636D356C644342540A5A574E31636D9B
:104200006C30655342535A584E6C59584A6A614350
:104210004248636D3931634445564D424D47413103
:10422000554541784D4D53564E5352794253623263
:104230003930494667794D4859770A454159484BC5
:104240006F5A497A6A3043415159464B344545418A
:10425000434944596741457A5A76566E344344433C
:1042600075774A53764D57536A35637A336573339E
:104270006D634644523048747477570A2B31714C41
:10428000464E766963574445756B575645596D4F91
:104290003667626639796F57484B5335786355797D
:1042A00034415067486F49594F4976585264674BBB
:1042B000616D376D41486637416C46390A4974670C
:1042C0004B6270706264392F772B6B48734F647840
:1042D00031796D674844422F716F304977514441BD
:1042E0004F42674E56485138424166384542414D2B
:1042F000434151597744775944565230540A4151F9
:10430000482F42415577417745422F7A41644267B1
:104310004E56485134454667515566454B57727461
:10432000354C534476366B7669656A4D3974693617
:104330006C794E355577436759494B6F5A490A7A1C
:104340006A304541774D44614141775A514977651B
:10435000336C4F526C4345776B53485268744663D5
:104360005039596D6437302F615453566159674C39
:104370005854574E4C78426F314266415364570A45
:10438000744C346E64516176456935316D4933380A
:10439000416A4541692F5633624E54495A617267EA
:1043A00043797A75464A306E4E36543555365652F4
:1043B00035436D44312F69514D5674436E777231D8
:1043C0000A2F713441614F654D53512B3262317464
:1043D0006246664C6E0A2D2D2D2D2D454E442043F0
:1043E000455254494649434154452D2D2D2D2D0A02
:1043F000006E726639313630646B00302E312E30EB
:10440000006465766963655F696E666F005C5C0079
:104410005C74005C72005C6E005C2200554E4B4E7A
:104420004F574E007B226465766963654964223A82
:10443000222573222C2274696D657374616D704D31
:1044400073223A256C6C642C226D65737361676509
:1044500054797065223A224C4F47222C22736368AC
:10446000656D6156657273696F6E223A22257322FB
:104470002C226D6F64756C65223A222573222C22E2
:104480006C6576656C223A222573222C226D657349
:1044900073616765223A222573227D006C6F670085
:1044A0006C6F675F6D7174740044454255470049F5
:1044B0004E464F004552524F520028756E73696741
:1044C0006E6564292063686172202A2075736564B3
:1044D00020666F722025257020617267756D656E8C
:1044E000742E2049742773207265636F6D6D656E3D
:1044F00064656420746F2063617374206974207430
:104500006F20766F6964202A206265636175736528
:10451000206974206D6179206361757365206D6910
:10452000736265686176696F7220696E2063657277
:104530007461696E20636F6E666967757261746914
:104540006F6E732E20537472696E673A2225732240
:1045500020617267756D656E743A256400636270E0
:1045600072696E74665F7061636B61676500466156
:10457000696C656420746F207265626F6F743A2095
:104580007370696E6E696E6720656E646C657373B7
:104590006C792E2E2E0A0066735F6E7673006C6F38
:1045A0006767696E67006C6F675F6D676D74004D5C
:1045B0006573736167652028222573222920647240
:1045C0006F707065642062656361757365206974DE
:1045D00020657863656564732073697A65206C690A
:1045E0006D69746174696F6E2028257529004D65A9
:1045F00073736167652064726F70706564206265B3
:10460000636175736520697420657863656564739B
:104610002073697A65206C696D69746174696F6E65
:104620002028257529001B5B306D00257320005B59
:104630002530386C755D20005B253032753A2530A9
:1046400032753A253032752E253033752C253033AE
:10465000755D200025732F003C25733E20002573D7
:104660003A2000253032782000202020007C0020D5
:104670006D657373616765732064726F70706564D4
:10468000202D2D2D0D0A1B5B306D001B5B313B3344
:10469000316D2D2D2D20001B5B313B33316D001B07
:1046A0005B313B33336D006572720077726E006967
:1046B0006E6600646267006C6F675F6261636B6562
:1046C0006E645F75617274006C6F675F75617274A0
:1046D00000666C617368002A2A2A20426F6F746931
:1046E0006E67206E524620436F6E6E656374205372
:1046F000444B2076332E322E322D37343834356504
:10470000313639626532202A2A2A0A002A2A2A20CA
:104710005573696E67205A6570687972204F53200F
:1047200076342E322E39392D666534663031303686
:1047300038303365202A2A2A0A0072302F61313A34
:104740002020307825303878202072312F61323A9D
:104750002020307825303878202072322F61333A8B
:1047600020203078253038780072332F61343A2099
:1047700020307825303878207231322F69703A2015
:1047800020307825303878207231342F6C723A20FE
:10479000203078253038780020787073723A2020E5
:1047A000307825303878004661756C74696E672002
:1047B000696E737472756374696F6E20616464727C
:1047C00065737320287231352F7063293A20307851
:1047D0002530387800556E68616E646C65642049D8
:1047E00052516E3A202564002A2A2A2A2A204D5046
:1047F00055204641554C54202A2A2A2A2A00202096
:10480000537461636B696E67206572726F722028E2
:10481000636F6E746578742061726561206D69677D
:104820006874206265206E6F742076616C696429FB
:10483000002020556E737461636B696E672065722A
:10484000726F72002020446174612041636365735C
:10485000732056696F6C6174696F6E0020204D4D36
:1048600046415220416464726573733A2030782562
:1048700078002020496E737472756374696F6E20BE
:104880004163636573732056696F6C6174696F6E01
:10489000002020466C6F6174696E672D706F696EC1
:1048A00074206C617A79207374617465207072650C
:1048B000736572766174696F6E206572726F7200D3
:1048C0002A2A2A2A2A205553414745204641554C39
:1048D00054202A2A2A2A2A002020446976697369EA
:1048E0006F6E206279207A65726F002020556E61AC
:1048F0006C69676E6564206D656D6F7279206163A8
:1049000063657373002020537461636B206F766559
:1049100072666C6F772028636F6E7465787420619F
:10492000726561206E6F742076616C696429002065
:10493000204E6F20636F70726F636573736F7220A8
:10494000696E737472756374696F6E7300202049A9
:104950006C6C6567616C206C6F6164206F662045CC
:1049600058435F52455455524E20696E746F205023
:1049700043002020496C6C6567616C20757365206D
:104980006F662074686520455053520020204174A2
:1049900074656D707420746F2065786563757465D7
:1049A00020756E646566696E656420696E737472E5
:1049B000756374696F6E002A2A2A2A2A2042555389
:1049C000204641554C54202A2A2A2A2A00202053C6
:1049D0007461636B696E67206572726F720020206C
:1049E00050726563697365206461746120627573D8
:1049F000206572726F72002020424641522041644D
:104A000064726573733A2030782578002020496DF0
:104A10007072656369736520646174612062757387
:104A2000206572726F72002020496E737472756314
:104A300074696F6E20627573206572726F720052B6
:104A40006573657276656420457863657074696F17
:104A50006E20280053707572696F757320696E74CB
:104A60006572727570742028495251200045786330
:104A7000657074696F6E206F636375727265642010
:104A8000696E2053656375726520537461746500A7
:104A90002A2A2A2A2A2048415244204641554C5469
:104AA000202A2A2A2A2A002020427573206661754E
:104AB0006C74206F6E20766563746F72207461620F
:104AC0006C65207265616400202044656275672012
:104AD0006576656E740020204661756C7420657380
:104AE00063616C6174696F6E20287365652062650F
:104AF0006C6F772900415243485F455843455054F5
:104B0000207769746820726561736F6E2025780A5A
:104B1000002A2A2A2A2A204465627567206D6F6E52
:104B200069746F7220657863657074696F6E202A8E
:104B30002A2A2A2A002A2A2A2A2A2025732025649A
:104B400029202A2A2A2A2A006D7075004661696C7C
:104B5000656420746F20616C6C6F63617465206E96
:104B60006577204D505520726567696F6E202575F9
:104B70000A00506172746974696F6E2025753A205D
:104B800073616E69747920636865636B206661691F
:104B90006C65642E00496E76616C696420756E6484
:104BA00065726C79696E6720726567696F6E2069DE
:104BB0006E64657820257500464C4153485F30008F
:104BC0005352414D5F30006E65745F627566006ED2
:104BD00065745F6275665F73696D706C6500736F95
:104BE0006300776C616E2564006E6574256400E077
:104BF00000C0004D515454004D514973647000631E
:104C00006C6F636B4035303030006866636C6B00EE
:104C10006C66636C6B00636C6F636B5F636F6E7469
:104C2000726F6C007073612D726E6700696E7661D1
:104C30006C696420616464726573733A203078250E
:104C400030386C783A257A7500756E616C69676EDC
:104C5000656420616464726573733A20307825302E
:104C6000386C783A257A75006E6F7420776F7264AD
:104C70002D616C69676E65643A2030782530386C38
:104C8000783A257A7500666C6173682D636F6E746F
:104C9000726F6C6C657240333930303000666C6115
:104CA00073685F6E7266006770696F4038343235C2
:104CB00030300000010203040506074661696C6597
:104CC0006420746F20696E697469616C697A65200B
:104CD0006465766963653A20257300496E76616C78
:104CE0006964206368616E6E656C3A2025752E00DC
:104CF000496E636F6D70617469626C652070657276
:104D0000696F642E005072657363616C6572206612
:104D10006F7220706572696F645F6379636C65732D
:104D2000202575206E6F7420666F756E642E00707E
:104D3000776D4032313030300070776D5F6E726663
:104D400078004661696C656420746F20616C6C6FDB
:104D50006361746520505049204368616E6E656CD4
:104D60000075617274406230303000756172744059
:104D70006130303000756172744038303030007509
:104D80006172745F6E7266785F75617274650077C8
:104D900061746368646F6740313830303000776425
:104DA000745F6E726678004D6F64656D206C696229
:104DB0007261727920696E697469616C697A617473
:104DC000696F6E206661696C65642C206572722063
:104DD0002564006E72665F6D6F64656D004D6F6473
:104DE000656D206C69627261727920646964206EFD
:104DF0006F7420696E697469616C697A653A2025FF
:104E000064006E726639785F736F636B6574003C23
:104E1000756E6B6E6F776E3E004E52465F4D4F441F
:104E2000454D5F4641554C545F554E444546494EAD
:104E30004544004E52465F4D4F44454D5F464155F7
:104E40004C545F48575F57445F5245534554004E9A
:104E500052465F4D4F44454D5F4641554C545F4867
:104E60004152444641554C54004E52465F4D4F44CA
:104E7000454D5F4641554C545F4D454D5F4D414E4C
:104E8000414745004E52465F4D4F44454D5F4641B8
:104E9000554C545F425553004E52465F4D4F44456A
:104EA0004D5F4641554C545F5553414745004E5266
:104EB000465F4D4F44454D5F4641554C545F534509
:104EC000435552455F5245534554004E52465F4D3F
:104ED0004F44454D5F4641554C545F50414E494308
:104EE0005F444F55424C45004E52465F4D4F44453E
:104EF0004D5F4641554C545F50414E49435F5245CA
:104F00005345545F4C4F4F50004E52465F4D4F44F7
:104F1000454D5F4641554C545F41535345525400F3
:104F20004E52465F4D4F44454D5F4641554C545F90
:104F300050414E4943004E52465F4D4F44454D5FF0
:104F40004641554C545F464C4153485F455241538E
:104F500045004E52465F4D4F44454D5F4641554CCE
:104F6000545F464C4153485F5752495445004E5296
:104F7000465F4D4F44454D5F4641554C545F504F41
:104F8000465741524E004E52465F4D4F44454D5F8D
:104F90004641554C545F54485741524E0046616952
:104FA0006C656420746F20686F6F6B207468652077
:104FB00064697370617463682066756E6374696F89
:104FC0006E2C20657272202564004E6F206865612A
:104FD0007020737061636520666F7220696E636F05
:104FE0006D696E67206E6F74696669636174696F5D
:104FF0006E3A2025730061745F6D6F6E69746F7215
:10500000004F4B0D0A004552524F520D0A002B43E0
:105010004D45204552524F523A002B434D532045A7
:1050200052524F523A004E554C4C20617320612031
:1050300068616E646C65722072656365697665642B
:105040003A204E6F7468696E6720746F2062652025
:10505000646F6E652E0A5468652068616E646C65C5
:10506000722063616E206265206465726567697392
:105070007465726564207573696E67206C74655F12
:105080006C635F646572656769737465725F68619C
:105090006E646C65722829004E6F2068616E646CC6
:1050A00065722072656769737465726564006C74FB
:1050B000655F6C63004D6F64656D206C6962726141
:1050C000727920696E6974206572726F723A202558
:1050D000642C206C74655F6C63206E6F7420696E45
:1050E000697469616C697A6564004661696C6564BC
:1050F00020746F207365742073797374656D206DEF
:105100006F646520616E64206D6F646520707265E8
:10511000666572656E63652C206572722025640079
:1051200041542525464541434F4E463D302C332CB6
:105130002564004661696C656420746F206765743E
:10514000206D6F64656D206669726D776172652090
:10515000747970652C206572726F723A2025640034
:105160006E7266393136305F006E72663931783171
:105170005F006E7266393135312D6E746E5F006C72
:1051800074655F6C635F776F726B5F7100436F75FF
:105190006C64206E6F742067657420726567697334
:1051A00074726174696F6E207374617475732C20EE
:1051B0006572726F723A20256400436F756C6420CB
:1051C0006E6F7420676574204345524547207061B7
:1051D00072616D20636F756E742C20706F74656ED4
:1051E0007469616C6C79206D616C666F726D656459
:1051F000206E6F74696669636174696F6E2C2065D7
:1052000072726F723A202564005265676973747216
:105210006174696F6E2072656A65637465642C20C1
:10522000454D4D2063617573653A2025642C2043FC
:10523000656C6C2049443A2025642C2054726163CB
:105240006B696E6720617265613A2025642C204C81
:105250005445206D6F64653A202564004661696C91
:10526000656420746F207061727365206E6F74695D
:105270006669636174696F6E20286572726F72204F
:105280002564293A20257300556E6B6E6F776E206A
:105290006E6574776F726B20726567697374726183
:1052A00074696F6E207374617475733A202564009D
:1052B000556E6B6E6F776E204C5445206D6F646534
:1052C0003A202564002B43455245473A20252A754C
:1052D0002C2568752C252A5B5E2C5D2C22257822D6
:1052E0002C00436F6E6E65637420616C726561643F
:1052F0007920696E2070726F677265737300466102
:10530000696C656420746F206765742063757272C0
:10531000656E7420726567697374726174696F6E0B
:1053200020737461747573004E6574776F726B20AF
:10533000636F6E6E656374696F6E20617474656D02
:1053400070742074696D6564206F75740041542B0E
:1053500043455245473D35004661696C656420749C
:105360006F2073756273637269626520746F204386
:1053700045524547206E6F74696669636174696F51
:105380006E732C206572726F723A202564002B4375
:1053900045524547002B4346554E3A202568750037
:1053A00041542B4346554E3F00415420636F6D6D71
:1053B000616E64206661696C65642C206E72665F44
:1053C0006D6F64656D5F61745F7363616E662829DC
:1053D0002072657475726E6564206572726F723AC0
:1053E000202564004661696C656420746F20656ED9
:1053F00061626C65206E6F74696669636174696F60
:105400006E732C206572726F723A20256400496EAB
:1054100076616C69642066756E6374696F6E616C29
:10542000206D6F64653A2025640041542B43465536
:105430004E3D2564004661696C656420746F20737D
:1054400065742066756E6374696F6E616C206D6F34
:1054500064652E20506C6561736520636865636BBD
:10546000205853595354454D4D4F44452E00436FDA
:10547000756C64206E6F7420676574207369676E45
:10548000616C6C696E67206D6F64652C206572724B
:105490006F723A20256400496E76616C69642073EE
:1054A00069676E616C6C696E67206D6F64653A2028
:1054B00025640043616E27742070617273652073E8
:1054C00069676E616C6C696E67206D6F64652C2016
:1054D0006572726F723A202564004661696C65647A
:1054E00020746F20656E61626C6520525243206E9D
:1054F0006F74696669636174696F6E7320282B43EA
:1055000053434F4E292C206572726F722025640020
:105510002B4353434F4E0041542B4353434F4E3D77
:10552000310050524143482043452D4C4556454C8F
:105530002025750D0A00494E56414C4944204241F0
:105540004E4420434F4E46494755524154494F4ED1
:105550002025752025752025750D0A0044455445E4
:105560004354454420434F554E5452592025750D00
:105570000A00415425254D444D45563D32004154C5
:1055800025254D444D45563D310053454152434834
:105590002053544154555320310D0A005345415274
:1055A00043482053544154555320320D0A0052456C
:1055B000534554204C4F4F500D0A004D4520424159
:1055C0005454455259204C4F570D0A004D45204F19
:1055D0005645524845415445440D0A004E4F204916
:1055E0004D45490D0A0052462043414C4942524123
:1055F00054494F4E204E4F5420444F4E450D0A0003
:10560000254D444D455600496E76616C69642073A2
:10561000797374656D206D6F646520726571756551
:10562000737465643A20256400496E76616C696420
:10563000204C544520707265666572656E63652006
:105640007265717565737465643A202564004C5405
:105650004520707265666572656E6365206D757351
:1056600074206265204C54455F4C435F535953543A
:10567000454D5F4D4F44455F5052454645525F4151
:1056800055544F2077697468204E544E204E422D59
:10569000496F5400415425255853595354454D4D95
:1056A0004F44453D302C302C302C302C31004154AF
:1056B00025255853595354454D4D4F44453D257369
:1056C0002C2563004661696C656420746F207365E6
:1056D000742073797374656D206D6F64650030316B
:1056E000323334312C302C3000302C312C3000311E
:1056F0002C302C3100302C312C3100312C312C301D
:1057000000312C312C3100436F756C64206E6F7446
:10571000206765742066756E6374696F6E616C20B6
:105720006D6F646500436F6E6E656374696F6E20A4
:105730006576616C756174696F6E206973206E6F38
:105740007420617661696C61626C6520696E207499
:1057500068652063757272656E742066756E637419
:10576000696F6E616C206D6F6465002525434F4E37
:105770004556414C3A2025642C2568752C256875C2
:105780002C2568642C2568642C2568642C222578D7
:10579000222C2225365B5E225D222C2568642C2576
:1057A000642C2568642C2568752C2568752C256863
:1057B000642C2568642C2568642C25686400415499
:1057C00025434F4E4556414C00415420636F6D6D4B
:1057D000616E64206661696C65642C206572726F0D
:1057E000723A20256400436F6E6E656374696F6E54
:1057F000206576616C756174696F6E206661696C95
:105800006564207769746820726561736F6E3A20F1
:10581000256400415420636F6D6D616E642070617A
:105820007273696E67206661696C65642C206572AD
:10583000726F723A20256400312E312E312E3100E4
:105840004661696C656420746F20736574206661BD
:105850006C6C6261636B20444E53206164647265BA
:1058600073732C2065727220256400257320697380
:10587000206E6F7420612076616C696420444E5301
:10588000207365727665722061646472657373005B
:105890004661696C656420746F206F627461696E23
:1058A00020525352502076616C75652C202564007F
:1058B0002C20004E6F20726573706F6E73652073BD
:1058C00074617475733A2025730025732573005530
:1058D0006E61626C6520746F206F627461696E2006
:1058E00073686F72743A202564002525585642412A
:1058F000543A2025640041542558564241540043EF
:105900006F756C64206E6F742067657420626174BB
:105910007465727920766F6C746167652C2065728E
:10592000726F723A2025640025255854454D503A2F
:10593000202564004154255854454D503F00436F85
:10594000756C64206E6F74206765742074656D706B
:10595000657261747572652C206572726F723A207F
:105960002564002B434553513A20252A642C252ACF
:10597000642C252A642C252A642C252A642C256471
:105980000041542B4345535100436F756C64206EA6
:105990006F7420676574207369676E616C2073741F
:1059A00072656E6774682C206572726F723A20257A
:1059B00064004E6F2076616C69642052535250002F
:1059C0002525584342414E443A202575004154252F
:1059D000584342414E4400436F756C64206E6F74AF
:1059E000206765742062616E642C206572726F722C
:1059F0003A202564004E6F2076616C6964206261F4
:105A00006E640042616E64206973206F7574206F4C
:105A1000662072616E67650025434553510041540D
:105A20002B434744434F4E543F0061706E00415436
:105A30002B43434C4B3F006461746554696D6500B2
:105A400041542B4347534E00696D65690041542B07
:105A500043494D4900696D736900415425585359B4
:105A60005354454D4D4F44453F006770734D6F642F
:105A700065006E62696F744D6F6465006C74654D8E
:105A80006F64650041542B4352534D3D3137362CE2
:105A900031323235382C302C302C31300069636390
:105AA0006964006D6F64656D4669726D77617265DA
:105AB0000074656D70657261747572650062617401
:105AC00074657279566F6C7461676500415425582E
:105AD00053494D3F00756963634D6F64650069709C
:105AE000416464726573730061726561436F6465DC
:105AF0000063656C6C49440041542B434F50533F45
:105B0000006D6363006D63636D6E630041542B43EE
:105B1000454D4F44453F0075654D6F6465004154E8
:105B200025584342414E443D3F00737570706F727B
:105B300074656442616E64730063757272656E743D
:105B400042616E640072737270006D6F64656D5FA8
:105B5000696E666F006D6F64656D5F696E666F5F1D
:105B6000706172616D7300526573657474696E67FC
:105B70002073797374656D00666174616C5F657222
:105B8000726F720050686F6E65206661696C757225
:105B900065004D656D6F7279206661696C7572651F
:105BA00000496E636F727265637420706172616D1B
:105BB000657465727320696E20636F6D6D616E64CC
:105BC0000053797374656D206572726F72004B6556
:105BD00079206E6F7420666F756E64004B65792056
:105BE0006163636573732072656675736564004BEA
:105BF00065792073746F72616765206D656D6F7272
:105C0000792066756C6C004E6F7420616C6C6F77D8
:105C10006564207768656E204C544520636F6E6E16
:105C2000656374696F6E206973206163746976655A
:105C3000004B657920616C726561647920657869D3
:105C400073747300496E76616C696420636F6E745F
:105C5000656E74004E6F7420616C6C6F77656420A4
:105C60007768656E20706F776572206F6666207743
:105C700061726E696E67206973206163746976650D
:105C800000556E7472616E736C6174656420434D6F
:105C900045206572726F72202564002B434D454587
:105CA0003A2025640041542B434D45453F00466151
:105CB000696C656420746F207265747269657665BD
:105CC00020434D4545207374617475732C206572B3
:105CD000722025640041542B434D45453D25640009
:105CE00041542525434D4E473D302C25752C2564C8
:105CF0002C22252E2A73220041542525434D4E4740
:105D00003D332C25752C25640041542525434D4EEB
:105D1000473D312C25752C2564006D6F64656D5FE2
:105D20006B65795F6D676D7400646174655F74693C
:105D30006D6500646174655F74696D655F776F722E
:105D40006B5F7100436F756C64206E6F74207365B8
:105D5000742073797374656D2074696D652C2025CA
:105D600064004661696C65642067657474696E6778
:105D7000204C5445206E6574776F726B2072656796
:105D8000697374726174696F6E2073746174757372
:105D90002C206572726F723A202564003132330014
:105DA00067657461646472696E666F2C20657272D7
:105DB0006F723A20256400736E74705F696E697447
:105DC0002C206572726F723A20256400736E7470B5
:105DD0005F71756572792C206572726F723A202539
:105DE0006400446964206E6F742067657420746970
:105DF0006D652066726F6D20616E79204E54502063
:105E0000736572766572006E74702E75696F2E6E92
:105E10006F0074696D652E676F6F676C652E636FB9
:105E20006D00415425255854494D453D3100537569
:105E3000627363726962696E6720746F206D6F644C
:105E4000656D20415425255854494D45206E6F7489
:105E5000696669636174696F6E73206661696C65F8
:105E6000642C206572723D25640025255854494DE7
:105E700045206E6F74696669636174696F6E206432
:105E80006F65736E277420636F6E7461696E20276F
:105E90002C273A2025730025255854494D45206E5E
:105EA0006F74696669636174696F6E20746F6F20C7
:105EB00073686F72743A2025730025255854494D34
:105EC00045206E6F74696669636174696F6E2064E2
:105ED0006F65736E277420636F6E7461696E20271F
:105EE000222720616674657220272C273A202573AB
:105EF0000054696D652076616C7565206465636F1B
:105F000064696E67206661696C65642066726F6D96
:105F10002025255854494D45206E6F746966696384
:105F20006174696F6E20287265743D2564293A207A
:105F30002573002B43434C4B3A202225752F2575A2
:105F40002F25752C25753A25753A2575256400444D
:105F50006964206E6F74206765742074696D6520B4
:105F600066726F6D2063656C6C756C6172206E6516
:105F700074776F726B20286572726F723A20256495
:105F8000292E2054686973206D6179206265206E26
:105F90006F726D616C20617320736F6D6520636536
:105FA0006C6C756C6172206E6574776F726B7320A8
:105FB000646F6E27742070726F76696465206974EF
:105FC000206F722074696D65206D6179206E6F7429
:105FD00020626520617661696C61626C652079651B
:105FE000742E0041542B43434C4B3D2225303275D7
:105FF0002F253032752F253032752C253032753AE9
:10600000253032753A25303275252B303364220025
:1060100053657474696E67206D6F64656D20746973
:106020006D65206661696C65642C202564002558C7
:1060300054494D45004661696C656420746F207356
:10604000657420636F6E66696775726174696F6EDF
:1060500020286572723A2025642900415425584D44
:10606000414750494F3D312C302C302C312C312CB4
:10607000313537342C313537370041542558434FAB
:106080004558303D312C312C313536352C313538B1
:1060900036006D6F64656D5F616E74656E6E610074
:1060A00054462D4D206E6F6E2D736563757265209D
:1060B00063616C6C6261636B20696E697469616CA9
:1060C000697A6174696F6E206661696C65642C2001
:1060D0006572726F723A202564002A2A2A2A2A20C1
:1060E000534543555245204641554C54202A2A2AAF
:1060F0002A2A002020416464726573733A20307844
:106100002578002020496E76616C696420656E7484
:10611000727920706F696E74002020496E76616C10
:10612000696420696E746567726974792073696740
:106130006E6174757265002020496E76616C6964C9
:1061400020657863657074696F6E2072657475720E
:106150006E0020204174747269627574696F6E20DC
:10616000756E69742076696F6C6174696F6E00205A
:1061700020496E76616C6964207472616E73697413
:10618000696F6E0020204C617A79207374617465A8
:1061900020707265736572766174696F6E0020207D
:1061A0004C617A79207374617465206572726F72C4
:1061B000002A2A2A2A2A2053505520494E54455253
:1061C00052555054202A2A2A2A2A00202053656337
:1061D00075726974792076696F6C6174696F6E206D
:1061E000666F722074686520666C617368206D65E7
:1061F0006D6F727920737061636500202053656351
:1062000075726974792076696F6C6174696F6E203C
:10621000666F72207468652052414D206D656D6F08
:106220007279207370616365002020536563757215
:106230006974792076696F6C6174696F6E206F6E16
:10624000206F6E65206F72207365766572616C20B9
:106250007065726970686572616C732E0041542BB1
:106260004346554E3D0070646E0030313233343554
:1062700036373839414243444546003031323334B1
:1062800035363738396162636465660030313233E0
:106290003435363738390000010205556E6B6E6FA4
:1062A000776E206572726F72003E3E3E205A4550F6
:1062B00048595220464154414C204552524F522099
:1062C00025643A202573206F6E20435055202564A5
:1062D000004661756C7420647572696E6720696E22
:1062E000746572727570742068616E646C696E6733
:1062F0000A0043757272656E742074687265616419
:106300003A202570202825732900435055206578B0
:1063100063657074696F6E00556E68616E646C655C
:106320006420696E74657272757074005374616371
:106330006B206F766572666C6F77004B65726E6569
:106340006C206F6F7073004B65726E656C207061AE
:106350006E6963006F7300737973776F726B71008E
:10636000616E006E66696E697479006E616E0028F8
:106370006E756C6C29006364696E6F707375785804
:106380005B616566674145464700616E006E666900
:106390006E697479000000003539010000000000CA
:1063A0005BE2010000000000E515010000000000B4
:1063B000053C010000000000112401000000000065
:1063D800000000003D9700000000000000010000E0
:1063E80000000000000000000000000000000000A5
:1063F8000000000000000000000000000000000095
:106408000000000063E2010000000000000100003D
:106418000000000000000000000000000000000074
:106428000000000000000000000000000000000064
:10643800000000006D3701000000000000010000AE
:106448000000000000000000000000000000000044
:106458000000000000000000000000000000000034
:10646800B4000000000000005A0000000300000013
:10647800B4000000000000005A0000000300000003
:10648800FFFFFFFFB240020015000000C8400200F5
:10649800040000006FB201001DBA0100901C020048
:1064A8000000000000000000B3BD01000000000073
:1064B8000000000000100340000000000000000081
:1064C80000000000000000000000000000000000C4
:1064D80000000000000000000000000000000000B4
:1064E80000000000000000000000000000000000A4
:1064F8000000000000000000000000000000000094
:106508000000000000000000000000000000000083
:106518000000000000000000000000000000000073
:106528000001000000100240000000000000000010
:106538000000000000000000000000000000000053
:10654800000000000000000000D60020000000004D
:106558000000000000000000000000000000000033
:10656800000000000000000000000000C0D600206D
:106578000000000000000000000000000000000013
:1065880000000000000000000000000060C70020BC
:1065980000000000000000000000000000000000F3
:1065A80000000000000000000000000000000000E3
:1065B8000000000000000000A901012020000000E8
:1065C8000000000000800140000000000000000002
:1065D80000000000000000000000000000000000B3
:1065E80000000000000000000000000000000000A3
:1065F8000000000000000000000000003917010042
:10660800811B0100E3DB0100000000000000000026
:106618000D200100000000000000000063000000E1
:10662800000000000D39010000000000000000001B
:106638000090D003FF000000FF0000003D4C010067
:106648003D4A0100614C0100494A01004D4F0100DB
:10665800CD4C0100154F010027EC010021EC010091
:106668001BEC01009002000018C8002018C8002088
:1066780020C8002020C80020010600008E53020018
:10668800152601000000000010550200E12A010053
:106698000000000000560200852B010000000000E9
:1066A800185A0200312F0100010000002E6002007C
:1066B8005139010000000000000000000000000047
:1066C80000000000000000000000000000000000C2
:1066D80000000000000000000000000000000000B2
:1066E80000000000000000000000000000000000A2
:1066F8000000000000000000000000000000000092
:106708000000000000000000000000000000000081
:1067180000000000A88101200040000000000000E7
:106728000000000000000000685E01200001000079
:106738000000000000000000E8C80020E8C80020B1
:1067480000000000000000000E000000FCC800204F
:10675800FCC8002000000000000000000E0000003F
:1067680010C9002010C9002000000000000000002F
:106778000E00000024C9002024C9002000000000E9
:10678800000000000E00000038C9002038C90020B1
:1067980000000000000000000E0000004CC90020AE
:1067A8004CC9002000000000000000000E0000009E
:1067B80060C9002060C9002000000000000000003F
:1067C8000E00000074C9002074C9002000000000F9
:1067D800000000000E00000088C9002088C90020C1
:1067E80000000000000000000E0000009CC900200E
:1067F8009CC9002000000000000000000E000000FE
:10680800B0C90020B0C90020180200001000000024
:10681800A8C9012028EB0120A8C90120A8C9012086
:1068280000000000D4C90020D4C9002000000000E6
:10683800E0C90020E0C90020BC00000004000000FE
:1068480030EF012020F2012030EF012030EF01204D
:106858000000000004CA002004CA00200000000054
:1068680010CA002010CA0020560000000C000000CA
:1068780028EB012030EF012028EB012028EB012034
:106888000000000034CA002034CA002000000000C4
:1068980040CA002040CA002000000000010000009B
:1068A80050CA002050CA002058CA002058CA0020E8
:1068B800000000000100000068CA002068CA00202B
:1068C80070CA002070CA002000000000010000000B
:1068D80080CA002080CA002088CA002088CA0020F8
:1068E800000000000100000098CA002098CA00209B
:1068F800A0CA0020A0CA002000000000010000007B
:10690800B0CA0020B0CA0020B8CA0020B8CA002007
:106918000000000001000000C8CA0020C8CA00200A
:10692800D0CA0020D0CA00200000000001000000EA
:10693800E0CA0020E0CA00200000000000000000BB
:10694800F0CA0020F0CA0020F8CA0020F8CA0020C7
:1069580048CB0020000000000000000000000000FC
:10696800000000000000000000000000000000001F
:10697800000000000000000000000000000000000F
:1069880000000000000000000000000000000000FF
:0469980000000000FB
:1069A0005013020078CB002000000000000200001D
:1069B00000000000000000000005000000000000D2
:1069C00000000000000000000000000000000000C7
:1069D000000000000000000069BF0100000000008E
:0869E0000000000015E015E0C5
:00000001FF
