:020000040000FA
:10000000F80B0020710F000083100000EFB2000019
:1000100019B3000043B3000097B300006DB30000B4
:10002000000000000000000000000000C96E000099
:100030008B10000000000000931000009B100000D7
:100040000000000000000000000000008D8500009E
:1000500000000000A31000000000000000000000ED
:10006000AB100000B3100000BB100000C310000074
:1000700000000000CB100000D3100000DB100000D7
:10008000E3100000EB100000000000000000000082
:10009000F3100000FB100000000000000000000052
:1000A0000311000000000000000000000B11000020
:1000B000131100001B110000231100002B11000080
:1000C000331100003B110000431100004B110000F0
:1000D00053110000000000005B1100000000000050
:1000E00063110000000000006B1100000000000020
:1000F000731100000000000000000000000000007C
:10010000000000007B110000000000000000000063
:1001100000000000000000000000000000000000DF
:10012000000000008311000000000000000000003B
:1001300000000000000000000000000000000000BF
:100140008B11000000015F5F02000000FE0B000049
:100150009D6F00008006000000000000000000000D
:100160000000000000000000000000000100FFC3CC
:10017000000000C4C02200200000000001015F5FF9
:10018000030100001F010000A7070000000000009D
:10019000000000000100000001000000000000005D
:1001A000000000000000000000000000000000004F
:1001B000000000007000000038B80000800000005F
:1001C000000F000001000000D707000001015F5F81
:1001D000040100001F0100003B0B000000000000B4
:1001E000000000000000000001000000000000000E
:1001F00000000000000000000000000000000000FF
:100200000000000044B800004000000005070000A6
:0802100001000000FF0A0000DC
:1002200080B483B000AF7860044A7B68C2F80434BD
:10023000002318460C37BD4680BC7047201C0020A8
:1002400080B483B000AF7860054BD3F804247B689A
:100250001A60002318460C37BD4680BC704700BFAB
:10026000201C002080B483B000AF786039607B68C8
:1002700013F1040F02D96FF08C031FE07B68033386
:1002800023F003037B60104BD3F80034C3F5806385
:100290007A689A4202D96FF08C030FE00A4BD3F8C8
:1002A0000034094A1A443B681A60074BD3F800240B
:1002B0007B681344044AC2F80034002318460C3704
:1002C000BD4680BC704700BF201C002080B500AF39
:1002D000084B0022C3F80424064BD3F800341A4616
:1002E000002104480BF017F9024B0022C3F8002448
:1002F00000BF80BD201C002080B58AB000AFF86030
:10030000B9607A603B606FF096037B62FB681B68A4
:100310003B620023BB6100233B6100237B61002320
:10032000FB77FB685B68402B02D06FF080039AE09C
:100330003B6A1B8D1B0A9BB2BB77BB7F032B04D090
:10034000BB7F012B01D0012300E00023FB77FB7F63
:1003500003F00103FB77FB7F002B0FD007F118039D
:10036000184600F0E8F878627B6A002B01D07B6ABF
:1003700079E03B6A1B683B61BB697B61BB7F013BEA
:10038000092B6BD801A252F823F000BF3F040000F4
:10039000B5030000C7030000D3030000E50300001D
:1003A000F7030000090400001B0400002D040000F6
:1003B0004B04000007F110031A467968F86800F052
:1003C00077FA03464FE07968F86800F024FA0346AC
:1003D00049E007F110031A467968F86800F027FA37
:1003E000034640E007F110031A467968F86800F008
:1003F00005FA034637E007F110031A467968F868F2
:1004000000F022FA03462EE007F110031A4679683D
:10041000F86800F026FA034625E007F110031A46B3
:100420007968F86800F02AFA03461CE007F1100327
:100430001A467968F86800F02EFA034613E07968E6
:10044000F86800F042FA03460DE007F110031A467F
:100450007968F86800F056FA034604E004480BF0A7
:1004600098F96FF0850318462837BD4680BD00BF58
:10047000480B000080B582B000AF6FF083037B6053
:1004800000233B6000F028F8386039680A480BF018
:1004900080F900F02FF878607B68002B01D07B6832
:1004A00006E0396805480BF074F908F0A9FF034627
:1004B00018460837BD4680BD700B0000980B000041
:1004C00080B500AF2822002102480BF024F8002359
:1004D000184680BD2820002080B500AF0F220349B8
:1004E00003480AF0D2FF024B184680BDD40B00002F
:1004F0005020002080B500AF0121064800F0DAFC52
:10050000054808F0F3FE012104480BF042F90023EE
:10051000184680BD64200020F3080000E40B0000B2
:1005200080B582B000AF78607868FFF779FE00BFD1
:100530000837BD4680BD80B582B000AF786078686E
:10054000FFF77EFE034618460837BD4680BDB0B5AE
:1005500088B000AFF860B9607A603B6000237B61CF
:100560000123FB612EE0FB68FA69043253F8223064
:1005700007F1140211461846FFF774FEB861BB6913
:10058000002B03D0FFF7A2FEBB694DE0FB68586863
:100590007969FB68FA69043253F82250FB69DB0081
:1005A000BA68D4182B460A46F9690BF027F80346B7
:1005B0006360FB69DB00BA6813447A691A60FB69FF
:1005C0000133FB61FA697B689A42CCD30023FB615B
:1005D00025E0FB68FA69083253F8223007F114026B
:1005E00011461846FFF73EFEB861BB69002B03D0E9
:1005F000FFF76CFEBB6917E0FB69DB003A68134448
:100600007A691A60FB69DB003A681344FA68F96991
:10061000083152F821205A60FB690133FB61FA6905
:100620003B6B9A42D5D3002318462037BD46B0BD58
:1006300080B5A8B002AF78600023C7F888300423E3
:10064000C7F894300423C7F8903007F168032022DC
:10065000002118460AF05FFF07F14803202200211D
:1006600018460AF058FF07F10803402200211846F7
:100670000AF051FF04E0D7F89430013BC7F89430FA
:10068000D7F89430002B0ED0D7F894305A1E7B68E0
:10069000043253F82230002BEDD004E0D7F890302C
:1006A000013BC7F89030D7F89030002B08D0D7F82E
:1006B00090305A1E7B68083253F82230002BEDD060
:1006C000D7F89430002B02D16FF0830360E07B6891
:1006D000586807F10802402300210AF08FFF034603
:1006E000402B02D06FF0830352E007F10803BB6692
:1006F0004023FB6607F1480207F16801D7F8903004
:1007000000931346D7F894207868FFF720FFC7F8C6
:100710008800D7F88830002B02D0D7F8883037E02F
:100720007B689B681846FFF7FBFE07F1480207F15C
:100730006800D7F89030D7F89410FFF7DDFDC7F8C0
:1007400088000023C7F88C3018E07B685868D7F819
:100750008C30DB0098333B4453F8502CD7F88C3066
:10076000DB0098333B4453F84C3CD7F88C100AF02C
:1007700064FFD7F88C300133C7F88C30D7F88C2061
:10078000D7F890309A42E0D3FFF7A0FDD7F8883031
:1007900018469837BD4680BD80B500AFFFF790FE84
:1007A0000346184680BD80B582B000AFFFF7F4FF66
:1007B00078607B68002B01D07B6808E0FFF75AFE69
:1007C00078607B68002B01D07B6800E0002318462E
:1007D0000837BD4680BD80B582B000AF78607B68C9
:1007E0001B68002B04D17868FFF722FF034601E065
:1007F0006FF0850318460837BD4680BD80B485B0CC
:1008000000AFF860B9607A606FF08503184614375E
:10081000BD4680BC704780B483B000AF786039605B
:100820006FF0850318460C37BD4680BC704780B416
:1008300085B000AFF860B9607A606FF08503184644
:100840001437BD4680BC704780B485B000AFF860F7
:10085000B9607A606FF0850318461437BD4680BCD6
:10086000704780B485B000AFF860B9607A606FF00F
:10087000850318461437BD4680BC704780B485B0E8
:1008800000AFF860B9607A606FF0850318461437DE
:10089000BD4680BC704780B485B000AFF860B960D9
:1008A0007A606FF0850318461437BD4680BC7047E8
:1008B00080B485B000AFF860B9607A606FF08503EE
:1008C00018461437BD4680BC704780B584B000AF71
:1008D000786039603B681B68FB603B685B68BB60A5
:1008E000B968F86808F04EFD034618461037BD4653
:1008F00080BD0FB480B400AF00231846BD4680BC55
:1009000004B0704780B485B000AFF860B9607A6019
:100910006FF0850318461437BD4680BC704780B51C
:1009200000AF05F081F90023184680BD80B582B084
:1009300000AF7860FFF7F3FF034618460837BD465F
:1009400080BD80B5AEB000AF78600023C7F8B4308A
:100950000023C7F8B03007F1940300221A605A60F0
:1009600007F18C0300221A605A600023FB6407F130
:1009700050033C22002118460AF0CDFD0023FB6005
:1009800007F110033C22002118460AF0C4FD0023A1
:10099000BB600123C7F8A4300023C7F8A0300423AC
:1009A000C7F8AC300423C7F8A83004E0D7F8AC305F
:1009B000013BC7F8AC30D7F8AC30002B0ED0D7F8DD
:1009C000AC305A1E7B68043253F82230002BEDD035
:1009D00004E0D7F8A830013BC7F8A830D7F8A83012
:1009E000002B08D0D7F8A8305A1E7B68083253F87D
:1009F0002230002BEDD0D7F8AC30002B07D0D7F841
:100A0000AC30022B03D8D7F8A830012B01D9012331
:100A100071E07B68586807F10802042300210AF09E
:100A2000EDFD0346C7F8A030D7F8A030042B02D064
:100A30006FF080035FE0D7F8AC30012B2BD97B68D7
:100A40005B69C7F89C30D7F89C30402B02D96FF017
:100A5000890350E07B6858687B685B6907F14C024A
:100A600001210AF0CBFD0346C7F8A030D7F8A0302B
:100A7000D7F89C209A4202D06FF080033BE007F148
:100A80004C03C7F89430D7F89C30C7F8983007F17A
:100A90009403C7F8B430D7F8A830002B12D07B6885
:100AA0001B6A402B02D96FF0800324E007F10C038E
:100AB000C7F88C307B681B6AC7F8903007F18C034D
:100AC000C7F8B030BB68D7F8B020D7F8B4101846D4
:100AD00005F004F9C7F8A400D7F8B030002B08D00F
:100AE0007B685868D7F88C20D7F8903000210AF03E
:100AF000A4FDD7F8A4301846B837BD4680BD80B5F0
:100B000082B000AF78607B681B68B3F57D7F04D04E
:100B100040F2F532934205D009E07868FFF706FF0E
:100B2000034606E07868FFF70CFF034601E06FF02C
:100B3000850318460837BD4680BD80B400AF00234A
:100B40001846BD4680BC70475B4552525D5B4372A0
:100B50007970746F5D20556E737570706F72746507
:100B6000642072657175657374210D0A00000000C0
:100B70005B4442475D5B43727970746F5D20496EE0
:100B80006974201B5B303B33326D25731B5B306D0A
:100B90002E2E2E0D0A0000005B4442475D5B43721F
:100BA0007970746F5D20496E6974201B5B303B3334
:100BB000326D25731B5B306D2E2E2E201B5B303B60
:100BC00033326D636F6D706C6574651B5B306D2EB9
:100BD0000D0A00004D62656420544C5320332E36BC
:100BE0002E3400005B4442475D5B43727970746F42
:100BF0005D20496E7465726E616C2068656170205D
:100C000073697A652069732025642062797465733D
:100C10000D0A00000F4B02689A4206D1C269A3F187
:100C20001023A3F1EF139A4201D00120704783688B
:100C3000012BFAD8C36813B102699342F5D0436916
:100C40002BB18069C01AB0FA80F04009704718468D
:100C5000704700BF55AA00FFF8B5164B996829B137
:100C60000846FFF7D7FF08B9CB680BB10120F8BDE4
:100C70000B69002BFBD0104D104E1A68AA42F5D11B
:100C8000DA69B242F2D19A68012AEFD8DC68002C06
:100C9000ECD01A699442E9D05F691FB1D3F818C04B
:100CA0006745E3D08C42E1D11946002ADFD01346D4
:100CB000E3E700BF6820002055AA00FF669911EE07
:100CC000002865D070B5374D2B68002B54D0AA682A
:100CD000002A51D08342014661D86A681344984281
:100CE0005DD2A0F120063046FFF794FF002856D1D0
:100CF00051F8183C012B52D151F8144C41F8180C02
:100D000051F8100C002C38D0A368002B35D151F8C5
:100D10001C2C6368203213442061636000B1C460FE
:100D20002022002130460AF0F6FB2069F0B18368EA
:100D3000E3B926464268736813440269203373603E
:100D40003261D6E9051331B38B6103B15961416951
:100D500083697161B361E1B18E61B36903B15E61B1
:100D600002B1D660202200210AF0D5FB2B699B0737
:100D700002D5FFF771FF90B970BD10B18368002BE9
:100D8000D8D0EB6841F8083C03B15E61EE60EDE756
:100D90007047EE60E2E7002BD9D0EB60D6E7012088
:100DA0000AF060FA682000202DE9F84F3E4D2B68CC
:100DB000EC68002B40D0AB68002B3DD000283BD026
:100DC000002939D001FB00F6B6FBF0F0884233D1A0
:100DD000301D31D8B10733D026F00301043114B9E6
:100DE0002BE0A4694CB363688B42FAD3D4F808C0F3
:100DF000BCF1000F55D1A0695B1A232B81466769AE
:100E000020D80123A360002F47D0B861A06900B1AA
:100E1000476100232A696361D207A36103D5FFF705
:100E20001BFF00283DD120343246002120460AF025
:100E300072FB2046BDE8F88F00242046BDE8F88FFD
:100E40003146CCE7D4F8108001F1200EDFF85CB019
:100E5000DFF85CA004EB0E02203BC2E9013CC2E9D2
:100E6000034844F80EB0C2F81CA0B8F1000F01D03E
:100E7000C8F80C20C2F81890576187B1BA61906920
:100E800000B1426100236160296922610122C4E945
:100E90000533CB07A260C6D5C1E7E860B7E7EA60D3
:100EA000EEE701200AF0DEF96820002055AA00FFD5
:100EB000669911EE38B50D461422002104461148FA
:100EC0000AF029FB1049114808F002FA232D18D91D
:100ED00014F0030304D0043DC3F104021D44144480
:100EE0002A46002120460AF016FB064B084A09480C
:100EF000A5F12001C3E901541C60E061C4E90021AF
:100F0000DC6038BD68200020C10C0000A90D000085
:100F100055AA00FF669911EE0000000000000000D5
:100F2000687E000001000000698D0000418D000016
:100F300040FC0000802000206B00000040FC00000E
:100F4000201C00200000000040FC0000001C0020CD
:100F500000000000201C002018010000001C0020E0
:100F60000800000080B500AF06F022FE00BF80BD83
:100F700080B588B000AF72B600BF314B314A9A607D
:100F8000314B3B603B6883F3098800BF2F4B7B608C
:100F90007B6883F30A8800BF2C4BBB60BB6883F37C
:100FA0000B8800BF2A4BFB60F96823A3D3E9002319
:100FB000C1E9002300BF00F0F3F9264BFB6119E003
:100FC0000023BB610EE0FB691A68BB699B001A44F1
:100FD000FB695968BB699B000B4412681A60BB69C6
:100FE0000133BB61FB699B68BA699A42EBD3FB6929
:100FF0000C33FB61FB69184A9342E1D3174B7B61C9
:1010000014E000233B6109E07B691A683B699B009F
:10101000134400221A603B6901333B617B695B68C2
:101020003A699A42F0D37B6908337B617B690C4A49
:101030009342E6D307F0ACFEA5EDF5FEA5EDF5FE77
:1010400000ED00E000000000F80B0020000400208C
:10105000F80B0020300F0000540F0000540F000068
:10106000640F0000EFF30880EFF309812DE9F00F22
:101070006B46724600F084FB08B0FFF773FFFEE793
:1010800000BF80B500AFFFF7EDFF80B500AFFFF701
:10109000E9FF80B500AFFFF7E5FF80B500AFFFF7D0
:1010A000E1FF80B500AFFFF7DDFF80B500AFFFF7D0
:1010B000D9FF80B500AFFFF7D5FF80B500AFFFF7D0
:1010C000D1FF80B500AFFFF7CDFF80B500AFFFF7D0
:1010D000C9FF80B500AFFFF7C5FF80B500AFFFF7D0
:1010E000C1FF80B500AFFFF7BDFF80B500AFFFF7D0
:1010F000B9FF80B500AFFFF7B5FF80B500AFFFF7D0
:10110000B1FF80B500AFFFF7ADFF80B500AFFFF7CF
:10111000A9FF80B500AFFFF7A5FF80B500AFFFF7CF
:10112000A1FF80B500AFFFF79DFF80B500AFFFF7CF
:1011300099FF80B500AFFFF795FF80B500AFFFF7CF
:1011400091FF80B500AFFFF78DFF80B500AFFFF7CF
:1011500089FF80B500AFFFF785FF80B500AFFFF7CF
:1011600081FF80B500AFFFF77DFF80B500AFFFF7CF
:1011700079FF80B500AFFFF775FF80B500AFFFF7CF
:1011800071FF80B500AFFFF76DFF80B500AFFFF7CF
:1011900069FF000080B400AFBFF34F8F00BF064B64
:1011A000DB6803F4E0620449044B1343CB60BFF3F4
:1011B0004F8F00BF00BFFDE700ED00E00400FA051F
:1011C00080B483B000AF104B1B68C3F30B037B608C
:1011D0000E4B1B683B60BFF34F8F00BF7B68092B32
:1011E0000CD13B68012B03D03B68022B02D003E0FB
:1011F000012304E0012302E0012300E0002318465C
:101200000C37BD4680BC70473001FF003401FF0041
:1012100080B483B000AF104B1B68C3F30B037B603B
:101220000E4B1B683B60BFF34F8F00BF7B68092BE1
:101230000CD13B68012B03D03B68022B02D003E0AA
:10124000012304E0012302E0012300E0002318460B
:101250000C37BD4680BC70473001FF003401FF00F1
:1012600080B483B000AF104B1B68C3F30B037B60EB
:101270000E4B1B683B60BFF34F8F00BF7B68092B91
:101280000CD13B68012B03D03B68022B02D003E05A
:10129000012304E0002302E0002300E000231846BD
:1012A0000C37BD4680BC70473001FF003401FF00A1
:1012B00080B483B000AF104B1B68C3F30B037B609B
:1012C0000E4B1B683B60BFF34F8F00BF7B68092B41
:1012D0000CD13B68012B03D03B68022B02D003E00A
:1012E000002304E0012302E0012300E0002318466C
:1012F0000C37BD4680BC70473001FF003401FF0051
:1013000080B483B000AF104B1B68C3F30B037B604A
:101310000E4B1B683B60BFF34F8F00BF7B68092BF0
:101320000CD13B68012B03D03B68022B02D003E0B9
:10133000012304E0002302E0002300E0002318461C
:101340000C37BD4680BC70473001FF003401FF0000
:1013500080B483B000AF104B1B68C3F30B037B60FA
:101360000E4B1B683B60BFF34F8F00BF7B68092BA0
:101370000CD13B68012B03D03B68022B02D003E069
:10138000012304E0012302E0012300E000231846CA
:101390000C37BD4680BC70473001FF003401FF00B0
:1013A00080B586B000AF784B1B68774A43F00203E4
:1013B0001360FFF705FF0346002B09D04FF05023C1
:1013C0000022C3F814214FF050230022C3F8182143
:1013D000FFF746FF0346002B06D06C4B01221A6034
:1013E0006B4B0122C3F87825FFF762FF0346002B01
:1013F00003D0674B0122C3F87825FFF781FF03462E
:10140000002B02D0634B0E221A60FFF7A1FF0346A8
:10141000002B05D0604B00221A60604B01221A603D
:1014200000237B6111E04FF47F024FF47F017B6961
:10143000603351F8333019467B696033DB00134465
:101440005B680B607B6901337B617B69FF2B0ED886
:101450007B69DB0003F57F0303F54073184602F058
:1014600078FC034683F00103DBB2002BDBD1EFF302
:1014700010837B607B68012B0CBF01230023FB746E
:1014800000F0C6F80346002B04D100F08FF80346A5
:10149000002B6AD0BFF34F8F00BF00BF404BD3F883
:1014A0000034012BFAD13E4B0122C3F8042500BFC2
:1014B0003B4BD3F80034012BFAD1FB7C83F00103C2
:1014C000DBB2002B06D0FFF7A3FE0346002B01D0B2
:1014D00072B600BF00F09CF80346002B12D0314BCF
:1014E000DB69FB60FB6823F00103BB602D4ABB682E
:1014F000D361BFF34F8F00BF00BF294BD3F8003437
:10150000012BFAD100F052F80346002B14D0254BE2
:101510001B6AFB60FB6823F0FF0343F02003BB6002
:10152000204ABB681362BFF34F8F00BF00BF1C4B44
:10153000D3F80034012BFAD1FB7C83F00103DBB23A
:10154000002B06D0FFF764FE0346002B01D062B6E5
:1015500000BF134B0022C3F8042500BF104BD3F883
:101560000034012BFAD1FFF715FE0F4BD3F88C3066
:101570000D4A43F44063C2F88C3002F0E0FB00BF38
:101580001837BD4680BD00BFD0ED00E0384A00509E
:1015900000400050E4AE03500C470050104700508C
:1015A000009003500080FF0000ED00E080B582B0A5
:1015B00000AFEFF310833B603B68012B0CBF0123AE
:1015C0000023FB71FB7983F00103DBB2002B06D013
:1015D000FFF71EFE0346002B01D072B600BF0B487A
:1015E00002F0B7FB0346BB71FB7983F00103DBB26A
:1015F000002B06D0FFF70CFE0346002B01D062B68D
:1016000000BFBB7918460837BD4680BD2080FF006B
:1016100080B584B000AFEFF310833B603B68012BD3
:101620000CBF01230023FB73FB7B83F00103DBB2C0
:10163000002B06D0FFF7ECFD0346002B01D072B65D
:1016400000BF104BDB69BB60BFF34F8F00BFBB68AF
:1016500003F00103002B14BF01230023FB71FB7B6C
:1016600083F00103DBB2002B06D0FFF7D1FD034668
:10167000002B01D062B600BFFB7918461037BD467B
:1016800080BD00BF0080FF0080B584B000AF7860EF
:101690000023FB730E212A4802F071FB7B681B6854
:1016A000033B042B2BD801A252F823F0C1160000F3
:1016B000CB160000D9160000E7160000F516000052
:1016C0000C21204802F05BFB30E012211E4802F0A2
:1016D00056FB0123FB7329E00B211C4802F04FFB52
:1016E0000123FB7322E00D21194802F048FB01237E
:1016F000FB731BE00E21174802F041FB16E07B68EC
:101700001B680F2B07D87B681B681A4614211248E8
:1017100006F054FA07E07B681B68103B1A46252147
:101720000E4806F04BFA0123FB7300BFFB7B796880
:10173000184602F0B7FB00BF1037BD4680BD00BFA2
:1017400098860000A8860000B4860000C8860000C5
:10175000D4860000E4860000F486000008870000BC
:1017600080B582B000AF78607C220449786809F0C7
:101770008CFE00BF0837BD4680BD00BF5C2900203D
:1017800080B586B000AFF860B9607A603B60394BD5
:101790007B61394B5B68C3F308027B691A60EFF326
:1017A00003833B613A697B695A657B697A685A6051
:1017B0007B69FA689A607B69BA68DA607B69586805
:1017C0007B6999687B69DB681A4602F043FB024635
:1017D0007B691A617B6903F114007B691B69202214
:1017E000194609F052FE3B68002B06D07B69343362
:1017F00020223968184609F048FE1F4B9A6A7B6917
:101800009A651D4BDA6A7B69DA651B4B9A6B7B69BB
:101810001A667B699B6D03F400427B695A66164B1E
:101820005A6B7B699A667B699B6D03F080027B69CA
:10183000DA66114A7B699B6D93620F4A7B69DB6DA7
:10184000D3620E4B5A697B691A670C4B9A697B69A4
:101850005A677B691B6F03F040027B699A67074AEE
:101860007B691B6F53617869FFF70EFF00BF183764
:10187000BD4680BD5C29002000ED00E0D0ED00E019
:1018800080B584B000AF786039600F4B5B69396810
:1018900078689847F860FB68002B01D000230EE0C1
:1018A00000BF094BDB6A98470346DBB203F0010334
:1018B000DBB2002BF5D1044B1B6A98470346184650
:1018C0001037BD4680BD00BF5C87000080B582B088
:1018D00000AF4FF0FF337B60304B9B680020984790
:1018E00078607B68002B0DD008212D4802F047FA64
:1018F0000B212C4802F043FA842202212A4806F0E8
:101900005DF9FEE7254B1B690220984778607B68EC
:10191000002B0DD00821224802F031FA0B2121487A
:1019200002F02DFA8A2202211F4806F047F9FEE74D
:101930001A4B9B6A4FF4E1310120984778607B682D
:10194000002B0DD00821164802F019FA0B2115487A
:1019500002F015FA90220221134806F02FF9FEE753
:101960000E4B9B6A01211520984778607B68002BFD
:101970000DD008210A4802F002FA0B21094802F0B2
:10198000FEF996220221084806F018F9FEE7074BF7
:1019900001221A700837BD4680BD00BF5C87000079
:1019A000308700003C87000038870000DC380020CA
:1019B00080B487B000AFF860B9607A6000237B61C3
:1019C00035E07B699B00BA6813441B68C3F30803C6
:1019D0003B613B6940F2FF12934202D14FF0FF336B
:1019E0003B617B699B00BA6813441B685B0C032B4B
:1019F0001AD801A252F823F0091A0000111A0000A7
:101A0000191A0000211A0000FB683A691A600BE0FD
:101A1000FB683A695A6007E0FB683A699A6003E03C
:101A2000FB683A69DA6000BF7B6901337B617A69E0
:101A30007B689A42C5D300BF00BF1C37BD4680BC3F
:101A4000704700BF80B483B000AF074B1B687B605A
:101A50000023BA8862F30F03FA8862F31F43184623
:101A60000C37BD4680BC70474887000080B586B003
:101A700000AFF860B9607A607B68D3F88C307B6126
:101A80007A6807F110039032126811461980023308
:101A9000120C1A70BB689C4A934200F0D680BB6857
:101AA000994A934200F2D580BB68B3F5612F00F0EC
:101AB000C880BB68B3F5612F00F2CB80BB68B3F57B
:101AC000E12F00F0BA80BB68B3F5E12F00F2C180CE
:101AD000BB688E4A934200F0AC80BB688B4A93424D
:101AE00000F2B780BB68B3F5613F00F09E80BB6831
:101AF000B3F5613F00F2AD80BB68B3F5E13F00F0A4
:101B00009080BB68B3F5E13F00F2A380BB68B3F5FA
:101B1000963F00F08380BB68B3F5963F00F2998052
:101B2000BB68B3F5614F75D0BB68B3F5614F00F288
:101B30009080BB684DF6C022934267D0BB684DF6DB
:101B4000C022934200F28580BB68B3F5164F59D08E
:101B5000BB68B3F5164F7CD8BB6847F61222934298
:101B60004CD0BB6847F61222934272D8BB68B3F5DB
:101B7000E14F40D0BB68B3F5E14F6AD8BB68B3F51D
:101B8000964F35D0BB68B3F5964F62D8BB68B3F5B6
:101B9000615F2AD0BB68B3F5615F5AD8BB68B3F503
:101BA000165F1FD0BB68B3F5165F52D8BB68B3F59C
:101BB000965F14D0BB68B3F5965F4AD8BB68B3F59F
:101BC000966F04D0BB68B3F5166F04D041E04FF4B4
:101BD0009E237B6140E04FF41D237B613CE04C4B36
:101BE0007B6139E04B4B7B6136E04B4B7B6133E0F3
:101BF0004A4B7B6130E04A4B7B612DE04FF40003A0
:101C00007B6129E04FF41D037B6125E04FF4650300
:101C10007B6121E04FF46B037B611DE0414B7B61F5
:101C20001AE04FF0EB737B6116E04FF06C737B6151
:101C300012E04FF080637B610EE04FF0E8637B6160
:101C40000AE04FF070637B6106E04FF080537B61E8
:101C500002E06FF0070353E0FB6803F4E063002B3E
:101C600002D06FF008034BE0FB6803F44043002B05
:101C700003D0B3F5804F03D005E00023BB7405E02B
:101C80001023BB7402E06FF00A0339E0FB6803F431
:101C90004053002B03D0B3F5805F03D005E0002351
:101CA0007B7405E00E237B7402E06FF0090327E0EC
:101CB000FB6803F44033002B03D0B3F5403F03D05F
:101CC00005E000233B7405E001233B7402E06FF064
:101CD0000B0315E07B687A69C3F88C207B6890332E
:101CE00007F110021268114619800233120C1A70A3
:101CF0007A687B6864331946104600F03BFB00238A
:101D000018461837BD4680BD40420F0090D00300F2
:101D100000B013000050270000F03A0000A04E0071
:101D200000C0750000903A0180B582B000AF7860C5
:101D30000449786802F0EBF8034618460837BD46B8
:101D400080BD00BF8420002080B500AF024802F0B3
:101D500006F90346184680BD8420002080B582B075
:101D600000AF0346FB71FB790449184602F004F901
:101D7000034618460837BD4680BD00BF84200020BA
:101D800080B582B000AF78603960054A39687868FC
:101D900002F004F9034618460837BD4680BD00BF6F
:101DA0008420002080B582B000AF78603960054A99
:101DB0003968786802F052F9034618460837BD467C
:101DC00080BD00BF8420002080B500AF024802F033
:101DD000BCF90346184680BD8420002080B500AFC2
:101DE000024802F0BDF90346184680BD8420002059
:101DF00080B582B000AF78603960054A396878688C
:101E000002F0E3F9034618460837BD4680BD00BF1F
:101E10008420002080B483B000AF0346FB7197F9A3
:101E20000730002B0BDBFB7903F01F02064997F903
:101E300007305B09012000FA02F241F8232000BFBD
:101E40000C37BD4680BC704700E100E080B483B031
:101E500000AF0346FB7197F90730002B12DBFB79CB
:101E600003F01F020A4997F907305B09012000FAC5
:101E700002F2203341F82320BFF34F8F00BFBFF39E
:101E80006F8F00BF00BF0C37BD4680BC704700BFDE
:101E900000E100E080B483B000AF03463960FB711D
:101EA00097F90730002B0ADB3B68DAB20C4997F947
:101EB00007305201D2B20B4483F800230AE03B689A
:101EC000DAB20849FB7903F00F03043B5201D2B2A6
:101ED0000B441A7600BF0C37BD4680BC704700BF6C
:101EE00000E100E000ED00E080B483B000AF134BF0
:101EF0001B68C3F30B037B60BFF34F8F00BF104B16
:101F00001B683B60BFF34F8F00BFBFF34F8F00BF15
:101F10007B68092B0CD13B68012B03D03B68022B5B
:101F200002D003E0012304E0012302E0012300E0EA
:101F3000002318460C37BD4680BC70473001FF00B7
:101F40003401FF0080B584B000AF78607B68002B5F
:101F500011D00B4B43F00103FB600A4B1B680A4A8C
:101F6000A2FB03239A0C7B6802FB03F3BB60FB68B4
:101F7000B868984700E000BF1037BD4680BD00BF7D
:101F8000C08700008020002083DE1B4380B584B022
:101F900000AF78607B681B68184602F047FE034676
:101FA00083F00103DBB2002B0ED00821164801F0AC
:101FB000E6FE1921154801F0E2FE4FF47472022189
:101FC000134805F0FBFDFEE70023FB60786802F094
:101FD00052FE0346002B02D10E4BFB600EE008219F
:101FE000094801F0CCFE1921084801F0C8FE40F272
:101FF000D9320221064805F0E1FDFEE7FB681846EC
:102000001037BD4680BD00BF94870000A087000048
:102010009C8700000025845080B586B000AF7860B2
:10202000084611461A460346FB700B46BB70134622
:102030007B703B1D1846FFF7A9FF78617A687B69C2
:10204000803253F822303B61114BFB60FB68DB436D
:102050003A6913403B61FA78BB785B001A437B789E
:102060009B001A4397F820301B021A4397F824303C
:102070001B0413433A6913433B617A687B698032DE
:10208000396943F8221000BF1837BD4680BD00BF34
:102090000F07030080B58AB000AF786039607B68B5
:1020A00004337B623B6893F8303083F00103DBB28A
:1020B000002B20D07B6ADB6C43F000731A467B6AEE
:1020C000DA643B681B68B3F1FF3F09D03B681B68CB
:1020D000184602F00EFE3B681B68184602F0DEFD53
:1020E0003B685B68B3F1FF3F05D03B685B6800214C
:1020F000184602F0E0FD3B6893F82C30012B28D104
:102100003B6893F8303083F00103DBB2002B20D022
:102110007B6ADB6C43F000631A467B6ADA643B68D7
:10212000DB68B3F1FF3F05D03B68DB680021184650
:1021300002F0C1FD3B689B68B3F1FF3F09D03B68EB
:102140009B68184602F0D5FD3B689B68184602F074
:10215000A5FD3B6893F82F3083F00103DBB2002B21
:1021600006D07B6ADB6C43F080731A467B6ADA64C4
:1021700007F10C0300221A605A609A60DA601A6153
:102180005A613B681B68FB603B685B683B613B686E
:102190009B687B613B68DB68BB613B6893F82F30D1
:1021A00087F823303A6807F120032C321268114671
:1021B00019800233120C1A703B689B6AFB617B68C2
:1021C0001B6807F10C021146184602F09AFAFFF755
:1021D0008BFE0346002B02D0786802F0E1FD7B689D
:1021E00018683B6893F832200023034902F0C2FAD2
:1021F00000BF2837BD4680BD1003420080B588B0BF
:1022000000AFF860B9607A60FB68002B0ED108213E
:10221000544801F0B4FD1021534801F0B0FD40F2E4
:102220008D120221514805F0C9FCFEE7BB68002B66
:102230000ED108214B4801F0A2FD10214A4801F0BF
:102240009EFD4FF4C7720221484805F0B7FCFEE737
:10225000FB680433FB61FB6993F84830002B04D022
:102260006FF077033B613B6978E050220021F86909
:1022700009F051F9BB681A69FB691A60BB685A69B1
:10228000FB699A63BB689B69002B03D1FB69002241
:10229000DA6304E0BB689B695A1EFB69DA63BB68BA
:1022A0001B6A042B06D9BB68DA69FB699A61FB6972
:1022B0000022DA617B68002B04D0BB6893F83130D0
:1022C000002B01D0002301E04FF48073BB61BB6899
:1022D00093F83130002B06D0FB69DB6C43F001032F
:1022E0001A46FB69DA64FB697A685A60FB69012265
:1022F00083F84820FB681B68184602F0E1FD03469E
:1023000083F00103DBB2002B02D06FF08B0325E0DA
:10231000B968F868FFF7BEFEFB681A68BB6893F8F7
:1023200031301946104602F017FE034683F00103D0
:10233000DBB2002B02D06FF08B030FE07B68002B29
:1023400001D00B4A00E00022BB6913437B61FB68AC
:102350001B687969184602F018FB002318462037DD
:10236000BD4680BD94870000C88700009C870000A0
:1023700010020A0080B584B000AF786039607B68D5
:10238000002B0ED108212F4801F0F9FC17212E480F
:1023900001F0F5FC4FF4FE7202212C4805F00EFC12
:1023A000FEE73B68002B0ED10821264801F0E7FC30
:1023B0001721254801F0E3FC40F2FD1202212348D9
:1023C00005F0FCFBFEE77B680433FB60FB6893F8D9
:1023D0004830002B02D16FF076032FE0786800F0D0
:1023E0009BFA0346002B02D06FF00F0326E07B68B8
:1023F0001B68184602F01EFBFB685B68002B03D0CD
:102400003B681A69FB681A6039687868FFF742FE12
:102410007B681A68FB68DB6C03F00103002B14BFB8
:1024200001230023DBB21946104602F095FD034656
:10243000002B01D0002301E06FF08B03184610370A
:10244000BD4680BD94870000D88700009C870000AF
:1024500080B586B000AF78607B68002B0ED1082174
:10246000254801F08CFC1221244801F088FC4FF42F
:1024700007720221224805F0A1FBFEE77B680433C6
:102480007B617B681B683B617B6993F84830002B5C
:102490000ED10821184801F072FC1221174801F0F2
:1024A0006EFC40F222220221154805F087FBFEE770
:1024B0001449386902F08BFA386902F0C8F9012230
:1024C0000121786800F0CAFCF8600121786800F00A
:1024D00061FAF860786802F019FC7B690022DA641E
:1024E0007B69002283F848207B6900225A6000BF84
:1024F0001837BD4680BD00BF94870000F0870000FC
:102500009C87000010034A0080B582B000AF78605D
:102510007B68002B0ED108210C4801F030FC1621FD
:102520000B4801F02CFC40F245220221094805F03D
:1025300045FBFEE77B6893F84C30002B14BF01236A
:102540000023DBB218460837BD4680BD94870000E3
:10255000048800009C87000080B58AB000AFF86056
:10256000B9601346FB71FB680433BB61FB681B68F1
:102570007B61BB6993F84830012B0ED00821464897
:1025800001F0FDFB0921454801F0F9FB40F2B722BB
:102590000221434805F012FBFEE76FF00F033B6298
:1025A000BB699B6B002B10D1B968786901F090FE74
:1025B000034683F00103DBB2002B02D06FF015035A
:1025C00065E0002387F8273002E0012387F82730F1
:1025D00000F0F6FCBB69DB6C03F00103002B14BFB9
:1025E00001230023DBB21946786902F043FC03465D
:1025F000FB74FB7C002B27D0BB695B6C002B06DADD
:10260000786902F06CFA03461A46BB695A6497F877
:102610002730002B0ED0BB699A6BBB69DB6B134470
:10262000BA6812781A70BB699A6BBB69DB6B13448A
:10263000FB6101E0BB68FB61FB790122F969786904
:1026400002F0D0FC00233B6200F0CAFC3B6A002B86
:102650001CD1FB7983F00103DBB2002B16D0BB69E0
:10266000DB6C03F00103002B14BF01230023DBB25A
:102670000122F969786902F06CFD386200F0A0FC73
:10268000B969786902F0EFFC00F0AAFC3B6A1846D1
:102690002837BD4680BD00BF948700001C8800001D
:1026A0009C87000080B58AB000AFF860B9607A609E
:1026B0003B60FB68002B0ED10821944801F05FFBC2
:1026C0000E21934801F05BFB40F23B32022191481E
:1026D00005F074FAFEE7FB680433BB61FB681B6816
:1026E0007B61BB6993F84830012B0ED008218748E5
:1026F00001F045FB0E21864801F041FB4FF450727A
:102700000221844805F05AFAFEE7BB68002B0ED17F
:1027100008217E4801F033FB0E217D4801F02FFB9C
:1027200040F2413202217B4805F048FAFEE77B681F
:10273000002B0ED10821754801F021FB0E217448B1
:1027400001F01DFB40F242320221724805F036FAD8
:10275000FEE700237B627B68002B02D16FF006034B
:10276000D0E0BB695B68002B18D13B68002B15D10A
:10277000BB69DB6A002B0ED1BB697A68DA62002381
:102780007A68B968F86802F07DFD7862BB6900225A
:10279000DA627B6AB6E06FF00F03B3E03B6803F0E8
:1027A0000303002B07D03B687A68B968F86802F029
:1027B00069FD0346A6E0B968786901F089FD034622
:1027C00083F00103DBB2002B0FD0BB699B6B002BA6
:1027D00004D03B6803F00403002B02D06FF00C031D
:1027E0007B62012387F8233010E0BB69DB6C03F0C8
:1027F0000103002B07D03B6803F00403002B02D039
:102800004FF0FF337B62002387F823307B6A002B75
:1028100001D07B6A76E000F0D3FBBB69DB6A002B5A
:1028200018D1BB697A68DA62BB69BA689A6297F8AC
:102830002330002B06D0BB69DB6C43F002031A4641
:10284000BB69DA6497F823301A46B969786902F0EF
:10285000BDFC54E0BB695B6B002B4DD13B6803F0C2
:102860000403002B48D0BB699B6A1946786901F0C4
:102870002FFD0346002B3BD0BB69DB6C43F01003FC
:102880001A46BB69DA64BB69BA681A63BB697A68BD
:102890005A63002387F822300A23FB614FF4A871A2
:1028A000786902F02BF80346002B03D0012387F848
:1028B000223008E00120FFF745FBFB69013BFB618B
:1028C000FB69002BEAD197F82230002B0CD04FF493
:1028D000A871786902F001F87A68B968786902F03D
:1028E000D9F800237B620AE06FF08B037B6206E07D
:1028F0004FF0FF337B6202E06FF00F037B6200F06A
:102900006FFB7B6A18462837BD4680BD9487000060
:10291000288800009C87000080B584B000AF7860F4
:102920007B68002B0ED10821174801F028FA1A21E4
:10293000164801F024FA40F2CB320221144805F087
:102940003DF9FEE77B680433FB60FB6893F8483091
:10295000002B0ED108210C4801F011FA1A210B4866
:1029600001F00DFA40F2CF320221094805F026F9B4
:10297000FEE7FB68DB6A002B14BF01230023DBB2F8
:1029800018461037BD4680BD948700003888000087
:102990009C87000080B586B000AF78600B46FB7066
:1029A0007B68002B0ED10821244801F0E8F914219E
:1029B000234801F0E4F940F2D6320221214805F023
:1029C000FDF8FEE77B6804337B617B681B683B6135
:1029D000386902F02FFAF8607B69DB6A002B06D1B8
:1029E000F968386902F039FA6FF0760321E07B6903
:1029F0004C33D3E8EF1F41F00801C3E8E21F002A7F
:102A0000F7D10C21386902F034F8FB78002B0BD099
:102A10007969386902F044FB4FF49071386901F02C
:102A20005CFF7B690022DA62F968386902F015FA06
:102A3000002318461837BD4680BD00BF94870000AC
:102A4000548800009C87000080B584B000AFF86017
:102A5000B9607A604FF48471F86801F03EFF20217C
:102A6000F86801F083FF0C4B1946F86801F0AFFFDE
:102A7000F86802F0FAFCBB6800229A60BB6800228A
:102A80001A61B86802F0BBFC7968B86802F07CFC97
:102A900000BF1037BD4680BD10020A0080B586B069
:102AA00000AF786039607B68002B0ED10821634845
:102AB00001F065F91521624801F061F940F2D34255
:102AC0000221604805F07AF8FEE77B6804337B61F9
:102AD0007B681B683B617B694C33D3E8EF2F42F482
:102AE0008051C3E8E01F0028F7D1FA60FB6803F4C7
:102AF0008053002B02D06FF00F039BE03B6803F084
:102B00000403002B06D07B699B69002B02D14FF098
:102B1000FF338FE04C4B1946386901F058FF386994
:102B200001F07BFF4FF48871386901F0D6FE4FF455
:102B3000A671386901F0D1FE4FF4A271386901F035
:102B4000CCFE3B689B0303F480423B681B0303F409
:102B500000531A433B685B0303F400431343BB6019
:102B60007B694C33BA68D3E8EF0F40EA0200C3E850
:102B7000E10F0029F7D17B699B68002B07D17B69A6
:102B80005B68002B03D00321786902F0E2FB7B69CC
:102B90009B68002B10D1786902F052FA034683F04B
:102BA0000103DBB2002B01D0002343E0786902F07F
:102BB00026FC6FF00B033DE00421386901F0F4FEC0
:102BC0000346002B17D07B695B68002B13D07B6911
:102BD000DB6C03F40023002B0DD07B694C33D3E86E
:102BE000EF1F21F40021C3E8E21F002AF7D10621DC
:102BF000786902F0AEFB7B69DB6C03F48053002B39
:102C000017D04FF4A671386901F078FE034683F0BF
:102C10000103DBB2002B03D00021386901F029FF4A
:102C20007B695B68002B04D0074B1946386901F0BB
:102C3000ACFE002318461837BD4680BD94870000BF
:102C4000688800009C87000010020A0080B58AB0E6
:102C500000AFF860B9607A60FB68002B0ED10821E4
:102C6000414801F08CF81921404801F088F840F201
:102C7000755202213E4804F0A1FFFEE7FB680433D1
:102C80007B627B6A93F84830012B0ED008213648CE
:102C900001F075F81921354801F071F840F27952C8
:102CA0000221334804F08AFFFEE7BB68002B0ED1F7
:102CB00008212D4801F063F819212C4801F05FF834
:102CC00040F27A5202212A4804F078FFFEE77B683E
:102CD000002B0ED10821244801F051F81921234876
:102CE00001F04DF840F27B520221214804F066FFCA
:102CF000FEE7FB681B68BB61002387F823300023D5
:102D0000FB61B86902F096F878617B6ADB6C03F4CA
:102D10008023002B03D06FF07603FB6110E0B968CD
:102D2000B86901F0D5FA034683F00103DBB2002B4A
:102D300003D06FF00C03FB6102E0012387F823301E
:102D400097F82330002B06D07B68BA68796AB86997
:102D500002F088FCF8617969B86902F07EF8FB69D5
:102D600018462837BD4680BD948700008088000043
:102D70009C87000080B588B000AF78600B46FB7080
:102D80001346BB707B681B687B617B6804333B61C7
:102D90002021786901F0C8FD0346002B14BF0123F0
:102DA0000023FB733B69DB6C03F48223B3F5805F84
:102DB00008D0FB78002B02D03B690022DA616FF06B
:102DC000760345E0786902F035F8B861FB78002BAE
:102DD00005D1FB7B83F00103DBB2002B07D0202160
:102DE000786901F0C3FD4FF4A113FB6102E04FF4D9
:102DF0008033FB613B694C33FA69D3E8EF0F40EA5B
:102E00000200C3E8E10F0029F7D1BB78002B03D102
:102E10003B695B68002B12D10F4B1946786901F0B2
:102E2000D6FD0421786901F024FE3969786902F041
:102E3000E9FC094BDB43BA691340BB6103E00421A1
:102E4000786901F016FEB969786902F006F8002386
:102E500018462037BD4680BD10020A0080B582B0FA
:102E600000AF78600B46FB701346BB707B68002B8D
:102E70000ED10821164800F082FF1421154800F0F9
:102E80007EFF40F23C620221134804F097FEFEE709
:102E90007B6893F84C30012B0ED008210C4800F0D1
:102EA0006EFF14210B4800F06AFF40F23D620221E0
:102EB000094804F083FEFEE7BA78FB781946786883
:102EC000FFF758FF034618460837BD4680BD00BFD0
:102ED000948700009C8800009C87000080B584B027
:102EE00000AF786039607B68002B0ED10821314833
:102EF00000F045FF1421304800F041FF40F24462E9
:102F000002212E4804F05AFEFEE77B680433FB6082
:102F1000FB6893F84830012B0ED00821254800F0BB
:102F20002EFF1421244800F02AFF4FF4C962022129
:102F3000224804F043FEFEE7FB685B68002B02D0EA
:102F40004FF0FF3331E07B681B68184601F07FFDCE
:102F5000034683F00103DBB2002B0DD03B68002B4E
:102F600007D07B681B68184601F0DBFD02463B6812
:102F70001A606FF0770318E07B681B684FF4887164
:102F8000184601F0BBFC0346002B0CD03B68002B1D
:102F900007D07B681B68184601F0C3FD02463B68FA
:102FA0001A60002301E06FF00F0318461037BD468A
:102FB00080BD00BF94870000B08800009C8700009F
:102FC00080B400AF72B600BF044B1B680133034AE4
:102FD000136000BFBD4680BC704700BFD8290020E9
:102FE00080B500AF0F4B1B68002B0DD108210E4898
:102FF00000F0C5FE1B210D4800F0C1FE2C2202216D
:103000000B4804F0DBFDFEE7064B1B68013B054A5D
:103010001360044B1B68002B01D162B600BF00BFD8
:1030200080BD00BFD8290020C4880000D0880000DF
:10303000CC88000080B487B000AFF860B9607A60D7
:10304000FB681B687B617B69114A1A63BB68002BB4
:1030500001D0042200E000227B68002B01D0022373
:1030600000E000231A437B695A607B695B6843F088
:1030700001027B695A60BFF34F8F00BFBFF36F8FB0
:1030800000BF002318461C37BD4680BC704700BFF8
:1030900004AAFF0080B582B000AF786008461146F0
:1030A0001A460346FB700B46BB7013467B70FA78DA
:1030B0007B68A03253F8323003F48073002B0ED0BB
:1030C0000821244800F05BFE1521234800F057FE3C
:1030D0004FF46C720221214804F070FDFEE7FB788A
:1030E0007A68A033DB0013445B6803F48073002B21
:1030F0000ED00821174800F042FE1521164800F0B6
:103100003EFE40F2B1320221144804F057FDFEE7C2
:103110007B783A7C002A02D04FF4807100E00021D5
:10312000FA7819437B68A03243F83210BA783B7CB6
:10313000002B02D04FF4807100E00021FB780A439D
:103140007968A033DB000B445A6000BF0837BD46E6
:1031500080BD00BFEC88000058890000F4880000A2
:1031600080B584B000AFF8607B600B46FB721346FD
:10317000BB72FA7AFB6802F5C07253F8223003F48E
:103180008073002B0ED00821134800F0F8FD1821A1
:10319000124800F0F4FD40F2CE320221104804F053
:1031A0000DFDFEE7BB7A002B01D0102200E00022CB
:1031B0007B6813433A7E002A02D04FF4807100E00E
:1031C0000021FA7A1943FB6802F5C07243F8221015
:1031D00000BF1037BD4680BDEC880000F8880000B5
:1031E000F488000080B584B000AFF8607B600B46C7
:1031F000FB721346BB72FA7AFB6802F5E07253F871
:10320000223003F48073002B0ED00821134800F005
:10321000B6FD1621124800F0B2FD40F2DB32022169
:10322000104804F0CBFCFEE7BB7A002B01D0102243
:1032300000E000227B6813433A7E002A02D04FF45C
:10324000807100E00021FA7A1943FB6802F5E07210
:1032500043F8221000BF1037BD4680BDEC88000047
:1032600010890000F488000080B584B000AFF860D9
:10327000B96011461A460B46FB711346BB71FB68D9
:10328000BA6802F5007253F82230002B0EDB0821D9
:10329000234800F074FD1721224800F070FD4FF420
:1032A0007A720221204804F089FCFEE7FB68BA68C4
:1032B00002F5007253F8223003F48073002B0ED015
:1032C0000821174800F05BFD1721164800F057FD54
:1032D00040F2E9320221144804F070FCFEE7FB7969
:1032E000002B01D0102200E00022BB79002B01D07E
:1032F000202300E0002313433A7E002A02D04FF43B
:10330000807200E0002242EA0301FB68BA6802F51D
:10331000007243F8221000BF1037BD4680BD00BFC9
:10332000EC88000090890000F488000080B582B02D
:1033300000AF00233B603B6843F001033B603B6808
:1033400043F002033B603B6843F004033B6000230F
:103350007B600AE0094A7B6852F8233039681846D6
:1033600002F075FB7B6801337B607B68002BF1D03A
:1033700000BF00BF0837BD4680BD00BF5C210020F4
:1033800080B582B000AF00237B6000233B6032E059
:103390001D4A3B6852F823304FF48471184602F0FE
:1033A00046FB0346002B03D07B6843F004037B609D
:1033B000154A3B6852F823304FF48071184602F0EA
:1033C00036FB0346002B03D07B6843F001037B6090
:1033D0000D4A3B6852F823304FF48271184602F0D0
:1033E00026FB0346002B03D07B6843F002037B607F
:1033F0003B6801333B603B68002BC9D07B681846B3
:103400000837BD4680BD00BF5C21002080B582B07A
:1034100000AF00237B601DE0124A7B6852F8233026
:103420004FF48071184602F0EDFA0E4A7B6852F8AC
:1034300023304FF48271184602F0E4FA094A7B689F
:1034400052F823304FF48471184602F0DBFA7B689F
:1034500001337B607B68002BDED000BF00BF0837E4
:10346000BD4680BD5C21002080B584B002AF002342
:103470007B6017E07B68DBB21946174802F0F5FA6B
:10348000034683F00103DBB2002B08D07B68D9B27E
:1034900000230093072301220F48FFF761FE7B689A
:1034A00001337B607B681F2BE4D900233B600BE07A
:1034B0003B68D9B200230093072301220648FFF797
:1034C00091FE3B6801333B603B681F2BF0D900BF86
:1034D00000BF0837BD4680BD0030005080B58AB0BF
:1034E00002AFF860B9603B601346FB71FB68DB0B11
:1034F000BB61BB68DB0B7B61BB69FB610CE0FB69FB
:10350000D9B2FA7997F8283000933B680748FFF75B
:1035100027FEFB690133FB61FA697B699A42EED9A8
:1035200000BF00BF2037BD4680BD00BF0030005047
:1035300080B58AB002AFF860B9603B601346FB719A
:10354000FB6803F160435B0BBB61BB6803F1604345
:103550005B0B7B61BB69FB610CE0FB69D9B2FA795B
:1035600097F8283000933B680748FFF73BFEFB695C
:103570000133FB61FA697B699A42EED900BF00BF53
:103580002037BD4680BD00BF0030005080B586B0FA
:1035900002AF786039603A687B68D31A0133FB6008
:1035A0007B68C3F30E03C3F50043BB60FA68BB68D6
:1035B0009A420DD90821304800F0E1FB2D212F4817
:1035C00000F0DDFBF82202212D4804F0F7FAFEE7B7
:1035D0007A68BB681344C3F30E03002B0DD0082197
:1035E000254800F0CCFB2D21244800F0C8FBFB222D
:1035F0000221234804F0E2FAFEE7BB685A1EBB68CA
:103600001340002B0DD008211B4800F0B8FB2D21E2
:103610001A4800F0B4FBFF220221194804F0CEFA48
:10362000FEE7BB681F2B03D9BB68B3F5805F0ED9DB
:103630000821114800F0A3FB2D21104800F09FFB4A
:103640004FF4817202210E4804F0B8FAFEE7BB681D
:10365000B3FA83F3DBB2C3F11B03DAB27B68DB0B93
:10366000DBB20121009100210648FFF713FD00BFE6
:103670001037BD4680BD00BFEC88000028890000DF
:10368000F48800000030005080B586B002AF78604A
:103690000B46FB707B681B0BFB73124AFB7B03F52D
:1036A000007352F8233003F00303002B0ED10821DE
:1036B0000D4800F064FB1D210C4800F060FB4FF446
:1036C000A77202210A4804F079FAFEE7F97BFB7839
:1036D0000093012301220348FFF7C6FD00BF103706
:1036E000BD4680BD00300050EC88000070890000AD
:1036F000F488000080B586B002AF78600B46FB709E
:103700007B681B0BFB73124AFB7B03F5007352F8BB
:10371000233003F00303012B0ED108210D4800F0E4
:103720002EFB21210C4800F02AFB4FF4B672022137
:103730000A4804F043FAFEE7F97BFB780093002384
:1037400000220348FFF790FD00BF1037BD4680BD43
:1037500000300050EC880000A8890000F4880000C8
:1037600080B582B000AF78601621034800F007FBF7
:1037700000BF0837BD4680BDCC89000080B500AFD2
:10378000FFF7FEFD0346034A13600248FFF7E8FF18
:1037900000BF80BD1030002080B582B000AF7860DF
:1037A0000C220449786807F070FE00BF0837BD4658
:1037B00080BD00BF1030002080B483B000AF0C4B40
:1037C000DB687B607B689BB27B607B6823F00803CF
:1037D0007B607B6843F0BF6343F400337B60044A43
:1037E0007B68D36000BF0C37BD4680BC704700BF0C
:1037F00000ED00E080B500AF2E21024800F0BFFAD6
:1038000000BF80BDE489000080B483B000AF786061
:103810003960064A7B681360054A3B6813600023E1
:1038200018460C37BD4680BC704700BF1C300020D6
:103830002030002090B589B000AF7860544B1B68F1
:103840007A6852695A62524B1B687A6892699A6226
:103850004F4B1B687A68D269DA624D4B1B687A68F5
:10386000126A1A634A4B1B687A68526A5A63484B59
:103870001B687A68926A9A63454B1B687A68D26AB9
:10388000DA63434B1B687A68126B1A64404B1B68FF
:103890007A68526B5A603E4B1B687A68926B9A60EA
:1038A0003B4B1B687A68D26BDA60394B1B687A68CD
:1038B000126C1A61364B1B687A68526C5A61344B31
:1038C0001B687A68926C9A61314B1B687A68D26C7B
:1038D000DA612F4B1B687A68126D1A622C4B1B68D9
:1038E0007A68926D5A652A4B1B687A68D26D9A6520
:1038F000274B1B687A68126FDA65254B1B687A685C
:10390000126E1A66224B1B687A68926E5A66204BBA
:103910001B687A68526F9A661D4B1B68EFF38882AA
:103920007A617A695A641A4B1B68EFF38982BA612B
:10393000BA699A64164B1B687A685268DA64144B49
:103940001B68EFF39482FA61FA691A65104B1B68E1
:103950007A6812681A6707F108031846FFF71CFF18
:103960000B4B1B68BA68DA66094B1B6801221A7098
:10397000084B1B681C46640864002046214622460A
:10398000234607F02EFF00BF2437BD4690BD00BF81
:103990001C3000202030002080B5A0B000AF3B4696
:1039A0001846FDF7DDFE7B68002B14BF01230023C2
:1039B00087F87F3097F87F3083F00103DBB2002B6C
:1039C00015D17B68184602F01DF90346002B0ED175
:1039D0003B68052B01D0072B0BD100BF074B1B68A1
:1039E000002B07D03B461846FFF724FF02E000BF3C
:1039F00000E000BF8037BD4680BD00BF2030002002
:103A000080B400AFBFF34F8F00BF064BDB6803F4F9
:103A1000E0620449044B1343CB60BFF34F8F00BFF8
:103A200000BFFDE700ED00E00400FA0580B483B0BC
:103A300000AF134B1B68C3F30B037B60BFF34F8FC7
:103A400000BF104B1B683B60BFF34F8F00BFBFF33D
:103A50004F8F00BF7B68092B0CD13B68012B03D033
:103A60003B68022B02D003E0012304E0012302E0C3
:103A7000012300E0002318460C37BD4680BC704788
:103A80003001FF003401FF0090B58FB000AF7860C7
:103A9000396001237B6206233B627B685B680C2BE9
:103AA00003D13B685B68042B01D0022397E07B685D
:103AB0001B68FB613B681B68BB61BB694FF0FF3251
:103AC0001A6002237B63FB691B68002B03D0FB6930
:103AD0009B68002B01D1022381E0FB691B6819461A
:103AE000FB699A683B6A786A04F073FC78617B69C9
:103AF000002B01D0022372E000233B636BE03A4AC3
:103B00003B6B52F833303B61374A3B6BDB0013446D
:103B10005B68FB60FB695B683A699A4258D8FB694D
:103B20005A68FB699B681A443969FB680B449A42DE
:103B30004ED83B692D4A93423AD93B692C4A93426D
:103B400036D8FB695B68FB62FB691B68BB62294B6B
:103B5000BB60FB6A03F00303002B0DD1FB699B687C
:103B600003F00303002B07D1FB695A68FB699B68CC
:103B70001344BA689A4211D2032330E0FB6A1A1D3B
:103B8000FA62BC6A221DBA62184602F0DCF80346EB
:103B90002360FB699B681A1FFB699A60FB699B683D
:103BA000002BEBD1BB6900221A6000237B6315E078
:103BB000FB691868FB695B681946FB699B681A46D4
:103BC00007F063FCBB6900221A6000237B6305E0F9
:103BD0003B6B01333B633B6B032B90D97B6B1846EC
:103BE0003C37BD4690BD00BF148A0000FF7FFF0038
:103BF000FF8FFF000090FF0080B48FB000AF7860AF
:103C000039607B685B680C2B03D13B685B68042BD5
:103C100001D0022384E07B681B687B623B681B68E1
:103C20003B623B6A01221A6002237B6300233B63F1
:103C300072E03E4A3B6B1B0113441B68FB613B4A2D
:103C40003B6B1B01134404331B68BB6100237B6186
:103C50007B6A1B68FA699A425BD13B6A02221A604E
:103C60007B6A9B68BA699A4253D17B69002B36D034
:103C70002E4A3B6B1B01134408331B68002B2ED0CC
:103C8000002387F82F300023BB6219E0274A3B6BE3
:103C90001B01134408331A68BB6A9B0013441B685A
:103CA0003B617B6A5A687B6A9B6813403A699A4217
:103CB00003D1012387F82F3006E0BB6A0133BB62D2
:103CC000BB6A7A699A42E1D897F82F3083F00103F2
:103CD000DBB2002B03D03B6A03221A601FE0FB69B2
:103CE0001B68FB607B6A9B68DB43FA681340FB60E0
:103CF0007B6A5A687B6A9B681340FA681343FB60CF
:103D0000FB69FA681A603B6A00221A6000237B6331
:103D100005E03B6B01333B633B6B002B89D07B6B36
:103D200018463C37BD4680BC704700BF348A00004F
:103D300080B400AF00231846BD4680BC704780B5F4
:103D400000AFFFF7F5FF034683F00103DBB2002B62
:103D500080BD80B485B000AF78607B681B68FB6075
:103D6000BFF34F8F00BFFB68B3F1FF3F0CBF0123D0
:103D70000023DBB218461437BD4680BC704780B5BF
:103D800082B000AF7860396039687868FDF778FDF7
:103D9000034618460837BD4680BD80B483B000AFE7
:103DA00078607B689B0903F00103002B14BF01239B
:103DB0000023DBB218460C37BD4680BC704780B488
:103DC00083B000AF78607B6803F00803002B14BF5A
:103DD00001230023DBB218460C37BD4680BC704778
:103DE00080B584B000AF78607868FFF7D6FF0346EF
:103DF000002B11D07B6803F00403002B07D07868F8
:103E0000FFF7DDFF0346002B01D0012300E0002374
:103E100003F00103DBB219E0EFF39483BB60BB68EE
:103E200003F00203002B14BF01230023FB73FB7B71
:103E3000002B07D07868FFF7C2FF0346002B01D0A4
:103E4000012300E0002303F00103DBB21846103722
:103E5000BD4680BD80B588B000AFF860B9607A60BB
:103E6000F868FFF7BDFF0346FB77F868FFF795FF9B
:103E70000346002B06D0FB7F002B01D07B680DE0B2
:103E8000BB680BE0FB7F002B04D0EFF38983BB61A1
:103E9000BB6903E0EFF388837B617B6918462037B9
:103EA000BD4680BD80B584B000AF03463960FB716C
:103EB0003B685B681846FFF770FF3B685B68184615
:103EC000FFF77DFFEFF38883BB60EFF38983FB602F
:103ED00000BF1037BD4680BD80B483B000AF7860AE
:103EE0007B6803F06043B3F1005F0CBF0123002344
:103EF000DBB218460C37BD4680BC704780B400AFBB
:103F0000002343F001031846BD4680BC704780B5CE
:103F100084B000AF786039603B6803F164003B68AF
:103F2000596D3B689B6D1A46FDF742FD38683B684A
:103F3000643300221946FEF761F9F860FB68002B34
:103F400002DA6FF0010306E03B680022DA653B68A5
:103F500000221A66002318461037BD4680BD80B582
:103F600082B000AF78607B681846FEF771FA0023D4
:103F700018460837BD4680BD80B483B000AF034605
:103F80003960FB71FB79022B01D1002301E06FF056
:103F9000030318460C37BD4680BC704780B598B007
:103FA00000AFF860B9607A607B681846FEF7ACFA3B
:103FB000034683F00103DBB2002B02D04FF0FF3346
:103FC00048E0F868FFF788FF034683F00103DBB29F
:103FD000002B27D00023FB651FE0BA68FB6DD31AC6
:103FE000402B28BF40237B65FA68FB6DD11807F191
:103FF00010037A6D184607F048FA07F110037A6843
:10400000796D1846FFF7CAFF38653B6D002B01D06C
:104010003B6D1FE0FB6D4033FB65FA6DBB689A4258
:10402000DBD316E078680023BA68F968FEF73AFB3C
:10403000B865BB6D13F1100F02D16FF0010309E0F9
:10404000BB6D002B02DA4FF0FF3303E07B68BA68E8
:10405000DA65002318466037BD4680BD80B588B05C
:1040600000AFF860B9607A607B681846FEF74CFADA
:10407000034683F00103DBB2002B02D04FF0FF3385
:1040800052E07B68BA68F9681846FEF7DFFDF86110
:10409000FB6913F1100F02D16FF0010344E0FB69DB
:1040A000002B02DA4FF0FF333EE00323BB617B6855
:1040B000B9691846FEF7F2FCF861FB6913F1100FBD
:1040C00002D16FF001032FE0FB69002B02DA4FF001
:1040D000FF3329E000237B617B6807F1140211465E
:1040E0001846FEF7FBFEF861FB6913F1100FF3D0E1
:1040F000FB6913F1780F03D07B69BA689A4202D941
:104100004FF0FF3310E07B68012201211846FEF7D3
:10411000A5FEF861FB69002B02DA4FF0FF3303E0E4
:104120007B68BA681A66002318462037BD4680BDF2
:1041300080B485B000AFF860B9607A606FF00303B7
:1041400018461437BD4680BC704780B483B000AFBA
:1041500078607B68DB6D18460C37BD4680BC7047C5
:1041600080B483B000AF78607B681B6E18460C3754
:10417000BD4680BC704780B582B000AF78603960C2
:104180007B68152B0FD07B68162B19D13B684FF03D
:10419000FF329A663A683B68643319461046FEF768
:1041A000E9F803460DE03B684FF0FF325A663A6883
:1041B0003B68643319461046FEF7DCF8034600E01E
:1041C000002318460837BD4680BD80B586B000AFD5
:1041D000F860B9607A60FB68DBB27B617B69012BB8
:1041E00007D07B69002B22D07B69153B012B1ED8A1
:1041F00006E07A68B968F868FDF738FC034618E00D
:10420000BB68002B11D179687869FFF7B4FF38617A
:104210003B6913F1100F02D16FF0010309E03B6914
:10422000002B02DA4FF0FF3303E0002301E06FF0D0
:10423000030318461837BD4680BD80B483B000AF75
:1042400000237B607B6818460C37BD4680BC7047F6
:1042500080B483B000AF0346FB716FF003031846D0
:104260000C37BD4680BC704780B483B000AF0023DC
:104270007B607B6818460C37BD4680BC704780B4B5
:1042800083B000AF78607B681B0B5BB218460C37BD
:10429000BD4680BC704780B483B000AF78607B6857
:1042A0001B6800BF0C37BD4680BC704780B400AFB0
:1042B00000BFBD4680BC704780B400AF00BFBD46A4
:1042C00080BC704780B400AF00BFBD4680BC704763
:1042D00080B483B000AF786039603B6803F060431E
:1042E000B3F1005F0CBF01230023DBB218460C378B
:1042F000BD4680BC704780B483B000AF7860396041
:104300007A683B6813441B68002B14BF0123002309
:10431000DBB218460C37BD4680BC704780B582B012
:1043200000AF78600B467B807B887A68134400225C
:104330001A607B887A6813441846FFF7ACFF00BF09
:104340000837BD4680BD80B582B000AF78600B46AF
:104350007B807B8819467868FFF7CDFF03461846B7
:104360000837BD4680BD80B483B000AF7860396047
:104370007B68D3F800223B68134018460C37BD46D3
:1043800080BC704780B483B000AF786039607B68D0
:10439000D3F800223B681A437B68C3F8002200BFB1
:1043A0000C37BD4680BC704780B483B000AF7860E6
:1043B00039607B68D3F800223B68DB431A407B6896
:1043C000C3F8002200BF0C37BD4680BC704780B4E4
:1043D00083B000AF786039607B683A68C3F8042323
:1043E00000BF0C37BD4680BC704780B483B000AFBF
:1043F000786039607B68D3F804233B681340184623
:104400000C37BD4680BC704780B483B000AF786085
:1044100039607B683A68C3F8082300BF0C37BD4693
:1044200080BC704780B483B000AF78607B68D3F8FD
:10443000803418460C37BD4680BC704780B483B0CA
:1044400000AF786039607B683A68C3F8802400BFA9
:104450000C37BD4680BC704780B483B000AF786035
:104460007B680822C3F8002500BF0C37BD4680BC1E
:10447000704780B483B000AF78607B680022C3F8D7
:10448000002500BF0C37BD4680BC704780B483B0A8
:1044900000AF78607B68D3F80035082B0CBF012390
:1044A0000023DBB218460C37BD4680BC704780B491
:1044B00085B000AFF860B9607A60FB68BA68C3F88D
:1044C0000C25FB687A68C3F8142500BF1437BD4675
:1044D00080BC704780B582B000AF78604FF0FF328B
:1044E0004FF0FF317868FFF7E2FF00BF0837BD46A5
:1044F00080BD80B483B000AF78607B68D3F80C35A2
:1045000018460C37BD4680BC704780B483B000AFFE
:1045100078607B68D3F8143518460C37BD4680BCEC
:10452000704780B483B000AF78607B68D3F80835FB
:1045300018460C37BD4680BC704780B483B000AFCE
:1045400078607B68D3F8103518460C37BD4680BCC0
:10455000704780B485B000AFF860B9607A60FB68DE
:10456000BA68C3F80825FB687A68C3F8102500BF4D
:104570001437BD4680BC704780B582B000AF78600C
:104580004FF0FF324FF0FF317868FFF7E2FF00BFD6
:104590000837BD4680BD80B483B000AF78600B465D
:1045A000FB70FB787A68134401221A6000BF0C3755
:1045B000BD4680BC704780B483B000AF786039607E
:1045C0003B685A783B689B781343DAB23B681B78A8
:1045D0001343DBB21A467B68C3F86C2500BF0C3767
:1045E000BD4680BC704780B483B000AF786039604E
:1045F0007B683A68C3F8242500BF0C37BD4680BCF1
:10460000704780B483B000AF786039607B683A68E7
:10461000C3F8482500BF0C37BD4680BC704780B446
:1046200083B000AF786039603A687B68C3F844258E
:1046300000BF0C37BD4680BC704780B584B000AF6A
:10464000F860B9607A60B968F868FFF7E8FF7968E0
:10465000F868FFF7D6FF00BF1037BD4680BD80B4B5
:1046600083B000AF78607B68D3F8443518460C37C8
:10467000BD4680BC704780B483B000AF78607B6873
:10468000D3F84C3518460C37BD4680BC704780B413
:1046900083B000AF786039607B683A68C3F838252A
:1046A00000BF0C37BD4680BC704780B483B000AFFC
:1046B000786039603A687B68C3F8342500BF0C37EE
:1046C000BD4680BC704780B584B000AFF860B9606B
:1046D0007A60B968F868FFF7E8FF7968F868FFF76B
:1046E000D6FF00BF1037BD4680BD80B483B000AF99
:1046F00078607B68D3F83C3518460C37BD4680BCE3
:10470000704780B582B000AF786039603B681B6944
:1047100019467868FFF767FF3B68143319467868D5
:10472000FFF749FF3B68DB7D83F00103DBB2002B21
:1047300007D03B6819683B685B681A467868FFF7E2
:10474000B6FE3B681B7D012B0ED13B68DB7D83F001
:104750000103DBB2002B07D03B6899683B68DB683C
:104760001A467868FFF7F5FEFFF7A0FD00BF08378F
:10477000BD4680BD80B584B000AFF860B960114619
:104780001A460B46FB711346BB714FF48072B96831
:10479000F86800F0D7F94FF48272B968F86800F051
:1047A000D1F94FF48472B968F86800F0CBF94FF48E
:1047B0008872B968F86800F0C5F94FF48E72B9686C
:1047C000F86800F0BFF94FF49072B968F86800F02B
:1047D000B9F94FF49272B968F86800F0B3F94FF480
:1047E000A272B968F86800F0ADF94FF4A672B96822
:1047F000F86800F0A7F94FF4A872B968F86800F0FB
:10480000A1F94FF4AC72B968F86800F09BF9FFF7B2
:104810004DFDF868FFF733FD03461A46FB7919464C
:104820001046FDF737FBF868FFF729FD03461846E9
:10483000FDF7F0FABB79002B03D0B968F868FFF7F1
:10484000C6FDFFF733FD00BF1037BD4680BD80B504
:1048500082B000AF78607868FFF711FD0346184614
:10486000FDF7F4FAFFF722FD00BF0837BD4680BD13
:1048700080B582B000AF78603960FFF723FD7868BB
:10488000FFF737FE02463B681A607868FFF73DFE87
:1048900002463B685A607868FFF743FE02463B6871
:1048A0009A607868FFF749FE02463B68DA60FFF7D6
:1048B00003FD00BF0837BD4680BD80B582B000AFA4
:1048C00078607868FFF706FE7868FFF755FEFFF717
:1048D000EDFC00BF0837BD4680BD80B582B000AF9B
:1048E00078600B467B807B8819467868FFF716FD59
:1048F000FFF7DCFC00BF0837BD4680BD80B584B043
:1049000000AF78600B467B80FFF7D6FC7B881946AA
:104910007868FFF718FD0346FB73FFF7CDFCFB7BC0
:1049200018461037BD4680BD80B584B000AF7860B2
:104930003960FFF7C7FC39687868FFF714FDF86045
:10494000FFF7BAFCFB6818461037BD4680BD80B53E
:1049500082B000AF7860396039687868FFF712FD7F
:10496000FFF7A4FC00BF0837BD4680BD80B582B00C
:1049700000AF7860396039687868FFF715FDFFF798
:1049800095FC00BF0837BD4680BD80B582B000AF42
:104990007860396039687868FFF719FDFFF786FCA1
:1049A00000BF0837BD4680BD80B584B000AF7860D9
:1049B0003960FFF787FC39687868FFF716FDF86003
:1049C000FFF77AFCFB6818461037BD4680BD80B5FE
:1049D00082B000AF7860396039687868FFF714FDFD
:1049E000FFF764FC00BF0837BD4680BD80B584B0CA
:1049F00000AF7860FFF766FC7868FFF713FDF8609A
:104A0000FFF760FCF9687868FFF718FDFFF75AFCBC
:104A1000FB6818461037BD4680BD80B582B000AF38
:104A200078607868FFF718FDFFF740FC00BF083793
:104A3000BD4680BD80B582B000AF78607868FFF772
:104A400018FDFFF733FC00BF0837BD4680BD80B5B9
:104A500084B000AF7860FFF735FC7868FFF716FD8B
:104A60000346FB73FFF728FCFB7B18461037BD4657
:104A700080BD80B582B000AF78600B46FB70FB78DC
:104A800019467868FFF787FDFFF710FC00BF08376D
:104A9000BD4680BD80B584B000AFF860B9607A6073
:104AA000BB68002B06D07A68B968F868FFF7C5FDC7
:104AB000FFF7FCFB00BF1037BD4680BD80B584B05A
:104AC00000AF7860FFF7F8FB7868FFF7C8FDF86083
:104AD000FFF7F2FBFB6818461037BD4680BD80B576
:104AE00084B000AF7860FFF7E7FB7868FFF7C3FD9D
:104AF000F860FFF7E1FBFB6818461037BD4680BD44
:104B000080B584B000AFF860B9607A607A68B9683F
:104B1000F868FFF7D8FDFFF7C9FB00BF1037BD46A7
:104B200080BD80B584B000AF7860FFF7C5FB7868C2
:104B3000FFF7DBFDF860FFF7BFFBFB681846103797
:104B4000BD4680BD80B584B000AFF860B960134643
:104B5000FB80FB88A3F580739B0801229A40BB6809
:104B60001340002B04D0FB881946F868FFF7D6FBEA
:104B700000BF1037BD4680BD80B584B002AF7860FD
:104B80000023019300230093002301220121786870
:104B9000FDF742FA00BF0837BD4680BD80B584B03E
:104BA00002AF78600B46FB70FB7800220192002276
:104BB0000092002200217868FDF72EFA00BF083726
:104BC000BD4680BD80B584B002AF786000230193FC
:104BD000002300930023012200217868FDF71CFACE
:104BE00000BF0837BD4680BD80B584B000AF786097
:104BF0003B1D1846FDF7CAF9F8607B68012202FAEE
:104C000003F31946F86800F004F800BF1037BD46FA
:104C100080BD80B483B000AF786039607B683A684B
:104C20009A6000BF0C37BD4680BC704780B485B029
:104C300000AF78607B685B09FB600023BB60FB68AA
:104C4000002B12D14FF0FF33BB607B6803F01F03D2
:104C50007B60BA687B6822FA03F303F00103002B40
:104C600014BF01230023DBB200E0002318461437F1
:104C7000BD4680BC704780B485B000AF78607B686B
:104C80001B68FB60FB6803F01F027B681A60FB680F
:104C90005B0918461437BD4680BC704780B582B0AA
:104CA00000AF78607868FFF767FFFFF7FFFA00BF93
:104CB0000837BD4680BD80B582B000AF78600B4636
:104CC000FB70FB7819467868FFF768FFFFF7EEFA8C
:104CD00000BF0837BD4680BD80B582B000AF7860A8
:104CE0007868FFF76FFFFFF7E1FA00BF0837BD46AE
:104CF00080BD80B582B000AF78607868FFF774FF40
:104D0000FFF7D4FA00BF0837BD4680BD80B588B034
:104D100000AF78607B680433FB617B681B6807F138
:104D20000C0211461846FFF7A3FDFB69DB6C03F08C
:104D30008073002B04D07B681B681846FFF7BDFD0D
:104D4000FB69DB6C03F00073002B25D0FB68B3F12B
:104D5000FF3F03D0FB681846FFF7BEFF3B69B3F186
:104D6000FF3F03D03B691846FFF7B6FFFB69DB6CDA
:104D700003F00063002B0FD0BB69B3F1FF3F03D0FA
:104D8000BB691846FFF7A8FF7B69B3F1FF3F03D06B
:104D90007B691846FFF7A0FF00BF2037BD4680BDE6
:104DA00080B586B000AF78607B681B6803F26453FF
:104DB000FB607B681B6803F5AD63BB60BB681B6869
:104DC000012B05D17B681B680C211846FFF751FEAB
:104DD000FB681B68012B29D17B681B681846FFF70D
:104DE0001CFE7B681B6804211846FFF742FE002367
:104DF000FB7549F640433B61FB681B68002B02D101
:104E00000123FB7508E00120FDF79CF83B69013B9D
:104E10003B613B69002BEFD17B681B681846FFF7AD
:104E2000E5FD7B681B681846FFF704FE00BF1837D6
:104E3000BD4680BD80B584B000AF78604FF0FF31D3
:104E40007868FFF7B1FDF860F9687868FFF7BFFD93
:104E5000FB6818461037BD4680BD80B582B000AFF4
:104E60007860396039687868FFF78FFD00BF0837D0
:104E7000BD4680BD80B582B000AF78600B46FB7048
:104E80004FF4AC717868FFF739FD0346002B0DD164
:104E9000FB7883F00103DBB2002B09D04FF4907153
:104EA0007868FFF72BFD0346002B01D0012300E0BB
:104EB000002303F00103DBB218460837BD4680BD6E
:104EC00080B584B000AF78604FF4A6717868FFF7C2
:104ED00015FD0346002B3AD07868FFF79EFD0421AC
:104EE0007868FFF7C6FD0023FB736423BB604FF4B3
:104EF000A2717868FFF702FD0346002B07D14FF43B
:104F000092717868FFF7FAFC0346002B02D0012368
:104F1000FB7308E00A20FDF715F8BB68013BBB6096
:104F2000BB68002BE3D14FF4A6717868FFF7D5FC7E
:104F30004FF488717868FFF7D0FC4FF4A27178685D
:104F4000FFF7CBFC7868FFF775FDFB7B00E00123E2
:104F500018461037BD4680BD80B586B000AF78607A
:104F60000B46FB700023FB737868FFF756FD07F1D3
:104F70000F03002219467868FFF78CFD0821786836
:104F8000FFF777FD0C217868FFF773FD0023FB75B1
:104F90000A233B6101217868FFF76CFF0346002B71
:104FA00002D00123FB7508E00120FCF7CBFF3B6931
:104FB000013B3B613B69002BECD1FB7D83F001039E
:104FC000DBB2002B01D0002308E04FF49071786829
:104FD000FFF783FC7868FFF72DFD0123184618378B
:104FE000BD4680BD80B584B000AFF860B9607A601E
:104FF000FB707A68B968F868FFF74CFD4FF4907160
:10500000F868FFF76AFC4FF4AC71F868FFF765FCCD
:105010004FF4A871F868FFF760FCF868FFF7FDFC33
:10502000FB78002B04D04FF48001F868FFF7ADFC4B
:105030000821F868FFF71DFD00BF1037BD4680BD91
:1050400080B483B000AF78607B68DB6C1B0B03F02F
:105050000103002B14BF01230023DBB218460C37D9
:10506000BD4680BC704780B582B000AF78603960C3
:105070004FF4AC717868FFF741FC0346002B0BD06E
:105080003868FFF7DDFF034683F00103DBB2002B36
:1050900002D07868FFF7CEFC00BF0837BD4680BD60
:1050A00080B584B000AF786039603B68DB6C03F09A
:1050B0000103002B14BF01230023BB730123FB73E7
:1050C00000BFBB7B19467868FFF7D4FE034683F028
:1050D0000103DBB2002BF4D1FDF772FFBB7B83F041
:1050E0000103DBB2002B1AD04FF490717868FFF700
:1050F00005FC0346002B0FD00C217868FFF7B9FCA4
:1051000000BF01217868FFF7B5FE034683F0010375
:10511000DBB2002BF5D10FE00023FB730CE04FF462
:10512000AC717868FFF7EAFB034683F00103DBB25A
:10513000002B01D00023FB73FB7B002B03D03968CD
:105140007868FFF790FFFDF74BFF00BF1037BD46B3
:1051500080BD80B588B000AFF860B9607A60FB7040
:10516000FB781946F868FFF785FE0346FB77F86879
:10517000FFF7B5FCB861F868FFF7A0FC7861FB7F2A
:10518000002B04D17A69BB689A4200D1E8E77A69BA
:10519000BB689A4206D17A68BB699A4202D94FF03D
:1051A000FF3300E000233B613B69002B09D1FB7812
:1051B00083F00103DBB2002B03D00C21F868FFF76A
:1051C00058FC3B6918462037BD4680BD80B588B085
:1051D00000AFF860B9601346FB71BB68DB6C03F08D
:1051E0000103002B14BF01230023DBB21946F8682A
:1051F000FFF740FE034683F00103DBB2002B0DD026
:10520000BB68DB6C43F004031A46BB68DA644FF4F6
:105210008001F868FFF7B9FB00232FE0FB79002B32
:105220001BD0BB68DA6ABB681B6CD21ABB68DB6B2D
:10523000934228BF13467B61BB68986BBB689A6A30
:10524000BB681B6C13447A69194606F01EF9BB68EB
:105250009B6BFB617B69BB6105E0BB689B6AFB6183
:10526000BB68DB6ABB61BB684FF0FF325A64012345
:10527000BA69F969F868FFF7B5FE012318462037C7
:10528000BD4680BD80B588B000AFF860B9607A6077
:105290003B60FB6804337B617B695B68002B06D055
:1052A0003B6803F00203002B01D0012300E0002340
:1052B000FB74FB7C03F00103FB740023FB61FB7CAC
:1052C000002B03D07B699B6B002B05D07B69DB6CCB
:1052D00003F01003002B02D04FF0FF3335E0002322
:1052E000BB612DE0BA68BB691344FA7C1946F868C3
:1052F000FDF732F9F861FB69002B05D0FB6913F16A
:10530000100FEFD0FB6920E000BF7B695B68002BCA
:1053100013D17B69DB6C03F00803002B0DD07B6994
:105320004C33D3E8EF1F21F00801C3E8E21F002A45
:10533000F7D14FF0FF33FB6106E0BB690133BB617E
:10534000BA697B689A42CDD3FB6918462037BD46BF
:1053500080BD80B586B000AF78600B46FB7007F16A
:10536000080300221A605A609A60DA60FB783B7288
:105370007B685B687A68116807F1080210469847F5
:1053800000BF1837BD4680BD80B586B000AF7860DD
:10539000396007F1080300221A605A609A60DA60E7
:1053A00004233B723B68FB607B685B687A6811682A
:1053B00007F108021046984700BF1837BD4680BD68
:1053C00080B588B000AFF860B9607A6007F110036B
:1053D00000221A605A609A60DA6001233B74BB684D
:1053E0007B617B68BB61FB685B68FA68116807F1E9
:1053F00010021046984700BF2037BD4680BD80B4DC
:1054000083B000AF78607B684C33D3E8EF1F21F4A2
:105410007F0121F47041C3E8E21F002AF5D100BFEB
:105420000C37BD4680BC704780B582B000AF786055
:105430004FF4AC717868FFF761FA034683F001031B
:10544000DBB2002B07D14FF480017868FFF7ACFA8C
:105450000346002B01D0012300E0002303F00103E9
:10546000DBB218460837BD4680BD80B582B000AFBC
:105470007860FDF7A5FD7868FFF7D6FF034683F057
:105480000103DBB2002B02D07868FFF7D3FAFDF7F7
:10549000A7FD00BF0837BD4680BD80B58CB000AF0A
:1054A000F860B9607A60FB70002387F82F30FB68E2
:1054B0001B6ABB6297F82F3083F00103DBB2002B2D
:1054C00005D07A68B968F868FFF77AFF49E0BB6AE7
:1054D0001B68002B44D0BB6A1A68BB6A9B6A1344E2
:1054E0007A68B968184605F0D0FFBB6A9A6A7B688B
:1054F0001A44BB6A9A62BB6A5A68BB6A9B6A9A4240
:105500000CBF0123002387F8273097F82730002BA2
:1055100002D1FB78002B24D0BB6A1B683B62BB6ABC
:105520009B6AFB61BB6A00229A62BA6ABB6A083353
:1055300093E8030082E80300BB6A00229A60BB6A1A
:105540000022DA60BB6A5B68002B03D0BB6A0122D1
:1055500083F82D20FA69396AF868FFF731FF00E017
:1055600000BF3037BD4680BD80B586B000AF7860E3
:1055700039603B68DB69002B01D101236EE03B6899
:10558000DA693B68DB689A424DD33B689B687B6174
:105590003B68DB683B613B6800229A603B68002205
:1055A000DA603B689B693A691946786905F06DFFD6
:1055B0003B68DA693B69D21A3B68DA613B689869F3
:1055C0003B689A693B69D1183B68DB691A4605F06C
:1055D00041FF3B685B68002B23D03B68DB6C03F426
:1055E0000053002B14BF01230023FB73FB7B002B14
:1055F00009D03B684C33D3E8EF1F41F48021C3E866
:10560000E21F002AF7D100233A6979693868FFF769
:1056100044FFFB7B002B04D0002239687868FDF73B
:1056200013FA00231AE03B6898683B6899693B6865
:10563000DB691A4605F029FF3B68DA693B685A6264
:105640003B680022DA613B684C33D3E8EF1F41F43A
:105650000021C3E8E21F002AF7D1012318461837BA
:10566000BD4680BD80B586B000AFF860B9607A6095
:105670003B6000237B61BB689B68002B0BD0BB6841
:105680005B68002B4DD14FF48871F868FFF736F94D
:105690000346002B45D0BB689B68002B04D04FF419
:1056A0008871F868FFF719F9BB687A689A60BB6877
:1056B0003A68DA60B968F868FFF756FF0346002BCE
:1056C0004DD0BB689A68BB685B6AD118BB68DA6862
:1056D000BB685B6AD31A1A46F868FFF711FABB6811
:1056E000DB6C03F48053002B39D0BB684C33D3E818
:1056F000EF1F21F48021C3E8E21F002AF7D1002127
:10570000F868FFF7B6F94FF4A271F868FFF7F6F8FA
:105710000346002B23D04FF4A271F868FFF7DDF8A1
:105720001DE0BB681B69002B15D1BB687A681A6144
:10573000BB683A685A613A687968F868FFF7E0F937
:10574000BB68DB6C03F48043002B09D02021F86890
:10575000FFF7FDF804E06FF00F037B6100E000BF8E
:105760007B6918461837BD4680BD80B582B000AF52
:10577000786039603B68DB6C03F40043002B03D195
:105780003B680022DA613AE04FF4A6717868FFF7CF
:10579000A4F83B689B69052219467868FFF7B0F9C1
:1057A0004FF488717868FFF798F82C217868FFF734
:1057B00060F900BF4FF488717868FFF79FF80346DF
:1057C00083F00103DBB2002BF4D14FF488717868C9
:1057D000FFF783F84FF4A6717868FFF78FF8034658
:1057E000002B04D07868FFF79CF9034600E0002303
:1057F0003A68D3614FF4A6717868FFF76EF80837FE
:10580000BD4680BD80B582B000AF7860396000BF12
:105810004FF4A2717868FFF771F8034683F0010333
:10582000DBB2002BF4D14FF4A6717868FFF755F87E
:105830004FF488717868FFF750F84FF4A2717868D8
:10584000FFF74BF839687868FFF78FFF7868FFF744
:105850000CFE3B6800229A603B6800221A6138689F
:10586000FFF7CDFD00BF0837BD4680BD80B489B0CD
:1058700000AF786039607B681B68FB610023FB76B2
:105880003B685B6803F01F03002B01D0012354E049
:10589000FB691B681B0ADBB27B613B681B687A698A
:1058A0009A4201D8012348E0FB695B683B61FB69D0
:1058B00000225A603B681B68DAB2FB699A603B6859
:1058C0005B6823F01F03FB603B689B7CDB0003F0FD
:1058D0001803FA681343FB603B685B7C5B0003F0D2
:1058E0000603FA681343FB603B681B7C03F001036B
:1058F000FA681343FB60FB69FA68DA603B689B68EF
:10590000013B23F01F03BB603B68DB685B0003F0D7
:105910000E03BA681343BB60BB6843F00103BB606E
:10592000FB69BA681A61FB693A695A60BFF34F8F25
:1059300000BFBFF36F8F00BFFB7E18462437BD4604
:1059400080BC704780B487B000AF786039607B68F6
:105950001B687B610023FB747B695B68FB607B6970
:1059600000225A603B68DAB27B699A607B69002248
:10597000DA607B6900221A617B69FA685A60FB7CF5
:1059800018461C37BD4680BC704780B586B000AF56
:1059900078607B681B683B613B691B681B0ADBB254
:1059A000FB6000237B6106E079697868FFF7CAFF36
:1059B0007B6901337B617A69FB689A42F4D30023E7
:1059C00018461837BD4680BD80B483B000AF7860FC
:1059D0007B681B6800BF0C37BD4680BC704780B435
:1059E00083B000AF786039607A683B6813441B6805
:1059F000002B14BF01230023DBB218460C37BD4631
:105A000080BC704780B582B000AF78600B467B8069
:105A10007B887A68134400221A607B887A68134472
:105A20001846FFF7D1FF00BF0837BD4680BD80B5DF
:105A300082B000AF78600B467B807B88194678681F
:105A4000FFF7CDFF034618460837BD4680BD80B43A
:105A500083B000AF786039607B683A68C3F804238C
:105A600000BF0C37BD4680BC704780B485B000AF26
:105A700078600B46FB700023FB73FB7B18461437E2
:105A8000BD4680BC704780B483B000AF78607B684F
:105A9000DB0318460C37BD4680BC704780B483B02A
:105AA00000AF78607B680133DB03013B18460C379D
:105AB000BD4680BC704780B400AF00231846BD4689
:105AC00080BC704780B400AF1F231846BD4680BC21
:105AD000704780B400AF4FF400431846BD4680BC09
:105AE000704780B483B000AF78607B6803F57F4374
:105AF000C0335B0318460C37BD4680BC704780B48A
:105B000083B000AF78607B6803F57F43C1335B03EC
:105B1000013B18460C37BD4680BC704780B400AFCF
:105B200040231846BD4680BC704780B400AF5F2359
:105B30001846BD4680BC704780B400AF4FF4005398
:105B40001846BD4680BC704780B582B000AF0023C8
:105B50007B6003F0D1FC78607B68002B02D045F2BB
:105B6000235300E0002318460837BD4680BD80B5AA
:105B700082B000AF02F0CEFC78607B68002B01D0D1
:105B80007B680CE0FFF7E0FF78607B68002B01D0BA
:105B90007B6804E0FDF710FEFDF72CFE002318469D
:105BA0000837BD4680BD80B400AF00231846BD460F
:105BB00080BC704780B500AFFDF7EEFE72B600BF47
:105BC00020BFFDE780B483B000AF78607B68002B16
:105BD00002D14AF2C53303E07B6800221A70002329
:105BE00018460C37BD4680BC704780B400AF002318
:105BF0001846BD4680BC704780B400AF00BFBD46AC
:105C000080BC704780B483B000AF78607B689B092C
:105C100003F00103002B14BF01230023DBB218465D
:105C20000C37BD4680BC704780B500AFFDF7E8FE7D
:105C300080B588B000AF786039602623FB612323EC
:105C4000BB6101237B617B685B68082B03D13B68E8
:105C50005B68042B01D002233CE07B681B683B613E
:105C60003B681B68FB60FB684FF0FF321A603B69C2
:105C70001B68002B03D03B695B68002B01D102231A
:105C800028E03B691B681946FB697422786902F0B9
:105C9000A0FBB860BB68002B01D002231AE03B696F
:105CA0005B681946BB690422786902F092FBB86010
:105CB000BB68002B01D002230CE03B691A683B69EA
:105CC0005B6819461046FDF79FFD03461A46FB68C0
:105CD0001A60002318462037BD4680BD80B584B0C9
:105CE00000AFF860B9607A60FB68042B15D0FB68E0
:105CF000042B18DCFB68002B03D0FB68012B06D0BB
:105D000011E07968B868FDF7BFFE03460CE07968DA
:105D1000B868FDF771FF034606E07968B868FFF7D9
:105D200087FF034600E0032318461037BD4680BDB9
:105D300080B483B000AF78607B681B6818460C376E
:105D4000BD4680BC704780B586B000AF7860EFF389
:105D50001083FB60FB68012B0CBF01230023FB7544
:105D6000FDF764FE0346002B07D0FB7D83F00103A3
:105D7000DBB2002B01D072B600BF7B681846FFF77C
:105D8000D7FF3861FDF752FE0346002B0AD0BFF360
:105D90004F8F00BFFB7D83F00103DBB2002B01D0EE
:105DA00062B600BF3B6918461837BD4680BD00008B
:105DB00080B485B000AF786039600B23FB60FB686E
:105DC0005A1EFA601A463B6813440A221A70FB688E
:105DD0005A1EFA601A463B6813440D221A700EE0F0
:105DE0007B6803F00F02FB6839680B4410498A5C3A
:105DF0001A70FB68013BFB607B681B097B60FB68DA
:105E0000012BEDDCFB685A1EFA601A463B6813440E
:105E100078221A70FB685A1EFA601A463B681344CF
:105E200030221A7000BF1437BD4680BC704700BFD7
:105E3000448A000080B584B000AF43F65C23FB6069
:105E40004FF0FF33BB60234802F0D2F9B860BB6863
:105E5000002B02D06FF0FC0337E0FFF788FEB8603C
:105E6000BB68002B02D06FF0FC032EE021211A4802
:105E7000FDF785FFFFF797FEF860FB68002B02D067
:105E80006FF0FC0321E0FB1D1846FFF79BFEF86056
:105E9000FB68002B02D06FF0FC0316E0FB79002BAF
:105EA00008D0FFF7A2FEF860FB68002B02D06FF06D
:105EB000FC030AE0FFF7A0FE02F094F93521074841
:105EC000FDF75DFF01F028FD002318461037BD46A1
:105ED00080BD00BFDC290020548A0000788A0000C1
:105EE00080B582B000AF4FF0FF337B6001F0A6FEBB
:105EF0000A4B184601F093FEFFF79CFF78607B6821
:105F0000002B01D001F054FE01F014F800F0DAF992
:105F1000002318460837BD4680BD00BF000400209E
:105F200080B485B000AF78600023FB60134B5B68E2
:105F3000BB601AE0BB681B685B687A689A420FD145
:105F4000FB68002B0AD0BB689A68FB689A600B4B11
:105F50005A68BB689A60094ABB685360BB6808E02E
:105F6000BB68FB60FB689B68BB60BB68002BE1D132
:105F7000002318461437BD4680BC7047E029002036
:105F800080B582B000AF786039607B68002B0DD19E
:105F900008211A48FDF7F3FE1D211948FDF7EFFE11
:105FA0009B220221174801F009FEFEE77B681B686F
:105FB0009B6803F48063002B03D0B3F5806F09D096
:105FC00011E07B681B68DB683A689A420ED96FF073
:105FD000FA030FE07B681B68DB683A689A4207D0D7
:105FE0006FF0FA0306E06FF0FA0303E000BF00E091
:105FF00000BF002318460837BD4680BDB08A0000A8
:10600000BC8A0000B88A000080B588B000AFF86094
:10601000B9601346FB710023BB61BB68002B0DD137
:1060200008212548FDF7ABFE1C212448FDF7A7FEFB
:10603000B6220221224801F0C1FDFEE7FB79002BC8
:1060400009D0BB681B689B6803F48073002B2DD1BB
:106050006FF0FC032BE01B4B1B68BB61BB69002B83
:1060600001D101F0A5FDBB691B6838337B610023BA
:10607000FB610AE0FB699B007A6913441B68FA68BC
:106080009A4209D0FB690133FB61BB691B689A69BD
:10609000FB699A42EED800E000BFBB691B689A69B1
:1060A000FB699A4202D16FF0FC0300E0002318461E
:1060B0002037BD4680BD00BFB08A0000DC8A0000EA
:1060C000B88A0000702A002080B58CB000AFF8605C
:1060D000B9607A60FB68002B0DD108213248FDF7CA
:1060E0004EFE18213148FDF74AFEDB2202213048DE
:1060F00001F064FDFEE7BB68002B02D16FF0800366
:106100004DE0BB6803F08043002B46D0BB6803F032
:106110001F03FB62274AFB6A52F82330BB62BB6A4B
:10612000002B02D16FF0800339E0BB6A1B685B680B
:106130007B6200F0ABF8034687F8233097F82330F2
:106140001A46B96A786AFFF75FFFF861FB69002BAE
:1061500002D06FF0810322E0BB681B12DBB2BB618F
:10616000B969B86AFFF70CFF0346002B02D06FF045
:10617000800314E002F025F878617B69002B02D1DE
:106180006FF082030BE07A68B96A786900F014F85E
:10619000FB687A691A60002301E06FF080031846FB
:1061A0003037BD4680BD00BFB08A0000F88A0000CD
:1061B000B88A0000E829002080B584B000AFF860FC
:1061C000B9607A60FB68002B0ED108211E48FDF7EC
:1061D000D6FD19211D48FDF7D2FD40F24F120221D4
:1061E0001B4801F0EBFCFEE7BB68002B0ED1082139
:1061F0001548FDF7C4FD19211448FDF7C0FD4FF403
:10620000A8720221124801F0D9FCFEE7FB680C33AA
:1062100030220021184605F07EF9FB68BA689A60C2
:106220000C4B1A68FB685A60FB687A685A61F86818
:1062300001F0A2FF0246FB681A61FB6800221A60A7
:1062400000BF1037BD4680BDB08A0000108B000033
:10625000B88A0000702A002080B483B000AF0A4BD7
:106260001B687B607B68002B07D07B681B68002B5A
:1062700003D07B681B685B6800E0002318460C377E
:10628000BD4680BC704700BF702A002080B582B038
:1062900000AF0B4B1B687B607B68002B01D101F0CA
:1062A00087FC7B681B689B6803F44063002B14BF6A
:1062B00001230023DBB218460837BD4680BD00BF6E
:1062C000702A002080B584B000AF4FF0FF33FB6030
:1062D00001F071FF194B00225A60194B00225A60DD
:1062E00000F08EFD154800F073F8B860BB68002B15
:1062F0001CD08023134A1249B86801F0E3FC78608F
:10630000B86801F083FDBB681A68BB68043319469E
:10631000104600F05BFEF860FB68002B01D001F036
:1063200047FC7968B86800F0A3FCDBE700BF00F029
:10633000CDFC034618461037BD4680BD682A0020B4
:10634000E0290020E829002080B582B000AF0A4B88
:106350001B687B60084B1B682033074A1360064BA1
:106360001A68064B1B689A4201D901F021FC7B6830
:1063700018460837BD4680BD242100202821002072
:1063800080B584B000AF78600F4B1B68FB607B6802
:10639000002B01D1002313E07A6813465B001344FD
:1063A0009B001A46084B1B681344074A1360064BB0
:1063B0001A68064B1B689A4201D901F0F9FBFB6889
:1063C00018461037BD4680BD2C210020302100200A
:1063D00080B586B000AF78607B68002B01D101F0FA
:1063E000E7FB6A4B1B6813F1310F07D8674B1B683B
:1063F00003F13002664B1B689A4201D30023C1E0CF
:10640000624B1B683B61614B1B68D9433B699869D0
:106410003B69DA6913469B00134418443B691A6AC6
:1064200013465B00134418443B695A6A1346DB0069
:106430009B1A03440E339B0099421CD33B69996914
:106440003B69DA6913469B00134419443B691A6A95
:1064500013465B00134419443B695A6A1346DB0038
:106460009B1A0B440E339A00484B1B681A44484B46
:106470001B689A4201D901F09BFB3B691B681B0C0E
:106480001B04444A934201D001F092FB3B691B6814
:106490009BB2B3F5817F01D301F08AFB3B695B6856
:1064A000002B01DA01F084FB3B699A6A3B69DB6AE5
:1064B0009A4201DD01F07CFB3B699B6803F4406379
:1064C000002B36D03B699B6A002B09DA3B69DB6AFB
:1064D000002B05DA3B699A6A3B69DB6A9A4201DD67
:1064E00001F066FB7B685B687B611FE07B691B6872
:1064F0009B6803F44063002B14D07B691B689B6A84
:10650000FB607B691B68DB6ABB603B69DB6AFA681E
:106510009A4208DC3B699B6ABA689A4203DB01F045
:1065200047FB00E000BF7B69DB697B617B69002B77
:10653000DCD1FFF709FF78617B693A691A603B6932
:1065400099693B69DA6913469B00134419443B6916
:106550001A6A13465B00134419443B695A6A13468E
:10656000DB009B1A0B440E339A00084B1B68134444
:10657000064A13607B685A687B69DA617B687A69CE
:106580005A607B6918461837BD4680BD1C21002023
:106590002021002000005F5F80B584B000AF7860EC
:1065A0000023FB6034E07A68FB680A339B001344E5
:1065B0005B68002B28D07B68DA6FFB68DB00134434
:1065C0001A687968FB6816339B000B445B689A4233
:1065D0000DD008211248FDF7D2FB19211148FDF713
:1065E000CEFBD1220221104801F0E8FAFEE77B68D9
:1065F000DA6FFB68DB001A447968FB681A339B008A
:106600000B445B68536000E000BFFB680133FB6034
:10661000FB68032BC7D900BF00BF1037BD4680BD44
:106620002C8B0000388B0000348B000080B59CB0B0
:1066300000AFF860B9607A603B604FF0FF333B66B3
:1066400000237B66BB681B0E03F00703FB65BB687A
:106650001B0C03F00703BB65984B1B687B65BB688D
:106660001BB23B653B6D002B02DA6FF0800351E1FA
:10667000FB683A6DDA60BB681BB21A46BB6893428E
:1066800001D1002346E1BB6DDB43FA6D9A4204D889
:10669000FA6DBB6D1344042B02D96FF0800339E10E
:1066A000BB68002B01DA20237B667B6D5868796814
:1066B000FB6DDA007B6E43F0020301F08AFE386660
:1066C0003B6E002B02D06FF0800323E107F1300313
:1066D00020220021184604F01EFFFB6DDA0007F1AE
:1066E00030037968184604F0D0FE7B6D586839682D
:1066F000BB6DDA007B6E43F0060301F06AFE38667C
:106700003B6E002B02D06FF0800303E107F1100312
:1067100020220021184604F0FEFEBB6DDA0007F1CE
:1067200010033968184604F0B0FE0023FB663AE017
:10673000FB6E0133BB662FE0BB6EDB0070333B4466
:1067400053F8402CBB6EDB0070333B4453F83C3CA9
:106750001A44FB6EDB0070333B4453F8403C9A42D2
:1067600017D9BB6EDB0070333B4453F8402CFB6EF3
:10677000DB0070333B4453F8401CFB6EDB0070338E
:106780003B4453F83C3C0B449A4202D26FF08003E6
:10679000C0E0BB6E0133BB66BB6EFA6D9A42CBD8CC
:1067A000FB6E0133FB66FB6E01331A46FB6D9342B1
:1067B000BED8BB6803F00063002B01D020237B66AA
:1067C000FB681C3310220021184604F0A4FEFB686D
:1067D0002C3310220021184604F09DFE0023FB6696
:1067E0003CE07B6D5868FB6EDB0070333B4453F834
:1067F000403C1946FB6EDB0070333B4453F83C2CA5
:106800007B6E43F0020301F0E4FD38663B6E002B23
:1068100002D06FF080037DE0FB6EDB0070333B4401
:1068200053F83C2CF968FB6E06339B000B445A600E
:10683000FB6EDB0070333B4453F8402CF968FB6E71
:106840000E339B000B445A60FA68FB6E12339B00B8
:10685000134400225A60FB6E0133FB66FB6EFA6D37
:106860009A42BED87B6E202B09D1BB68002B06DB79
:10687000BB6803F40023002B01D100237B660023B7
:10688000FB663FE07B6D5868FB6EDB0070333B447A
:1068900053F8603C1946FB6EDB0070333B4453F801
:1068A0005C2C7B6E43F0060301F093FD38663B6E73
:1068B000002B05D06FF080032CE000BF702A002071
:1068C000FB6EDB0070333B4453F85C2CF968FB6EC5
:1068D0000A339B000B445A60FB6EDB0070333B4471
:1068E00053F8602CF968FB6E16339B000B445A601A
:1068F000FA68FB6E1A339B00134400225A60FB6E49
:106900000133FB66FB6EBA6D9A42BBD8FB683A68EE
:10691000DA67002318467037BD4680BD80B58AB05F
:1069200000AFF860B9607A603B6000237B62324B55
:106930001B683B624FF0FF33FB61F86801F084F99C
:1069400078627B6A002B01D101F032F97B6ADB6847
:10695000002B01DA01F02CF9BB68032B01D901F0FF
:1069600027F97A6ABB6806339B0013445A68796A30
:10697000BB6812339B000B445B68D31ABB61BB69D5
:10698000002B01D1002333E03B6A58687968062365
:106990003A6801F01EFDF861FB69002B01D001F09F
:1069A00007F9BA693B68934228BF13467B617A6A4C
:1069B000BB680E339B0013445A68796ABB68123374
:1069C0009B000B445B6813447A691946786804F0AD
:1069D0005CFD7A6ABB6812339B0013445A687B697A
:1069E0001A44796ABB6812339B000B445A607B6976
:1069F00018462837BD4680BD702A002080B588B073
:106A000000AFF860B9607A603B600023FB612F4BF8
:106A10001B68BB614FF0FF337B61F86801F014F92C
:106A2000F861FB69002B01D101F0C2F8FB69DB685A
:106A3000002B01DA01F0BCF8BB68032B01D901F08F
:106A4000B7F8FA69BB680A339B0013445A68F969BE
:106A5000BB681A339B000B445B68D31A3A689A42AE
:106A600001D901F0A5F8BB695868796802233A6832
:106A700001F0AFFC78617B69002B01D001F098F840
:106A8000FA69BB6816339B0013445A68F969BB68FE
:106A90001A339B000B445B6813443A6879681846C4
:106AA00004F0F3FCFA69BB681A339B0013445A687C
:106AB0003B681A44F969BB681A339B000B445A605F
:106AC000002318462037BD4680BD00BF702A002035
:106AD00080B582B000AF78607B6803F00703002BBD
:106AE0000DD008210E48FDF74AF917210D48FDF792
:106AF00046F9942202210C4801F060F8FEE77B6819
:106B0000083B7B607B68094A1A607B6804331A463D
:106B1000064B13607B6818460837BD4680BD00BF32
:106B2000548B0000748B00005C8B0000A5EDF5FE1B
:106B300080B584B000AF78607B68002B0DD07B6897
:106B40009B68002B09D07B689B681B68002B04D0D6
:106B50007B689B685B68002B02D16FF080032CE0A0
:106B60007B689B685B68FB60FB687A689A61154A82
:106B7000FB681360FB685B69002B13D1FB681B6823
:106B8000DB68002B0BD0FB681B68DB680020984794
:106B9000B860BB68002B02DA6FF080030DE0FB6881
:106BA00001225A617B689B681B681B691A467B68D7
:106BB0000C3318469047B860BB6818461037BD467E
:106BC00080BD00BF702A002080B483B000AF786021
:106BD00039607B685B68044A13603B6818460C3771
:106BE000BD4680BC704700BF702A002080B586B0CB
:106BF00000AF78601C4B1B683B611C4B5B687B6182
:106C000027E07B691B689B6803F40073002B1AD193
:106C10007B695B69012B18D0134A7B6913607B6920
:106C20001B68DB68002B0AD07B691B68DB680020CF
:106C30009847F860FB68002B01DA00F0B9FF7B6928
:106C400001225A6102E000BF00E000BF7B69DB69FE
:106C50007B617B69002BD4D1034A3B6913607B685D
:106C600018461837BD4680BD702A0020682A0020CB
:106C700080B584B000AF786039607B681B68FB60CA
:106C80007B6800229A617B6800225A61FB689B68DE
:106C900003F44063002B12D0FB689B6803F400638D
:106CA000002B09D07B681B689A6A7B681B68DB6ACB
:106CB0001946104600F060F8034A7B68136000BF75
:106CC0001037BD4680BD00BF702A002080B586B059
:106CD00000AF234B1B687B617B69002B0DD1082122
:106CE0002048FDF74CF813211F48FDF748F89E2275
:106CF00002211E4800F062FFFEE77B691B683B61D2
:106D00003B699B6803F44063002B01D100F050FF06
:106D100000F0DAFA0346FB603B6930331A683B69DE
:106D20001B69134423F007031846FFF7D1FEB86030
:106D30003B6930331B68073323F007037B607968B6
:106D4000B86801F0B1F90A493B69DA68094BF8689B
:106D500001F070FC002318461837BD4680BD00BF07
:106D6000702A0020548B0000608B00005C8B0000B8
:106D7000ED6B0000F80B002080B483B000AF7860AA
:106D80003960054A7B681360034A3B68536000BF63
:106D90000C37BD4680BC7047742A002080B487B091
:106DA00000AF786039603B68002B02D14FF0FF33B1
:106DB0001EE07B68002B02DB4FF0FF3318E00F4B27
:106DC0001B687B610D4B5B683B617A693B69D31A39
:106DD000013BFB607A68FB689A4202DA4FF0FF33AE
:106DE00006E03B695A1C7B681A443B681A60002322
:106DF00018461C37BD4680BC704700BF742A00206F
:106E000090B583B000AF084C00F048FA0346A36089
:106E100000F04EFA03467B607B6883F3888800BFEE
:106E200000BF0C37BD4690BD00ED02E080B582B0DA
:106E300000AF78607B68002B0DD108210A48FCF771
:106E40009EFF14210948FCF79AFF6122022108489D
:106E500000F0B4FEFEE77B6803221A6001F07DF9C2
:106E600000BF0837BD4680BD8C8B0000988B0000AA
:106E7000948B000080B483B000AF03463960FB718F
:106E800097F90730002B0ADB3B68DAB20C4997F917
:106E900007305201D2B20B4483F800230AE03B686A
:106EA000DAB20849FB7903F00F03043B5201D2B276
:106EB0000B441A7600BF0C37BD4680BC704700BF3C
:106EC00000E100E000ED00E0EFF308807146EFF331
:106ED0000982EFF30B830CB406B400F003FE864680
:106EE000009900F0080001F00801401A02DC12DBF2
:106EF00004B070471EF020031CBF2DE9F00FBDF158
:106F0000080D0B4C254626462746A046A146A2461C
:106F1000A34630B4704704B030BC1EF020031CBF41
:106F20001DF1080DBDE8F00F04B0704700BF000070
:106F3000A5EDF5FE80B584B000AF174BFB60FB6894
:106F4000DB68BB60BB68DB431B0C1B047B60BB685E
:106F50009AB27B68134343F48042FB68DA600021F5
:106F60006FF00B00FFF786FF00216FF00A00FFF7BC
:106F700081FF00216FF00800FFF77CFF00216FF018
:106F80000400FFF777FF03216FF00100FFF772FFA6
:106F900000BF1037BD4680BD00ED00E0009A0A4BEF
:106FA0009A420FD10122904301460246034604460D
:106FB0000546064607468046814682468346844605
:106FC00086460447FEE700BFA5EDF5FE80B590B00C
:106FD00000AF786039607B68002B02D03B68002BE3
:106FE00002D143F6DA33AFE000233B63012387F895
:106FF0002F307B689B6803F44063002B14BF012390
:10700000002387F82E3097F82F305B0003F002033F
:107010003B6397F82E303A6B13433B633B683A6B04
:107020001A600023FB6388E07B689B699A007B6899
:10703000D1187B68DA6913469B0013449B000B440C
:107040003833BB62FA6B13465B0013449B001A464D
:10705000BB6A13449B6803F00803002B67D000232E
:1070600087F83B3000237B6315E0394A7B6B52F88D
:107070002310FA6B13465B0013449B001A46BB6A4D
:1070800013441B68994203D1012387F83B3005E084
:107090007B6B01337B637B6B012BE6D997F83B302D
:1070A00083F00103DBB2002B02D043F6DA334BE06E
:1070B000FA6B13465B0013449B001A46BB6A1344E9
:1070C0001B687B627B6A1B68002B32D07B6A1B6863
:1070D00001211846FCF7D8FA97F82F3083F0010306
:1070E000DBB2002B26D01B4B1B685A1C19490A60C7
:1070F000FB607B6A1B683B617B6A5B687B6100238A
:10710000BB6101237B770023BB7701233B7707F12A
:107110000C0319461048FEF7A9FB034687F82330F5
:1071200097F82330002B05D043F6DA330CE000BF8C
:1071300000E000BFFB6B0133FB637B681B6AFA6BEB
:107140009A42FFF471AF002318464037BD4680BD18
:10715000AC8B00007C2A00203421002080B586B052
:1071600000AF4548FEF711FC444B1B685A1C4349CD
:107170000A603B60424BDB687B60414B1B69BB6034
:107180000123FB6003237B740023BB7400233B7447
:107190003B4619463848FEF769FB0346FB75FB7D05
:1071A000002B02D043F6DA3362E0344B1B685A1CE2
:1071B00032490A603B60334B7B60334BBB60012339
:1071C000FB6003237B740023BB7400233B743B46AA
:1071D00019462948FEF74AFB0346FB75FB7D002B49
:1071E00002D043F6DA3343E0244B1B685A1C234990
:1071F0000A603B60254B7B60254BBB600123FB6035
:1072000003237B740023BB7400233B743B46194665
:107210001948FEF72BFB0346FB75FB7D002B02D0C4
:1072200043F6DA3324E0154B1B685A1C13490A60F5
:107230003B60184B7B60184BBB600223FB60012353
:107240007B740023BB7401233B743B4619460A48F8
:10725000FEF70CFB0346FB75FB7D002B02D043F6CB
:10726000DA3305E0012201210348FBF7E3FE0023A6
:1072700018461837BD4680BD342100207C2A0020E6
:10728000B48B0000008D000020BA0000200F000029
:10729000200F0000001C0020201C002080B400AF44
:1072A000024B1B681846BD4680BC7047B48B00007B
:1072B00080B400AF034B1B681B681846BD4680BCFA
:1072C000704700BFB48B000080B400AF034B1B6855
:1072D00004331B681846BD4680BC7047B48B000061
:1072E00080B483B000AF0346FB7197F90730002BE1
:1072F0000CDBFB7903F01F02074997F907305B09A4
:10730000012000FA02F2603341F8232000BF0C375D
:10731000BD4680BC704700BF00E100E080B500AF13
:10732000FCF72CFAFCF772F8064B5B68DBB2103BFB
:10733000DBB25BB21846FFF7D3FF00F039FC00BFA9
:1073400080BD00BF00ED00E080B483B000AF034615
:107350003960FB7197F90730002B0ADB3B68DAB222
:107360000C4997F907305201D2B20B4483F800233D
:107370000AE03B68DAB20849FB7903F00F03043BEB
:107380005201D2B20B441A7600BF0C37BD4680BC06
:10739000704700BF00E100E000ED00E080B500AF05
:1073A00000216FF00800FFF7CFFF044B5B6A034A30
:1073B00043F4702353620023184680BD00ED00E0C3
:1073C00080B483B000AF094BDB687B607B689BB205
:1073D0007B607A68064B13437B60044A7B68D3600A
:1073E000002318460C37BD4680BC704700ED00E016
:1073F0000800FA0580B483B000AF0346FB7197F92B
:107400000730002B0BDBFB7903F01F02064997F9CD
:1074100007305B09012000FA02F241F8232000BF87
:107420000C37BD4680BC704700E100E080B483B0FB
:1074300000AF0346FB7197F90730002B0CDBFB799B
:1074400003F01F02074997F907305B09012000FA92
:1074500002F2603341F8232000BF0C37BD4680BCE8
:10746000704700BF00E100E080B483B000AF034686
:10747000FB7197F90730002B24DB154A97F9073089
:107480005B09A03352F82310FB7903F01F0301229C
:1074900002FA03F3DA430E4897F907305B090A4012
:1074A000A03340F823200A4A97F907305B09A0333C
:1074B00052F82320FB7903F01F0322FA03F303F0B1
:1074C000010300E0002318460C37BD4680BC70471E
:1074D00000E100E080B400AF044B1B68034A23F0D6
:1074E0000103136000BFBD4680BC7047D0ED00E0D3
:1074F00080B483B000AF134B1B68C3F30B037B60F6
:10750000BFF34F8F00BF104B1B683B60BFF34F8F23
:1075100000BFBFF34F8F00BF7B68092B0CD13B68C6
:10752000012B03D03B68022B02D003E0012304E0CF
:10753000012302E0012300E0002318460C37BD467A
:1075400080BC70473001FF003401FF0080B584B07B
:1075500000AFF8607A601A460B46FB721346BB72A6
:10756000FB7AFA689033DB0013445B6803F0010395
:10757000002B0ED008211148FCF701FC18211048FF
:10758000FCF7FDFB40F2913202210E4800F016FBA1
:10759000FEE7FA7AFB689032796843F83210BB7ADA
:1075A000002B06D0FB7AFA689033DB0013440122EB
:1075B0005A6000BF1037BD4680BD00BFD08B0000B1
:1075C000DC8B0000D88B000080B584B000AFF86081
:1075D0007A601A460B46FB721346BB72FB7AFA6856
:1075E0009833DB0013445B6803F00103002B0ED0DB
:1075F00008211148FCF7C3FB18211048FCF7BFFB1A
:107600004FF4687202210E4800F0D8FAFEE7FA7AC9
:10761000FB689832796843F83210BB7A002B06D0A9
:10762000FB7AFA689833DB00134401225A6000BFEA
:107630001037BD4680BD00BFD08B0000F48B00002A
:10764000D88B000080B500AF40F20111024800F075
:10765000ACFF00BF80BD00BF0090035080B500AFFD
:10766000FFF738FF034B1B68024A43F00203136025
:1076700000BF80BDD0ED00E080B584B002AFFBF765
:10768000F3FE00237B607B6843F004037B607B6830
:1076900043F001037B60012300937B6801224FF6D6
:1076A000FF710020FBF71AFF00237B607B6843F02B
:1076B00004037B607B6843F002037B607B6843F0DC
:1076C00001037B60012300937B68012223494FF073
:1076D0000050FBF72DFF00237B607B6843F0040321
:1076E0007B607B6843F002037B607B6843F00103AF
:1076F0007B601B4B58681A4B9968012300937B6889
:107700000022FBF7EBFE012300937B680022154962
:107710001548FBF70DFF124BDA68114B1B69013B53
:1077200019461046FBF732FF00237B607B6843F06D
:1077300004037B607B6843F002037B60084B58695D
:10774000074B9969012300937B680022FBF7C6FE73
:10775000002318460837BD4680BD00BFFF7F0020CC
:10776000B48B0000FFFF03200080002080B582B0B2
:1077700000AF0023FB71F979012300220348FFF7D2
:10778000E5FE00BF0837BD4680BD00BF0030005099
:1077900080B582B000AF00233B6000237B600EE029
:1077A0007B68D9B27B689B0008333B4453F8082CB4
:1077B00001230748FFF708FF7B6801337B607B6884
:1077C000002BEDD000BF00BF0837BD4680BD00BF15
:1077D0000030005080B582B000AF00237B600AE02B
:1077E000094A7B6852F8233000211846FBF782FFD4
:1077F0007B6801337B607B681C2BF1D900BF00BF25
:107800000837BD4680BD00BF0C8C000080B582B03B
:1078100000AF0023FB7109E0134AFB79A0334FF05E
:10782000FF3142F82310FB790133FB71FB790F2BF9
:10783000F2D900233B600BE00C4A3B6852F823303E
:107840001B0B5BB21846FFF70FFE3B6801333B6032
:107850003B68002BF0D00920FFF706FE00231846F6
:107860000837BD4680BD00BF00E100E038210020A0
:1078700080B582B000AFFBF759FD00237B6014E0B8
:107880000E4A7B6852F823301B0B5BB21846FFF799
:10789000CDFD0A4A7B6852F823301B0B5BB21846B9
:1078A000FFF7A8FD7B6801337B607B68002BE7D086
:1078B000002318460837BD4680BD00BF3821002090
:1078C00080B586B000AF0346FB714FF0FF333B61DC
:1078D0000123FB60FEF7C0FCB86001237B6110E070
:1078E0000C4A7B6952F83330BA689A4206D1FB7968
:1078F0000F22934202D100233B6106E07B690133F2
:107900007B617A69FB689A42EAD33B69184618376B
:10791000BD4680BD808C000080B400AF034B0122C7
:107920001A6000BFBD4680BC704700BF802A00209F
:1079300080B588B000AF78607B681B68FB777B6898
:1079400004331B68BB617B6808331B68FB82214BD7
:107950001B683B614FF0FF33FB603B695868B969B6
:10796000FA8A062300F035FDF860FB68002B04D08E
:107970007B686FF086021A6029E0174B1B68012BA9
:1079800004D07B686FF086021A6020E0FB7F184607
:10799000FFF796FF0346002B04D07B686FF086024A
:1079A0001A6014E0FB8A032B04D87B686FF0860210
:1079B0001A600CE0BB69BB60BB6842F216021A8019
:1079C000BB6804225A807B6800221A6000BF2037FF
:1079D000BD4680BD702A0020802A002080B500AFFF
:1079E0000C4BD3E900230C480B498B4208BF824261
:1079F0000DD008210948FCF7C2F91B210848FCF703
:107A0000BEF9A7220221074800F0D8F8FEE700BF20
:107A100080BD00BFF80B0020A5EDF5FE888C0000AE
:107A2000D08C0000908C000080B586B000AFF8606C
:107A3000B9607A603B604FF0FF337B61FB68032BDA
:107A400014D0FB68032B38D8FB68002B03D0FB68ED
:107A5000022B0FD031E0FEF735FCB860FFF7BEFF18
:107A60001D4BB968184600F0E0FD2FE07868FFF77D
:107A70005FFF2BE0194B1B683B613B6958687B68D3
:107A800019687B6804331A68022300F0A2FC78614D
:107A90007B69002B0ED17B681B681A467B68043318
:107AA0001B6819461046FCF76AF903461A467B68BC
:107AB0001A600BE000F07CF808E0FA681C21084826
:107AC00000F07CF87B686FF083021A60BB68184690
:107AD0001837BD4680BD00BFF80B0020702A00207B
:107AE000948C000080B586B000AFF860B9607A6011
:107AF0002023FB75FB683B61BB6803F00803002B88
:107B000006D0BB6803F00403002B01D07B683B6107
:107B1000B86800F09CFD0346002B12D0B86800F056
:107B2000A8FD034683F00103DBB2002B02D03B69C2
:107B300028333B613B6918331B68023B1B78FB759C
:107B400001E000F035F8BB6803F00803002B0CBF20
:107B500001230023DAB2FB7D03F04003002B14BFA6
:107B600001230023DBB25340DBB2002B01D000F035
:107B70001FF8FB7D03F0A003002B07D1F87DFB6805
:107B80003A69B968FFF750FF03460AE0FB7D1A46E1
:107B90001F21064800F012F83B696FF083021A605B
:107BA000BB6818461837BD4680BD00BFB08C0000CA
:107BB00080B500AFFDF7FEFF00BF80BD80B58AB085
:107BC00000AFF860B9607A6000237B62FB68002B2D
:107BD0000CD0BB68002B09D0B968F868FCF7CFF867
:107BE00078627B6A002B01DA7B6A14E007F11403E8
:107BF00019467868FEF7DCF807F114030C211846E3
:107C0000FCF7BDF838623B6A002B01DA3B6A02E000
:107C10007A6A3B6A134418462837BD4680BD80B453
:107C200085B000AF78607B68FB60FB6883F30A88EF
:107C300000BF00BF1437BD4680BC704780B400AFA2
:107C400000BFBD4680BC704780B584B000AF78608F
:107C5000786800F09CFAF860F86800F0B9FA03461A
:107C6000002B01D000230DE0FEF7F6FAB860FB68A8
:107C70009B685B681B685B68BA689A4201D0002306
:107C800000E0FB6818461037BD4680BD80B584B063
:107C900000AF0346FB71FB79002B03D000F01DFA07
:107CA000F86002E0FEF7D8FAF860FB79FA68D20FC4
:107CB000D2B2934201D0FFF77BFFFB681846103722
:107CC000BD4680BD80B58CB000AFF860B9607A6009
:107CD0003B600023BB62FB68002B02D0BB68002B1B
:107CE00001D1FFF765FFFB681B687B627B6A9B69BC
:107CF0009A007B6A134438333B627B6ADB6918461F
:107D0000FEF73EFBF8610023FB6272E0FA6A13465D
:107D10009B0013449B001946FA6A13465B00134408
:107D20009B001A46FB6913443A6A0A441A60FA6ACD
:107D300013465B0013449B001A46FB691344FA6820
:107D40005A60FA6A13465B0013449B001A46FB69AB
:107D5000134400229A60FA6A13469B0013449B0066
:107D60001A463B6A13449B68BB61BB6903F400730A
:107D7000002B26D07B68002B05D03B68002B02D05F
:107D80003B68802B01D0FFF713FFBB69DBB27B613F
:107D90007B691F2B06D87B699B007A6813441B689C
:107DA000002B01D0FFF704FFFA6A13465B0013446F
:107DB0009B0019467B699B007A681344FA690A4460
:107DC0001A60FA6A13465B0013449B001A46FB696B
:107DD0001344BA6852689A60FA6A13465B00134407
:107DE0009B001A46FB691A44BB685A60FB6A013360
:107DF000FB627B6ADB69FA6A9A4202D2FB69002B5A
:107E000084D1BB6A18463037BD4680BD80B483B08C
:107E100000AF786000BF0C37BD4680BC704780B4AF
:107E200083B000AFEFF3108372B67B607B681846B7
:107E30000C37BD4680BC704780B483B000AF78601B
:107E40007B6883F3108800BF0C37BD4680BC704749
:107E500080B582B000AF78607B6813F1810F03D0EA
:107E60007B6813F1820F09D1FEF710FA034683F005
:107E70000103DBB2002B01D0FFF79AFE00BF0837E9
:107E8000BD4680BD80B485B000AFF860B9607A604F
:107E90007B6801221A70FB6802221A60BB681846D0
:107EA0001437BD4680BC704780B588B000AF78609D
:107EB00039600023FB6100233B610023FB7378687A
:107EC000FFF7C2FEB861BB69002B01D1FFF770FE5E
:107ED000BB699B687B617B69002B01D1FFF768FE62
:107EE000BB69DB6813F1020F25D0B3F1FF3F25D149
:107EF0003B68002B02D17B68FB6137E03B6813F1E4
:107F0000820F08D107F10F031A463968B869FFF7E5
:107F1000B9FFF8612AE03B6813F1830F08D107F13C
:107F20000F031A463968B869FFF7ACFFF8611DE026
:107F3000FFF73EFE1AE00123FB7317E0BB69DB6825
:107F4000002B11DB3B68FB61B869FEF725FB7B6901
:107F50001B689B6803F40073002B07D0BB690222E7
:107F60001A600123FB7301E0FFF722FEFB6913F1A6
:107F7000810F05D1BB695B69002B01DBFFF718FEA0
:107F8000FFF74DFF03463B61F969B869FEF71CFE38
:107F9000F8613B691846FFF74FFFBB691B68022B6E
:107FA00002D0BB6900221A60FB7B002B05D0BB69A5
:107FB00000221A60B869FEF739FFFB6918462037BE
:107FC000BD4680BD80B500AFFDF7F4FD6FF08303C3
:107FD000184680BD80B588B000AFF860B9607A609F
:107FE0003B60FEF753F90346FB77FB7F1846FFF72C
:107FF0004DFEB86107F11003BA69F9681846FEF73B
:1080000063F878617B69002B01D07B691DE03869DA
:108010003B687A68B968FEF709FB78617B69002BD9
:108020000AD0FB6803F08043002B03D03B6918465D
:10803000FEF7FCFE7B6908E03B691846FEF778FD19
:1080400078613B6901221A607B6918462037BD467A
:1080500080BD80B400AF40F201131846BD4680BC1D
:10806000704780B584B000AF7860FEF70FF9034623
:10807000FB737868FDF754FFB860BB68002B01D133
:1080800000230DE0FB7B1A46B9687868FDF7BCFF5A
:108090000346002B01D0002302E0BB681B68DB68AD
:1080A00018461037BD4680BD80B485B000AF7860FB
:1080B00039607B68BB60BB6883F3098800BF3B689D
:1080C000FB60FB6883F30B8800BFBFF36F8F00BFBB
:1080D00000BF1437BD4680BC704780B582B000AF8A
:1080E0004FF0FF337B603B4619467868FEF756FE3B
:1080F0000346002B01D0002300E03B6818460837F8
:10810000BD4680BD80B483B000AFEFF30B837B60CE
:108110007B6818460C37BD4680BC704780B485B07C
:1081200000AF78607B68FB60FB6883F30B8800BF5F
:1081300000BF1437BD4680BC704780B582B000AF29
:10814000FFF7E0FF78607B6880331846FFF7E6FFB3
:108150007B6818460837BD4680BD80B582B000AF49
:10816000FFF7D0FF78607B68803B1846FFF7D6FFAB
:1081700000BF0837BD4680BD80B483B000AF7860D3
:108180004FF4805318460C37BD4680BC704780B50D
:1081900084B000AF78607B68B3F5805F01D00023C6
:1081A00005E0FFF7AFFF0346803BFB60FB68184626
:1081B0001037BD4680BD80B400AF00BFBD4680BC57
:1081C000704780B500AFFFF7B8FF0346184680BD83
:1081D00080B483B000AF7860002318460C37BD46EA
:1081E00080BC704780B400AF00BFBD4680BC704704
:1081F00080B582B000AF7860FFF730FAFFF73CFA45
:108200000346002B02D043F6DA3313E000F000FA05
:108210000346002B02D043F6DA330BE0FEF79EFF55
:108220000346002B02D043F6DA3303E07B680222D8
:108230001A60002318460837BD4680BD90B591B03E
:1082400000AFF860B9607A60FB687B627B6A43E8E4
:1082500000F3BB61BB693B62FA68BB681344013B36
:10826000BB62BB6A43E800F37B617B69FB6197F803
:108270002330BB63FB7F7B63FB683B63FDF71BFC29
:108280000246BB6B93424BD3FDF71CFC02467B6B53
:10829000934245D8B86BFDF701FC02463B6BD31AFD
:1082A0000133FB623B6B7A68F96A184602F076FF8D
:1082B0000346002B01D1002387E0BB6B0133FB6336
:1082C00015E0FB6B1846FDF7DEFB38633C6BFDF7F2
:1082D00000FC03467A681946204602F05FFF034619
:1082E000002B01D1002370E0FB6B0133FB63FB6BC0
:1082F0007A6B9A42E5D8786BFDF7C5FB3863FA686C
:10830000BB681A443B6BD31AFB623B6B7A68F96A11
:10831000184602F043FF0346002B55D1002354E0DA
:10832000FDF7FCFB0246BB6B93424BD3FDF7FDFB15
:1083300002467B6B934245D8B86BFDF7E0FB0246E3
:108340003B6BD31A0133FB623B6B7A68F96A1846C0
:1083500002F024FF0346002B01D1002335E0BB6B64
:108360000133FB6315E0FB6B1846FDF7BAFB38637E
:108370003C6BFDF7E1FB03467A681946204602F0A4
:108380000DFF0346002B01D100231EE0FB6B0133E0
:10839000FB63FB6B7A6B9A42E5D8786BFDF7A1FB28
:1083A0003863FA68BB681A443B6BD31AFB623B6BB9
:1083B0007A68F96A184602F0F1FE0346002B03D1F1
:1083C000002302E0002300E0012318464437BD46A5
:1083D00090BD80B58EB000AFF860B9607A603B6048
:1083E00000237B637B68002B01D100238EE0BB68F8
:1083F000002B02D14CF2DA2388E03B6803F006033D
:10840000062B04D17B6B43F001037B630CE03B68DC
:1084100003F00203002B04D07B6B43F008037B6363
:1084200002E04CF2DA2371E03B6803F02003002BFA
:1084300003D07B6B43F012037B63FB6803F0020302
:10844000002B03D17B6B43F004037B63FB6803F0D9
:108450000103002B18D0EFF39483FB62FB6A3B62AD
:1084600097F8203003F00103DBB2002B04D07B6BC4
:1084700043F004037B6303E07B6B23F004037B6323
:108480007B6B43F012037B63BB687A6B7968184699
:1084900002F084FE0346002B14BF01230023DBB24D
:1084A0003B633B6B002B2AD1BB687B627B6A43E852
:1084B00000F37B617B69FB61BA687B681344013B15
:1084C000BB62BB6A43E800F33B613B69BB61BB7FB6
:1084D00023F07F03DBB2002B11D0BB7E23F07F03A0
:1084E000DBB2002B0BD0FA7FFB7E9A4207D0BB6831
:1084F0007A6B79681846FFF7A1FE03463B633B6B36
:10850000002B01D0002301E06FF07F0318463837BD
:10851000BD4680BD80B582B000AF43F65C237B6072
:10852000FEF73CFF78607B68002B02D043F6DA331D
:1085300028E0FEF745FF78607B68002B02D043F609
:10854000DA331FE000F057F878607B68002B02D028
:1085500043F6DA3316E062B600BFF9F7B7F9FFF772
:1085600055F978607B68002B02D043F6DA3309E0D6
:10857000FFF77EF978607B68002B02D043F6DA3390
:1085800000E0002318460837BD4680BDEFF30880A1
:10859000EFF309812DE9F00F6B467246F9F7F0F819
:1085A00008B0FEF7BBFEFEE700BF80B582B000AFAB
:1085B00078600B467B80FEF79BFF0346002B11D0B3
:1085C0007B88002B0ED1FAF7FBFCBFF36F8F00BF47
:1085D0007B680022C3F84025BFF36F8F00BFFAF716
:1085E000FFFC04E07A887B68C3F8402500BF00BF29
:1085F0000837BD4680BD80B400AF00BF1846BD46F9
:1086000080BC704780B500AFFFF71CF800BF80BD8D
:1086100080B500AFFFF7DEF8FFF7A8F8FFF7B8F86E
:10862000FFF7F0FF0023184680BD04460D46A5461F
:10863000284700BF83F3088896460222EFF314838D
:10864000134383F31488BFF36F8F084700BF80B4D0
:1086500083B000AF78607B689B0903F00103002BB7
:1086600014BF01230023DBB218460C37BD4680BC83
:10867000704780B483B000AF78607B685B0903F01B
:108680000103002B14BF01230023DBB218460C3773
:10869000BD4680BC70470000464154414C204552C5
:1086A000524F523A20000000486172644661756C76
:1086B000740D0A004D656D4D616E616765206661E0
:1086C000756C740D0A0000004275734661756C7418
:1086D0000D0A000055736167654661756C740D0A7B
:1086E000000000005365637572654661756C740D1A
:1086F0000A000000526573657276656420457863F0
:10870000657074696F6E2000506C6174666F726D75
:108710002065787465726E616C20696E7465727222
:1087200075707420284952516E293A2000000000CB
:108730004173736572743A002C00000073746469AD
:108740006F5F696E6974000004020202010000009C
:108750000E000002000000010F000003451A000097
:10876000FD3E0000291D0000491D00005D1D0000A8
:10877000811D0000A51D000031410000C91D000041
:10878000DD1D0000F11D00003B42000051420000D1
:10879000694200004173736572743A002C00000056
:1087A0006E72665F6770696F5F70696E5F706F721F
:1087B000745F6465636F6465000000000000000082
:1087C0000338FDD8704700006E7266785F7561727D
:1087D00074655F696E6974006E7266785F75617248
:1087E00074655F7265636F6E6669677572650000B8
:1087F0006E7266785F75617274655F756E696E69B9
:10880000740000006E7266785F75617274655F69EE
:108810006E69745F636865636B000000706F6C6CF9
:108820005F6F7574000000006E7266785F7561722C
:1088300074655F74780000006E7266785F756172AF
:1088400074655F74785F696E5F70726F677265736D
:10885000730000006E7266785F75617274655F7494
:10886000785F61626F7274006E7266785F756172B4
:1088700074655F72785F656E61626C650000000010
:108880006E7266785F75617274655F72785F62752B
:10889000666665725F736574000000006E726678CC
:1088A0005F75617274655F72785F61626F72740088
:1088B0006E7266785F75617274655F72785F7265FB
:1088C000616479004173736572743A002C00000092
:1088D0006E7266785F637269746963616C5F7365F9
:1088E0006374696F6E5F65786974000041737365C6
:1088F00072743A002C0000006E72665F7370755FD0
:10890000666C617368726567696F6E5F736574002A
:108910006E72665F7370755F72616D726567696FA5
:108920006E5F7365740000007370755F72656769D0
:108930006F6E735F666C6173685F636F6E666967A5
:108940005F6E6F6E5F7365637572655F63616C6C9C
:1089500061626C65000000006E72665F7370755F27
:10896000666C6173686E73635F736574000000000A
:108970007370755F7065726970686572616C5F6352
:108980006F6E6669675F73656375726500000000EE
:108990006E72665F7370755F70657269706865721C
:1089A000616C5F73657400007370755F70657269E8
:1089B00070686572616C5F636F6E6669675F6E6F2A
:1089C0006E5F73656375726500000000506C6174C2
:1089D000666F726D20457863657074696F6E3A0DCD
:1089E0000A000000416C6C2070696E73206861762B
:1089F00065206265656E20636F6E66696775726576
:108A000064206173206E6F6E2D7365637572650DE2
:108A10000A0000000002FF002C0000003001FF00EF
:108A2000080000004001FF000C0000000881FF006A
:108A3000F8020000FFFFFFFF000000000000000040
:108A40000000000030313233343536373839414296
:108A5000434445461B5B313B33346D426F6F746951
:108A60006E672054462D4D2076322E322E301B5B01
:108A7000306D0D0A000000001B5B313B33346D5B31
:108A8000536563205468726561645D205365637546
:108A9000726520696D61676520696E697469616CD2
:108AA000697A696E67211B5B306D0D0A000000005A
:108AB0004173736572743A002C00000074666D5F38
:108AC00073706D5F636865636B5F636C69656E741B
:108AD0005F76657273696F6E0000000074666D5F8B
:108AE00073706D5F636865636B5F617574686F72E7
:108AF000697A6174696F6E0073706D5F6765745F2A
:108B000069646C655F636F6E6E656374696F6E0038
:108B100073706D5F696E69745F69646C655F636FC4
:108B20006E6E656374696F6E00000000417373655B
:108B300072743A002C0000007570646174655F63A4
:108B4000616C6C65725F6F75747665635F6C656E82
:108B5000000000004173736572743A002C0000003D
:108B60006261636B656E645F73797374656D5F7268
:108B7000756E0000617263685F7365616C5F746835
:108B8000726561645F737461636B00004173736548
:108B900072743A002C00000073706D5F6672656538
:108BA0005F636F6E6E656374696F6E003C210020B9
:108BB000442100200000010000000100FF7F0F00A1
:108BC00000FC00000000010000800F00FFDF0F002C
:108BD0004173736572743A002C0000006E72665F18
:108BE0007370755F647070695F636F6E6669675FED
:108BF000736574006E72665F7370755F6770696F1E
:108C00005F636F6E6669675F736574000040005054
:108C1000005000500080005000A0005000B00050F4
:108C200000E0005000F00050000001500010015022
:108C30000040015000500150007001500080015070
:108C400000B0015000C0015000D0015000E00150C0
:108C500000F00150000002500010025000200250AD
:108C6000003002500040025000600250008002506C
:108C700000A00250009003500025845000A0035033
:108C8000000000000F0000004173736572743A0029
:108C90002C000000556E6B6E6F776E2053504D2088
:108CA000535643207265717565737465643A20008C
:108CB000556E6B6E6F776E20535643206E756D62E6
:108CC0006572207265717565737465643A20000081
:108CD00074666D5F617263685F636865636B5F6D27
:0B8CE00073705F7365616C696E670064
:108D00000348044B834202D0034B03B1184770471A
:108D10002C2200202C220020000000000548064BD9
:108D20001B1AD90F01EBA301491002D0034B03B169
:108D3000184770472C2200202C2200200000000041
:108D400010B5064C237843B9FFF7DAFF044B13B193
:108D50000448AFF300800123237010BD4029002098
:108D6000000000000CBA000008B5044B1BB1044918
:108D70000448AFF30080BDE80840CFE700000000E2
:108D8000442900200CBA0000A3F5803A704700BFC8
:108D9000174B002B08BF134B9D46FFF7F5FF002133
:108DA0008B460F461348144A121A02F0B4FB0E4BBE
:108DB000002B00D098470D4B002B00D09847002087
:108DC000002104000D000D48002802D00C48AFF32C
:108DD000008002F05BFA20002900FDF781F802F024
:108DE00041FA00BF00000800000000000000000081
:108DF000F80B00202C220020E038002000000000AA
:108E000000000000009A084B9A4208D110B502F009
:108E1000C5FB02F061FA06BC96460C46744702F0A8
:108E20002AFC00BF18460000A5EDF5FE009A084B8D
:108E30009A4208D110B502F0C8FB02F04DFA06BC08
:108E400096460C46744702F016FC00BF1846000018
:108E5000A5EDF5FE0CB4029A094B9A420CD14FF0E5
:108E6000004319430CBC10B500F026F802F034FAA8
:108E700006BC96460C46744702F0FDFB00BF184640
:108E8000A5EDF5FE009A054B9A4202D10449086807
:108E9000744702F0F0FB00BF18460000A5EDF5FE98
:108EA00034B80000009A034B9A4200D1744702F094
:108EB000E2FB00BFA5EDF5FE80B58AB000AFF8601B
:108EC000B9607A603B60EFF30583BB61BB697B618E
:108ED000BB8AC3F308039BB2002B01D0FEF768FEE8
:108EE000104B1B683B623B687A68B968F868FFF70B
:108EF00071F878620B4B1B68FB613A6AFB699A4216
:108F000008D0FB699B691B69796A1846FEF7CCFF9C
:108F1000786202E0786AFEF79BFF7B6A1846283782
:108F2000BD4680BD702A002080B58AB000AFF860D1
:108F3000B9601346FB7100237B6200233B6107F19C
:108F4000140300221A605A60BB683B620023FB6175
:108F5000FB79642B0CD1BB68002B09DA2D21F86852
:108F600002F09FFB7B6A01337B62BB685B423B6222
:108F7000396A1A4BA3FB0123DA0813469B001344FA
:108F80005B00CA1AD2B2FB69591CF9613032D2B205
:108F900028333B4403F8182C3B6A104AA2FB0323F6
:108FA000DB083B623B6A002BE2D10EE0FB69013B30
:108FB000FB6107F11002FB6913441B781946F8683E
:108FC00002F06FFB7B6A01337B62FB69002BEDD102
:108FD0007B6A18462837BD4680BD00BFCDCCCCCCBF
:108FE00080B58EB000AF7860396000237B630023CA
:108FF000FB607B68002B40F040814CF2DA2351E1AA
:109000007B681B78252B40F02B817B6801337B60CC
:109010007B681B78302B40D17B6801331B78322B67
:109020003BD17B6802331B78782B04D07B680233FA
:109030001B78582B31D13B681A1D3A601B683B6383
:109040003B6B1B0903F00F017B6802331B78782B05
:1090500001D1964A00E0964A07F10C03184602F047
:109060005CFB02467B6B13447B633B6B03F00F019D
:109070007B6802331B78782B01D18C4A00E08C4A44
:1090800007F10C03184602F048FB02467B6B1344C1
:109090007B637B6803337B60EFE07B681B78252B69
:1090A00000F0C580252BC0F2CC80782B00F3C9805E
:1090B000582BC0F2C680583B202B00F2C28001A280
:1090C00052F823F0A3910000439200004392000065
:1090D000439200004392000043920000439200003C
:1090E000439200004392000043920000439200002C
:1090F0001192000049910000439200004392000049
:109100004392000043920000499100004392000006
:1091100043920000439200004392000043920000FB
:1091200043920000C191000043920000439200006E
:10913000F391000043920000679100004392000009
:1091400043920000859100003B681A1D3A6019683F
:1091500007F10C0364221846FFF7E6FE02467B6B1C
:1091600013447B6378E03B681A1D3A60196807F185
:109170000C0375221846FFF7D7FE02467B6B13449B
:109180007B6369E03B681A1D3A60196807F10C03BC
:10919000464A184602F0C1FA02467B6B13447B63D1
:1091A0005AE03B681A1D3A60196807F10C03404AFF
:1091B000184602F0B2FA02467B6B13447B634BE025
:1091C00007F10C033B49184602F08BFA02467B6B11
:1091D00013447B633B681A1D3A60196807F10C035E
:1091E000324A184602F099FA02467B6B13447B63BD
:1091F00032E03B681A1D3A601A6807F10C03114609
:10920000184602F06EFA02467B6B13447B6323E040
:109210003B681A1D3A601B68DAB207F10C0311466D
:10922000184602F03EFA7B6B01337B6314E007F1D2
:109230000C032521184602F034FA7B6B01337B6363
:109240000AE007F10C031C49184602F04AFA0246EC
:109250007B6B13447B6310E07B6801337B600CE025
:109260007B685A1C7A601A7807F10C03114618467D
:1092700002F017FA7B6B01337B637B681B78002B52
:109280007FF4BEAEFB68002B0BD0FA6807F10C032D
:1092900004331146184602F096FA02467B6B1344DB
:1092A0007B637B6B18463837BD4680BD5CB80000D9
:1092B0006CB800007CB8000080B800000020704747
:1092C000704700BF014B1B68184700BF50210020AA
:1092D00010B40446034A044B00201460196010BC0B
:1092E000704700BF54210020502100200246024B4D
:1092F00000201A60704700BF4C21002039B1044B98
:109300000A4610B500211B680446984710BD7047F7
:109310005821002010B5044628B121B1044B0A465B
:109320001B68002198472046BDE81040FFF7CABFE0
:109330005821002038B50446406A10B1A16AFFF7F1
:10934000E9FF0022237FC4E90922012B0FD0023B51
:10935000012B13D8236A012B0CBF15466FF096051D
:109360002C220021204602F0D6F8284638BD236A78
:10937000002B0CBF00256FF09605F1E76FF0960506
:10938000EEE700BF074B5A78022A02D06FF0880040
:1093900070471A78072AF9D10A460146181D00F0CD
:1093A00097B800BF842A002010B5134C23785907C2
:1093B00044BF03F0FB0323709A0716D4637883B984
:1093C000002304210D486370FFF798FF2378DB0723
:1093D00000D410BD00F078F8237823F00103237047
:1093E00010BD064800F086F8EAE700F053F823784D
:1093F00023F002032370E1E7842A0020882A00205A
:1094000038B51E4C62782378022A1AD0DD071CD5A5
:10941000980725D562783AB15A075CBF43F0040338
:1094200023700025284638BDD907F5D5144800F02B
:109430004DF8022305466370F0B1FFF7B5FF2846EB
:1094400038BD072BEDD0DD07E2D400F03BF82378E0
:10945000054643F0010323700028EED19807D9D4C4
:1094600000F010F82378054643F00203237000282B
:10947000D0D0FFF799FFE2E72378CDE7842A0020D8
:10948000882A00200122024B002083F880257047A3
:109490008C2A00202DE9F041DFF824800127444682
:1094A000032608F5B0652762267720462C34FFF79F
:1094B00041FFAC42F7D1002388F88035BDE8F08148
:1094C0008C2A002000207047704700BF00207047A2
:1094D00010B582B0002001AB144600F05FF830B93F
:1094E000019BA34218BF6FF0930002B010BD6FF054
:1094F0009200FAE70020704710B50C4C236813B1B6
:109500000B4B1B682BB900F089FC30B90122084BCA
:109510001A6001232360002010BD0138062801D9FC
:10952000044810BD044B53F8200010BD2830002023
:1095300024300020FE8FFFFF94B80000144B2DE96B
:10954000F043002814BF04461C46124F236883B022
:10955000BB4219D016460D4620464FF4147104F153
:10956000040900F047F804F58E78484600F0CEF87C
:10957000404600F019FA2B464A46404606490096F6
:1095800000F034FB08B92760002003B0BDE8F08389
:109590002C300020A5BCC95A9197000070B50D4C25
:1095A0001D46002814BF064626460B4B306882B085
:1095B00098420DD106F58E7000263346009614466B
:1095C00000F03EFB002818BF34462C6002B070BD8E
:1095D0000248FBE72C300020A5BCC95AE88FFFFFEA
:1095E00038B131B1002201440346013081421A7082
:1095F000FAD1704738B131B100220144034601303D
:1096000088421A70FAD170472DE9F043202B1D468D
:109610000646884691468BB026D8DBB202AF8DF85D
:109620000480B04658F8041B8DF8053021B9404637
:1096300001F038F9044640B9012302224046336064
:1096400001A901F043F9044638B138462021FFF75B
:10965000D1FF20460BB0BDE8F0832A46494640467C
:1096600001F034F90446F0E702AF19461046002332
:109670003A4601F0B1FA04460028E6D12023B94663
:109680001D46CCE72DE9F041D0F8F830A6B0002B0C
:10969000D8BF02AE31DD05460027D0F80C4102AE3E
:1096A000A4F101089022D5F8FC403146D0F8000121
:1096B00001AB0197B8FA88F8A0474FEA581804465A
:1096C00020B9019B53B9B8F1000F16D03046902154
:1096D000FFF790FF204626B0BDE8F08101463246F4
:1096E0002846FFF791FF58B9D5F80431019A134481
:1096F000C5F80431B8F1000FE8D16FF03C04E5E79C
:109700000446204626B0BDE8F08100BF70B50025B4
:109710000446142204F588762946C0F8F850FC3037
:1097200001F0F9FE08222946304601F0F4FE144B00
:1097300030461B689847204640F8045B01F098F8D3
:10974000104B30461B689847C8B9D4F8F830AB4284
:109750000FDC03EB830204EB82022021C2F800013C
:109760000120C2E9421008490133C2F8FC10C4F8D4
:10977000F830064B3046BDE870401B68184770BD96
:109780007C2100207821002075A700007421002092
:109790002DE9F047202A88B07AD83F4B00F5887928
:1097A00004461B6848461746884698470546F8B958
:1097B00040F20116D4F8F830002B65D02046FFF7B0
:1097C00061FF054638B9D4F8F830002B14DC013EAF
:1097D000F2D16FF03B056E4620213046FFF70AFFBD
:1097E0002E4B48461B689847002818BF6FF01D0590
:1097F000284608B0BDE8F087D4E94132934203D34C
:10980000D4F80C21012A02D0013ED7D1E1E71F2B69
:10981000FAD96E4601462022304604F1040A01F0CE
:109820007AFE3146504601F07BF805460028D3D138
:10983000504601F031F8504601F01AF829465046DA
:1098400001F030F805460028C6D1504620223146A6
:1098500001F03CF805460028BED1034632462021DF
:10986000304601F0B9F905460028B5D1D4F8F830F2
:109870003A46002BC8BF002340463146C8BFC4F853
:10988000043101F002FEA7E76FF03F056E46A3E743
:109890006FF03B05ACE700BF782100207421002069
:1098A00070B590B000287AD03E4C0D46402236214B
:1098B0000646204601F02FFE40225C21A01801F050
:1098C0002AFE2B1DA34203D904F144039D4252D327
:1098D0002B682268534023602B68226C534023641A
:1098E0006B686268534063606B68626C534063648A
:1098F000AB68A2685340A360AB68A26C5340A364FA
:10990000EB68E2685340E360EB68E26C5340E36469
:109910002B69226953402361226D2B6953402365D3
:1099200062696B69534063616B69626D5340636543
:10993000AB69A2695340A361AB69A26D5340A365B3
:10994000EB69E2695340E361EB69E26D5340E36523
:109950000021304600F0A6FF044628B940223046D8
:10996000104900F0B3FF044640216846FFF742FE6D
:10997000204610B070BD631E04F13F01013D1F344D
:1099800015F8010F13F8012F42401A7011F8012F3A
:109990002878A34282EA00020A70F1D1D8E76FF07A
:1099A0007304E5E77C32002010B54FF49A72002171
:1099B000044601F0B0FD42F21072044BC4F82021BD
:1099C00004F596701B68BDE8104018477C21002004
:1099D0002DE9F04F04468846914695B0002900F0E5
:1099E000A780002A0CBF0126022600238DF80C3028
:1099F000002C00F09F80DFF844A104AF0AF1400B77
:109A00000021204600F04EFF034648B13846202191
:109A10000193FFF7EFFD019B184615B0BDE8F08FED
:109A200040225146204600F051FF03460028EDD168
:109A300004F1F40520222946204600F047FF0346A2
:109A40000028E3D10122204603A900F03FFF03468E
:109A50000028DBD1022E62D020460CA900F060FF66
:109A600003460028D2D10146204600F01BFF0346E2
:109A70000028CBD140225946204600F027FF03465C
:109A80000028C3D1202220460CA900F01FFF034666
:109A90000028BBD13946204600F042FF034600288B
:109AA000B4D139462046FFF7FBFE03460028ADD16E
:109AB00020222946204600F009FF03460028A5D1B0
:109AC00020460CA900F02CFF034600289ED1014639
:109AD000204600F0E7FE0346002897D14022594671
:109AE000204600F0F3FE034600288FD120222046B6
:109AF0000CA900F0EBFE0346002887D1294620463A
:109B000000F00EFF0346002880D19DF80C200132A2
:109B1000D2B2B2428DF80C20FFF472AF76E74A461B
:109B20004146204600F0D2FE0346002894D06DE75F
:109B300001265AE76FF0730304AF67E77C32002019
:109B40002DE9F0410446884615461F46D0F8180115
:109B5000E0B013B100EB40004008B5F5807F3ED87F
:109B60002844B0F5C07F3AD84FF4C072002168464F
:109B700001F0D1FC6946D4F82431D4F81821D4F886
:109B80002801984770BBD4F8186157B1D4E949301F
:109B900072080DEB0601984720BBD4F8183106EB8C
:109BA0005306B8F1000F00D08DB932466946204601
:109BB000FFF70EFF054610B90123C4F814313146F2
:109BC0006846FFF717FD284660B0BDE8F0810DEB51
:109BD000060041462A462E4401F057FCE5E76FF0A7
:109BE0000405F0E76FF00805EDE700BF2DE9F04749
:109BF000044604F1F4050F4691461E46DDF8208028
:109C000000F036FE29462046FFF74AFE08B1BDE8BF
:109C1000F08728462022012101F07DFCD4F818317C
:109C2000C4F82471C4F8289113B92023C4F818315A
:109C3000424631462046BDE8F0470123FFF780BF8A
:109C4000B2F5806F00F295802DE9F04F89B09A4609
:109C5000129BB3F5807F00F29080D0F82431164635
:109C600004460F464BB3D0F81C31012B05D0D0F879
:109C70001421D0F820319A421FDD5146002320469E
:109C8000129AFFF75DFF014698B900231293002E48
:109C90005ED0DFF8EC9009F1400B0021204600F087
:109CA00001FE202E3546014628BF202504F1F40888
:109CB00090B1084609B0BDE8F08FBAF1000FE6D0C8
:109CC000129B002BE1D051461A462046FFF780FE3A
:109CD00001460028DBD0ECE749464022204600F050
:109CE000F5FD01460028E4D141462022204600F03F
:109CF000EDFD01460028DCD16946204600F010FE4B
:109D000001460028D5D1204600F0CCFD01460028B0
:109D1000CFD159464022204600F0D8FD0146002808
:109D2000C7D169462022204600F0D0FD0146002818
:109D3000BFD14146204600F0F3FD01460028B8D1CE
:109D400038462A46414601F0A0FB761B2F44A4D199
:109D500051462046129AFFF73BFE01460028A8D143
:109D60000846D4F814310133C4F8143109B0BDE801
:109D7000F08F6FF00201084670476FF0040198E71A
:109D80007C320020002130B58DB0282202A801913C
:109D900001F0C1FB02A800F047FF044610B12046C5
:109DA0000DB030BD174D4FF0FF31286800F042F97B
:109DB000044620B1144800F0D3F9012C18D000203B
:109DC00000F068F9D0B9114A02A901A800F0C4FC5A
:109DD0000446012000F05EF960B9286800F032F90D
:109DE0000028DCD00A4800F0BBF920460DB030BD99
:109DF0000524F2E7074800F0B3F9EEE7064800F063
:109E0000AFF9E0E760210020B0B80000FC3200208C
:109E100008B90000E8B80000C8B8000030B583B049
:109E200000F05CF828B100F0ABF80324204603B042
:109E300030BD00F077F8D8B900F02CF9E0B9224C29
:109E4000D4F828391B0EF02B0AD1D4F8242A1F4B42
:109E50009A4231D000F044F8072400F091F8E5E789
:109E6000062400F03DF800F08BF8204603B030BD2A
:109E70000424204603B030BD00F032F800F080F832
:109E8000FFF780FF044698B9114D2B68002BCDD108
:109E900002460146FFF752FB50B968220D4901AB5B
:109EA000FFF77CFB20B920460B4B2B6003B030BD85
:109EB0000524204603B030BD012000F0EBF8002857
:109EC000DAD1C4F80C0ADBE7001084500000E0206F
:109ED0001C350020203500205AEA5A5A00207047CD
:109EE00000207047430504D54FF0FF32034BC3F801
:109EF0000821024BC3F8080A704700BF00108450C5
:109F0000014BC3F8040A70470010845008B100F0F8
:109F10006BB84FF47500704708B100F04FB84FF4BC
:109F20007500704710B5114800F070F800B110BD11
:109F30000F4800F06BF80028F9D10E4C204600F0D5
:109F400065F80028F3D10C4B0C481C6000F05EF85B
:109F500001460028EBD100F02DF8044608B1204658
:109F600010BD00F079F82046FAE700BF702100200C
:109F70006C21002068210020602100206421002045
:109F800008B5084800F04CF8074800F049F80748C1
:109F900000F046F8064800F043F8BDE8084000F03D
:109FA0000BB800BF702100206C2100206821002028
:109FB0006421002000207047704700BF024610B4A3
:109FC000084CD4F8003A1342FBD021B1D4F8043144
:109FD0000B60C4F80831034B0020C3F8082A10BCFA
:109FE000704700BF00108450044AD2F8003A18426B
:109FF000FBD0C2F8080A0020704700BF0010845050
:10A0000001F028BA0A46002101F085BA08B5034BD1
:10A0100002681B6810689847002008BD9C2100203A
:10A0200008B5034B02685B6810689847002008BDBC
:10A030009C210020024B02689B681068184700BFF3
:10A040009C21002008B5034B0268DB681068984724
:10A05000002008BD9C21002070B5094C094D2069E5
:10A06000AB68984718B1084B08485B6898470021CF
:10A07000074AEB6811602069BDE87040184700BFCF
:10A08000882100209C2100208021002020B9000090
:10A0900088350020F8B51A4D1A4E0446B268286972
:10A0A0009047E8B9184F3B684CB1A3B1012B19D0C8
:10A0B000013B3B602869F36898470020F8BD43B92D
:10A0C0000121124AC2F800151149D1F81029002ABD
:10A0D000FBD101333B60F368286998470020F8BD45
:10A0E0000C48F8BD0A4AD2F81039002BFBD1074AB8
:10A0F0006FF07E40C2F80035FFF702FF3B68D7E7FC
:10A10000882100209C2100208835002000008450F8
:10A1100000108450E98FFFFF014B1B68184700BFF8
:10A120009C210020014B9B68184700BF9C21002008
:10A13000014BDB68184700BF9C210020BFF34F8F05
:10A140000549064BCA6802F4E0621343CB60BFF3D3
:10A150004F8F00BFFDE700BF00ED00E00400FA05EF
:10A1600030B44FF0FE320025074B084C08494968CF
:10A17000C3F80024C3F80424C3F80824C3F80C244B
:10A18000C4F8005530BC08470010845000008450CB
:10A190008021002010B5044650B1636813F0685F59
:10A1A00005D0064A934202D000236260236010BDAE
:10A1B000034B04485B689847EFE700BF2C5F5CA93E
:10A1C0008021002040B90000C8B143680D4A934285
:10A1D00013D013F0685F0ED0012350E8002F19460A
:10A1E00040E8001C9CF0000FF7D1012AF5D0BFF326
:10A1F0005F8F0020704704487047044870476FF431
:10A20000E04070472C5F5CA9E98FFFFFEA8FFFFFFA
:10A21000034680B1426809498A420AD012F0685F59
:10A2200005D0BFF35F8F002210461A6070470448C4
:10A230007047044870476FF4E04070472C5F5CA99A
:10A24000E98FFFFFEA8FFFFF10B5044620B100231E
:10A25000034A2360626010BD0248FFF781FFF6E702
:10A260003A00003A68B900002DE9F047002878D09C
:10A270000C46002975D01D46002B72D007461AB136
:10A28000012200232A6003602B68002B64D029463A
:10A29000204600F0B7FD804600285FD1214628689F
:10A2A00000F096FD8046002858D12B68082B6CD012
:10A2B000042B6DD0A3F10209B9FA89F94FEA5919B3
:10A2C0000121354EC6F8C411C6F84011C6F8C411B4
:10A2D000636AC6F83031D6F830219342F6D14FF098
:10A2E000000A4FF0FF30C6F82CA1FFF7FBFD6FF01E
:10A2F0001B035046C6F80031FFF702FEC6F80C916A
:10A30000D6F8040A40F48060FFF7FAFD0A23C6F885
:10A310003831089B012B29D02369204AA2FB032353
:10A320001B09626A404602FB03F303EB43031A4A2C
:10A33000DB039B09C2F8D8310123C2F82C313B68FA
:10A340002A6823F07F4343EA02633B602A6843EABA
:10A3500002233B60BDE8F087DFF844804046BDE85B
:10A36000F087DFF840804046BDE8F0874FF47F0378
:10A37000D3F80C2C013206D0D3F80C3C074AA2FBD0
:10A3800003231B09CDE71623CBE74FF0030997E71B
:10A390004FF0020994E700BF00108450ABAAAAAAAC
:10A3A000310CF100350CF10058B34B1EB3F5047FAE
:10A3B00027D230B54FF0000ECD00744671464B09E0
:10A3C00001F01F0C50F82330BCF11F0F23FA0CF3DF
:10A3D00006D003F0010319B901211C468E46EEE7B1
:10A3E0009C4201F1010106D01C464FF0010EA9422A
:10A3F000E5D1002030BD0EF1010E9645F7D102489F
:10A4000030BD0148704700BF360CF100C0B32DE9E4
:10A41000F0434C1EB4F5047F1DD2E3B1DAB1002540
:10A420002E46A8462C46CF0003F1FF394FEA541CB4
:10A4300004F01F0E50F82C10BEF11F0F21FA0EFC75
:10A440000CD00CF0010C4CB90126E04634463546E0
:10A45000ECE7964216D90C48BDE8F083AB420BD02E
:10A46000C44508BF0136A945F3D001350134BC42CB
:10A47000DCD10020BDE8F0830125E0462E46F5E75B
:10A48000014870471D46F1E7370CF1002DE9F04F08
:10A4900091B08346DDE91B460D46002E6ED10F6953
:10A4A0001C6000231A990B60002A00F02F819D4B3D
:10A4B0006A6AD3F83811D3F830319A4269D10A293F
:10A4C00067D19BF80330089304F108030793042332
:10A4D0000593954B934CA3FB07239B0803EB430386
:10A4E000A7EB4303039306971A9B069E1E60002E5C
:10A4F00000F0EA8000F096FC00230993BBF1000F06
:10A5000000F0D58098464FF0010ADDF81C90002D30
:10A5100000F0CD80089B002B3DD0284608A900F014
:10A5200071FC002839D0814B984220D0089B082B21
:10A5300000F0E48000225B000893294608AB5846EF
:10A540000092FFF791FE7A4B984200F0D38070B9E9
:10A55000DBF80020130A03F47F03134323F07F4347
:10A56000CBF80030059B013B0593BDD10020039043
:10A5700000F058FC039811B0BDE8F08F4FF47F0154
:10A58000D1F80C0C01300CBF4FF40477D1F80C7CDF
:10A5900086E76848EBE76648C5E72946089800F073
:10A5A00017FC0028BFD1089B082B00F0A980042BC2
:10A5B00000F0A980A3F10203B3FA83F35B090493CB
:10A5C000C4F8C4A1C4F840A1C4F8C4A16B6AC4F81B
:10A5D0003031D4F830219342F6D100234FF0FF30D0
:10A5E000C4F82C31FFF77EFC002318466FF01B03E4
:10A5F000C4F80031FFF784FC049B4B4FC4F80C31C6
:10A60000D4F8040A40F48060FFF77AFC0A23C4F807
:10A6100038312B6909A8A7FB03236A6A1B0902FBCF
:10A6200003F303EB4303DB039B09C4F8D831C4F8FD
:10A630002CA1DBF80030089923F07F420B0243EA9B
:10A6400001631343CBF8003000F0B2FB099B03F029
:10A650001A0303437FF46AAFA7FB0637D4F814311B
:10A66000B8EB970F0A93D4F818310B93D4F81C3138
:10A670000C93D4F820310D93D4F824310E93D4F8F0
:10A6800028310F9301D1039B9BB9484618220AA990
:10A69000183EFFF7B5FC09F1180908F101089EB151
:10A6A00000F0C0FB00230993002D7FF433AF224854
:10A6B00039E748461A46F61A0AA9994408F10108EA
:10A6C000FFF79EFC002EEBD1069F079E6A69394674
:10A6D0003046FFF769FEAA6940B94FF480633946F6
:10A6E0003046FFF793FE00283FF440AF00231A9A4C
:10A6F000136018E72B6A002B3FF439AF0F4836E799
:10A70000032304935CE70223049359E701222946BB
:10A710005846009608ABFFF7A7FD00283FF4D4AEDB
:10A7200025E700BF00108450ABAAAAAA020CF100D2
:10A73000310CF100300CF100350CF100320CF1005D
:10A7400010B4DDE9013401940024DDF80CC0CDE93A
:10A7500002C410BCFFF79ABE30B51546012487B07D
:10A7600005AB00930022CDE9015404ABFFF78EFE48
:10A7700007B030BDF0B587B0002966D01E46002B6B
:10A7800063D01446002A60D0314F0D4638684FF030
:10A79000FF31FFF74FFC00284DD10020FFF77AFC76
:10A7A000002844D12B4800F03FFAD8B101204FF0E7
:10A7B000FF35FFF76FFC002835D14FF408712648AC
:10A7C000FEF70EFF04212548FEF70AFF2148282145
:10A7D000FEF706FF3868FFF735FC00282FD1284622
:10A7E00007B0F0BD1C4A0346029205AA019204AAD2
:10A7F00003900092174902461848FFF7A1FF03464D
:10A800000028D3D128461D46059B22469C4228BFDE
:10A810001A46049932600831FFF7F2FB0120FFF776
:10A8200039FC0028C9D00E48FFF79AFCC5E70D484F
:10A83000FFF796FCB6E70C48FFF792FCADE70B4834
:10A84000FFF78EFC284607B0F0BD4FF0FF35C6E796
:10A8500060210020A0350020C83500209C35002054
:10A86000E8B80000C8B80000B0B800008CB900001B
:10A8700010B5044628B12046BDE81040F421FFF78A
:10A88000C1BB0448FFF76CFC2046BDE81040F42132
:10A89000FFF7B8BBA4B9000010B1F421FEF7A0BEC9
:10A8A000704700BF08B521B1012908D06FF036000C
:10A8B00008BD012100F058F80028F7D108BD022199
:10A8C00000F052F80028F9D0F0E700BF30B5054697
:10A8D0008818B0F5801F0B461446A1B001D8802A15
:10A8E0000CD9B3F5801F17D922461946284600F027
:10A8F0007DF8044684B9204621B030BD6846FFF794
:10A900007FFB22466946284600F070F88021044605
:10A910006846FFF777FBEDE76FF03604EBE700BF23
:10A9200070B5E8B10E46D9B1044600F031F80546DD
:10A93000B0B92368012B0BD0022B01D0284670BD83
:10A940001C22304604F10801FFF75AFB284670BD6F
:10A950002022304604F10801FFF752FB284670BD63
:10A960006FF03605EAE700BF78B138B50D46F02143
:10A970000446FFF747FB402320462560E36500F0CF
:10A9800091FA003818BF012038BD0120704700BF80
:10A99000F0B5056EA5B0044604AEE5B90023012765
:10A9A000019330466760294602AA009300F046FAF8
:10A9B00010B1012025B0F0BD2A46204602A900F0C2
:10A9C00099FA0028F5D1204600F0AAFB0028F0D122
:10A9D000206625B0F0BD802D2A46304628BF802253
:10A9E00004F16401FFF70CFB256ED7E7002800F0A7
:10A9F000AE802DE9F04F1446A5B0002A3DD00F4699
:10AA0000002949D0B2F5803F0546006E20D34FF6AD
:10AA1000FF7805F1640AEB6D1A1AB2FBF3F103FB40
:10AA20001122002A65D18342B9464FF6FF7672D0D3
:10AA3000B6FBF3FB03FB0BFBBBF1000F30D1002E89
:10AA400045D1A4F57F44FF3CB4F5803F4744E2D2B2
:10AA5000EA6D161AB6FBF2F302FB1366A64228BF94
:10AA60002646002E75D1824200F08D80B4FBF2F6AE
:10AA700002FB06F62EB9002C79D1002025B0BDE8E6
:10AA8000F08F002331463846CDE9003302AA00F0AA
:10AA9000D5F9002800F09580012025B0BDE8F08FA1
:10AAA000002359464846CDE9003302AA00F0C6F912
:10AAB0000028F1D15A46284602A900F01BFA0028C6
:10AAC000EAD1A6EB0B06286ED944002EB9D0193076
:10AAD0004946324605EB8000FFF792FAA4F57F4421
:10AAE000286EFF3C3044B4F5803F4744286692D23C
:10AAF000AEE7424528BF4246164639465044FFF766
:10AB00007FFA286EEB6D3044834207EB0609286616
:10AB1000A8EB06068CD1802B28BF802351461A460D
:10AB200004A8FFF76DFA0023E96D02AACDE900330E
:10AB300004A800F083F90028AED12846EA6D02A9E6
:10AB400000F0D8F90028A7D1EB6D286670E7012046
:10AB5000704705F16403394632461844FFF750FA4E
:10AB6000286EEA6D3044A41B374428667BE72B6EC1
:10AB70002246193305EB83003946FFF741FA2B6E65
:10AB800023442B6679E7802A28BF802205F16401DF
:10AB900004A8FFF735FA0023E96D04A8CDE90033D6
:10ABA00002AA00F04BF900287FF476AF2846EA6D40
:10ABB00002A900F09FF900287FF46EAFEA6D2866C5
:10ABC00054E73246284602A900F094F900287FF4A1
:10ABD00063AF3744A41B4EE7F8B51C460546114841
:10ABE00016460F46FFF744FE21460E48FFF75AFE71
:10ABF000044620B10B48FFF74FFE2046F8BD3A4609
:10AC000029460848FFF762FE04460028F2D1314683
:10AC10000448FFF785FE04460248FFF73DFE204644
:10AC2000F8BD00BFE83700201C2370B582B001A931
:10AC30000546019300F032F8044638B9019B1C2BFD
:10AC400007D0144C1C212846FFF7DCF9204602B03F
:10AC500070BDD5E90112131E18BF0123003918BFBA
:10AC60000121012628689B00EA6843EA4103002885
:10AC700018BF43F00103EE612AB9C5E90834002B7F
:10AC8000E4D1054CDEE7204643F00803C5E908346B
:10AC900002B070BD370CF0000E0CF0000346002827
:10ACA00066D0002964D00A681C2A61D14FF47F0263
:10ACB0003B49D2F8100C88425CD0D2F8101C01310C
:10ACC00058D0D2F8101C4FF47F021960D2F8140C3F
:10ACD0003449884260D0D2F8141C01315CD0D2F8DB
:10ACE000141C4FF47F025960D2F8181C11F5947FA0
:10ACF0004FD0D2F8181C01314BD0D2F8181C4FF4A9
:10AD00007F029960D2F81C0C274988423ED0D2F8C5
:10AD10001C1C01313AD0D2F81C1C4FF47F02D960C0
:10AD2000D2F8001C70312FD0D2F8001C01312BD08A
:10AD3000D2F8001C4FF47F021961D2F8041CAF3125
:10AD400020D0D2F8041C01311CD0D2F8041C4FF4DE
:10AD50007F025961D2F8080C144988420DD0D2F80C
:10AD6000081C013109D0D2F8082C00209A617047E4
:10AD70000120704740F6FC01A5E740F23732002081
:10AD80009A6170475121E2E79021D3E742F604111E
:10AD9000C3E740F6D861B2E742F2D001A1E700BFB5
:10ADA000FCF8FFFFD020FFFF0429FFFF37F3FFFF70
:10ADB000014608B54FF48060FFF7AEF80022034B60
:10ADC000C3F8C821C3F82C2108BD00BF001084506F
:10ADD0000138072805D8DFE800F0100E040A040443
:10ADE000040607487047CB6800204B6270478B68A9
:10ADF00000204B6270474B68F6E70B68F4E700BF32
:10AE0000310CF1000B6802E0082B0B6006D8026AD7
:10AE100013424FEA4303F7D00020704700487047C1
:10AE2000310CF1000022044B4FF48060C3F82C2158
:10AE3000C3F8C421FFF756B800108450F0B50024C1
:10AE400083B0B0F1005F8DF8074025D38C46844471
:10AE5000BCF1804F04461FD817461D4601220DF154
:10AE6000070300F097F90646B0B99DF80730099A34
:10AE70003C603B7192B14DB10246089928460DF1F4
:10AE8000070300F087F938B99DF807303046099A72
:10AE90001560137103B0F0BD4FF47506304603B072
:10AEA000F0BD00BFD8B108B50368012B04D0022B58
:10AEB0000FD043B10B4808BD20220B490830FFF7E3
:10AEC0009FF8002008BD142208490830FFF798F8C1
:10AED000F7E7202206490830FFF792F8F1E74FF430
:10AEE000730070470100F300B4B90000F4B900002A
:10AEF000D4B900002DE9F843002900F0F980044698
:10AF0000002800F0F98003680F469046002B00F0FF
:10AF1000C380013B012B00F2D7804FF0FF3178480E
:10AF20004FF00209FFF786F8002840F0BF800020AC
:10AF3000FFF7B0F80646002840F0C280714AD2F808
:10AF40001C39002BFBD16F4DD5F8203C002BFBD1D9
:10AF50004FF0FF30FEF7C6FFD5F8040A20F040009E
:10AF6000FEF7CEFF01230722C5F81838C5F80029DF
:10AF7000C5F8C437A36CC5F8CC37E36CC5F8D03737
:10AF8000C5F8C09723685BB1013B012B18D8636AF1
:10AF9000C5F85C36236AC5F85836E369C5F85436F7
:10AFA000A269584BC3F850266269C3F84C2622693F
:10AFB000C3F84826E268C3F84426A268C3F84026CE
:10AFC000504AD2F81039002BFBD1B8F1000F5FD0F6
:10AFD00063684020012B08BFC2F884363A68494BA9
:10AFE000C3F8282CC3F82C8CFEF790FF0646454A80
:10AFF000D2F81039002BFBD1424AD2F8203C002B6A
:10B00000FBD123685BB1013B012B18D8D2F85C3629
:10B010006362D2F858362362D2F85436E361394B72
:10B02000D3F85026A261D3F84C266261D3F84826A3
:10B030002261D3F84426E260D3F84036A3600023AF
:10B040000121304AD2F8CC07A064D2F8D007E064DE
:10B05000C2F8C417C2F88436C2F8C837D2F810391B
:10B06000002BFBD1C2F81838002E3BD1254BD3F86A
:10B07000040A40F04000FEF743FF0120FFF70AF802
:10B0800060BB1F48FEF7DEFF10BB3046BDE8F8830B
:10B090000423C2F8C837AAE74FF0FF3118484FF031
:10B0A0000109FEF7C7FF00283FF441AF1648FFF73C
:10B0B00057F80020FEF7EEFF064600283FF43EAFAB
:10B0C0001248FFF74DF839E7114E3046BDE8F883D6
:10B0D0001048FFF745F83046BDE8F8830E48FFF703
:10B0E0003FF8CEE7102104F10800FEF78BFFBDE723
:10B0F0000A4E3046BDE8F8834FF47306C5E700BF3B
:10B100007021002000108450B0B80000C8B80000C2
:10B110000100F30008B90000E8B800000300F300E4
:10B12000A0B3034670B4D0E90240D3E9041226BAB2
:10B1300005BA0CBA10BAC3E90440D3E90612986AFA
:10B1400009BAC3E9026512BA996100BAD3E90841A4
:10B1500025BA0CBAC3E90725D3E90B12C3E90940A4
:10B1600009BAD86B12BAD962D3E90D4125BAC3E93D
:10B170000C250CBA00BAD3E9101209BA12BAC3E905
:10B180000E40196400205A6470BC70474FF473007D
:10B19000704700BF00201870704700BF431810B5FB
:10B1A00001D21F2A01D9002010BD013902F0140379
:10B1B0000144102B80EA01043CD009DC8BB1042B44
:10B1C000F1D11F2C40E840F315D941E840F10EE0E1
:10B1D000142BE8D11F2C40E8C0F30CD941E8C0F192
:10B1E00005E01F2C40E800F305D941E800F11C46BA
:10B1F0000B468C42D7D122F01402013A0A2AD2D847
:10B2000001A151F822F000BF57B2000051B2000076
:10B2100043B20000A7B10000A7B10000A7B1000031
:10B22000A7B100005DB2000057B200004BB20000B1
:10B2300043B200001F2C40E880F3DCD941E880F1E4
:10B24000D5E713F4001FAFD1ADE713F4801FFAE781
:10B250005B02A9D5A7E713F4002FF4E713F4802FBE
:10B26000F1E700BF08B5074B044613B10021AFF367
:10B270000080054B1868836A03B19847204600F0A8
:10B2800029F800BF0000000008BA000070B50D4D9D
:10B2900000260D4C641BA410A64209D10B4D0026BC
:10B2A0000B4C00F0BBFA641BA410A64205D170BD84
:10B2B00055F8043B01369847EEE755F8043B013654
:10B2C0009847F2E7280F0000280F0000280F000021
:10B2D0002C0F0000FEE700BF002383F300887047B7
:10B2E00000BF80B500AFFCF763FC00BF80BDEFF38B
:10B2F0000880EFF309812DE9F00F6B467246F6F7EF
:10B300003FFA08B0FFF7EDFFFEE700BF80B500AFE2
:10B31000FCF74EFC00BF80BDEFF30880EFF309811E
:10B320002DE9F00F6B467246F6F72AFA08B0FFF7E0
:10B33000EDFFFEE700BF80B500AFFCF739FC00BFB2
:10B3400080BDEFF30880EFF309812DE9F00F6B4624
:10B350007246F6F715FA08B0FFF7EDFFFEE700BFFB
:10B3600080B500AFFCF724FC00BF80BDEFF3088080
:10B37000EFF309812DE9F00F6B467246F6F700FAFC
:10B3800008B0FFF7EDFFFEE700BF80B500AFFCF7A8
:10B390000FFC00BF80BDEFF30880EFF309812DE9BA
:10B3A000F00F6B467246F6F7EBF908B0FFF7EDFFCA
:10B3B000FEE700BF80B487B000AFF860B9607A6084
:10B3C000FA687B6813447B61BA687B6813443B610D
:10B3D0000CE03B69013B3B613A697B69013B7B6166
:10B3E0007B6912781A707B68013B7B607B68002B5D
:10B3F00017D07B6903F00303002BEAD13B6903F00C
:10B400000303002BE5D10CE03B69043B3B613A6947
:10B410007B69043B7B617B6912681A607B68043B33
:10B420007B607B68032BEFD809E03B69013B3B6104
:10B430003A697B69013B7B617B6912781A707B6892
:10B440005A1E7A60002BF0D1FB6818461C37BD46A7
:10B4500080BC704780B584B000AFF860B9607A6096
:10B46000BA68FB689A4206D37A68B968F86800F04F
:10B470000CF8034605E07A68B968F868FFF79AFFA8
:10B48000034618461037BD4680BD80B487B000AF74
:10B49000F860B9607A60FB687B61BB683B610AE079
:10B4A0003A69531C3B617B69591C796112781A70A7
:10B4B0007B68013B7B607B68002B15D07B6903F0C8
:10B4C0000303002BECD13B6903F00303002BE7D10E
:10B4D0000AE03A69131D3B617B69191D79611268A5
:10B4E0001A607B68043B7B607B68032BF1D807E024
:10B4F0003A69531C3B617B69591C796112781A7057
:10B500007B685A1E7A60002BF2D1FB6818461C3704
:10B51000BD4680BC704780B487B000AFF860B960AA
:10B520007A60FB683B61BB681A06BB681B041A4360
:10B53000BB681B021A43BB6813437B6108E03B698D
:10B540005A1C3A61BA68D2B21A707B68013B7B60C0
:10B550007B68002B0DD03B6903F00303002BEED179
:10B5600007E03B691A1D3A617A691A607B68043BFF
:10B570007B607B68032BF4D805E03B695A1C3A6179
:10B58000BA68D2B21A707B685A1E7A60002BF4D166
:10B59000FB6818461C37BD4680BC704780B582B03A
:10B5A00000AFEFF305837B607B683B603B88C3F3B0
:10B5B00008039BB2002B01D0FCF7FAFAFCF749FD17
:10B5C000034618460837BD4680BD80B584B000AF3D
:10B5D0007860EFF30583FB60FB68BB603B89C3F3D6
:10B5E00008039BB2002B01D0FCF7E2FA7868FCF765
:10B5F00038FD034618461037BD4680BD80B586B07D
:10B6000000AFF860B9607A603B60EFF305837B615F
:10B610007B693B613B8AC3F308039BB2002B01D0DB
:10B62000FCF7C6FA3B687A68B968F868FBF776F900
:10B63000034618461837BD4680BD80B586B000AFBA
:10B64000F860B9607A603B60EFF305837B617B69EA
:10B650003B613B8AC3F308039BB2002B01D0FCF78C
:10B66000A7FA3B687A68B968F868FBF7C7F900BFC2
:10B670001837BD4680BD80B582B000AFEFF30583BB
:10B680007B607B683B603B88C3F308039BB2002B65
:10B6900001D0FCF78DFAFCF795FC00BF0837BD46DA
:10B6A00080BD80B582B000AF78600B46FB707B68D0
:10B6B0001B68591C7A6811607A681344FA781A7109
:10B6C0007B681B681F2B08D97B6800221A607B6887
:10B6D00004332021184600F076F800BF0837BD4635
:10B6E00080BD80B584B000AF786039600023FB6016
:10B6F0000AE03B685A1C3A601B7819467868FFF7E5
:10B70000D0FFFB680133FB603B681B78002BF0D156
:10B71000FB6818461037BD4680BD80B58AB000AFC3
:10B72000F860B9607A6000237B6200237B6107F1D7
:10B73000180300221A605A6000233B62BB6803F0C2
:10B740000F037A681A443B6A591C3962127828330D
:10B750003B4403F8142CBB681B09BB60BB68002B7F
:10B76000ECD10EE03B6A013B3B6207F114023B6AFD
:10B7700013441B781946F868FFF793FF7B6A01337F
:10B780007B623B6A002BEDD17B6A18462837BD46A9
:10B7900080BD0FB480B582B000AF00237B6007F19D
:10B7A00014033B6039683869FDF71AFC78607B68E0
:10B7B00018460837BD46BDE8804004B0704702DF38
:10B7C000704700BF184680B582B000AF786039601E
:10B7D00039687868FFF7F3FF034618460837BD4617
:10B7E00080BD2DE9E04F2746A046A146A246A346CC
:10B7F000A446A2B02DEC000A84F300882546264614
:10B80000A447EFF3148515F0080F18BFB0EE400AF7
:10B810003DEC000A22B0BDE8E08F0000F8B500BFA3
:10B82000F8BC08BC9E467047F8B500BFF8BC08BC21
:10B830009E4670477AFFFFFF54464D5F4352595072
:10B84000544F000054464D5F504C4154464F524DAA
:10B850005F534552564943450000000030313233B2
:10B860003435363738396162636465663031323376
:10B870003435363738394142434445463078000044
:10B880005B556E737570706F727465642054616778
:10B890005D000000FF8FFFFFFF8FFFFFFE8FFFFFA8
:10B8A000FE8FFFFFFD8FFFFFFC8FFFFFFC8FFFFF71
:10B8B0004661696C20746F206163717569726520DF
:10B8C0006D757465780A00004661696C20746F209C
:10B8D000696E63726561736520504D20636F756E8C
:10B8E0007465720A000000004661696C20746F2064
:10B8F000646563726561736520504D20636F756E7A
:10B900007465720A000000004661696C20746F2043
:10B9100072656C65617365206D757465780A0000E9
:10B92000436F756C64206E6F74206C6F636B207056
:10B930006F7765722073617665206D757465780028
:10B940006D757465785F667265652063616C6C65A2
:10B95000642077697468204E554C4C207061726188
:10B960006D6574657200000043616E277420696E16
:10B97000697469616C697A65206D757465782C20CD
:10B98000776173204E554C4C0D0A00004661696C7E
:10B9900020746F20756E6C6F636B206D75746578A5
:10B9A0000A0000000A637478206973204E554C4CDD
:10B9B0000A00000067E6096A85AE67BB72F36E3C59
:10B9C0003AF54FA57F520E518C68059BABD9831F6A
:10B9D00019CDE05BD89E05C107D57C3617DD7030E8
:10B9E00039590EF7310BC0FF11155868A78FF9644C
:10B9F000A44FFABE0123456789ABCDEFFEDCBA98B0
:10BA000076543210F0E1D2C3CC21002000000000B7
:10BA10000000000000000000000000000000000026
:10FC00007FE97FE9F9F7FEB87FE97FE9F9F70EB9F7
:10FC10007FE97FE9F9F746B97FE97FE9F9F732B97A
:10FC20007FE97FE9F9F716B9000000000000000045
:10FC300000000000000000000000000000000000C4
:10FC40000090D00300900050000000000000000071
:10FC500000000000000000000000000000000000A4
:10FC60000000000000000000000000000000000094
:10FC70000000000000000000000000000000000084
:10FC80000000000000000000000000000000000074
:10FC900000000000000000004C870000040000008D
:10FCA0000000000000000000FFFFFFFFFFFFFFFF5C
:10FCB000FFFFFFFFFFFFFFFF00000000000000004C
:10FCC0000000000000000000000000000000000034
:10FCD0000000D60100000000000007004401000001
:10FCE000180200002C2200208C2200208C220020F0
:10FCF000A422002090ED00E0003000500090005061
:10FD00006F95005000A003507FA6035093B70000EA
:10FD1000C1920000BD92000017B5000000300050F5
:10FD20006821002098210020902100208C210020B3
:10FD30008821002031A1000025A1000019A10000A8
:10FD4000000000003DA10000C4210020BC210020D3
:10FD5000B421002000000000AC21002049A20000D6
:10FD600095A10000C9A1000011A200008C3500205F
:10FD70003A00003A903500203A00003A94350020CD
:10FD80003A00003A983500203A00003A000000009E
:10FD90000000000000000000000000000000000063
:10FDA0000000000000000000000000000000000053
:10FDB0000000000000000000000000000000000043
:10FDC0000000000000000000000000000000000033
:10FDD0000000000000000000000000000000000023
:0CFDE00000000000000000000000000017
:020000040001F9
:10000000D88E01201D8F0100577F0200098F01004B
:10001000098F0100098F0100098F0100098F01007C
:10002000000000000000000000000000ED90010052
:10003000098F01000000000069900100098F010094
:10004000AD920100AD920100AD920100AD920100B0
:10005000AD920100AD920100AD920100AD920100A0
:10006000AD920100AD920100AD920100AD92010090
:10007000AD920100AD920100AD920100AD92010080
:10008000AD920100AD920100AD920100AD92010070
:10009000AD920100AD920100AD920100AD92010060
:1000A000AD920100AD920100AD920100AD92010050
:1000B000AD920100AD920100AD920100AD92010040
:1000C000AD920100AD920100AD920100AD92010030
:1000D000AD920100AD920100AD920100AD92010020
:1000E000AD920100AD920100AD920100AD92010010
:1000F000AD920100AD920100AD920100AD92010000
:10010000AD920100AD920100AD920100AD920100EF
:10011000AD920100AD920100AD920100AD920100DF
:10012000AD920100AD920100AD920100AD920100CF
:10013000AD920100AD920100AD920100AD920100BF
:04014000AD9201007B
:1001480081F0004102E000BF83F0004330B54FEA80
:1001580041044FEA430594EA050F08BF90EA020FED
:100168001FBF54EA000C55EA020C7FEA645C7FEA80
:10017800655C00F0E2804FEA5454D4EB5555B8BFA3
:100188006D420CDD2C4480EA020281EA030382EA14
:10019800000083EA010180EA020281EA0303362DA6
:1001A80088BF30BD11F0004F4FEA01314FF4801C79
:1001B8004CEA113102D0404261EB410113F0004F8B
:1001C8004FEA03334CEA133302D0524263EB430342
:1001D80094EA050F00F0A780A4F10104D5F1200EE0
:1001E8000DDB02FA0EFC22FA05F2801841F100013B
:1001F80003FA0EF2801843FA05F359410EE0A5F10F
:1002080020050EF1200E012A03FA0EFC28BF4CF03F
:10021800020C43FA05F3C01851EBE37101F00045F5
:1002280007D54FF0000EDCF1000C7EEB00006EEB02
:100238000101B1F5801F1BD3B1F5001F0CD349088C
:100248005FEA30004FEA3C0C04F101044FEA4452E3
:1002580012F5800F80F09A80BCF1004F08BF5FEA6A
:10026800500C50F1000041EB045141EA050130BD4A
:100278005FEA4C0C404141EB0101013C28BFB1F55C
:10028800801FE9D291F0000F04BF01460020B1FAA7
:1002980081F308BF2033A3F10B03B3F120020CDA7A
:1002A8000C3208DD02F1140CC2F10C0201FA0CF058
:1002B80021FA02F10CE002F11402D8BFC2F1200CBD
:1002C80001FA02F120FA0CFCDCBF41EA0C01904073
:1002D800E41AA2BF01EB0451294330BD6FEA0404BC
:1002E8001F3C1CDA0C340EDC04F11404C4F12002A7
:1002F80020FA04F001FA02F340EA030021FA04F3B9
:1003080045EA030130BDC4F10C04C4F1200220FA0F
:1003180002F001FA04F340EA0300294630BD21FA4D
:1003280004F0294630BD94F0000F83F4801306BF13
:1003380081F480110134013D4EE77FEA645C18BF07
:100348007FEA655C29D094EA050F08BF90EA020F9E
:1003580005D054EA000C04BF1946104630BD91EA96
:10036800030F1EBF0021002030BD5FEA545C05D199
:100378004000494128BF41F0004130BD14F58004D8
:100388003CBF01F5801130BD01F0004545F0FE414C
:1003980041F470014FF0000030BD7FEA645C1ABF81
:1003A800194610467FEA655C1CBF0B46024650EAB8
:1003B800013406BF52EA033591EA030F41F40021E4
:1003C80030BD00BF90F0000F04BF0021704730B56A
:1003D8004FF4806404F132044FF000054FF000013F
:1003E80050E700BF90F0000F04BF0021704730B500
:1003F8004FF4806404F1320410F0004548BF4042D5
:100408004FF000013EE700BF42004FEAE2014FEA29
:1004180031014FEA02701FBF12F07F4393F07F4F04
:1004280081F06051704732F07F4208BF704793F007
:100438007F4F04BF41F40021704730B54FF460741A
:1004480001F0004521F000411CE700BF50EA01021D
:1004580008BF704730B54FF000050AE050EA0102C6
:1004680008BF704730B511F0004502D5404261EB36
:1004780041014FF4806404F132045FEA915C3FF477
:10048800D8AE4FF003025FEADC0C18BF03325FEA14
:10049800DC0C18BF033202EBDC02C2F1200300FAC5
:1004A80003FC20FA02F001FA03FE40EA0E0021FAEA
:1004B80002F11444BDE600BF70B54FF0FF0C4CF4D8
:1004C800E06C1CEA11541DBF1CEA135594EA0C0F8A
:1004D80095EA0C0F00F0DEF82C4481EA030621EAC5
:1004E8004C5123EA4C5350EA013518BF52EA033500
:1004F80041F4801143F4801338D0A0FB02CE4FF0B2
:100508000005E1FB02E506F00042E0FB03E54FF0E1
:100518000006E1FB03569CF0000F18BF4EF0010ED9
:10052800A4F1FF04B6F5007F64F5407404D25FEAD5
:100538004E0E6D4146EB060642EAC62141EA555188
:100548004FEAC52040EA5E504FEACE2EB4F1FD0CCA
:1005580088BFBCF5E06F1ED8BEF1004F08BF5FEA48
:10056800500E50F1000041EB045170BD06F00046FA
:1005780046EA010140EA020081EA0301B4EB5C04A7
:10058800C2BFD4EB0C0541EA045170BD41F480119F
:100598004FF0000E013C00F3AB8014F1360FDEBFC4
:1005A800002001F0004170BDC4F10004203C35DAA0
:1005B8000C341BDC04F11404C4F1200500FA05F323
:1005C80020FA04F001FA05F240EA020001F00042C4
:1005D80021F0004110EBD37021FA04F642EB06013A
:1005E8005EEA430E08BF20EAD37070BDC4F10C0464
:1005F800C4F1200500FA04F320FA05F001FA04F228
:1006080040EA020001F0004110EBD37041F1000113
:100618005EEA430E08BF20EAD37070BDC4F120051E
:1006280000FA05F24EEA020E20FA04F301FA05F286
:1006380043EA020321FA04F001F0004121FA04F22E
:1006480020EA020000EBD3705EEA430E08BF20EAFE
:10065800D37070BD94F0000F0FD101F00046400038
:1006680041EB010111F4801F08BF013CF7D041EABA
:10067800060195F0000F18BF704703F000465200BE
:1006880043EB030313F4801F08BF013DF7D043EA8F
:100698000603704794EA0C0F0CEA135518BF95EA45
:1006A8000C0F0CD050EA410618BF52EA4306D1D1CC
:1006B80081EA030101F000414FF0000070BD50EAEB
:1006C800410606BF1046194652EA430619D094EA75
:1006D8000C0F02D150EA013613D195EA0C0F05D15F
:1006E80052EA03361CBF104619460AD181EA0301B3
:1006F80001F0004141F0FE4141F470014FF000006B
:1007080070BD41F0FE4141F4780170BD70B54FF005
:10071800FF0C4CF4E06C1CEA11541DBF1CEA135585
:1007280094EA0C0F95EA0C0F00F0A7F8A4EB050467
:1007380081EA030E52EA03354FEA013100F088805E
:100748004FEA03334FF0805545EA131343EA126327
:100758004FEA022245EA111545EA10654FEA0026DC
:100768000EF000419D4208BF964244F1FD0404F595
:10077800407402D25B084FEA3202B61A65EB0305F1
:100788005B084FEA32024FF480104FF4002CB6EBAE
:10079800020E75EB030E22BFB61A754640EA0C002E
:1007A8005B084FEA3202B6EB020E75EB030E22BF6E
:1007B800B61A754640EA5C005B084FEA3202B6EBAF
:1007C800020E75EB030E22BFB61A754640EA9C006E
:1007D8005B084FEA3202B6EB020E75EB030E22BF3E
:1007E800B61A754640EADC0055EA060E18D04FEAFC
:1007F800051545EA16754FEA06164FEAC30343EA9C
:1008080052734FEAC2025FEA1C1CC0D111F4801F68
:100818000BD141EA00014FF000004FF0004CB6E761
:1008280011F4801F04BF01430020B4F1FD0C88BF00
:10083800BCF5E06F3FF6AFAEB5EB030C04BFB6EB0B
:10084800020C5FEA500C50F1000041EB045170BDFE
:100858000EF0004E4EEA113114EB5C04C2BFD4EB2B
:100868000C0541EA045170BD41F480114FF0000EAF
:10087800013C90E645EA060E8DE60CEA135594EA2B
:100888000C0F08BF95EA0C0F3FF43BAF94EA0C0F2E
:100898000AD150EA01347FF434AF95EA0C0F7FF4A3
:1008A80025AF104619462CE795EA0C0F06D152EAF7
:1008B80003353FF4FDAE1046194622E750EA4106DB
:1008C80018BF52EA43067FF4C5AE50EA41047FF4EC
:1008D8000DAF52EA43057FF4EBAE12E74FF0FF3C51
:1008E80006E000BF4FF0010C02E000BF4FF0010C22
:1008F8004DF804CD4FEA410C7FEA6C5C4FEA430C9B
:1009080018BF7FEA6C5C1BD001B050EA410C0CBFE9
:1009180052EA430C91EA030F02BF90EA020F00204B
:10092800704710F1000F91EA030F58BF994208BFB2
:1009380090422CBFD8176FEAE37040F0010070476F
:100948004FEA410C7FEA6C5C02D150EA013C07D1C6
:100958004FEA430C7FEA6C5CD6D152EA033CD3D011
:100968005DF8040B704700BF8446104662468C460B
:100978001946634600E000BF01B5FFF7B7FF00283E
:1009880048BF10F1000F01BD4DF808EDFFF7F4FF67
:100998000CBF012000205DF808FB00BF4DF808EDF2
:1009A800FFF7EAFF34BF012000205DF808FB00BF15
:1009B8004DF808EDFFF7E0FF94BF012000205DF837
:1009C80008FB00BF4DF808EDFFF7CEFF94BF0120EC
:1009D80000205DF808FB00BF4DF808EDFFF7C4FFE5
:1009E80034BF012000205DF808FB00BF4FEA410238
:1009F80012F5001215D211D56FF47873B3EB625269
:100A080012D94FEAC12343F0004343EA505311F08F
:100A1800004F23FA02F018BF404270474FF0000021
:100A2800704750EA013005D111F0004008BF6FF05F
:100A3800004070474FF00000704700BF4FEA410286
:100A4800B2F1E04324BFB3F5001CDCF1FE5C0DD924
:100A580001F0004C4FEAC0024CEA5070B2F1004F6E
:100A680040EB830008BF20F00100704711F0804F71
:100A780021D113F13872BCBF01F00040704741F436
:100A880080114FEA5252C2F11802C2F1200C10FA3A
:100A98000CF320FA02F018BF40F001004FEAC1231E
:100AA8004FEAD32303FA0CFC40EA0C0023FA02F3C2
:100AB8004FEA4303CCE77FEA625307D150EA013398
:100AC8001EBF4FF0FE4040F44000704701F0004068
:100AD80040F0FE4040F40000704700BF7BB972B997
:100AE8000029BEBF00204FF0004106E008BF0028E3
:100AF8001CBF6FF000414FF0FF3000F057B8ADF168
:100B0800080C6DE904CE002909DB002B1ADB00F084
:100B180069F8DDF804E0DDE9022304B070474042DB
:100B280061EB4101002B1BDB00F05CF8DDF804E011
:100B3800DDE9022304B0404261EB4101524263EB1C
:100B480043037047524263EB430300F04BF8DDF870
:100B580004E0DDE9022304B0404261EB4101704743
:100B6800524263EB430300F03DF8DDF804E0DDE9B1
:100B7800022304B0524263EB4303704753B94AB9A6
:100B8800002908BF00281CBF4FF0FF314FF0FF308D
:100B980000F00CB8ADF1080C6DE904CE00F022F8B5
:100BA800DDF804E0DDE9022304B07047704700BFB8
:100BB80010F8012B11F8013B012A28BF9A42F7D0FF
:100BC800D01A7047034611F8012B03F8012B002AAD
:100BD800F9D17047034613F8012B002AFBD1181AE4
:100BE800013870472DE9F04786468C460846089E2E
:100BF800154674461946002B40F0C1808542B2FA6A
:100C080082F245D94AB1C2F1200300FA02FC9540AC
:100C180094402EFA03F343EA0C0C4FEA154EA8B29F
:100C2800230CBCFBFEF80EFB18CC08FB00F943EACA
:100C38000C43994528D9EB1808F1FF3704D2994598
:100C480002D9A8F102072B44A3EB0903A4B2B3FB12
:100C5800FEFC0EFB1C330CFB00F044EA0344A042EC
:100C680014D92C190CF1FF3304D2A04202D9ACF1EB
:100C780002032C44241A43EA07401EB1D44000233F
:100C880034607360BDE8F0874746DDE76346F1E707
:100C980092BB431B01214FEA154EAFB2200CB3FBA8
:100CA800FEFC0EFB1C330CFB07F840EA0343984597
:100CB80061D9EB180CF1FF3004D2984502D9ACF198
:100CC80002002B44A3EB0803A4B2B3FBFEFC0EFB0B
:100CD8001C330CFB07F744EA0344A7424DD92C19EF
:100CE8000CF1FF3304D2A74202D9ACF102032C4421
:100CF800E41B43EA0040C0E7C2F12003954094405A
:100D080020FA03F12EFA03F34FEA154E9040AFB2E2
:100D18000343B1FBFEFC0EFB1C10190C0CFB07F87F
:100D280041EA0041884522D969180CF1FF3004D204
:100D3800884502D9ACF102002944A1EB08019BB215
:100D4800B1FBFEFC0EFB1C110CFB07F743EA014349
:100D58009F420ED9EB180CF1FF3104D29F4202D901
:100D6800ACF102012B44DB1B41EA004193E76046EA
:100D7800E3E76146F7E76046A4E76346B8E78342DE
:100D880006D916B9002108467CE7C6E900E0F9E76C
:100D9800B3FA83F78FB9834201D3724508D8BEEB03
:100DA800020460EB030301209C461EB9002169E799
:100DB8003846FAE7C6E9004CF8E7C7F1200CBB4013
:100DC8000EFA07F522FA0CF42EFA0CF1BA401C437D
:100DD80020FA0CF3B8404FEA144901431FFA84FE85
:100DE800B3FBF9F809FB18300B0C08FB0EFA43EAC1
:100DF80000439A4540D9E31808F1FF3004D29A45D8
:100E080002D9A8F102002344A3EB0A0389B2B3FB79
:100E1800F9F809FB183308FB0EFE41EA03418E4539
:100E28002CD9611808F1FF3304D28E4502D9A8F1F4
:100E38000203214443EA0040A1EB0E01A0FB029803
:100E48004145CE46434602D306D14D4504D201382A
:100E5800B9EB020E68EB0403002EA7D0B5EB0E0227
:100E680061EB030101FA0CFC22FA07F3F9404CEAA2
:100E78000303C6E9003199E74046C5E74346D9E789
:100E88002DE9F04F85B006460F461546984683680B
:100E98005B6802AA984700282FDB029CDDF80C90BB
:100EA800A5FB04AB05FB09BB19A3D3E900235046F6
:100EB8005946FFF763FE05464FF0FF335345164B7F
:100EC80073EB0B031CD3A8FB04A408FB094410A371
:100ED800D3E9002350462146FFF750FE03464FF062
:100EE800FF3252450C4AA2410DD3BDF8382000927A
:100EF8002A463946304615F08CFB05B0BDE8F08F20
:100F08006FF08500F9E76FF08500F6E7AFF3008032
:100F180000CA9A3B00000000FFC99A3B10B50D4A71
:100F280003210D4816F0EDFE00F042F840B900F03C
:100F38005DF84FF0FF304FF0FF311DF024FEF8E769
:100F480004460346054A0121034816F0E4FE2046FC
:100F580010BD00BF98040300B4000300C0040300E0
:100F68000378032B00D0704700B5A9B004F0ACFC9F
:100F780003460B4AA021684612F0B8FF02469F2894
:100F880006D86946074804F01FFE29B05DF804FB3F
:100F98000346054A0121054816F0BDFEF5E700BFE6
:100FA800E40403004C0503002C0503001C000300A7
:100FB80008B50A4A03210A4816F0A3FE00F0E2FF2A
:100FC80001F0C4F801F0DEFC04F06AFF01F060FEF5
:100FD8000449054800F0C2F8002008BD5405030084
:100FE8001C000300690F01006805030000B5ADF59A
:100FF800077D3B4A03213B4816F083FE03F0DCFCE7
:10100800002833D100F0F6FE0346002835D104F05D
:1010180037FB0346002839D101F02CFA0346002893
:101028003AD101F03FFE034600283BD102F0A8FA6E
:10103800034600283CD102F06FFE034600283DD14C
:1010480003F05EFB034600283ED103F0A7FB0346EE
:1010580000283FD14FF0FF324FF0FF336946224856
:1010680011F034F9684600F055F9F3E703461F4AD2
:1010780001211C4816F04FFEC4E71D4A01211948FA
:1010880016F049FE0DF5077D5DF804FB194A0121AC
:10109800144816F040FEF5E7174A0121114816F0EA
:1010A8003AFEEFE7154A01210E4816F034FEE9E74B
:1010B800134A01210B4816F02EFEBCE7114A012104
:1010C800084816F028FEBBE70F4A0121054816F02C
:1010D80022FEBAE70D4A0121024816F01CFEB9E7C4
:1010E8006C0503001C00030068CE00209005030077
:1010F800AC050300C8050300E80503000406030067
:10110800240603003C06030058060300700603008B
:10111800D0B138B504460022002301460C481DF022
:10112800C4F800B938BD23780A4A02210A4816F0E3
:10113800F2FD074D28461DF0C0F800220023214685
:1011480028461DF0B2F8EDE76FF01500704700BFB4
:1011580068CE00209806030014000300002900F060
:10116800CB8090B583B000AF654B1B680F2B2FD891
:10117800644A42F8330002EBC30251600133604A0B
:1011880013606C4600223A7102227A718AB0EC46EA
:101198001CF1100276D04FF0120E2AB1BEF1040FE6
:1011A80002DD5949CCF814100021397002217970F8
:1011B800002A74D07146BEF1080F01DDCCF8180082
:1011C8000C2901DDCCF81C300CF12003002164E06F
:1011D8006C4600233B7102237B7188B0EC461CF1FE
:1011E800100216D04FF00E0E2AB1BEF1040F02DD28
:1011F800464BCCF8143000233B7002237B70AAB115
:10120800BEF1080F01DDCCF818000CF11C03002119
:101218000AE06FF0004EE7E701F10800384410F8E3
:10122800080C03F8010B01310129F5D9BEF10D0FA6
:1012380025DD0E234AB10321397100217971B97175
:101248000121F9717868CCF8100000216FF30001D2
:101258006FF341016FF382016FF3C501012060F361
:101268008811C3F30A0363F353216FF31F5100235B
:10127800274806F0F7FBA5466FF00B0036E06FF045
:101288001B03D7E76FF0004E87E701F108003844E9
:1012980010F8080C03F8010B01310129F5D9BEF14A
:1012A800110F26DD12234AB1042139710021797109
:1012B800B9710121F9717868CCF8100000216FF339
:1012C80000016FF341016FF382016FF3C501032041
:1012D80060F38811C3F30A0363F353216FF31F51BB
:1012E80000230B4806F0BEFBA54600200C37BD4680
:1012F80090BD6FF01B03D6E76FF01500704700BF75
:10130800B8E40020BCE40020F8060300CC06030083
:101318001400030038B50546002406E0054B03EB2E
:10132800C4035B68284698470134034B1B68A342F3
:10133800F4D838BDBCE40020B8E40020B0B592B0C1
:1013480000AF05460846402207F108010CF0C8FD29
:10135800002863DD6C4600233B7102237B71012367
:10136800BB710323FB718AB0EC461CF1100222D03A
:101378004FF0140E2AB1BEF1040F02DD2A4BCCF84F
:10138800143000233B7002237B7022B1BEF1080F9A
:1013980001DDCCF818500123BB700323FB70BAB1F0
:1013A800BEF10C0F03DD07F10803CCF81C300CF17B
:1013B800200300210AE06FF0004EDBE701F148004E
:1013C800384410F8480C03F8010B01310329F5D90A
:1013D800BEF1130F25DD14234AB104213971002110
:1013E8007971B9710221F9717868CCF8100000217F
:1013F8006FF300016FF341016FF382016FF3C501D1
:10140800032060F38811C3F30A0363F353216FF3D6
:101418001F510023054806F025FBA5464837BD4661
:10142800B0BD6FF01B03D7E728070300AC0003002B
:10143800F0B587B000AF102207F1080100200CF0CA
:101448004FFD002859DD07F108001DF05CFFFF285B
:1014580001D0002857D16C4600233B7102237B71D1
:1014680088B0EC461CF1100214D00E2022B10428DA
:1014780002DD544BCCF8143000233B7002237B7000
:10148800B2B1082802DD504BCCF818300CF11C031F
:1014980000210BE06FF00040E8E701F1180505EBCB
:1014A800070E1EF818EC03F801EB01310129F4D9F5
:1014B8000D2825DD0E234AB10321397100217971E8
:1014C800B9710121F9717868CCF8100000216FF327
:1014D80000016FF341016FF382016FF3C501022030
:1014E80060F38811C3F30A0363F353216FF31F51A9
:1014F8000023364806F0B6FAA5461C37BD46F0BDAF
:101508006FF01B03D7E7A0F18C016D4600233B71F8
:1015180002237B718AB06C4614F110021CD04FF084
:10152800160C22B1BCF1040F01DD294B63610023C5
:101538003B7002237B70E2B16346BCF1080F01DD0A
:10154800214EA6610C2B00DDE161102B00DD20622D
:1015580004F1240300210AE06FF0004CE1E701F1F7
:101568001800384410F8180C03F8010B0131012950
:10157800F5D9BCF1150F22DD162342B105213971C9
:1015880000217971B9710121F97178682061002110
:101598006FF300016FF341016FF382016FF3C5012F
:1015A800032060F38811C3F30A0363F353216FF335
:1015B8001F510023054806F055FAAD469DE76FF028
:1015C8001B03DAE73407030068070300AC000300D5
:1015D8007007030008B503491DF001FF08B1002298
:1015E800027008BD8807030090B5A3B000AF3B4A5E
:1015F800802107F108000EF0B7FF10B18C37BD4607
:1016080090BD07F10800FFF7E5FF6C4600233B712A
:1016180002237B710123BB710323FB718AB0EC4663
:101628001CF1100223D04FF0140E2AB1BEF1040FA2
:1016380002DD2B4BCCF8143000233B7002237B7067
:101648002AB1BEF1080F02DD264BCCF81830012371
:10165800BB700323FB70BAB1BEF10C0F03DD07F1B9
:101668000803CCF81C300CF1200300210AE06FF0CD
:10167800004EDAE701F18800384410F8880C03F8C6
:10168800010B01310329F5D9BEF1130F23DD142312
:101698004AB10421397100217971B9710221F971B6
:1016A8007868CCF8100000216FF300016FF3410156
:1016B8006FF382016FF3C501032060F38811C3F350
:1016C8000A0363F353216FF31F510023064806F002
:1016D800C9F9A54692E76FF01B03D9E78C07030009
:1016E8002807030094070300AC00030090B5A3B0DB
:1016F80000AF3B4A802107F108000EF035FF10B11A
:101708008C37BD4690BD07F10800FFF763FF6C46B4
:1017180000233B7102237B710123BB710323FB71FF
:101728008AB0EC461CF1100223D04FF0140E2AB1F7
:10173800BEF1040F02DD2B4BCCF8143000233B70B4
:1017480002237B702AB1BEF1080F02DD264BCCF8CC
:1017580018300123BB700323FB70BAB1BEF10C0F24
:1017680003DD07F10803CCF81C300CF1200300213D
:101778000AE06FF0004EDAE701F18800384410F80B
:10178800880C03F8010B01310329F5D9BEF1130FB9
:1017980023DD14234AB10421397100217971B9710B
:1017A8000221F9717868CCF8100000216FF300016C
:1017B8006FF341016FF382016FF3C501032060F3FA
:1017C8008811C3F30A0363F353216FF31F510023F6
:1017D800064806F047F9A54692E76FF01B03D9E7DC
:1017E8009C07030028070300A8070300AC000300B8
:1017F800404BD3E8AF3F002B7AD0B0B582B000AFF2
:101808000C466D4600233B7102237B7188B0694604
:1018180011F1100214D04FF00E0C22B1BCF1040FDC
:1018280001DD354B4B6100233B7002237B70A2B175
:10183800BCF1080F00DD886101F11C0300200AE0FB
:101848006FF0004CE9E700F1080EBE441EF808EC02
:1018580003F801EB01300128F5D9BCF10D0F3FDD8C
:101868000E2342B10320387100207871B87101202D
:10187800F8717868086100216FF300016FF3410186
:101888006FF382016FF3C501032060F38811C3F37E
:101898000A0363F353216FF31F510023174806F01F
:1018A800E1F8AD46FFF7C4FD01211548FFF746FDF5
:1018B80004211448FFF742FD0A211348FFF73EFDB3
:1018C8008CB105211148FFF739FD08211048FFF7B1
:1018D80035FD03210F48FFF731FD0837BD46B0BD80
:1018E8006FF01B03BDE7FFF77FFEFFF7FFFEF4E78E
:1018F800704700BF3CE50020B0070300AC000300C0
:10190800CC07030004410300D4070300DC070300ED
:10191800E8070300F0070300D0B582B00AF0B8F971
:1019280038B10346334A0121334816F0F4F902B0BE
:10193800D0BD1AF0E5F9034628B1304A02212E48F5
:1019480016F0E9F907E02E4B0122D3E8EF1FC3E8B0
:10195800E02F0028F9D12B480BF046FA2A4A032138
:10196800254816F0CEF90BE00A220092274A0121F9
:10197800214816F0DBF94FF4A02000211DF003F9EF
:10198800234A03211C4816F0BCF900200BF03CFA4E
:1019980003460028E8D14FF4702200231D4811F0B7
:1019A80041F84FF0FF364FF0FF3732463B461A48B2
:1019B80010F066FE104C194A0321204616F0A1F9D2
:1019C80001211748FFF714FF00221146012014F0E7
:1019D8002AFD32463B46134810F052FE124A0221B5
:1019E800204616F08EF900221146022014F01BFD45
:1019F800C6E700BFF8070300AC0003002C0803008B
:101A08003CE50020291C010064080300B808030015
:101A18007C08030040CA002040CF0020E8080300EB
:101A2800F408030028CF00200009030008B50A4B7A
:101A3800D3E8AF3F03B108BD084A0321084816F0B0
:101A480060F900210748FFF7D3FE4FF47022002306
:101A5800054810F0E7FFEEE740E500202409030001
:101A6800AC0003006409030040CA002090B583B0AD
:101A780000AF05280CD843B2002B00F0A480431E09
:101A8800042B00F2A080DFE803F01A82889E1A0077
:101A98005A2840F09880564A0121564816F031F9E4
:101AA800554B0021D3E8EF2FC3E8E01F0028F9D1F8
:101AB800012A40F08180514810F09AFD7CE001280D
:101AC8001ED04F496C4600233B7102237B7188B0BE
:101AD800EC461CF1100215D00E2022B1042802DDBC
:101AE800484BCCF8143000233B7002237B70B2B112
:101AF800082801DDCCF818100CF11C0300210CE0BB
:101B08004149DFE76FF00040E7E701F1080EBE4406
:101B18001EF808EC03F801EB01310129F5D90D286D
:101B280032DD0E234AB10321397100217971B9716F
:101B38000121F9717868CCF8100000216FF30001D9
:101B48006FF341016FF382016FF3C501032060F366
:101B58008811C3F30A0363F353216FF31F51002362
:101B6800244805F07FFFA546234B0121D3E8EF2F3A
:101B7800C3E8E01F0028F9D1F2B924481CF00FFE91
:101B8800234810F035FD17E06FF01B03CAE7214A20
:101B98000321184816F0B5F80EE01F4A0121154830
:101BA80016F0AFF8144B0021D3E8EF2FC3E8E01F7D
:101BB8000028F9D1012A02D00C37BD4690BD0F4844
:101BC80010F016FDF8E70346144A0221094816F0FA
:101BD800A2F8094B0021D3E8EF2FC3E8E01F002843
:101BE800F9D1012AE8D1054810F002FDE4E700BF69
:101BF800FC090300AC00030040E5002028CF0020CA
:101C080078090300800903007009030040CA002016
:101C180040CF0020A0090300C0090300100A0300F8
:101C280090B583B000AF037823B1052B06D00C37ED
:101C3800BD4690BD007AFFF719FFF8E7037A072B36
:101C480022D0092B1ED02C496C4600233B7102235D
:101C58007B7188B0EC461CF1100217D00E2022B11F
:101C6800042802DD254BCCF8143000233B700223F6
:101C78007B70C2B1082801DDCCF818100CF11C03E8
:101C880000210EE01E49DFE71E49DDE76FF0004046
:101C9800E5E701F1080EBE441EF808EC03F801EB75
:101CA80001310129F5D90D2823DD0E234AB103217D
:101CB800397100217971B9710121F9717868CCF80D
:101CC800100000216FF300016FF341016FF38201EF
:101CD8006FF3C501032060F38811C3F30A0363F3AC
:101CE80053216FF31F510023074805F0BBFEA5469B
:101CF8009DE76FF01B03D9E72C0A0300440A030091
:101D08003C0A0300340A0300AC000300F0B583B0BA
:101D180000AF0446056828460AF0E8FC61686C468E
:101D280001233B7103237B718AB0EC461CF110023E
:101D380020D04FF0160E52B17346BEF1040F02DDEB
:101D48002A4ECCF81460082B01DDCCF8185001237A
:101D58003B7003237B70D2B17346BEF10C0F01DDDB
:101D6800CCF81C00102B01DDCCF820100CF124035A
:101D780000210AE06FF0004EDDE701F10800384469
:101D880010F8080C03F8010B01310129F5D9BEF14F
:101D9800150F27DD16234AB1052139710021797104
:101DA800B9710121F9717868CCF8100000216FF33E
:101DB80000016FF341016FF382016FF3C501012543
:101DC80065F38811C3F30A0363F353216FF31F51BB
:101DD8000023074805F046FEA54605F063FD2846A2
:101DE80004F036FF6FF01B03D5E700BF580A030065
:101DF800AC00030000B589B000220023CDE906231A
:101E08000023049307220392029301930093094B42
:101E18004FF40062084909481CF005FD30B1084933
:101E280010F016FE002009B05DF804FB6FF00B00FF
:101E3800F9E700BF21190100981F012048D00020B0
:101E48008C0A0300012806D0022806D008B10448ED
:101E5800704704487047044870470448704700BFFB
:101E6800A4070300980A0300A00A0300A80A0300B5
:101E7800B0B582B000AF04463B4BD3E8EF0FC3E8E0
:101E8800E24F002AF9D1C0B2844267D0FFF7DAFFE7
:101E980005462046FFF7D6FF6C4600223A7102221B
:101EA8007A710122BA710322FA718AB0EC461CF1E8
:101EB800100220D04FF0140E2AB1BEF1040F02DD3B
:101EC8002A49CCF81410002139700221797022B106
:101ED800BEF1080F01DDCCF818500121B9700321BB
:101EE800F970AAB1BEF10C0F01DDCCF81C000CF1A1
:101EF800200300210AE06FF0004EDDE701F1080041
:101F0800384410F8080C03F8010B01310329F5D9FE
:101F1800BEF1130F25DD14234AB1042139710021C4
:101F28007971B9710221F9717868CCF81000002133
:101F38006FF300016FF341016FF382016FF3C50185
:101F4800032060F38811C3F30A0363F353216FF38B
:101F58001F510023064805F085FDA5460837BD46F4
:101F6800B0BD6FF01B03D7E744E50020B00A0300BB
:101F780054000300024BD3E8AF0FC0B2704700BF54
:101F880044E5002008B502490248FFF7E7F808BD14
:101F9800A9640200C00A030018B102781AB90248FD
:101FA8007047014870477047D00A03002DE9F04F89
:101FB800FBB008AF07F5C67003F026FED7F88C0112
:101FC800FFF7EAFF05461CF0C1FE4B0143EAD06368
:101FD8004401241A63EB01039B0043EA9473A400B1
:101FE800241843EB0103DB0043EA5473C4F31034B1
:101FF80044EA4344DE0BD7F89001FFF7CDFF804653
:10200800D7F89401FFF7C8FF8146D7F89801FFF782
:10201800C3FF824607F5CE70FFF7BEFF834607F57C
:10202800D870FFF7B9FF0790CDF818B0CDF814A015
:10203800CDF81090CDF80C803D4B0293009401969A
:102048002B463C4A4FF4C07107F10C0011F04EFFCB
:102058000446B0F5C07F28D2024607F10C01364885
:1020680003F0B2FD034638BB6E4600233B720223E1
:102078007B728AB008AD15F1100223D012201AB174
:10208800042801DD2D4B6B6100233B7102237B711A
:1020980012B30346082801DD2749A9610C2B00DD8E
:1020A800EC6105F12003002114E00346244A0121D4
:1020B800244815F030FE33E0234A0121214815F069
:1020C8002AFE2DE06FF00040D9E73C1D645C03F860
:1020D800014B01310129F8D9112826DD122342B11B
:1020E8000421397200217972B9720121F972B86834
:1020F800286100216FF300016FF341016FF3820142
:102108006FF3C501032060F38811C3F30A0363F377
:1021180053216FF31F5100230A4805F0A3FCB5466D
:1021280007F5E677BD46BDE8F08F6FF01B03D6E7ED
:10213800800B0300D80A0300AC0B0300D40B030088
:10214800840B03001C010300B40B030008B502490B
:102158000248FFF703F808BDEB640200000C030017
:1021680038B50C46154600230B700BF0B9FE002855
:1021780000DD38BD024A2946204611F0B7FEF8E7CF
:10218800D00A030000B585B001A9054814F06CFE1B
:1021980018B9029805B05DF804FB4FF0FF30F9E775
:1021A80078CD00202DE9F04186B068461CF08CFB04
:1021B800002836D1009FDDF804801B4D2A686B6823
:1021C800BA1A68EB0303029EDDF80CC017494C6885
:1021D800D1F800E0B6EB0E0E6CEB04042F60C5F8E6
:1021E80004800E60C1F804C052EA030116D01EEB49
:1021F8000E0C44EB04011CEB0E0C44EB01014801EE
:1022080040EADC604FEA4C151CEB050C41EB000181
:102218001CEB0E0044EB0101FEF7B0FC06B0BDE874
:10222800F0814FF0FF30F9E718D1002010D10020DD
:102238002DE9F04FF9B00EAF102207F5CC71002050
:10224800FFF78EFF14F055F93860FFF79BFFB86071
:10225800FFF7A8FF7860FFF78DFE814601F00CFAC2
:10226800002800F08780DFF8ACB103F02DFBF860A0
:102278001CF06CFD4E0146EAD0664401241A66EB58
:102288000106B60046EA9476A400241846EB010637
:10229800F60046EA5476C4F3103444EA4644F60B92
:1022A8001CF054FD4FEA411848EAD06845012D1A40
:1022B80068EB01084FEA880848EA9578AD002D18C0
:1022C80048EB01084FEAC80848EA5578C5F31035C5
:1022D80045EA48454FEAD83803F0ECFA002852D0CE
:1022E800DFF834A14846FFF7ADFDCDF830B00B90CC
:1022F8007B680A93BB680993CDF820A007F5CC73D7
:1023080007933B6806930495CDF81480434B0293DA
:1023180000940196FB68424A4FF4C07107F1180017
:1023280011F0E4FD0246B0F5C07F2FD207F1180185
:102338003C4803F049FC034678BB6D4600233B75D7
:1023480002237B7588B00EAC14F110022BD00E203E
:102358001AB1042801DD344B636100233B74022366
:102368007B745AB3082801DD2E4BA36104F11C03CA
:10237800002121E001F076F910B1DFF8B0B074E780
:10238800DFF8ACB071E7DFF8ACA0ABE703462A4A48
:1023980001212A4815F0BFFC34E0294A02212748C8
:1023A80015F0B9FC2EE06FF00040D1E707F11006F8
:1023B800765C03F8016B01310129F7D90D2826DD78
:1023C8000E2342B10321397500217975B9750121B0
:1023D800F9757869206100216FF300016FF34101FD
:1023E8006FF382016FF3C501032060F38811C3F313
:1023F8000A0363F353216FF31F5100230F4805F0BD
:1024080031FBAD4607F5D677BD46BDE8F08F6FF0D6
:102418001B03D6E7D44B0300F4080300800B03002A
:10242800300C03003C0D0300680D0300180C03007A
:10243800100C0300200C0300180D03007C0003009F
:10244800480D030008B51E23084A0321084815F063
:1024580062FC4FF4702000211CF095FB03F02AFA6F
:102468000028F6D0FFF7E4FEF3E700BF880D03006D
:102478007C00030000B589B000220023CDE90623C3
:102488000023049309220392029301930093094BBA
:102498004FF40062084909481CF0C5F930B10849F1
:1024A80010F0D6FA002009B05DF804FB6FF00B00BD
:1024B800F9E700BF4D2401009827012020D1002012
:1024C8003C0D030010B588B004460B46114A202184
:1024D800684611F00BFD694620461CF0A7FF04462C
:1024E80098B16846FEF776FB3A2120441CF01FFF9E
:1024F800044650B1013000E001300378202BFBD0B6
:10250800092BF9D0222B03D1441C204608B010BD5A
:102518000024FAE7B00D03002DE9F04182B08046AF
:102528000E4617461D46089C00230B702B70234649
:102538002A46274913F0F4FF3B46324625494046D0
:1025480013F0EEFFC0B133788BB998F800307B2BCD
:102558000DD04046FEF73EFB013FB84200D2074689
:102568003A46414630461CF09FFE0023F3552B782F
:102578004BB102B0BDE8F0813B46324616494046B1
:1025880013F0CEFFDFE71CF0E1FB4B0143EAD06319
:102598004FEA401CBCEB000C63EB01039B0043EAD1
:1025A8009C734FEA8C0C1CEB000C43EB0103DB0023
:1025B80043EA5C73CCF3103141EA4341DB0B0091F1
:1025C8000193064A2146284611F090FCD1E700BF46
:1025D800B80D030090430300BC0D0300C00D0300B9
:1025E8002DE9F043E9B006460F469046994603F0B8
:1025F8006BF905461CF0AAFB4B0143EAD063440182
:10260800241A63EB01039B0043EA9473A400241883
:1026180043EB0101C90041EA5471C4F3103444EAA0
:102628004144C90BCDF81890CDF81480049703964F
:102638000C4B0293009401912B460B4A4FF4C07146
:1026480008A811F053FCB0F5C07F07D2024608A9CC
:10265800064803F0B9FA69B0BDE8F0836FF01B00D3
:10266800F9E700BF800B0300C80D0300580E0300F4
:1026780070B5E6B005460E4603F026F904461CF090
:1026880065FB4B0143EAD0634201121A63EB010375
:102698009B0043EA92739200121843EB0103DB009C
:1026A80043EA5273C2F3103242EA4342DB0B049608
:1026B80003950C4902910092019323460A4A4FF46C
:1026C800C07106A811F012FCB0F5C07F06D2024610
:1026D80006A9064803F078FA66B070BD6FF01B00D3
:1026E800FAE700BF800B0300640E0300E80E030046
:1026F80038B505460C46FFF7BBFF00283BD13949E2
:102708002046FEF755FA00283CD037492046FEF708
:102718004FFA002842D035492046FEF749FA0028EA
:1027280043D033492046FEF743FAC0B13149204629
:10273800FEF73EFA98B130492046FEF739FA70B1F3
:102748002E492046FEF734FA48B12D492046FEF7B7
:102758002FFA20B12B492046FEF72AFA70BB2A4AE5
:102768002A49022003F016FB294B2A4A214628460B
:10277800FFF736FF10E00346274A0221274815F0E5
:10278800CAFABCE7FFF7F6FBFFF75CFB0346244AEF
:1027980021462846FFF724FFE0B938BD214B204ADF
:1027A80021462846FFF71CFFF6E701F007FB1E4B02
:1027B8001B4A21462846FFF713FFEDE71B4A13493A
:1027C800022003F0E7FA1A4B1A4A21462846FFF777
:1027D80007FFE1E70346184A0221104815F09BFA63
:1027E800DBE700BF100F0300200F0300300F0300CA
:1027F800480F0300500F03005C0F0300680F03002D
:10280800740F0300800F0300900F03009043030030
:10281800B00F0300C00F0300F00E03003C000300DC
:102828001C0F0300280F03003C0F0300CC0F03000C
:10283800E80F0300D44B0300F80F03000378082BBC
:1028480000D07047B0B5ADF51A7D02AF048AB4F573
:10285800007F28BF4FF4007407F15C05224600F1A1
:10286800120128461CF020FD00232B55302300932D
:1028780007F10C03202207F13C012846FFF74CFE24
:1028880097F83C307BB36C4600233B7202237B7283
:102898000123BB720323FB728AB00DF1080C1CF1F3
:1028A800100228D0142522B1042D02DD304BCCF8BB
:1028B800143000233B7102237B712AB1082D03DDFC
:1028C80007F10C03CCF818300123BB710323FB710B
:1028D800DAB10C2D03DD07F13C03CCF81C300CF108
:1028E800200300210FE0234B234A244907F10C0061
:1028F800FFF776FE34E06FF00045D4E7381D405C02
:1029080003F8010B01310329F8D9132D2CDD142309
:102918004AB10421397200217972B9720221F9721F
:10292800B868CCF8100000216FF300016FF3410183
:102938006FF382016FF3C501032060F38811C3F3BD
:102948000A0363F353216FF31F5100230C4805F06A
:1029580089F8A54607F13C0107F10C00FFF7C8FE0E
:1029680007F51877BD46B0BD6FF01B03D0E700BF71
:102978002C1003001C100300D44B0300D00A0300E2
:102988003C00030008B502490248FEF7E7FB08BD12
:10299800452801009043030005280ED8DFE800F021
:1029A800030F0507090B0748704707487047074892
:1029B80070470748704707487047054870470648FA
:1029C800704700BF5410030064090300741003002B
:1029D800D00A03007C1003006410030008B5024A03
:1029E80011F084FA08BD00BFD00A030008B51346E9
:1029F800014A11F07BFA08BD402D030008B51346C3
:102A0800014A11F073FA08BD442003002DE9F04192
:102A1800ADF5447D0CAF042387F8DF32182107F5A4
:102A28002770FFF7DBFF182107F52170FFF7D6FFA6
:102A3800182107F51B70FFF7D1FF182107F515704E
:102A4800FFF7CCFF182107F50F70FFF7C7FF182114
:102A580007F50970FFF7C2FF182107F50370FFF7A4
:102A6800BDFF07F2DF2019F00FF9064607F52D70B4
:102A780019F012F910B302F027FF05461CF066F9A9
:102A88004B0143EAD0634401241A63EB01039B0022
:102A980043EA9473A400241843EB0103DB0043EAE0
:102AA8005473C4F3103444EA43444FEAD33886BB22
:102AB80097F8DF623046FFF76FFF2DE0B7F9BE22C7
:102AC800182107F52770FFF799FFB7F9C0221821D9
:102AD80007F52170FFF792FFD7F8D822182107F5DC
:102AE8001570FFF783FFD7F8D022182107F50F706C
:102AF800FFF784FFD7F8D422182107F50970FFF7EC
:102B08007DFFB7F9C822182107F50370FFF776FF94
:102B1800B1E749484FF0FF3607F503720B9207F506
:102B280009720A9207F50F72099207F51572089251
:102B380007F51B72079207F52172069207F52772AF
:102B48000592049603903D4B02930094CDF80480BF
:102B58002B463B4A4FF4007107F10C0011F0C6F9FF
:102B68000246B0F5007F23D207F10C01354803F087
:102B78002BF8034618BB6D4600233B7202237B7279
:102B880088B00CAC14F110021FD00E201AB1042822
:102B980001DD2D4B636100233B7102237B71F2B190
:102BA800082801DD274BA36104F11C03002114E070
:102BB8000346264A0121264815F0ADF833E0254A98
:102BC8000221234815F0A7F82DE06FF00040DDE75B
:102BD8003E1D765C03F8016B01310129F8D90D28F7
:102BE80026DD0E2342B10321397200217972B972B0
:102BF8000121F972B868206100216FF300016FF3B9
:102C080041016FF382016FF3C501032060F388115E
:102C1800C3F30A0363F353216FF31F5100230C48D6
:102C280004F020FFAD4607F53877BD46BDE8F081D2
:102C38006FF01B03D6E700BFD00A0300800B030028
:102C4800901003007C110300AC110300581103001D
:102C5800FC0003008411030008B53C230A4A032141
:102C68000A4815F058F84FF4F01000211BF08BFFBC
:102C7800FFF780F90228F6D102F01CFE0028F2D0F6
:102C8800FFF7C4FEEFE700BFD4110300FC00030008
:102C980008B502490248FEF761FA08BD71650200ED
:102CA8000812030000B589B000220023CDE90623ED
:102CB8000023049309220392029301930093094B82
:102CC8004FF40062084909481BF0ADFD30B10849CE
:102CD8000FF0BEFE002009B05DF804FB6FF00B009A
:102CE800F9E700BF612C0100982F0120E8D10020EE
:102CF8000812030010F0040F10D110F0020F0FD1CA
:102D080010F0010F0ED110F0080F0DD110F0200FA8
:102D18000CD110F0100F0BD10648704706487047C9
:102D28000648704706487047064870470648704787
:102D380006487047D00A0300181203002012030047
:102D48002812030030120300381203004012030057
:102D58000378242B24D110B504462A211CF0E7FA65
:102D68000346F8B1427812498A5C12F0440F1BD02E
:102D780082788A5C12F0440F18D0601C002402E0AC
:102D880010F8012B54409842FAD310220021581C05
:102D980011F0B8FBC0B2844214BF0020012010BD5E
:102DA800002070470020FAE70020F8E70020F6E747
:102DB8009E4D03002DE9D0430C46002111F0E2F8A6
:102DC800804689460022134BFDF7A0FCFDF70EFE56
:102DD800FDF708FB06460F4600220E4BFDF76CFB7D
:102DE80002460B4640464946FDF7AEF900220A4B1B
:102DF800FDF78CFC02460B4630463946FDF7A6F92E
:102E08002378532B01D0572B02D101F100431946E7
:102E1800BDE8D0830000594000004E4010B588B08E
:102E28000446042307AA062113F0A6FB042306AAD6
:102E38000721204613F0A0FB0C230DEB0302082109
:102E4800204613F099FB0C236A460921204613F00B
:102E580093FB4FF0FF324FF0FF3319480FF0B8FAE9
:102E68000A22002107A811F04DFBC0B2154B83F8C8
:102E7800380008B101221A700A22002106A811F0B0
:102E880041FB104B83F839009DF80C303BB99DF895
:102E9800003063B90A480FF01BFB08B010BD0021D1
:102EA80003A811F06FF8074BC3E90C01EFE7002105
:102EB800684611F067F8034BC3E90601EAE700BF6B
:102EC800DCCD0020B8D2002010B596B004460C2303
:102ED8006A46012113F050FB022315AA1946204621
:102EE80013F04AFB102311AA0321204613F044FBD8
:102EF800022310AA0421204613F03EFB10230CAA3B
:102F08000521204613F038FB02230BAA0621204690
:102F180013F032FB0C2308AA0721204613F02CFBE0
:102F28000C2305AA0821204613F026FB082303AA30
:102F38000921204613F020FB4FF0FF324FF0FF33FA
:102F480022480FF045FA9DF85430412B14BF002356
:102F580001231F4C204600F83A3B0B2269461CF01F
:102F680022FA072203A904F146001CF01CFA9DF876
:102F7800443013B19DF8303053B99DF82030A3B9CF
:102F88009DF81430CBB911480FF0A2FA16B010BD55
:102F980010A911A8FFF70EFFC4E902010BA90CA89C
:102FA800FFF708FFC4E90401E7E7002108A810F0CB
:102FB800E9FF074BC3E90801E2E7002105A810F083
:102FC800E1FF034BC3E90A01DDE700BFDCCD0020C8
:102FD800B8D200200D2830D00A2809D0174B1B681A
:102FE800522B26D8591C154A1160154AD0547047DF
:102FF80010B596B0114B1C6824B9104B00221A600A
:1030080016B010BD532C28BF532422460C496846DD
:103018001CF04AF904F158036B44002203F8582CB9
:10302800ADF8544000220023694606481BF03DF9DC
:10303800E3E7024B00221A60704770475CE5002006
:1030480060E50020C8CE0020F0B5ADF5097D464CFE
:103058004FF0FF324FF0FF3320460FF0B9F95022FE
:10306800424974A81CF020F920460FF031FA02F00A
:103078002BFC04461BF06AFE4B0143EAD063420175
:10308800121A63EB01039B0043EA92739200121831
:1030980043EB0103DB0043EA5273C2F3103242EA06
:1030A8004342DB0B9DF8D011002946D0304D9DF8E6
:1030B80008629DF809720DF2162113910DF20A218A
:1030C8001291DDE97E01CDE91001DDE97C01CDE950
:1030D8000E01DDE98001CDE90C01DDE97A01CDE9D8
:1030E8000A01DDE97801CDE90801DDE97601CDE9DC
:1030F80006010597049603951E49029100920193D3
:1031080023461D4A4FF4C07114A810F0EFFE044680
:10311800B0F5C07F13D2024614A9062013F083F934
:10312800224614A9154802F04FFD034680B1144AFF
:103138000221144814F0EFFD07E0134DB7E70346EA
:10314800124A01210F4814F0E6FD0DF5097DF0BD86
:103158009DF8D0319DF8092200920D4A03210948B3
:1031680014F0E4FDF1E700BFDCCD0020B8D2002068
:103178004C120300800B03005C1203006813030069
:103188007413030074000300541203004413030073
:103198009013030038B50446FFF7DAFD00286ED017
:1031A800464A136801331360012B08D0444AA2FB36
:1031B80003125209C2EB0212B3EB820F04D1414A47
:1031C8000321414814F0A7FD404B0121D3E8EF2F1C
:1031D800C3E8E01F0028F9D1002A65D03C4B002243
:1031E800D3E8EF1FC3E8E02F0028F9D12046FDF708
:1031F800F1FC052857D9E51C0322364928461CF05E
:10320800C0F8002856D00322334928461CF0B9F8E4
:10321800002848D12046FFF757FE1BF097FD0246CD
:103228004B0143EAD0634001801A63EB01039B0022
:1032380043EA90738000801843EB0103DB0043EA04
:103248005073C0F3103444EA4344DD0BFEF792FE9A
:10325800022828D102F02EFB28B3204B1A685B689D
:10326800A21A65EB030341F288318A4273F1000325
:1032780019DB1A4B1C605D60FFF7E6FE13E0184A85
:10328800136801331360012B08D00D4AA2FB031207
:103298005209C2EB0212B3EB820F04D1114A022188
:1032A800094814F038FD38BD0F4A0321064814F0C8
:1032B80028FD93E72046FFF7B1FDF4E758E5002025
:1032C80089888888D8130300740003004CE500201F
:1032D80048E50020181403001C140300B0D2002095
:1032E80054E50020B81303000414030000B597B098
:1032F80005231C4A03211C4814F00DFD02E0684612
:10330800FFF748FF4FF420320023694617480EF0B4
:10331800DDFF0028F3D0164B0021D3E8EF2FC3E8D8
:10332800E01F0028F9D1012A14D0124B0122D3E85A
:10333800EF1FC3E8E02F0028F9D10F4883685B69C5
:1033480098470028DED04FF4804200230B480FF046
:1033580061FBD7E705230A4A0221034814F0DBFC86
:10336800E3E700BF2014030074000300C8CE002068
:103378004CE5002048E5002054FC0200D0D3002092
:103388005C14030010B50C4B01221A600B488368CB
:10339800DC684CF2503380220949A04730B103461B
:1033A800084A0121084814F0B6FC10BD074A02215A
:1033B800054814F0A6FCF8E7B4E5002054FC020028
:1033C800B8E500208C14030074000300AC1403005B
:1033D8002DE9F04182B000AF0C460B78023B042B7C
:1033E8000ED8DFE803F011130D2A31006268A368D4
:1033F8002B44D05CFFF7EEFD0135E368AB42F5D80E
:103408000837BD46BDE8F0810025F6E7534B1C6838
:1034180083681B698022524901EBC411984703460F
:1034280028B94E4A136883F001031360E8E74D4A50
:1034380002214D4814F06FFCF3E74FF4804200235B
:103448004A480FF0E7FADBE7494B1A6801321A607D
:10345800484A0121D2E8EF0FC2E8E51F002DF9D153
:103468001D688D4208D0444BA3FB0523DB0803EB02
:103478008303B5EB430F61D194F804804046FFF70E
:1034880039FC6E4600233B7102237B718AB0EC46FF
:103498001CF110021FD04FF0160E2AB1BEF1040F16
:1034A80002DD364BCCF8143000233B7002237B70CE
:1034B800F2B17346BEF1080F01DDCCF818000C2BF1
:1034C80001DDCCF81C80102B01DDCCF820500CF16C
:1034D800240300210AE06FF0004EDEE701F1080046
:1034E800384410F8080C03F8010B01310129F5D90B
:1034F800BEF1150F24DD16234AB1052139710021CB
:103508007971B9710121F9717868CCF8100000213E
:103518006FF300016FF341016FF382016FF3C5018F
:10352800022060F38811C3F30A0363F353216FF396
:103538001F5100230C4804F095FAB546002509E010
:103548006FF01B03D8E7A268E3682B44D05CFFF751
:1035580041FD013523699D42F5D351E7B4E50020CB
:10356800B8E50020C414030074000300D0D3002081
:1035780050E5002048E50020CDCCCCCCEC1403006D
:1035880010B588B029481AF0F8FD90B1274B9B6810
:103598001B68B3B10022264924489847044698B1CD
:1035A8002346244A0121244814F0B5FB204608B0DC
:1035B80010BD224A0121204814F0A3FB6FF0120429
:1035C800F4E76FF05704EBE71D491E481BF0A6F817
:1035D8001D4B01221A6015488368DC684CF2503391
:1035E80080221A49A0470446B0B900220023CDE939
:1035F8000623002304930922039202930193009364
:10360800134B4FF44062134913481BF00CF950B1A7
:1036180012490FF01DFAC9E70346114A012106486D
:1036280014F079FBC2E76FF00B04BFE754FC02000B
:10363800D933010028150300740003001415030092
:103648008D330100D0D30020B4E50020B8E5002078
:10365800F53201009837012008D3002064150300D3
:1036680048150300034BD3E8AF0F003818BF0120FB
:10367800704700BF4CE50020034BD3E8AF0F00387C
:1036880018BF0120704700BF48E5002038B5074C37
:103698004FF0FF324FF0FF3320460EF099FE044BF7
:1036A8001D7820460EF014FF284638BDDCCD0020DA
:1036B800B8D200200023034A1370034A1360034A58
:1036C800136070476C1F0120C8EE0020C4EE002074
:1036D80000B5B1B02A4B1B78032B3ED8DFE803F0C6
:1036E800020C1B33AA2838D1264B18700123264A0E
:1036F8001360234A137030E0552804D0AA282CD030
:10370800FFF7D8FF29E01F4B587002231E4A1360A9
:103718001B4A137021E01C490A68531C0B601949A5
:103728008854052B19D1CB780A7943EA0223B22BA6
:1037380006D80733154A1360114B03221A700CE0A0
:10374800FFF7B8FF09E010490B685A1C0A600D49D9
:10375800C8540E4B1B689A4202D231B05DF804FB84
:10376800ADF804200DF106001BF09EFD0022002399
:1037780001A907481AF099FDFFF79CFFEDE700BF84
:103788006C1F0120CCEE0020C8EE0020C4EE002003
:1037980098CE0020062952D92DE9F0410446164654
:1037A8001D460378AA2B4DD14378552B4DD190F85F
:1037B8000280C378027943EA0223DA1D8A4247D19C
:1037C8005A1D875C9A1D825C47EA0227D91C023081
:1037D80012F0FEFEB8420CD1B8F1810F3BD16379EB
:1037E8003360A079E21D069B984200DD184600244C
:1037F80021E01A4A02211A4814F083FA4FF0FF30E8
:103808001BE004EB440C05EB8C01136845F82C30E5
:1038180093888B8092F906308B71D379CB7192F9AA
:1038280008300B7292F809C0937A4CEA032CA1F87D
:103838000AC00B320134A042E3DCBDE8F0814FF04E
:10384800FF3070474FF0FF30F7E74FF0FF30F4E7F5
:103858004FF0FF30F1E74FF0FF30EEE76815030057
:103868005401030038B51C4CAA23237055236370F8
:103878000123A3700223E370002323716071A371F5
:103888000521A01C12F0A4FEE071C0F307202072ED
:103898000022002311480EF0F3FE114883685D688A
:1038A800104B09222146A847044640B94FF48042EC
:1038B80000230A480EF0E4FE40B9204638BD03460E
:1038C800094A0221094814F026FAF6E7084A0221B3
:1038D800064814F016FAF0E7B8EE002088CF00206A
:1038E80034FC0200A0860100801503005401030087
:1038F800981503002DE9F04F91B0054689460D92C1
:1039080001F0E2FF04461BF021FA4B0143EAD063C1
:103918004201121A63EB01039B0043EA927392007F
:10392800121843EB0101C90041EA5271C2F3103287
:1039380042EA4142C90BADB14A4B0D98049003933A
:10394800494B0293009201912346484A4FF4006183
:10395800474810F0CBFA8046B0F5006F04D2002437
:103968000F9539E0434BE8E7434A0121434814F0F7
:10397800C8F956E0424B0C930E9404EB440209EB51
:10398800820319F822200B925A789D78DE781F79E5
:1039980093F805C093F906E093F807A093F908B0E7
:1039A8005B890993CDF820B0CDF81CA0CDF818E0BC
:1039B800CDF814C004970396029501920B9A0092D1
:1039C8000C9B304A10F092FA002811DBC8F500630E
:1039D80083420DDD804401340D9BA34224DD24483D
:1039E8004044C8F50061002CC4D0274B0C93C3E7B2
:1039F8000F9D0E9B254A0221204814F08CF9244A79
:103A0800C8F500611A48404410F070FA002803DB3A
:103A1800C8F50063834209DC1E4A0121174814F0E7
:103A280070F911B0BDE8F08F0F9DE8E708EB0004CE
:103A380000221146072012F0F6FC22460C491648CF
:103A480002F0C2F8034628B1144A02210B4814F0C8
:103A580062F9E6E700950D9B114A0321074814F027
:103A680065F9DEE74C120300800B0300B015030074
:103A7800B8E6002054120300301603005401030076
:103A8800FC34030054160300AC150300C8160300E9
:103A9800E8160300EC1603000817030010170300CC
:103AA8002817030010B5E2B04FF4A022002333A971
:103AB8002D480EF00BFC60BB2C4B0122D3E8EF1F06
:103AC800C3E8E02F0028F9D1BDF8CC10052903D9A7
:103AD8009DF8D030822B32D00023329310230093EC
:103AE80002AB32AA0DF1CE00FFF754FE041E2EDB06
:103AF8001F4B0122D3E8EF1FC3E8E02F0028F9D1BC
:103B080001F0D8FE48B3224602A93298FFF7F2FE28
:103B180013E0184B1A6801321A60144A0021D2E8DF
:103B2800EF0FC2E8E41F002CF9D11B6800930A23A9
:103B3800114A0221114814F0F9F862B010BD9DF83D
:103B4800D3300F4A02210D4814F0E5F8F5E70D4A85
:103B580002210A4814F0D5F8EFE723460A4A032160
:103B6800064814F0D8F8E8E798CE002020F00020A6
:103B780024F0002010F00020501703005401030027
:103B880080170300AC170300D017030010B5244AB0
:103B98001368013313600022224B1A60224BD3E8CA
:103BA800EF1FC3E8E02F0028F9D1FFF783FD1F4876
:103BB8001AF083FB1E4B01221A601E488368DC68DA
:103BC80044F6206340221C49A0470346C0B91B4B5A
:103BD8000122D3E8EF1FC3E8E02F0028F9D10A201B
:103BE800FFF740FE90B1154BD3E8AF3F1BB111482A
:103BF80083685B6998470B4B1B68012B09D810BD7C
:103C08000F4A02210F4814F086F8F8E7FFF74AFF39
:103C1800E9E70D4A02210B4814F07DF8EFE700BFF1
:103C280014F000200CF0002018F0002098CE00209E
:103C380088EF002034FC02008CEF00201CF00020EC
:103C480004180300540103002418030038B50C4677
:103C58000B78062B35D8DFE803F004041315342C51
:103C6800350024480EF0C4FC2BE06268A3682B449E
:103C7800D05CFFF72DFD0135E368AB42F5D820E0B5
:103C88000025F9E71C4B1C6883681B6940221B4907
:103C980001EB84119847034628B9174A136883F043
:103CA800010313600DE0164A0221164814F033F898
:103CB800F3E7154B0022D3E8EF1FC3E8E02F0028F5
:103CC800F9D138BD114A136801331360104B012133
:103CD800D3E8EF2FC3E8E01F0028F9D112B1FFF7AE
:103CE800E9FCEEE723790B4A0221064814F013F8A1
:103CF800F5E700BF88CF002088EF00208CEF002078
:103D08005C180300540103001CF000200CF0002094
:103D180018F000208418030010B588B01E481AF067
:103D28002CFA90B11C4B9B681B68B3B100221B494D
:103D380019489847044698B12346194A0121194859
:103D480013F0E9FF204608B010BD174A01211548B5
:103D580013F0D7FF6FF01204F4E76FF05704EBE7A6
:103D6800FFF7A8FC00220023CDE9062300230493D3
:103D7800092203920293019300930C4B4FF4406283
:103D88000B490C481AF04FFD18B10B490EF060FEB4
:103D9800D8E76FF00B04D5E734FC0200553C01006E
:103DA8002815030054010300B8180300E93D010079
:103DB8009843012000D40020CC18030008B502481D
:103DC8000EF016FC08BD00BF70CF0020034BD3E8EF
:103DD800AF0F003818BF0120704700BF20F0002047
:103DE80010B582B00A2300933C23264A03212648B3
:103DF80013F09CFF3C201BE001F05CFD08B101239F
:103E080031E000232FE0214A03211F4813F079FFF6
:103E1800FFF7BCFEFFF7DAFF08B13C2008E00F23EC
:103E28001B4A0321184813F076FF0F2000E03C20BE
:103E38004FF47A7303FB00F0C00340F2E733C01875
:103E48002CBF012100214FF47A720023FCF796FE63
:103E580002460B460F480EF013FC0446FEF78AF89C
:103E68000228C9D00023002CCDD0002BDFD0FFF7CB
:103E78000DFC0028DBD1084A0321034813F041FF59
:103E8800C6E700BFD8180300540103005C190300FB
:103E98007C19030070CF00202C190300031E03DBDC
:103EA800B42B02DDB42300E000234FF47A7000FB4A
:103EB80003F39B08034AA2FB03239B08034403FB69
:103EC80000F07047176CC1162DE9F041CEB00546D9
:103ED8000F4690462A4C4FF0FF324FF0FF332046F2
:103EE8000EF076FA274B03EB05130FCB4EAE06E91F
:103EF8000F0020460EF0ECFA01F0E6FC06461AF038
:103F080025FF4B0143EAD0634401241A63EB010304
:103F18009B0043EA9473A400241843EB0101C900F1
:103F280041EA5471C4F3103444EA4144C90B4D9B2F
:103F380009934C9B08934B9B07934A9B0693CDF898
:103F480014800497013503950F4B02930094019157
:103F580033460E4A4FF480710AA80FF0C7FF024695
:103F6800FF2806D80AA90A4801F02EFE4EB0BDE87F
:103F7800F0810346074A0121074813F0CCFEF5E714
:103F8800A0CD0020D0CA0020800B0300A419030094
:103F9800741A0300541A03002401030030B587B0D3
:103FA80004460B461546124A182168460FF09EFF34
:103FB800694620461BF03AFAB0B104466846FCF759
:103FC80009FE3A2120441BF0B2F978B1013000E033
:103FD80001300378202BFBD0092BF9D01BF093F983
:103FE8002860012007B030BD0020FBE70020F9E77A
:103FF800B00D0300F0B585B002AF04462B4B53F863
:1040080020500846FFF74AFF034600220092284A3C
:1040180029462848FCF734FF00283DD0844601345F
:104028006E468AB002AB13F1100238D0142182B167
:104038000846042903DDDFF880E0C3F814E0082807
:1040480000DD9C610C2800DDDD61102801DDC3F86E
:1040580020C0132926DD14243AB105213971002125
:104068007971B971F9717868186100216FF30001ED
:104078006FF341016FF382016FF3C501012363F30D
:104088008811C4F30A0464F353216FF31F5100230A
:104098000A4803F0E7FCB5460C37BD46F0BD6FF0A3
:1040A8000041C4E76FF01B04D6E700BF101C0300F3
:1040B800002D3101D4FC0200841A030024010300FE
:1040C80070B5002413E00B4D4FF0FF324FF0FF3373
:1040D80028460EF07DF9084B03EB04139E6828462A
:1040E8000EF0F6F931462046FFF784FF0134012C23
:1040F800E9DD70BDA0CD0020D0CA002070B582B027
:10410800124C844214BF00240124114E4FF0FF3298
:104118004FF0FF3330460EF05BF90E4B03EB041300
:104128009D6830460EF0D4F929462046FFF762FF15
:104138002A4609492046FFF7C7FE631C0095074A2F
:104148000321074813F0F2FD02B070BDF8D4002037
:10415800A0CD0020D0CA002070090300A81A0300CF
:10416800240103002DE9F04387B000AF04460D4653
:10417800544E4FF0FF324FF0FF3330460EF028F91F
:10418800514B03EB04130FCB07F1180C0CE90F008C
:1041980030460EF09DF9E5B3BE6831462046FFF77C
:1041A80029FFC5B3DFF82481324641462046FFF790
:1041B8008BFE04F1010E79696D4601233B710323DF
:1041C8007B718CB0EC461CF1100227D01A2052B13A
:1041D8000346042803DDDFF8F890CCF81490082B88
:1041E80001DDCCF818E001233B7003237B7012B388
:1041F80003460C2801DDCCF81C80102B01DDCCF81F
:104208002060142B01DDCCF824100CF128030021C8
:104218000FE0FE68C1E7DFF8BC80C5E76FF000403B
:10422800D5E701F118063E4416F8186C03F8016B3F
:1042380001310129F5D9192841DD1A234AB106218E
:10424800397100217971B9710121F9717868CCF857
:10425800100000216FF300016FF341016FF3820139
:104268006FF3C501032060F38811C3F30A0363F3F6
:1042780053216FF31F510023174803F0F3FBAD469A
:1042880078694FF47A7303FB00F0410CC00340F2E5
:10429800E733C0184FF47A724FF0000341F1000180
:1042A800FCF76CFC02460B4604EB44040B4800EB9D
:1042B80004100EF0B7FB1C37BD46BDE8F0836FF065
:1042C8001B03BBE7A0CD0020D0CA0020742B03003D
:1042D800D01A0300CC1A030024010300C8D400201C
:1042E8002DE9F04786B000AF04460D464FF0FF3287
:1042F8004FF0FF335B480EF06BF85B4B03EB041396
:104308000FCB07F1180606E90F003A1D5749284652
:10431800FFF744FE38B17B68002B40F39480B42B40
:10432800A8BFB423BB603A1D51492846FFF736FEA3
:1043380038B17B68002B40F38880B42BA8BFB42326
:10434800FB603A1D4B492846FFF728FE30B17B68D1
:10435800002B7CDDB42BA8BFB4233B613A1D464932
:104368002846FFF71BFE30B17B68012B71DD3C2B23
:10437800A8BF3C237B613C4B03EB041C07F11803EB
:1043880013E90F008CE80F0036480EF0A1F804F18D
:104398000109D7F80880D7F80CE0D7F810C07D6974
:1043A8006E468CB06B4613F1100254D01C20CAB173
:1043B8000146042803DDDFF8C4A0C3F814A00829C7
:1043C80001DDC3F818900C2901DDC3F81C80102901
:1043D80001DDC3F820E0142901DDC3F824C0182941
:1043E80000DD9D621B2839DD1C253AB10721397093
:1043F80000217970B970F9703868186100216FF37D
:1044080000016FF341016FF382016FF3C5010323CC
:1044180063F38811C5F30A0565F353216FF31F5140
:104428000023174803F01EFBB5463D692946204680
:10443800FFF7E0FD2A4613492046FFF745FD1837E8
:10444800BD46BDE8F08700236CE7002378E700232A
:1044580083E701238EE76FF00040A8E76FF01B05A4
:10446800C3E700BFA0CD0020D0CA0020F41A030083
:10447800FC1A030070090300081B0300101B03004B
:1044880024010300401B0300F0B583B000AF0646CB
:104498000C4615463C492046FCF78AFBB8B33B4915
:1044A8002046FCF785FBC8B339492046FCF780FB5A
:1044B800C8B3701C6D4601233B7103237B718AB01E
:1044C8006E4616F1100233D04FF0120C42B163461B
:1044D800BCF1040F01DD2F497161082B00DDB061CB
:1044E80001233B7003237B702AB3BCF10C0F00DD62
:1044F800F46106F12003002101291CD801F108000C
:10450800384410F8080C03F8010B0131F4E70121D5
:104518003046FFF727FE0C37BD46F0BD0021304678
:10452800FFF720FEF7E729463046FFF7D9FEF2E706
:104538006FF0004CCAE7BCF1110F22DD122342B123
:104548000421397100217971B9710121F9717868F3
:10455800306100216FF300016FF341016FF38201B5
:104568006FF3C501022060F38811C3F30A0363F3F4
:1045780053216FF31F510023074803F073FAAD4628
:10458800C9E76FF01B03DAE7742B0300CC1A0300AA
:10459800401B0300481B03002401030003780A2B77
:1045A80000D070472DE9F041ADF5047D00AF048AD5
:1045B800B4F5007F28BF4FF4007407F10C052246BC
:1045C80000F1120128461AF06FFE00232B550A212C
:1045D80028461AF0ACFE0446C0B3002304F8013B99
:1045E8003E7B0A2120461AF0A2FE0546A0B300230E
:1045F80005F8013BE84601233B7203237B728AB02E
:10460800EC461CF1100229D012204AB103460428B6
:1046180002DD3749CCF81410082B01DDCCF81860FE
:1046280001233B7103237B71DAB10C2801DDCCF83F
:104638001C400CF120030021012912D807F1040EB7
:104648001EF801E003F801EB0131F5E7294A0221E0
:10465800294813F056FB37E0284DCBE76FF00040B0
:10466800D3E7112835DD12234AB10421397200211C
:104678007972B9720121F972B868CCF8100000217A
:104688006FF300016FF341016FF382016FF3C5010E
:10469800032060F38811C3F30A0363F353216FF314
:1046A8001F510023144803F0DDF9C546312E13D0FD
:1046B800322E17D02A4621460020FFF7E5FE2A466B
:1046C80021460120FFF7E0FE07F50477BD46BDE867
:1046D800F0816FF01B03C7E72A4621460020FFF749
:1046E800D3FEF1E72A4621460120FFF7CDFEEBE78E
:1046F800841B0300681B030024010300FC3403002F
:1047080010B582B0154819F038FD08B1002410E042
:10471800134A0121134813F0F4FA6FF012001AE05B
:1047280004EB44001049114B03EB001019F0F6FF9D
:104738000134012CF4DDFFF7C3FC0D490D48FCF7EB
:104748000DFD0D4B9B68009302230C4A032105487D
:1047580013F0ECFA002002B010BD00BFD4FC020038
:10476800A81B03002401030005410100C8D4002050
:10477800A5450100C41B0300D0CA0020CC1B0300C0
:1047880008B50A46044B03EBC00C9CF8041053F818
:10479800300011F090FF08BDF81C0300F0B58BB095
:1047A80008AF0024022C21DC614B53F8340019F0C7
:1047B800E4FC50B14FF4B0115D4800EBC40011F0B7
:1047C8005FFF054650B90134ECE72346594A0121F9
:1047D800594813F0A0FA6FF01205A1E000902346A3
:1047E800564A0121544813F0A1FA99E000252CE01B
:1047F800534831E053482FE06FF0004C38E0BCF1EB
:10480800080F00DD886101F11C03002007E000F1BA
:10481800080EBE441EF808EC03F801EB013001282D
:10482800F5D931E06FF01B0332E0AC4214BF002130
:104838000121E0B2FFF7A4FF0134022CF5DD43F2B9
:10484800343000211AF09FF90135022D43DC002D88
:10485800D0D0012DCCD03C486C4600233B710223BC
:104868007B7188B0214614F11002C5D04FF00E0CB0
:1048780022B1BCF1040F01DD344B4B6100233B70C6
:1048880002237B70002ABAD1BCF10D0FCADD0E23BA
:1048980042B10320387100207871B8710120F87195
:1048A800786808616FF300066FF341066FF38206BC
:1048B8006FF3C506032161F38816C3F30A0363F394
:1048C80053266FF31F56002331461B4803F0CAF8DE
:1048D800A5460024B1E7002404E00021E0B2FFF778
:1048E8004FFF0134022CF8DD00220023CDE9062316
:1048F800002304930A220392029301930093144B1A
:104908004FF440721349144819F08DFF60B11349F0
:104918000EF09EF8124A0321074813F0F2F9002519
:1049280028460C37BD46F0BD6FF00B05F8E700BF11
:10493800F81C0300441C030084000300641C0300EB
:10494800381C0300281C0300181C0300881C0300E3
:10495800D9660200984F012028D50020A01C03002A
:10496800AC1C030038B500240BE02B460D4A03218C
:104978000D4813F0D0F94FF4A02000211AF003F9E4
:104988002C460A4B19680A488368DB689847651CF7
:10499800084BA3FB04239B0803EB43035A009442F0
:1049A800E3D0E8E7101D030044010300F0CA00202B
:1049B80094FC0200ABAAAAAA10B58CB02C4819F036
:1049C800DCFB002839D02B4B0DF1200C0FCB8CE8E9
:1049D8000F00274883689B6861469847264B1860F4
:1049E800002832DB224883681B6802219847044666
:1049F800002833D100220023CDE9062300230493A5
:104A08000A2203920293019300931C4B4FF4007205
:104A18001B491C4819F007FF38B31B490EF018F85A
:104A280042F21073009347F23053184A0321184892
:104A380013F07CF920460CB010BD164A0121144829
:104A480013F05FF96FF01204F4E70346124A0121EC
:104A58000F4813F060F9084B1C68EBE703460F4A50
:104A680001210B4813F057F9E4E76FF00B04E1E775
:104A780094FC0200B0010300F0CA00206D49010057
:104A880098520120F0D50020841D0300901D0300DA
:104A980044010300301D03004C1D03006C1D03007E
:104AA80076300E2811D8DFE800F00C1008100A1034
:104AB80010121010101010100E000648704706480B
:104AC80070470648704706487047064870470648CA
:104AD800704700BFBC1D0300081E03001C1E030016
:104AE800301E0300501E0300E81D030005490A8814
:104AF800531C9BB20B800BB902320A80014B1888F9
:104B0800704700BF641F012010B5044614F038FD3B
:104B1800174BE365174B2367174B63650E23A36594
:104B2800164B2366164B5B6803B3154B6366042369
:104B380084F886307823A4F88430124B63674FF4E6
:104B48000073A367104AE267C4F88030012284F832
:104B580024200223236300236363A363E2630B4AD5
:104B680022640B4AA26484F8503010BD0023DDE7AC
:104B78002C000120E15A0100681E0300FCCA002035
:104B8800F4CA00202CFE00202CFC0020782303000F
:104B9800781E03002DE9F84306468846174618484C
:104BA800FCF718F87568854224D30446D6F80090B7
:104BB8000246134948461AF0AAFBF0B9A54205D0A7
:104BC80019F804302F2B07D0002014E00023C8F870
:104BD80000303B6001200EE0631C9D4201D800209C
:104BE80009E04B44C8F8003073681B1B013B3B606D
:104BF800012000E00020BDE8F8830020FBE700BFAB
:104C0800ECF0002070B590B006460C4600E0641B3E
:104C180084B12546402C28BF40252A46694630469F
:104C280014F050FE03460028F1D0034A022103483D
:104C380013F071F810B070BD901E0300E40003007B
:104C48000B7A012B00D0704700B583B08B8AADF882
:104C5800043001A914F010FD034610B903B05DF843
:104C680004FB034A0221034813F055F8F6E700BF96
:104C7800AC1E0300E4000300F0B59DB000AF542261
:104C8800002107F118001AF036FB01233B627B6212
:104C980007F16C0307F118020021744813F07AFB3E
:104CA800054600284CD1FB6EDB69714C93E8030084
:104CB80084E80300012626804BF222336380102308
:104CC80007F10802211D304613F072FD6C460023DF
:104CD8003B7102237B71BE710323FB718AB0EC46E2
:104CE8001CF1100200F084804FF0180E2AB1BEF1BA
:104CF800040F02DD5F4BCCF8143000233B70022315
:104D08007B702AB1BEF1080F02DD584BCCF8183081
:104D18000123BB700323FB70002A76D07346BEF1D3
:104D28000C0F03DD07F10801CCF81C10102B03DD74
:104D380042F2B323CCF820300CF12403002162E0C6
:104D48006E4600233B7102237B718AB06C4614F1D6
:104D5800100216D012201AB1042801DD464B6361F7
:104D680000233B7002237B70C2B10346082801DD93
:104D78003E49A1610C2B00DDE56104F1200300210F
:104D88000AE06FF00040E6E701F170053D4415F8D0
:104D9800705C03F8015B01310129F5D9112824DD84
:104DA800122342B10421397100217971B9710121AD
:104DB800F9717868206100216FF300016FF34101F8
:104DC8006FF382016FF3C501012060F38811C3F30B
:104DD8000A0363F353216FF31F510023274802F09E
:104DE80041FEB5466FF0040538E06FF01B03D8E7C5
:104DF8006FF0004E7AE701F17000384410F8700C3B
:104E080003F8010B01310329F5D9BEF1170F29DD8C
:104E180018234AB10521397100217971B97102212C
:104E2800F9717868CCF8100000216FF300016FF376
:104E380041016FF382016FF3C501032060F388110C
:104E4800C3F30A0363F353216FF31F5100230B4885
:104E580002F008FEA546F86E13F0C5FA2846743726
:104E6800BD46F0BD6FF01B03D3E700BF781E0300FB
:104E78002C000120DC1E0300C01E0300E400030018
:104E88002DE9F04FADF5077D04AF80460D460E695C
:104E9800B6F5007F26D291461C4696BB6D4B002284
:104EA8009A55B9F1000F47D0012C3BD03023694AFD
:104EB8009B46A2460292CDF804900094664A4FF4AD
:104EC800007107F108000FF011F8431EB3F5FF7FDA
:104ED8005AD929464046FFF7B3FE07F50377BD4682
:104EE800BDE8F08F33465D4A02215D4812F013FF9A
:104EF80031464046FFF786FE29464046FFF7A0FEAA
:104F0800EBE73246534914F0DDFC03460028C5D0D0
:104F1800544A0121524812F0FEFE29464046FFF746
:104F28008FFEDAE799F80030A3F13102D2B2012AF4
:104F380003D93023474ABBE730232EB1454A1278BC
:104F48007B2A18D0344606E0344604E0644602E082
:104F5800644600E064469CB104F1FF3C3D4A12F807
:104F68000C200A2AF2D00D2AF2D0202AF2D03E4A8A
:104F7800DFF8E0909CE7374A0724DFF8F09097E7DE
:104F8800394ADFF8D09093E7024607F108010A2072
:104F980011F049FA6C4602233B7104237B718CB0F3
:104FA8000DF1100C1CF1100221D01A206AB1034631
:104FB800042802DD2E49CCF81410082B01DDCCF8AA
:104FC80018B00C2B01DDCCF81CA002233B70042385
:104FD8007B70AAB10346102801DDCCF82090142B71
:104FE80001DDCCF824600CF12803002106E06FF005
:104FF8000040DBE77E5C03F8016B01310129F9D938
:10500800192823DD1A234AB1062139710021797143
:10501800B9710121F9717868CCF8100000216FF39B
:1050280000016FF341016FF382016FF3C5010320A3
:1050380060F38811C3F30A0363F353216FF31F511D
:105048000023074802F00EFDA54642E76FF01B0358
:10505800D9E700BF2CF20020341F0300F81E03001C
:10506800E4000300141F0300FC340300401B03008A
:10507800401F03002DE9F04385B000AF05460C46FC
:105088000E695E49204611F070FB20B3B6F5007F2B
:1050980080F0938032465A49284614F013FC0346A0
:1050A800002840F09980564900238B553246082045
:1050B80011F0B9F90346002800F09880514A0121FF
:1050C800514812F028FE21462846FFF7B9FD14374B
:1050D800BD46BDE8F0833A1D39462046FFF75AFD24
:1050E80030BBD4F804E02168E84601233B7303236E
:1050F8007B738AB0EC461CF1100220D0122052B10A
:105108000346042803DDDFF80491CCF81490082B3B
:1051180001DDCCF818E001233B7203237B72DAB17E
:105128000C2801DDCCF81C100CF12003002111E043
:105138007B683A6821462846FFF7A2FEC7E76FF06A
:105148000040DCE701F1100EBE441EF808EC03F83D
:1051580001EB01310129F5D911282BDD12234AB1C0
:105168000421397300217973B9730121F973F8683F
:10517800CCF8100000216FF300016FF341016FF3C9
:1051880082016FF3C501022060F38811C3F30A039B
:1051980063F353216FF31F5100231B4802F062FC95
:1051A800C54631462846FFF72DFD21462846FFF71C
:1051B80047FD8CE76FF01B03D1E73346144A022101
:1051C800114812F0A8FD31462846FFF71BFD21467D
:1051D8002846FFF735FD7AE70E4A01210A4812F002
:1051E8009AFD21462846FFF72BFD70E733460A4A09
:1051F8000321054812F08FFD65E700BF8CF1002000
:105208002CF20020D01F0300E4000300701F0300ED
:10521800901F0300B01F0300F01F0300B0B586B055
:1052280002AF0021F97307F10F022A2008F0D2FF1C
:1052380038BBFB7B6BB334496C4601233B720323B9
:105248007B728AB00DF1080C1CF1100223D01220D9
:1052580052B10346042802DD2C4DCCF81450082B1B
:1052680002DD2A23CCF8183001233B7103237B711C
:10527800FAB10C2801DDCCF81C100CF12003002138
:1052880015E000902A23224A0221224812F04EFDFE
:1052980034E02149D0E76FF00040D9E701F110056B
:1052A80005EB070E1EF80CEC03F801EB01310129A0
:1052B800F4D9112825DD12234AB1042139720021BD
:1052C8007972B9720121F972B868CCF8100000211E
:1052D8006FF300016FF341016FF382016FF3C501B2
:1052E800032060F38811C3F30A0363F353216FF3B8
:1052F8001F510023074802F0B5FBA5461037BD46ED
:10530800B0BD6FF01B03D7E70C2003004820030053
:1053180020200300E400030018200300F0B585B046
:1053280000AFFFF7A9FC0646002840F00181AF480E
:10533800FFF7EAFBAE4B0024D3E8EF2FC3E8E14FB9
:105348000029F9D1FFF76AFF6D463C7102237B7192
:105358008CB06C4614F1100220D01A201AB104281F
:1053680001DDA44B636100233B7002237B7012B301
:105378000346082801DDA049A1610C2B02DD42F299
:10538800B321E161102B01DD2A212162142B01DDFB
:105398000223636204F1280300210AE06FF0004051
:1053A800DCE701F110063E4416F8106C03F8016BB7
:1053B80001310129F5D919282FDD1A2342B1062117
:1053C800397100217971B9710121F9717868206109
:1053D80000216FF300016FF341016FF382016FF356
:1053E800C501032060F38811C3F30A0363F3532153
:1053F8006FF31F510023814802F034FBAD467B4810
:1054080014F0D6F8064658B90023BB60FB60774B0A
:10541800DB6ABB600123BB81A3E06FF01B03CDE710
:10542800FFF73EFB6D4601233B7103237B718AB076
:105438006C4614F1100218D04FF0120C42B16346BA
:10544800BCF1040F01DD6E496161082B00DDA66126
:1054580001233B7003237B70A2B1BCF10C0F00DD6C
:10546800E06104F1200300210AE06FF0004CE5E759
:1054780001F11000384410F8100C03F8010B013149
:105488000129F5D9BCF1110F30DD122342B10421F5
:10549800397100217971B9710121F9717868206138
:1054A80000216FF300016FF341016FF382016FF385
:1054B800C501012060F38811C3F30A0363F3532184
:1054C8006FF31F5100234D4802F0CCFAAD464D4C06
:1054D8004FF0FF324FF0FF3320460CF079FF43487E
:1054E80014F078F920460CF0F3FF21E06FF01B036D
:1054F800CCE71AF0E5FA444B1B58444A01213F48CF
:1055080012F009FC3F4C4FF0FF324FF0FF332046BA
:105518000CF05EFF3E4B0021D3E8EF2FC3E8E01FFD
:105528000028F9D1314814F0D2F820460CF0D0FF09
:1055380030461437BD46F0BD3446B7F90E3013F087
:10554800010F3BD12F480CF0C3FF002C3BD1284B57
:10555800D3E8AF3F002B3DD1B7F90E3013F0380F29
:105568003ED12C4BD3E8AF3F002BCBD0254D4FF08D
:10557800FF324FF0FF3328460CF02AFF1B4814F087
:105588006BF9044628460CF0A3FF2246012107F1D7
:10559800080012F046FE0028ABDB4FF0FF324FF058
:1055A800FF3318480CF014FF104814F029F904468A
:1055B80010F10B0FC0D00028C4D1BEE70B4814F07F
:1055C80064F90446BEE72346134A01210B4812F04A
:1055D800A2FB97E7114A0221084812F092FB91E7D3
:1055E8000F4A0221054812F096FB8BE74400012080
:1055F80040F0002060200300781E0300E400030050
:10560800A42003002CCE00200C000000C4200300BE
:1056180048F0002044F00020D4200300F0200300CC
:105628002421030008B5114A0321114812F069FB2F
:105638004FF0FF324FF0FF330E480DF021F80E4BBC
:10564800D3E8AF3F002BF3D0FFF768FE0A4BD3E84F
:10565800AF3F002BF3D0094A0321054812F051FB54
:1056680040F6CD40002119F08EFAE8E74421030006
:10567800E400030058CF002044F000206C21030010
:1056880000B589B000220023CDE906230023049346
:1056980008220392029301930093094B4FF480521E
:1056A8000849094819F0BFF830B108490DF0D0F998
:1056B800002009B05DF804FB6FF00B00F9E700BFAC
:1056C8002D56010098540120B8D60020A0210300CF
:1056D80008B5064B0122D3E8EF1FC3E8E02F0028E6
:1056E800F9D103480CF084FF08BD00BF44F0002046
:1056F80058CF0020044B0022D3E8EF1FC3E8E02F67
:105708000028F9D1704700BF44F000202DE9F0418E
:1057180088B000AF002800F0B0800D4614468046DF
:10572800002900F0AD80002A00F0AD80B2F5006FCE
:1057380000F2AC80584BD3E8AF3F002B00F0A980B3
:105748004FF0FF324FF0FF3354480CF041FE524BFC
:10575800D3E8AF3F73BB6FF07F0550480CF0B8FE3D
:1057680015F1800F00F08180002D45D16E46012390
:105778003B7103237B718AB0EC461CF1100242D0C6
:1057880012204AB10346042802DD4549CCF814101A
:10579800082B01DDCCF8184001233B7003237B70F4
:1057A800002A3DD00C2801DDCCF81C800CF1200328
:1057B800002133E03B4E22462946304619F074FD5D
:1057C800C7F808804046FBF705FAF86001233B74E8
:1057D8007E61BC61FFF78AF9B883BB7F6FF3000372
:1057E800BB77DBB26FF34103BB7707F108012E48A3
:1057F80013F002FF0546B0E72B462C4A01212C483E
:1058080012F089FA31E06FF00040BAE701F12004A4
:105818003C4414F8204C03F8014B01310129F5D917
:10582800112827DD12234AB1042139710021797129
:10583800B9710121F9717868CCF8100000216FF373
:1058480000016FF341016FF382016FF3C50103207B
:1058580060F38811C3F30A0363F353216FF31F51F5
:105868000023134802F0FEF8B54628462037BD4607
:10587800BDE8F0816FF01B03D5E76FF01505F4E77D
:105888006FF01505F1E76FF01505EEE76FF01505F8
:10589800EBE76FF07F05E8E748F000202CCE00200A
:1058A800C42103002CF4002044000120AC21030093
:1058B800E4000300034BD3E8AF0F003818BF012002
:1058C800704700BF48F0002000487047681E03007A
:1058D800A0B110B582B00C4699B1AAB11378B3B192
:1058E80001920E4B00930E4B0E4A0EF0FFFA002861
:1058F80002DBA0420ED2002002B010BD6FF01500EE
:1059080070476FF01500F7E76FF01500F4E76FF0D8
:105918001500F1E76FF01B00EEE700BF681E0300FB
:10592800E0210300E8210300F0B585B000AF05468B
:105938005C4AA0215C48FFF7CBFF002861D15B4A95
:10594800A0215B48FFF7C4FF5A4AA0215A48FFF735
:10595800BFFF044600285FD1584C53482060FBF72E
:1059680039F96060012626725348E060FBF732F986
:1059780020612675BC600223BB81FFF7B7F8F88168
:105988004F4A108007F10801284613F0CDFE04465F
:10599800002848D1F9896D4600233B7102237B71A9
:1059A8000123BB710323FB718AB0EC461CF1100282
:1059B80040D04FF0180E2AB1BEF1040F02DD414B62
:1059C800CCF8143000233B7002237B702AB1BEF15F
:1059D800080F02DD344BCCF818300123BB700323C9
:1059E800FB70A2B37346BEF10C0F02DD3248CCF84F
:1059F8001C00102B01DDCCF820100CF12403002131
:105A080023E004460346304A0121304812F083F966
:105A180020461437BD46F0BD03462D4A01212B48C8
:105A280012F079F9F4E703462A4A3146274812F07A
:105A380072F9EDE76FF0004EBDE701F11000384450
:105A480010F8100C03F8010B01310329F5D9BEF148
:105A5800170F23DD18234AB1052139710021797107
:105A6800B9710221F9717868CCF8100000216FF340
:105A780000016FF341016FF382016FF3C501032049
:105A880060F38811C3F30A0363F353216FF31F51C3
:105A980000230E4801F0E6FFAD46B9E76FF01B039F
:105AA800D9E700BFBC0D03008CF10020C41B030024
:105AB800ECF00020142203004CF0002028F0002015
:105AC800661F012058220300F4210300E4000300AC
:105AD8001C2203003C22030030B583B005460C4667
:105AE8000B78072B45D8DFE803F0042A59444444CF
:105AF8004446CB696BB12B4A01212B4812F00BF9B4
:105B08002A4B0122D3E8EF1FC3E8E02F002830D04A
:105B1800F8E7274A0321244812F0F3F8254B01221D
:105B2800D3E8EF1FC3E8E02F0028F9D12846FFF794
:105B3800FBFE00221146032010F075FC19E0CB692A
:105B48001D4A0221184812F0E6F81A4B0021D3E842
:105B5800EF2FC3E8E01F0028F9D1144B0122D3E846
:105B6800EF0FC3E8E42F002CF9D10A46042010F007
:105B78005AFC03B030BD8B88CA6900920F4A0321D2
:105B8800094812F0D3F8A3880D4A12889342F0D03E
:105B98000C4A0221044812F0BEF8EAE70431FFF784
:105BA80069FAE6E77C220300E400030040F00020E5
:105BB800C022030048F00020E0220300F82203007E
:105BC800661F01201023030070B5A8B00D461646C5
:105BD8000246A0216846FFF77BFE40B932462946B7
:105BE8006846FFF793FD0446204628B070BD04467A
:105BF8000346034A0121034812F08DF8F4E700BF79
:105C080028230300E4000300B8B110B504460C4B88
:105C180003600C4B43600C4B83600C4BC360142235
:105C280000F11001132010F0B5FD182204F1240131
:105C38000E2010F0AFFD002010BD6FF0150070476A
:105C4800681E03007C230300800B030088230300E5
:105C5800032809D8DFE800F0020A04060448704760
:105C68000448704704487047044870470448704720
:105C78009C230300AC230300B4230300BC230300CC
:105C8800A423030000286BD030B5054600296AD04C
:105C9800002A6BD0002084460DE0394C02E05C2BD2
:105CA8004CD1384C0CF10203934265D2248821F878
:105CB8000C409C4601302B5C002B4DD0222BEED89B
:105CC800092B3BD3A3F1090EBEF1190F36D801A455
:105CD80054F82EF0A35C0100555D0100455D0100FC
:105CE800455D01005D5D0100455D0100455D010008
:105CF800455D0100455D0100455D0100455D010010
:105D0800455D0100455D0100455D0100455D0100FF
:105D1800455D0100455D0100455D0100455D0100EF
:105D2800455D0100455D0100455D0100455D0100DF
:105D3800455D0100455D0100595D01000CF101045C
:105D4800944216D201F80C30A446B3E70E4CA9E7EA
:105D58000E4CA7E70E4CA5E7002001F80C0030BD5B
:105D68006FF0150070476FF01500F8E76FF0150039
:105D7800F5E76FF01B00F2E76FF01B00EFE700BFDD
:105D8800CC230300C8230300D4230300C423030047
:105D9800D0230300F0B5ADF5677D06460C461546E1
:105DA80010F004FD18B900200DF5677DF0BDFFF770
:105DB80081FD00284CD0002C46D0C022B6A9204630
:105DC800FFF760FF0028EFD1002D3FD0C02286A941
:105DD8002846FFF757FF0028E6D1FFF775FD07466D
:105DE80018F0B4FF4A0142EAD0624401241A62EB77
:105DF8000102920042EA9472A400241842EB0102C4
:105E0800D20042EA5472C4F3103444EA4244D50B37
:105E18003046FFF71DFF86AB05930490B6AB03939E
:105E28000E4B0293009401953B460D4A4FF40071C6
:105E380006A80EF05BF80246B0F5007F0BD206A963
:105E48000848FFF7C1FEAFE7074CB6E7074DBDE7C7
:105E58006FF07F00A8E76FF01B00A5E7800B030039
:105E6800D82303005024030068050300FC34030012
:105E780008B50378012B07D0032B04D1054A06493E
:105E88000120FFF787FF08BD024A04490120FFF7F8
:105E980081FFF8E7F40803005C240300542403009E
:105EA80008B502490248FBF759F908BD795E0100B7
:105EB800582403002DE9F04F91B005920293134640
:105EC80002F004020092C3F3C20210F0030301932C
:105ED80040F02B8280468A460132041D00284FD0AC
:105EE800B8F1000F05D0A4EB08030433534500F2C2
:105EF8001F82029B5D1E019B049306930393002659
:105F08004FF0FF3B0427B946B8F1000F01D0029BC0
:105F18002360531E0793002A40F35D81059B13F00D
:105F2800020228D00120A4EB08018B081AB1B1F5B0
:105F3800007F80F0038203990F2900F20282B8F1F2
:105F4800000F00F06081DBB201F140026A4402F800
:105F5800103C02F820BC002800F0518163F07F0358
:105F680001F140026A4402F8103C049B0133049397
:105F7800039B0133039304340022CC4640463DE0A2
:105F880001F0070A5444CAF1080AA9E7002634E0D8
:105F9800002632E0002630E00827BC462DE02529FF
:105FA8002BD10BF1010B01260427BC4625E047291C
:105FB800EED82A2914D32A39C9B24FF0010E0EFAA5
:105FC80001F14FF6DA7E11EA0E0F16D111F0625F79
:105FD80040F0C08011F0010F40F08C8000260CE0EA
:105FE800252903D10BF1FF3B002606E001D9002645
:105FF80003E0202901D02329CCD11D466B1C6978E8
:10600800002900F01981002EC9D07A29BED84C2960
:10601800CDD34C392E2961D80FF2040E5EF821F049
:1060280003600100E5600100E5600100E560010032
:10603800E5600100E5600100E5600100E560010040
:10604800E5600100E5600100E5600100E560010030
:10605800F5600100E5600100E5600100E560010010
:10606800E5600100E5600100E5600100E560010010
:10607800E56001005D610100E5600100F560010077
:10608800F56001005D6101005D6101005D61010075
:1060980003600100F5600100A15F0100E5600100F7
:1060A80003600100E5600100B9610100F5600100CD
:1060B800B9610100E5600100E5600100C16101000E
:1060C800EF600100F5600100E5600100E560010096
:1060D800F5600100E5600100E960010000268CE739
:1060E8000427BC4689E70427BC4686E729786C293B
:1060F80024D000263C44013CB4FBF7F407FB04F42D
:1061080020B1211A6144514500F21581002A58D165
:10611800BCF1040F00F08880BCF1080F40F0148136
:106128001A99073121F0070101F108051A95D1E9FB
:10613800008908B1C4E9008908345EE713F8021C35
:106148006C2903D000260427BC46D3E7002608277D
:10615800BC46CFE729784C291AD01A99073121F083
:10616800070101F108061A96D1E90067073424F0FF
:10617800070440B1211A0831514513D829784C2910
:1061880013D0C4E90067083400260827BC4634E762
:106198001A99073121F0070101F108061A96D1E989
:1061A8000067E3E76FF01B00BCE0C4E90067EAE7BB
:1061B80000260427BC469DE7324600260427BC4635
:1061C80098E7E14680461A9A111D1A9112680292C0
:1061D800079A1D4698E6624B029A9A4204D3614B8D
:1061E8009A420AD3002300E00023002B7FF496AEE6
:1061F800059B03F00202002095E60123F5E7069BC4
:1062080001330693B4E610B10AF1010AB0E6009B27
:1062180013B10AF1020AABE60298FAF7DBFC0AEBC3
:10622800000303F1020AA3E61A990D1D1A950968DD
:1062380000B121600434E0E68046231AB3F5806F8C
:1062480080F0858090B1002202609B080370009B5B
:1062580083B1069BC370049B88F802301BBB019D69
:10626800DDF80C90DDF810B0029F3DE05344A3F137
:10627800080057E0069B4370EDE701339842EED9DA
:1062880003F140026A4412F8101C12F9102C002A7B
:10629800F3DA01F07F01A4EB08020132524559D824
:1062A80004F8011BE9E7019B0398E7E7009B43B368
:1062B80005F140036B4413F8203C04F8013B019EB0
:1062C800A4EB080333440133534546D805F1400392
:1062D8006B4413F8103C04F8013B3246394620461B
:1062E80018F0E2FF34440135A94519D9BBF1000F74
:1062F800DCD005F140036B4413F9103C002BD5DAD0
:10630800F1E705F140036B4413F8103C58F823708B
:10631800002248F823203846FAF75CFC461CCFE7F1
:10632800A4EB080011B0BDE8F08F6FF00D00F9E79D
:106338006FF01B00F6E76FF01B00F3E76FF0150036
:10634800F0E76FF01500EDE76FF01500EAE76FF082
:106358001500E7E76FF01B00E4E76FF01B00E1E7CB
:10636800DCFA0200004F03002DE9F04F97B000AFB0
:106378008346BA613B61D7F88030C3F3C0033B6200
:10638800F96011B910F091FDF8609BF80260B14610
:1063980036B1D7F8803013F0010F0DD1002300E09B
:1063A80000239BF803207A6242B1D7F8802012F0CC
:1063B800020F22D1002202E00123F2E7002202B9F3
:1063C800EBB19BF80050AA00BA60DBF804207A61B0
:1063D8000BEB8505BA69F2B1002B40F00481B9F1E5
:1063E800000F00F00F81D7F8803013F0040F40F051
:1063F8000D810020F8610646F9E00122DFE7BB695C
:106408001BB13A69F96858469847FC6820465C37DA
:10641800BD46BDE8F08FFC68E3B94D4400233B61FD
:1064280023E00444013501364E451AD22A78002368
:106438005BF822201946B86910F04CFDBAF1000F3C
:10644800EFD0D7F888309845EBD22AF8180008F131
:106458000108E6E70026C7F81C80B046D7F884A0F4
:10646800E2E7C7F81080D7F81C80D7F8803003F02F
:106478000503FB604FF0000AA146C7F81CB09CE07A
:1064880000253B6A7BB9002D79D0D7F8803013F00E
:10649800010F79D1FB68002B6FD10223A9EB030907
:1064A80088E00125EDE75946786910F059FD002884
:1064B800E9D06C46002387F82C30022387F82D306A
:1064C8008AB0694611F1100237D012251AB1042D8D
:1064D80001DDB34B4B61002387F82830022387F88E
:1064E80029306ABB112D45DD122362B1042087F8DB
:1064F8002C00002087F82D0087F82E00012087F84F
:106508002F00F86A08616FF300086FF341086FF312
:1065180082086FF3C508022161F38818C3F30A03E0
:1065280063F353286FF31F58002341469D4801F039
:1065380099FAA546A9F102093CE06FF00045C5E7C4
:106548002B46082D01DD786988610C2B01DDC1F827
:106558001CB001F12003002009E000F1300C07F124
:10656800280EF4441CF830CC03F801CB0130012884
:10657800F3D9B7E76FF01B03B7E701238EE7D7F826
:10658800803013F0020F15D0002322461946B8694F
:1065980010F0A0FCD7F8843053B13B69D7F88820B5
:1065A800934205D2D7F8842022F8130001333B61C7
:1065B800013881440AF1010A35467B6A9A4510D2AE
:1065C8002E4616F802BB6B78FA6952F82340764BD0
:1065D8009C42FFF455AF754B9C42FFF462AF002517
:1065E8004FE74C4612E707F144000023FB6118B15E
:1065F8004A46294618F058FE4D444FF00008C7F89F
:1066080004901EE00020F8610646F0E7FE6107F1FD
:1066180034000026EBE700253B6A33BB002D3BD056
:10662800D7F8803013F0010F26D0731C06F1300222
:1066380007F12801561806F8149CDEB208F1010883
:1066480025467B6A98454AD22C4614F802AB95F841
:1066580001905BF82930544A9342DCD3534A934261
:1066680001D30025D8E70125D6E75146786910F00F
:1066780077FC0028D2D0E1E7D7F8803013F0040F78
:10668800DCD0FA69531C303207F128010A4402F8B9
:10669800249CDBB2FB61D1E7D7F8803013F0020FFE
:1066A80009D0731C06F1300207F12801561806F8C4
:1066B800149CDEB2C2E7F869431C00F1300107F10F
:1066C80028028A1802F824AC02460232D2B2FA61D1
:1066D80007F1580252FA83F303F8249CAEE7D7F87F
:1066E80004909BF8003087F854309BF8013033440D
:1066F80087F85530D7F8803013F0020F0ED1FB69B8
:10670800C3F3470387F85730D7F8803013F0010FE9
:1067180006D113F0040F3ED1002302E00023F1E775
:10672800002387F85630DBF800003863786DCBF823
:106738000000D7F810804246B9685846D7F818A024
:10674800D047041EFFF662AE386BCBF80000C7F8DE
:1067580010804246F96907F13400D04700285EDB13
:1067680004EB0008B96849447B6A01EB4301D7F898
:1067780010904A46FB68591A2846D047041EFFF66F
:1067880045AE08EB04054FF00008C7F824B0B3463F
:106798005446CA4621E0FB69C3E74FF0000909E007
:1067A800642403002C000300DCFA0200004F0300FD
:1067B8004FF000095246012107F12C00A04700289C
:1067C8002FDB05444B4632465146204610F082FBEB
:1067D800002828DB054408F10108D84518D208F13B
:1067E800300307F12802134413F8143C87F82C30BF
:1067F8007A6A52F82360D7F88430002BCDD0D7F8C6
:1068080088309845D4D2D7F8843033F81890D1E737
:106818003A6900210846BB6998472C46F6E50446C4
:10682800F4E50446F2E50446F0E500BF30B48368B9
:106838002E4A93422FDD2E4981FB0321DA17C2EB42
:106848002172002B33DB29498B4213DD0468416830
:10685800012C71F100050DDBE443C1F1FF4101F5A5
:10686800FF0101F5FF417F314FEAE27C9442644623
:10687800A14139DB1D498B4225DD01684468511867
:1068880044EBE274016044601A4901FB02338360FF
:10689800012030BC7047002B01DB0022D1E7134AEE
:1068A800D21A520A1449A1FB0212D209C9E7056893
:1068B80041680029C7DA01F10041D4179542A14186
:1068C800C1DA0020E5E7002B01DB0120E1E70168E0
:1068D8004468891A64EBE27401604460074901FB6B
:1068E800023383600120D4E70020D2E7FFC99A3B36
:1068F800A12FB844003665C4834B040000CA9A3BF4
:1069080010B4C40B44EA4144C90BC0F30E00054B54
:10691800A0FB030CC00B40EA4C401460516090602F
:1069280010BC704700CA9A3B01282BD110B584B01F
:106938000C468A68164B9A4227D818F007FA6A4616
:10694800FFF7DEFF684610F06BFB2146684610F043
:106958002EFB0023EFF3118C202282F31288BFF361
:106968006F8F0AE00B4C04AB13E90F0084E80F00AB
:106978008CF31188BFF36F8F0123002BF2D0002016
:1069880004B010BD6FF0150070476FF01500F7E701
:10699800FFC99A3B80D70020014B1860704700BFA1
:1069A80004CB002080B505460E46174698460CF0E5
:1069B800A5FC034619F084F80446DFF8189049F856
:1069C8000030424639463046A84754F8090002F0DC
:1069D8002DFB00BF0800000000B503280BD800EB12
:1069E8004000000108300C4B1844D0E8AF3F53B1C9
:1069F80000205DF804FB19F063F8084B09221A50CF
:106A08004FF0FF30F5E719F05BF8044B09221A50F4
:106A18004FF0FF30EDE700BFD40001200C0000006C
:106A2800002003280AD800EB40031B010833094A59
:106A38001344D3E8AF3F5BB10130F2E700B519F07A
:106A48003FF8054B17221A504FF0FF305DF804FB52
:106A5800704700BFD40001200C00000000B50246BA
:106A680002EB42031B01083310490B44D3E8AF1F64
:106A7800C9B1481ED3E8EFCF8C4504D1C3E8EE0F67
:106A8800BEF1000FF6D1EBD101290AD1074B02EB79
:106A9800420109010020585002EB420203EB0213A5
:106AA80058605DF804FB0846FBE700BFD4000120EE
:106AB80000EB400003010833044A1344D3E8EF0F06
:106AC8000130C3E8E20F002AF8D17047D400012052
:106AD80070B504460E461546FFF77EFF002813DB07
:106AE80004EB4402094B03EB02135B6833602DB1DE
:106AF80013010833054A134404332B6004EB4404A0
:106B08002401024B185970BD0020FCE7D400012075
:106B180070B54FF0FF324FF0FF3313480BF058FCBD
:106B2800FFF77EFF041E04DA0F480BF0D1FC204665
:106B380070BD2046FFF7BCFF0C4E650004EB440314
:106B4800190106EB0313002272505A609A62084634
:106B580008303044043017F01CFC2819000120309C
:106B6800304417F02BFEDFE7C8CD0020D400012009
:106B780070B504461546154804EB44024FEA021C5A
:106B880000EB021240F80C105560D362CDB1EB68EF
:106B9800BBB118F095FF0E4B1E5804EB44031B01C4
:106BA80008330A4A1344043340F20512284610F009
:106BB80060FA5F2E05D018F083FF054B1B585F2B3A
:106BC80000D070BD024B1E50FBE700BFD40001206F
:106BD8000C000000F8B50446FFF7FEFE002832DB83
:106BE800660004EB44052D010835184F3D44043573
:106BF8004FF0FF324FF0FF3328460BF0E9FB2644F5
:106C080007EB06177B689E68DEB104EB4402FB6A5B
:106C180013F4404F0DD0130121460C4AD058B04709
:106C2800064628460BF054FC204610F032FA30464F
:106C3800F8BD04EB44031B01044AD058B04706468C
:106C4800EFE70026EDE74FF0FF36F0E7D40001202C
:106C580008B50446EFF31183202383F31288BFF3AA
:106C68006F8F04F093FF204611F09EF9024810F050
:106C7800F2F911F0C1F9FCE71C25030070B596463E
:106C8800022A8CBF00220122801A61F1000100292A
:106C980078DBCC1704F02105C0F3130C020D42EA8F
:106CA8000132C2F313029444C1F3132294440CEB4F
:106CB800117CAC44554AA2FB0C52D20802EB82026A
:106CC80002EB8202ACEB020C24F01704A444B0EBF4
:106CD8000C0261EBEC714E4C4E4D02FB05F504FBCA
:106CE8000155A2FB042129448C460029C0F2878063
:106CF800120942EA0C714FEA2C1C474A02FB0100B8
:106D0800BEF1020F7FD96FF00202724402EBC20299
:106D180002EB02120232414CA4FB024203EB920244
:106D2800830840F26D1404FB0033384CA4FB004088
:106D3800A3EB501083184FEACC0040EA5170CA0008
:106D480052184CEB0000000140EA12701201521870
:106D58004CEB0000000140EA12701201521A60EB7D
:106D68000C00810141EA92614FEA821CBCEB0202ED
:106D780061EB0001D01841F10001294BC01861F105
:106D8800000170BD6FF4C772821861F10001CD1760
:106D980005F0210CC2F31304160D46EA0136C6F3BA
:106DA80013063444C1F31326344404EB11746444C9
:106DB800164EA6FB046C4FEADC0C0CEB8C0C0CEBAF
:106DC8008C0CA4EB0C0425F017052C44121B61EB6A
:106DD800E4710F4C0F4D02FB05F504FB0151A2FBBA
:106DE80004240C44A446002C05DB120942EA0C7169
:106DF8004FEA2C1C81E70F3244F1000CF5E70F3203
:106E080041F1000C74E709227FE700BF1F85EB51B1
:106E1800295C8FC2F5285C8F70FEFFFFCDCCCCCCEF
:106E28009405F5FF2DE9F04383B00446084615465E
:106E3800238B13F0080F05D103F0070600230093F6
:106E4800019354E0012909D043F02003238385F3FB
:106E58001188BFF36F8F03B0BDE8F08343F01003D0
:106E68002383F4E7204610F0FBFC42E0D4F81490AA
:106E78004A466946204610F00CFD4FF00008238B67
:106E880003F00707B74269D0A268002A66D001223A
:106E980043F00803238385F31188BFF36F8F002A1B
:106EA80064D1009B2BB14B463A466946204610F008
:106EB80069FDB8F1000F02D034492046C047EFF30E
:106EC8001185202383F31288BFF36F8F238B23F060
:106ED80008032383238B13F0100F4DD023F01003E6
:106EE80023830120268B06F007060028AFD002284E
:106EF800B8D00028ABD0013804282BD801A353F808
:106F080020F000BF756E01005D6F0100216F010068
:106F1800356F0100496F01002369D3F8008006210D
:106F2800204610F073FC4FF00009A8E72369D3F856
:106F380004800421204610F069FC4FF000099EE708
:106F48002369D3F808800521204610F05FFC4FF034
:106F5800000994E74FF00008C14690E7009A0AB18B
:106F6800002295E7B8F1000F92D1B3E74A463946B7
:106F7800204610F053FC94E713F0200F04D023F0C0
:106F8800200323830220ADE70020ABE7BB79020092
:106F98002DE9F04397B000AF0446D0F8AC800E68F6
:106FA80017F034FC10B10546037843B923464F4A1D
:106FB8000B2107F10C000CF099FF07F10C0507F104
:106FC8000801204617F066FC0346002856D0E9461B
:106FD80000223A7102227A718AB0EC461CF1100242
:106FE80018D0122022B1042802DD4149CCF814102F
:106FF8000021397002217970CAB10146082801DDE3
:10700800CCF818500C2901DDCCF81C300CF1200309
:1070180000210AE06FF00040E4E701F1580EBE4499
:107028001EF858EC03F801EB01310129F5D91128B4
:1070380058DD12234AB10421397100217971B971DF
:107048000121F9717868CCF8100000216FF3000174
:107058006FF341016FF382016FF3C501032060F301
:107068008811C3F30A0363F353216FF31F510023FD
:10707800204800F0F7FCCD460023BB60BD61C7F88F
:107088001C80BB68A8EB03033B6207F1280120467C
:1070980017F00DFC044600B1012407F1400017F079
:1070A80013FC00B10134B4B9BA6AFC6A931844EB12
:1070B80004009B1844EB0000410141EAD3615D01E3
:1070C8005B1940EB01019818D7E9102344EB010143
:1070D800F9F754FD786207F11800B0475C37BD46F0
:1070E800BDE8F0836FF01B03A4E700BF4825030049
:1070F8004C250300340103002DE9F04782B000AFAE
:107108000446D0F808E0642303FB0EF34668B3FB9B
:10711800F6F1D0F800A0A6EB0E09D0F80C806D4669
:1071280000233B7102237B718EB0EC461CF11002E8
:1071380028D0222022B1042802DD694BCCF8143073
:1071480000233B7002237B704AB30346082801DD05
:10715800CCF818A00C2B01DDCCF81C90102B01DD0D
:10716800CCF820E0142B01DDCCF82460182B01DDCD
:10717800CCF828101C2B01DDCCF82C800CF1300346
:1071880000210AE06FF00040D4E701F108063E4410
:1071980016F8086C03F8016B01310129F5D921288B
:1071A8005EDD22234AB10821397100217971B97154
:1071B8000121F9717868CCF8100000216FF3000103
:1071C8006FF341016FF382016FF3C501032060F390
:1071D8008811C3F30A0363F353216FF31F5100238C
:1071E800404800F03FFCAD46D4E9060100233B715E
:1071F80002237B711C220C2312F0070F33D103F1F9
:107208000A042546213323F00703ADEB030D6A4634
:10721800002C4BD002F11006032C45D91EB1042CCA
:1072280001DD314B536100233B7002237B701EB19B
:10723800082C01DD2D4B93611C234FF00C0C13F02F
:10724800070F13D1654626B1A44502DA7319C3E9BD
:10725800000105F108000A35B6B13318002111E024
:107268006FF01B039EE704330432C5E70CF1040CEE
:107278000433E4E701F1080CBC441CF808CC03F81B
:1072880001CB01310129F5D9AC4201DA6FF01B05B8
:1072980066B1C0F38700387100237B71BB7101238D
:1072A800FB717868106101E06FF01B0500216FF336
:1072B80000016FF341016FF382016FF3C5010323EE
:1072C80063F3881165F353216FF31F5110320023C4
:1072D800044800F0C7FB0837BD46BDE8F08700BF8B
:1072E8007425030034010300B42503002C27030090
:1072F8002DE9F04184B000AF044607F10C024FF4C9
:1073080000613F4800EBC42017F0AFFA002870D1A5
:10731800D7F80CE0CEF50066642306FB03F3D90A20
:107328006D4600233B7202237B728EB0EC461CF143
:1073380010022CD0222022B1042802DD314BCCF8D7
:10734800143000233B7102237B716AB3034608287B
:1073580003DDDFF8B480CCF818800C2B01DDCCF805
:107368001C40102B01DDCCF820E0142B01DDCCF8FB
:107378002460182B03DD4FF40064CCF828401C2B44
:1073880001DDCCF82C100CF1300300210AE06FF07D
:107398000040D0E701F110043C4414F80C4C03F809
:1073A800014B01310129F5D9212826DD22234AB1D3
:1073B8000821397200217972B9720121F972B8680D
:1073C800CCF8100000216FF300016FF341016FF357
:1073D80082016FF3C501032060F38811C3F30A0328
:1073E80063F353216FF31F510023084800F03AFB61
:1073F800AD461037BD46BDE8F0816FF01B03D6E7F8
:1074080098750120D82503001026030034010300D5
:1074180000B583B0009001916946044817F027FC35
:1074280010F08AFB03B05DF804FB00BF996F010000
:1074380010B50446044A0321044810F062FC2146B2
:107448000348FFF7E5FF10BD1426030034010300CD
:107458000171010038B505460B4C00E010340B4BA8
:107468009C420FD263685B79002BF7D029462046EF
:1074780010F091FB0028F1D023681B6829462046AC
:107488009847EBE738BD00BF5C0103006C010300BF
:1074980070B506460D46084C04E02A46314620469B
:1074A80098471034054B9C4204D223689B69002BF3
:1074B800F3D1F6E770BD00BF5C0103006C01030067
:1074C8002DE9F041074605460AE007EA0807144B8C
:1074D80003EB06135B6804221968204610F0A5FB2D
:1074E800D5B195FAA5F6B6FA86F60D4C04EB061456
:1074F8000123B3406FEA030825EA0305237B002B29
:10750800EED03301064AD3581B69002BDDD0204644
:1075180098470028E4D1D8E73846BDE8F08100BF95
:107528005C0103002DE9F04180460F461D4BD3E86E
:10753800EF5F6A1CC3E8E12F0029F8D16DBB1A4C34
:10754800002607E0636804221968204610F06DFBE6
:1075580001361034154B9C4211D2237B002BF7D0F7
:10756800204610F00CFB23681B69002BEAD020464C
:1075780098470028E6D00123B3401D43E8E7B8F157
:10758800000F0BD055B12846FFF79AFF0546002F8C
:10759800F8D00A2010F005FBF4E700252846BDE8DE
:1075A800F08100BFA80101205C0103006C01030009
:1075B80008B5064B186018B1054B1B68092B00DC91
:1075C80008BD04480BF014F8FAE700BF9C0101203D
:1075D800A401012010CF002008B502480BF008F8DC
:1075E80008BD00BF10CF002030B589B000220F4978
:1075F8000F4817F01AFC0F4D00220023CDE906238F
:10760800002404940E2303930294019400940A4BDB
:107618004FF440720949284617F005F908492846E9
:107628000BF016FA204609B030BD00BFE175010025
:1076380028DD002058D8002095790100986801209D
:107648003C260300014B53F82000704758260300DE
:1076580048B108B5054A1060054B1960084600F0A6
:10766800F5FC002008BD6FF01500704708CB00201E
:107678009801012008B5054B1B781BB1034B01226B
:107688001A7008BD02480AF0B3FFF7E76D1F012022
:1076980010CF002008B50C4BD3E8EF1F0131C3E829
:1076A800E21F002AF8D130B9084817F0CAFB084889
:1076B8000AF09EFF08BD074BD3E8EF1F0139C3E866
:1076C800E21F002AF0D0F7E7A001012028DD002002
:1076D80010CF0020A4010120044B00200146D3E86C
:1076E800EF0FC3E8E21F002AF9D17047A00101207B
:1076F80038B5FFF7F1FF0546094C00E01034094B97
:107708009C420BD263685B79002BF7D023685B68D7
:10771800002BF3D0294620469847EFE738BD00BF35
:107728005C0103006C010300034B18680028D4BFF8
:1077380000200120704700BFA001012010B5044CB3
:10774800044920460FF002FE034B1C6010BD00BF29
:1077580034CD0020442603009401012008B50023FD
:107768000C4A13700C4A13600C4A13604FF4004122
:107778000B48FFF76DFFFFF7E1FF0A4A06E0094BE8
:10778800D31A1B11013351680B711032064B9A4200
:10779800F5D308BD6E1F0120A0010120A40101201E
:1077A800A37B02005C0103006C01030008B50146DD
:1077B800014810F00CFA08BD34CD002008B5024885
:1077C8000FF0A7FE08BD00BF34CD002008B5014664
:1077D800024B186810F001FA08BD00BF940101209F
:1077E80008B5024810F0FDF908BD00BF34CD0020EF
:1077F80010B582B000220023CDE90023264B18786B
:1078080008B902B010BD684610F003FA044660B12A
:10781800FFF720FE2046FFF7D9FF204BD3E8EF1FE4
:107828000139C3E8E21F002AF8D1FFF77DFF58B9F4
:107838001B4A1368516813F57A7341F1000113600C
:107848005160FFF7CDFFDCE717F080FA4A0142EA02
:10785800D06243011B1A62EB0102920042EA937262
:107868009B001B1842EB0102D20042EA5372C3F399
:10787800103343EA4243D20B0948016840685B1A57
:1078880062EB000240F2E9318B4272F10002CFD381
:10789800FFF72EFFCCE700BF6D1F0120A4010120D8
:1078A80020DD00200F4B1B7803B1704710B5002175
:1078B8000120FFF737FE0C4C00E010340B4B9C42C4
:1078C80008D263685B79002BF7D023689B68204651
:1078D8009847F2E7FFF78CFF0028FBD1014B012204
:1078E8001A7010BD6E1F01205C0103006C010300BB
:1078F80010B582B0184BD3E8EF2F511CC3E8E01F36
:107908000028F8D1154B1B7863B9154B1B68B3B128
:10791800BAB1092A13D1134817F093FA12480AF09A
:1079280067FE0CE0EFF31184202383F31288BFF382
:107938006F8FFFF75DFF84F31188BFF36F8F02B07D
:1079480010BD00220023CDE900234FF4004200239C
:1079580004480CF059F8F2E7A40101206E1F012039
:107968009C01012028DD002010CF002010B504461E
:10797800044B1B689847A0602146034810F04DF956
:1079880010BD00BF08CB002034CD00202DE9F04108
:1079980000210846FFF7C6FD804650B140F26766F1
:1079A800002718F08DF8154B1858FFF701FE002531
:1079B80015E04FF0FF364FF0FF37F2E74046FFF78C
:1079C8007FFD804670B94FF0FF364FF0FF3709E072
:1079D8002C4632463B460A480AF052FE2546B8F184
:1079E800000FEBD1FFF704FF04460028F6D1002D65
:1079F800EED000210846FFF74BFDEAE7080000003B
:107A080010CF00200248034BC01AC008704700BFBF
:107A18005C0103001400030010B50C46FFF7F2FFE9
:107A2800A04203D9024B53F8340010BD0020FCE7F4
:107A38001400030000B589B005920693002307934C
:107A480062B1074A0C9B02930B9B01930A9B00931C
:107A580005ABFEF789FC09B05DF804FB0022F1E7ED
:107A6800497C02002DE9F04F8BB004AF05461E4655
:107A78008846C1F34A24002C00F0898091460022F0
:107A8800FA603A617A6104230293FB1801930A238E
:107A9800009307F10C0321464846FEF765FCB0F554
:107AA800006F58D3D9F804106D4600233B730223A6
:107AB8007B738AB004AC14F1100217D012201AB1EB
:107AC800042801DD3B4B636100233B7002237B707C
:107AD800CAB10346082800DDA1610C2B02DD40F283
:107AE800FF73E36104F1200300210AE06FF0004016
:107AF800E5E701F118063E4416F8186C03F8016B27
:107B080001310129F5D9112822DD122342B10421BE
:107B1800397300217973B9730121F973F868206109
:107B280000216FF300016FF341016FF382016FF3DE
:107B3800C501022060F38811C3F30A0363F35321DC
:107B48000023C1F313011C4810F0FDF8AD462DE0E9
:107B58006FF01B03DAE760F35328C0F30A0A0AEB55
:107B68001850173020F007008008FFF71FFE8346E3
:107B7800B0B104230293FB1801930A2300935346E0
:107B880000F1100221464846FFF754FF08E004EBD5
:107B98001154173424F00704A008FFF707FE8346A2
:107BA800334642462946584610F063F81C37BD460E
:107BB800BDE8F08F742603008C0003002DE9F04F18
:107BC80085B080460D4617461E46DDF838B0DDF80C
:107BD8004090B9F1000F41D0119B039300934B469D
:107BE8000F9A10210020FEF765F9B0F5006F2DD22D
:107BF80082460BEB0003173323F0070300246FF3CF
:107C080000046FF341046FF3820468F3C50467F35B
:107C1800881460F353246BF31F549808FFF7C6FDCC
:107C2800074650B11030B9F1000F06D0119B0093F0
:107C38004B460F9A5146FEF73DF9334622462946F0
:107C4800384610F016F805B0BDE8F08F40F2FF7323
:107C5800034A0221034810F05EF8F4E70020C7E762
:107C6800B42603008C000300406820B1034BC01AFF
:107C780040F3CF0070474FF0FF3070471400030007
:107C88000EB400B582B0014603AB53F8042B019340
:107C9800034801F0EFFC02B05DF804EB03B0704755
:107CA800857D020010B584B011F0440F05D01A4B41
:107CB8001B6833B9002004B010BD1849FFF7E0FF76
:107CC800F9E717490968B2FBF1F2B2FBF3FC03FBD1
:107CD8001C224FF47A7E0EFB02F2B2FBF3F403FB94
:107CE80014210EFB01F1B1FBF3F10E4AA2FB0C3299
:107CF800D20A4FF4616303FB12CC0B4BA3FB0CE3DA
:107D08005B0902910194C3EB0311ACEB8101009173
:107D18000649FFF7B5FFCEE7B0010120EC260300C6
:107D2800AC010120C5B3A29189888888F826030090
:107D380061B108B52AB1064A52F8232012B9054A9A
:107D480000E0044A0449FFF79BFF08BD704700BFE5
:107D580094270300142703003C1F03002DE9F0417A
:107D680005461746069EDDF81C8081B900242EB111
:107D7800324611492846FFF783FF0444B8F1000F43
:107D880014D06FB1099B042B13D00C4909E00C4B9C
:107D9800099A53F822200B49FFF772FF0446E6E7D9
:107DA800064942462846FFF76BFF04442046BDE8D3
:107DB800F0810549F5E700BF3027030020270300BD
:107DC800A8270300282703001C2703002DE9F04FEC
:107DD80087B005460C46049205939DF84C7001F057
:107DE800020B01F0010AC1F3C00801F480790FF019
:107DF8001AFF18B3024616492846FFF741FF064600
:107E0800BBF1000F1CD13A46514628460FF0DDFF62
:107E1800B9F1000F01D0002311930397129B02932D
:107E2800119B0193109B00930023049A4146284616
:107E3800FFF794FF304407B0BDE8F08F0026DFE776
:107E4800059A21462846FFF72DFF0644DBE700BFC9
:107E58003427030011F0100F0BD108B511F0200FD3
:107E680003D00449FFF70CFF08BD0349FFF708FFDB
:107E7800FAE77047E83A0300880703002DE9F04164
:107E880005460F46164698460699FFF7E3FF002475
:107E9800444505DA24492846FFF7F2FE0134F7E79E
:107EA800002409E020492846FFF7EAFE0BE01F49B5
:107EB8002846FFF7E5FE01340F2C0CDC002C02DD10
:107EC80014F0070FEED0B442F1D23A5D18492846B3
:107ED800FFF7D6FEEFE717492846FFF7D1FE002443
:107EE80009E011492846FFF7CBFE0BE01249284666
:107EF800FFF7C6FE01340F2C13DC002C02DD14F052
:107F0800070FEED0B44207D23A5D0C4B9B5C13F0DE
:107F1800970FEBD12E22E9E703492846FFF7B0FE79
:107F2800E8E7BDE8F08100BF2C27030040270300E5
:107F38003827030044270300482703009E4D030009
:107F48002DE9F04184B004469DF82C500C9F0E9EFC
:107F580095B9012B1ED019484FF0000827B13B46B0
:107F6800224617490EF0CCFFC6B905BB20460FF0D4
:107F7800EEFE04B0BDE8F08103950A9802900193E3
:107F880000920B4600220F992046FFF71FFF8046FC
:107F98000C48E3E70B484FF00008DFE70F9B00931E
:107FA800434632460D9920460FF027FFDDE72A4663
:107FB8000F9920460FF015FFD8E700BFB57D0200E6
:107FC8007D960100857D02002DE9F04383B00646C9
:107FD800056842F20F738B4228BF0B46184A0521E9
:107FE80068460BF083FF04467368D3F804900B27A8
:107FF800DFF8508005E04A4639464046A8473F1A10
:108008008044002FF7D17368D3F804806F4605E0E9
:10801800424621463846A847241A0744002CF7D17F
:1080280073685F681B24084E05E03A4621463046CF
:10803800A847241A0644002CF7D103B0BDE8F08302
:1080480044200300682703004C270300074B012244
:108058001A6004E04008054A13685B001360044B8B
:108068009842F7D8034B1860704700BFAC01012055
:1080780040420F00B0010120034B01221A70034B4C
:10808800034A1A60704700BF6F1F0120D801012002
:10809800DC01012008B5034B01221A7002480FF0D9
:1080A800FAFE08BD701F012000280300014B19606B
:1080B80000207047C801012008B518B9074B0022F5
:1080C8001A7008BD064B1B7823B142F2107016F0E7
:1080D80035F8F6E70A200FF0F5FEF2E76F1F0120EA
:1080E800701F012038B504460A4B01221A700A4B4A
:1080F8001B782BB938BD651E2046FFF7DDFF2C46DF
:10810800002007F05DFD0028F4D0024B1B78002BFF
:10811800F1D1EFE76F1F0120701F01202DE9F04119
:1081280007460E464FF001080DE03246394600205A
:1081380007F08CFC044616E04046FFF7D3FFF4B97D
:10814800134B1B78DBB1134B1B78002BEDD114F0CC
:1081580056FE054632463946002007F077FC0446AD
:10816800284614F054FE002CE6D1094B1B78002B4E
:10817800E5D008F1FF384046FFF79EFFDFE714B966
:10818800034B1B7803B934462046BDE8F08100BF95
:108198006F1F0120701F01202DE9F041394B1A682B
:1081A800394BD31A012B26D0364B1C680D2204F804
:1081B800012C621C1A600A232370344B1E68002E9F
:1081C80002DD334B1B68D3B114F019FE05462D4B65
:1081D8001A682D49521A002007F038FC0446284630
:1081E80014F015FE002C47D1284A13680133136098
:1081F8000020BDE8F0810132224B1A60D4E7B04676
:10820800632EA8BF4FF063081F4D521B294605F186
:10821800170017F056F81F4F0FCF0FC597E8030048
:1082280045F8040B25F8021B090C29701834154B66
:108238001C60174B01221A60092E08DC124B202201
:108248005A7508F1300883F81480DA74BCE7124ACA
:1082580082FB08324FEAE873C3EBA203194603EB2B
:108268008303A8EB43033033074A537501F1300306
:1082780013753E23D374A7E70023044A1360044A06
:108288001360B5E7D8010120DC010120D0010120ED
:10829800CC010120BC2703006766666608B50A287A
:1082A8000AD00B4B1B680B4A93420ED2591C084A42
:1082B80011601870002009E0FFF76EFF18B9044B31
:1082C800054A1A6002E0012000E0002008BD00BF56
:1082D800D80101205B020120DC01012070B50546B0
:1082E8000E46094B1B784BB90446AB19A34208D973
:1082F8002078FFF7D3FF20B90134F6E7FFF70EFF28
:1083080000E0601B70BD00BF701F012008B5024867
:10831800FFF75AFE08BD00BF0028030010B50C4641
:10832800044B1868FFF78EF903460F2221460248CE
:10833800984710BDC801012000280300014B0360C5
:10834800002070471028030030B4D0F818C04FEA56
:108358001C2101F47F4141EA1C614FEA0C2404F41A
:108368007F04214341EA0C6154681568002C08BF5A
:10837800A94273D1D0F81CC04FEA1C2101F47F41F7
:1083880041EA1C614FEA0C2404F47F04214341EACA
:108398000C619268914264D1027802F00702042AC3
:1083A80062D14278002A62D0816A0A0A02F47F42C6
:1083B80042EA11620C0204F47F04224352EA016289
:1083C8000CD1C16A0A0A02F47F4242EA11620C0225
:1083D80004F47F04224352EA01624BD0C16A0A0ABC
:1083E80002F47F4242EA11620C0204F47F04224341
:1083F80042EA01629A60816A0A0A02F47F4242EA0A
:1084080011620C0204F47F04224342EA0162002450
:1084180094461A605C60816A0A0A02F47F4242EA62
:108428001162080200F47F00024352EA016209D493
:10843800134A1CEB020244F100041A605C6000203D
:1084480030BC70470F498A4217D90D4A1CEB02020B
:1084580064F100041A605C600020F1E76FF021000D
:10846800EEE76FF02100EBE76FF01500E8E76FF03B
:108478000F00E5E76FF01500E2E76FF01500DFE7A2
:108488008081557C7F7EAA832DE9F0418EB0044619
:1084980030252A46002102A816F02DFF9DF8083045
:1084A800032262F3C5038DF80830DBB262F30203DE
:1084B8008DF8083016F04AFC84464A0142EAD06238
:1084C80043011B1A62EB0102520242EAD3525B02D9
:1084D8001B1842EB0100820142EA93629E01F61AE0
:1084E80062EB000716EB0C0647EB010716F5804612
:1084F80047F10007F60B46EA4746FF0B1C4A0023E4
:1085080030463946F8F7EAFA804620616161184A30
:10851800002330463946F8F7E1FA41F2C60303FB77
:1085280002F1A1614FEA182303F47F4343EA186379
:108538004FEA082202F47F02134343EA08630C93CC
:108548000A0A02F47F4242EA11620B0203F47F0333
:108558001A4342EA01620D92E068002301930093F6
:108568002A4602A901F06CFA0EB0BDE8F08100BFFE
:1085780040420F0088B370B50C461646054679B3DD
:108588002022002116F0B7FE20881122022101F0D6
:10859800F7F9E860002811DB3246214601F01EFA9F
:1085A800002811DBAB68EA6845F8332005EBC30205
:1085B800012191800B44AB60002070BD17F080FA58
:1085C800094B18584042F8E7E8680FF019FF17F010
:1085D80077FA054B18584042EFE76FF00D007047E7
:1085E8006FF00D00E9E700BF0C00000070B58EB019
:1085F80004460D4616463022002102A816F07BFEDE
:10860800A1682A4620460FF00CFE002815DB00B3AF
:10861800E068002301930093302202A901F07CFA5C
:10862800002810DB302817D1334604F1100230211E
:1086380002A8FFF789FE0EB070BD17F041FA084B8B
:1086480018584042F7E717F03BFA054B18584042D4
:10865800F1E76FF07300EEE76FF07900EBE700BF2A
:108668000C00000008B503480EF0F5FC02480EF0B7
:10867800F2FC08BD182803005028030008B5034879
:10868800034A121A00210FF054FC08BD48D00020FC
:10869800941F012008B50648064A121A06490FF029
:1086A8004CFC0648064A121A06490FF046FC08BD5B
:1086B80040CA002044D00020184F030028CA0020D8
:1086C80040CA0020004F03002DE9F04182B000AFFE
:1086D8000446D0F800E0D0F804C085686E468AB039
:1086E8006B4613F1100200F0888014218AB1084605
:1086F800042903DDDFF81C81C3F81480082801DD94
:10870800C3F818E00C2801DDC3F81CC0102800DDF0
:108718001D62132974DD14253AB105213971002130
:108728007971B971F9717868186100216FF30001E6
:108738006FF341016FF382016FF3C501012363F306
:108748008811C5F30A0565F353216FF31F51002300
:108758003148FFF787F9B546D4F80CC02669656932
:10876800E8468AB06B4613F110024CD0142182B14E
:108778000846042903DDDFF8A4E0C3F814E008285C
:1087880001DDC3F818C00C2800DDDE61102800DD0B
:108798001D6213293ADD14253AB1052139710021EA
:1087A8007971B971F9717868186100216FF3000166
:1087B8006FF341016FF382016FF3C501012666F380
:1087C8008811C5F30A0565F353216FF31F51124D44
:1087D80000232846FFF746F9C546E369104A3146A3
:1087E80028460FF098FAA3690E4A314628460FF03A
:1087F80092FA0837BD46BDE8F0816FF0004175E791
:108808006FF01B0588E76FF00041B0E76FF01B05BC
:10881800C2E700BF802803000C010300B028030052
:10882800E0280300F028030038B504460D4611B1CE
:108838000846FFF749FF012C04D02946204609F0D5
:1088480055FA38BDEFF30583103B034A012103486D
:108858000FF061FAF1E700BF202903000C010300C3
:1088680030BFFFF7FDBF00BF38B50446054D2A46A7
:10887800054916F019FD054A0021601916F03BFD5F
:1088880038BD00BF00000000B00103000800000070
:1088980070B50646064D074B1D444C1B2046FFF796
:1088A800E3FF083CC6F8B84005F1080070BD00BFFA
:1088B800000000000800000008B5064BDA699B6854
:1088C8009A4204D0044A536843F0805353600AF034
:1088D800D1F808BDA8E2002000ED00E081690D4B49
:1088E8005A6942F480725A61BFF34F8FBFF36F8F9A
:1088F80031F8021C5A6922F480725A61BFF34F8F13
:10890800BFF36F8F4DF60273994201D00020704774
:108918000120704700ED00E0F8B51D4600232B70DC
:1089280002F07F43B3F17F4F22D106460F4614462B
:1089380012F0010F1ED112F0400F07D1002003469C
:10894800BBB914F0080F0FD0384612E00A4A0121CB
:108958000A480FF0D6F914F0040F02D03846012364
:10896800EEE730460123EBE7304601232B7000E0A9
:108978000020F8BD0020FCE7342903000C010300A7
:1089880008B5314A012131480FF0BBF9304B9B6AD9
:1089980013F0007F26D11D202D4B9B6A13F0807F9A
:1089A80027D12B4B9B6A13F4801F29D1284B9B6A34
:1089B80013F4002F2BD1264B9B6A13F4802F2DD153
:1089C800234B9B6A13F4003F2FD1214B9B6A13F46E
:1089D800803F31D11E4A936A6FEA03436FEA13431B
:1089E800936208BD1B4A012118480FF08AF91E201E
:1089F800D2E7194A012115480FF083F91F20D0E763
:108A0800164A012111480FF07CF90220CEE7144ADA
:108A180001210E480FF075F92120CCE7114A0121F8
:108A28000A480FF06EF92220CAE70F4A01210748C9
:108A38000FF067F92320C8E70C4A012103480FF01B
:108A480060F92420C6E700BF582903000C01030081
:108A580000ED00E07029030084290300A029030029
:108A6800CC290300EC290300142A0300302A030050
:108A780008B500230B70034A012103480FF041F9A0
:108A880008BD00BF5C2A03000C01030090B583B049
:108A980000AF0F2923DC2F4C103900233B71022330
:108AA8007B718AB0EC461CF110021AD0122022B158
:108AB800042802DD284BCCF8143000233B70022335
:108AC8007B70E2B10346082801DDCCF818400C2B76
:108AD80001DDCCF81C100CF1200300210DE01F4C27
:108AE800DAE76FF00040E2E701F1080404EB070E53
:108AF8001EF808EC03F801EB01310129F4D911281B
:108B080024DD12234AB10421397100217971B97128
:108B18000121F9717868CCF8100000216FF3000189
:108B28006FF341016FF382016FF3C501012060F318
:108B38008811C3F30A0363F353216FF31F51002312
:108B48000748FEF78FFF0C37BD4690BD6FF01B033B
:108B5800D8E700BF802A0300B42A0300982A03003C
:108B68000C010300F8B505460F461446394A0121A1
:108B780039480FF0C6F8394B9B6A13F0100F31D102
:108B88001026364B9B6A13F0080F32D1334B9B6A81
:108B980013F0020F34D1314B9B6A13F0010F4BD104
:108BA8002E4B9B6A13F0200F4DD12C4B9B6A13F070
:108BB800100F01D1294B9B6A284B9B6A13F0200F99
:108BC80004D0264A536A23F400535362234A936A13
:108BD80043F0FF039362012128460FF0BEF920708D
:108BE8003046F8BD1E4A01211B480FF08AF81126AD
:108BF800C7E71C4A012118480FF083F81226C5E779
:108C0800194A012114480FF07CF8144A536B926AF0
:108C180012F0800F01D11326BDE7144A01210E4836
:108C28000FF079F837B10D4A936A23F08003936205
:108C38001326B0E71326AEE70D4A012106480FF0C8
:108C480060F81426ACE70B4A012103480FF059F8E5
:108C58001526AAE7C82A03000C01030000ED00E06E
:108C6800E02A0300142B0300282B0300402B0300E9
:108C7800582B0300782B0300F8B505460F46144619
:108C8800374A012137480FF03CF8374B9B6A13F4F9
:108C9800805F25D11626344B9B6A13F4006F26D1CA
:108CA800314B9B6A13F4007F28D12F4B9B6A13F436
:108CB800806F3FD12C4B9B6A13F4807F41D12A4BA4
:108CC8009B6A13F4005F43D1274A936A43F47F43B6
:108CD8009362012128460FF040F920703046F8BD14
:108CE800224A01211F480FF00CF81726D3E7204A23
:108CF80001211C480FF005F81826D1E71D4A01216B
:108D080018480EF0FEFF184A936B926A12F4004F4F
:108D180001D11926C9E7184A012112480EF0FBFFB4
:108D280037B1114A936A23F4004393621926BCE7CA
:108D38001926BAE7114A01210A480EF0E2FF1A265D
:108D4800B8E70F4A012107480EF0DBFF1B26BBE7F7
:108D58000C4A012103480EF0D4FF1C26B4E700BFDB
:108D6800A82B03000C01030000ED00E0C02B03005A
:108D7800142B0300D42B0300F02B0300082C030052
:108D8800242C0300782B030070B506460D462B4AA9
:108D980001212B480EF0B5FF00232B70294BDC6A0C
:108DA80014F002040AD1274BDB6A002B0DDB254B9C
:108DB800DC6A14F080440ED1204670BD224A01219D
:108DC8001F480EF09EFF0024F6E7204A01211C48A8
:108DD8000EF097FFF0E71E4A012119480EF091FFA7
:108DE8003046FFF77BFD98B9164B9B6A13F0FF0FCF
:108DF80016D1144B9C6A14F47F4418D1114B9B6A0A
:108E0800B3F5803FD8D33046FFF7BAFD0446D3E721
:108E18003368104A01210A480EF07DFF3468CBE719
:108E28002A4601213046FFF79DFE0446C4E72A463C
:108E380001213046FFF720FF0446BDE73C2C030024
:108E48000C01030000ED00E0542C0300782C030013
:108E5800882C0300A82C030030B58BB01F4B5D682D
:108E6800C5F30805002383F31188BFF36F8F0DF155
:108E78002603FFF751FD04460DF1270229460FF09E
:108E88006EF89DF827300BB10BB030BD05460DF1DB
:108E9800040C20686168A268E368ACE80F002069E8
:108EA8006169A269E369ACE80F009DF826304BB10F
:108EB800089BC3F308025AB96FEA53236FEA4323A6
:108EC800089305E0089B23F4FF7323F0010308933C
:108ED80001A92846FFF7A8FCD6E700BF00ED00E08F
:108EE800064B5A6942F010025A615A6942F480628C
:108EF8005A615A6922F008025A61704700ED00E091
:108F0800EFF30880EFF3098101B57246FFF7A4FF7C
:108F180001BD00BF002080F31488BFF36F8F0020CD
:108F280080F30A8880F30B88144880F308880020AF
:108F38001349087012F075FF002012490860BFF34A
:108F48004F8F00F049F8202080F311880E484FF029
:108F5800AA014FF400620EF0ECFF0B484FF40061D9
:108F6800401880F30988EFF314800221084380F346
:108F78001488BFF36F8F00F017F90000D88E012016
:108F8800921F012094ED00E098750120BFF34F8FE8
:108F98000549CA6802F4E062044B1343CB60BFF38F
:108FA8004F8F00BFFDE700BF00ED00E00400FA05A9
:108FB800084BD3F89000C0F30720002306E0054AC9
:108FC800C2F898300021C2F8A01001338342F6DBC2
:108FD800704700BF00ED00E010B572B6002484F3BE
:108FE8001388FFF7E5FF234608E003F120010E4A46
:108FF8004FF0FF3042F821000133DBB20F2BF4D9D8
:10900800002308E003F16001074A4FF0FF3042F8FF
:1090180021000133DBB20F2BF4D962B6BFF34F8FB7
:10902800BFF36F8F10BD00BF00E100E008B50A4B29
:109038009B68834202D00AF067F908BDEFF3058305
:10904800002BF8D0054B5A6842F080525A605A6A91
:1090580022F400425A62EEE7A8E2002000ED00E0A8
:1090680001B515F020FCBDE801401B498A6882F86B
:10907800C5E04FF040001044EFF3098C80E8F01F82
:10908800202080F31288BFF36F8F144F4FF00066D3
:10909800CA698A603E60D2F8B800114C206092F923
:1090A800C5E0D2F8BC000023C2F8BC3080F31188B8
:1090B80002F1400090E8F01F8CF3098802F10000EB
:1090C80004B50EF08AFFBDE8044001B509F058FD6B
:1090D800BDE8014070470000A8E2002004ED00E070
:1090E800740201201EF0040F0CBFEFF30880EFF3A9
:1090F8000980816911F8021C0229FFD001B5724666
:109108000EF01FFF01BD00BF002807DB00F01F02A3
:10911800400901239340024A42F82030704700BFBB
:1091280000E100E000280CDB00F01F0240090123E9
:1091380093402030034A42F82030BFF34F8FBFF3EB
:109148006F8F704700E100E0002808DB4901C9B2D1
:1091580000F1604000F5614080F80013704700F0AE
:109168000F004901C9B2014B1954704714ED00E0D2
:109178004209054B53F8222000F01F00012303FA8F
:1091880000F01040704700BF00E100E0044B23F0FE
:109198007F03044A9360BFF34F8FBFF36F8F70470D
:1091A8000000010000ED00E008B5FFF7EFFF074AF7
:1091B800D2F8883023F47003C2F88830FFF75EFADB
:1091C800FFF768FA00F054F808F096FF00ED00E0A9
:1091D80010B4A2F12004104942F8081C21F0010142
:1091E80042F8081C42F8203C019B42F81C3C029BB8
:1091F80042F8183C039B42F8143C4FF0807342F845
:10920800043C04660023C0F8BC30C0F8C430BC235A
:1092180080F8C53010BC7047AD69010008B5044638
:109228000E4615460D4B9860D0F8B8200C4B1A60C6
:1092380009F0A6FCD4F8A83083F30B882C4686F3F3
:1092480009880020034B984720460021002200236C
:10925800014C2047F37F0200AD690100A8E200201D
:1092680074020120014B10221A61704700ED00E0E2
:10927800002206E003F00F030949194420230B7666
:109288000132402A0ADC53B2002BF3DB03F16043BE
:1092980003F56143202183F80013F1E7704700BF0D
:1092A800FCEC00E008B5EFF30583103B044A02EB41
:1092B800C301496852F833008847FFF7FDFA08BD33
:1092C800F4FC020010B584B00A4C23460A4A012176
:1092D8000A480EF083FF0023019302930393084B7F
:1092E8000193E41A0294012101A80EF07BFF04B057
:1092F80010BD00BF0000042080C50020C42C03005E
:1093080048D00020024B034AC3F8C020704700BF72
:1093180000ED00E0AAFF4400034BC3F89800C3F82F
:109328009C10C3F8A020704700ED00E00E4BC3F876
:109338009800C3F89800D3F89C000A7A60F30402F6
:109348000A72D3F8A020C2F34202087A62F34710E7
:109358000872D3F89C2022F01F020A60D3F8A030CC
:1093680023F01F03CB60704700ED00E070B50546A1
:109378000E46002400E00134A6421EDD04EB44033F
:109388009A0005EB830359680029F4D0A8580EF019
:109398007FFE04EB84030B4A42F8230010F1160FFA
:1093A8000CD0094B1B78984209DA04EB840302EBD2
:1093B80083010431FFF7BAFFDDE7002070BD6FF0CD
:1093C8001500FBE778020120711F012010B5044643
:1093D8000A4BD3F89030C3F30723013B984203D8D4
:1093E8000EF030FE204610BD0346054A012105480F
:1093F8000EF091FC6FF01500F5E700BF00ED00E0FE
:10940800D42C0300DC0003002DE9F04F87B081461F
:10941800009101931446002648E03346614A012131
:1094280061480EF078FC6FF0150407E03B465F4A90
:1094380001215D480EF06FFC6FF01504204607B05F
:10944800BDE8F08FD84564D12946C0B20EF031FE90
:109458002BE0574AC2F89870D2F89C3003F01F03EB
:1094680021F01F010B43C2F89C302946E0B20EF0F0
:1094780020FE044610F1160FE0D0013415E0013B40
:109488004B49C1F89870D1F8A02002F01F0223F0D0
:109498001F031343C1F8A0302946E0B20EF009FEBD
:1094A800044610F1160FC9D001340136009B9E42C4
:1094B800C4DA06EB46054FEA850A09EB85056F68AD
:1094C800002FF2D0019B23B128460EF0CFFD0028D3
:1094D800A3D0394659F80A000EF0DAFD074610F114
:1094E800160FA3D08442A1DD314BC3F89800D3F8FE
:1094F8009C2022F01F02C3F89800D3F8A03043F054
:109508001F0859F80A306968194401F1FF3B934272
:1095180098D093429DD0D845B1D0013B2449C1F899
:109528009870D1F8A02002F01F0223F01F03134304
:10953800C1F8A0302946E0B20EF0BBFD044610F198
:10954800160F3FF47BAF0130194BC3F89870D3F86E
:109558009C109DF8102061F304028DF81020D3F8B8
:10956800A030C3F34203D2B263F347128DF8102040
:1095780059F80A306A681344029323F01F03A8EBD2
:109588000B084344013B23F01F03059302A9C0B213
:10959800FFF71CFF044610F1160F3FF44FAF0134DC
:1095A80083E700BFFC2C0300DC000300202D030030
:1095B80000ED00E010B5034C01232278FFF724FFEB
:1095C800207010BD711F0120044B0522C3F89420A0
:1095D800BFF34F8FBFF36F8F704700BF00ED00E000
:1095E800BFF35F8F024B0022C3F89420704700BF7F
:1095F80000ED00E038B51C4B1D681C4BD3F89030CB
:10960800C3F307239D422BD8FFF7EAFFFFF77AFE43
:10961800002407E0144B596801EB041120460EF0B2
:1096280011FD0134A542F5D8114805700EF060FD12
:1096380010F1160F13D00E4B1A780C4BD3F890304C
:10964800C3F307239A4207DA084BC3F8982000218E
:10965800C3F8A0100132F0E7FFF7B6FF002038BDCD
:109668004FF0FF30FBE700BF442D030000ED00E0A2
:10967800711F012030B587B00D46114600240094B3
:109688000194029403940494059402228DF8022014
:10969800044A0192049005951A4668460BF0B8F8FA
:1096A80007B030BDF581020008B5024B1B6898472A
:1096B800002008BD8C020120034B1860034A9378F0
:1096C80043F00203937070478C0201200CCB0020FA
:1096D80008B5064921F00701C1F1005202F58022C0
:1096E80003480DF03FFB002008BD00BF57FF0120D5
:1096F800900201202DE9F04F9DB0064606900D46D8
:1097080007911746984608A815F024FBDDE90834A8
:10971800CDE904340DAB0C9334464FF00009CA462A
:10972800CDF80C9012E00027B8463A463B4608A808
:1097380015F010FBDDE90823CDE904233D460A981E
:1097480008F0C6FE002D35DB083435466E1E002DA8
:1097580038D020680028F7DB0AAA0BA9FDF7B8F96A
:1097680083460028F0D00A984FF0FF324FF0FF33BD
:1097780008F02EFE1CAB01930CAB009323464FF46C
:10978800817259460B980EF03CFD054610F1780F92
:10979800C9D010F1120FD2D1BAF1000F03D00025B1
:1097A80001230393CBE7DDF82CA0D946002501233C
:1097B8000393C4E76D4216F083F9594B1D504FF0DF
:1097C800FF3A28E0039B6BB3B8F1FF3F08BFB7F13E
:1097D800FF3F24D04FEA481242EAD7627B01DB1BE5
:1097E80062EB0802920042EA93729B00DB1942EB9B
:1097F8000802D20042EA5372C3F3103343EA4243E9
:109808000193079B0093069B4FF48272494650468A
:109818000EF0F7FC824650461DB0BDE8F08F4FF0C1
:10982800FF33EDE7DDE9042308A815F0C9FA089F1E
:10983800DDF82480AB4658E00DAB0C93069C079BE3
:10984800DA46039D05E02023E3800AF1010A083483
:1098580033465E1E002B37D00023E38020689842F1
:10986800F5DB0AAA0BA9FDF733F981460028EAD0EF
:109878000A984FF0FF324FF0FF3308F0A9FD0CAB08
:109888000093234640F2031249460B980EF0B9FCA8
:1098980081460A9808F01CFE19F10B0F12D0B9F195
:1098A800000F06D1B4F90630002BD0D00AF1010A16
:1098B800CDE7C9F1000316F003F9194A13504FF028
:1098C800FF3AA8E70125C2E76DB1BAF1000FA2DCA3
:1098D800DDE9042308A815F073FA089FDDF8248051
:1098E80058EA070397D0002D95D00DA80C9B191A9C
:1098F80089100C4B03FB01F13A4643460AF0D6F8AF
:10990800002899D010F10B0F96D010F1040F93D0C6
:10991800434216F0D5F8024A13504FF0FF3A7AE75F
:109928000C000000CDCCCCCC68B108B5064A074B7A
:109938001B680749A1FB03139B0C00FB03F042F0D3
:109948000103984708BD70470002030098CC002027
:1099580083DE1B43024B0122C3F8402500207047D9
:109968000090034008B505484FF6FF7303603F2396
:10997800436005F0F1FB002008BD00BF9C020120F8
:10998800F8B505460E461746114C124B9C4216D2A6
:109998002368AB4200D083B9A3683A4631462846CB
:1099A800984750B116F08CF80B4B0022C250E36870
:1099B8003A46314628469847F8BD1034E5E716F090
:1099C8007FF8054B6A221A504FF0FF30F4E700BFCA
:1099D80004000300140003000C00000070B582B0FE
:1099E8000D46144601AA6946FDF772F8B8B1064655
:1099F800009B9B69CBB101984FF0FF324FF0FF33CA
:109A080008F0E6FC009B9B692246294630469847A9
:109A18000446019808F05CFD204602B070BD16F0BF
:109A28004FF8064B09221A5004E016F049F8034B88
:109A38005F221A504FF0FF34EEE700BF0C00000021
:109A48002DE9F04184B00E4615461C4603AA02A92A
:109A5800FDF73EF8F0B10746029B5B6A03B3039833
:109A68004FF0FF324FF0FF3308F0B2FC029BD3F8FF
:109A780024800B9B01930A9B009323462A46314678
:109A88003846C0470446039808F022FD204604B033
:109A9800BDE8F08116F014F8054B09221A5004E0CD
:109AA80016F00EF8024B5F221A504FF0FF34EDE724
:109AB8000C00000070B582B00D46144601AA694634
:109AC800FDF706F8B8B10646009B5B6BCBB1019871
:109AD8004FF0FF324FF0FF3308F07AFC009B5B6BCE
:109AE80022462946304698470446019808F0F0FC7B
:109AF800204602B070BD15F0E3FF064B09221A504C
:109B080004E015F0DDFF034B5F221A504FF0FF34DD
:109B1800EEE700BF0C0000002DE9F04184B00E46CE
:109B280015461C4603AA02A9FCF7D2FFF0B1074666
:109B3800029B9B6A03B303984FF0FF324FF0FF3349
:109B480008F046FC029BD3F828800B9B01930A9BE4
:109B5800009323462A4631463846C04704460398B0
:109B680008F0B6FC204604B0BDE8F08115F0A8FF67
:109B7800054B09221A5004E015F0A2FF024B5F22A0
:109B88001A504FF0FF34EDE70C0000002DE9F041CA
:109B980084B00E4615461C4603AA02A9FCF798FF96
:109BA800E0B10746029B1B6BF3B103984FF0FF32FD
:109BB8004FF0FF3308F00CFC029BD3F830800A9B6F
:109BC800009323462A4631463846C0470446039840
:109BD80008F07EFC204604B0BDE8F08115F070FF67
:109BE800054B09221A5004E015F06AFF024B5F2268
:109BF8001A504FF0FF34EDE70C000000014B1870CD
:109C0800704700BF721F012008B5034B1860012080
:109C1800FFF7F4FF08BD00BFA4020120054B1B6835
:109C280023B1054B1B781BB90020704700207047F3
:109C380001207047A4020120721F012010B5024CB8
:109C480024682468A04710BDA402012008B5024B6F
:109C58001B685B68984708BDA402012020B3F8B5CB
:109C68000D46074619B30846F6F7B4FF0646082816
:109C780020D8134C07E02046721C2946083015F0FE
:109C880046FBD0B144340F4B9C4205D2BC42F9D0BC
:109C9800002CF0D0201DEFE7721C294607F10C00BC
:109CA80015F002FB0020F8BD6FF0150070476FF04B
:109CB8001500F8E76FF05A00F5E76FF07700F2E764
:109CC800B8CF0020FCCF002010B584B004460EF0B9
:109CD80022FD70B10C4A1368591C11600B4A092106
:109CE80001A80AF003F901A92046FFF7B7FF04B05D
:109CF80010BD074A1368591C1160064A092101A8BA
:109D08000AF0F4F8EFE700BFAC020120982D030039
:109D1800A8020120A02D030038B54FF0FF324FF004
:109D2800FF33104808F054FB0F4C02E0254606E0CC
:109D380044340E4B9C4210D2002CF7D0251D002332
:109D4800AB60EB602B7420460EF025FC2B7A002BC1
:109D5800EED12046FFF7B8FFEAE7024808F0B8FB63
:109D680038BD00BF18CE0020B8CF0020FCCF00209F
:109D780010B5084C00E04434074B9C4209D203213B
:109D880020460EF097FB0028F5D120460EF08BFCFC
:109D9800F1E710BDB8CF0020FCCF002010B58646F3
:109DA800141E04DB70464FF0090C0F4B0BE0012426
:109DB800F8E7303200F8012B64460CF1FF3C0B4AFF
:109DC800A2FB0323DB08BCF1000F08DBB1FBF3F2B5
:109DD80003FB12116445ECDC002AEED0E9E700230E
:109DE8000370A0EB0E0010BD00CA9A3BCDCCCCCCC2
:109DF8002DE9F0410C461546012811D0022840F003
:109E080002812E21204615F092FA00284BD0062612
:109E180023783A2B49D02046F6F7DCFE00224CE0A6
:109E2800002111600F460B46084619E02E2A32D051
:109E3800012807D9092B40F2D180022802D9632BC7
:109E480040F2CF80002800F0CF80FF2B00F2CF80B7
:109E58006B54237813B30131C9B200231846013477
:109E680003291BD82278002AE0D02E2ADED0A2F1BE
:109E78003006F6B2092E00F2BD800130C0B20328C8
:109E880000F2BB8003EB83035B009BB21A4492B2DF
:109E9800303A93B2E3E70137BFB2C9E7032F40F086
:109EA800AF80002020E00826B2E70134B3E7613B29
:109EB800DBB2052B00F2AD800132824216DAA35CD8
:109EC800A3F13001C9B20929F6D9462BEFD82E2BB8
:109ED800C0F09C802E3BDBB2584921FA03F313F003
:109EE800010FE9D16FF01500BDE8F081002704E00B
:109EF800731EBB4200F396800137B7423ADA002C52
:109F080000F08A802378002B00F089803A2B1FD03C
:109F18001022002120460AF0EFF9C0F3072810228A
:109F2800002120460AF0E8F948EA002825F81780B9
:109F38003A21204615F0FBF904460028D8D0013410
:109F4800DAE705EB4702002305F8173053700137AD
:109F5800B742F6DB3A21204615F052FA844203D084
:109F6800062E0BD0771E11E0062E02D06378002B48
:109F7800F6D10134062E15D00020B5E70138F1E7F7
:109F8800002F52DB431E844205D0184603783A2B33
:109F9800F6D1013FF4E70134AEE7022E1ADC6FF088
:109FA8001500A1E70026032E16DC002C40D02378EC
:109FB800002B40D00A22002120460AF09DF906F124
:109FC8000C03E8542E21204615F0B1F90446002868
:109FD800E3D001340136E6E7002085E76FF015008D
:109FE80082E76FF015007FE76FF015007CE76FF0F0
:109FF800150079E76FF0150076E76FF0150073E745
:10A008006FF0150070E76FF015006DE76FF0150041
:10A018006AE76FF0150067E76FF0150064E76FF007
:10A02800150061E76FF015005EE76FF015005BE75C
:10A038006FF0150058E76FF0150055E70110F801AB
:10A0480003684268D21A012A06D9054A128823F8F9
:10A05800022B4360002070476FF00B00704700BF71
:10A06800A82D03002DE9F04105460C4690F88870AC
:10A0780007F0020790F88630032B0BD03848266883
:10A088000536266021460EF093FF034620B1184698
:10A09800BDE8F0813348F2E7214695F886000EF0D6
:10A0A800E3FE03460028F2D1D4F8008021460EF0E2
:10A0B800DBFE03460028EAD12146B5F884000EF0FD
:10A0C800DFFE03460028E2D1214605F154000EF0D8
:10A0D8006FFF03460028DAD1A86EE0B147F0040705
:10A0E800037ADB0003F018033B435BB295F8882042
:10A0F80002F0010243EA4213DFB221460EF058FF94
:10A1080003460028C3D1E86E10B321460EF050FF75
:10A1180003460028BBD1286E38B147F08007214696
:10A128000EF046FF03460028B1D1686E38B147F0FB
:10A13800400721460EF03CFF03460028A7D188F8C7
:10A1480000702246314610200EF0D0FE03469EE7EE
:10A1580020460EF0F4FE03460028DCD097E700BF47
:10A16800C02D0300C82D030003684268D21A012AD3
:10A1780006D9054A128823F8022B4360002070474D
:10A188006FF00B00704700BFAC2D0300F0B585B031
:10A198000446C66D308806220121FFF7F1FBE06214
:10A1A800002824DB0546A36AA3B1194A02AF92E846
:10A1B800030087E8030007221946384615F0F3F82C
:10A1C800082300933B46192201212846FFF7DEFCAD
:10A1D800002814DB3388012B0FD01822E06AE16DC8
:10A1E800FFF7FCFB00280ADB002005B0F0BD15F0E6
:10A1F80067FC084B18584042F7E70822EEE7E06A88
:10A208000EF0FEF815F05CFC024B18584042ECE7E3
:10A21800C00103000C000000F0B583B007460E46ED
:10A228001546002400E00444AC420FD2F86A311904
:10A238002A1B002301930093FFF702FC0028F2DA9F
:10A2480015F03EFC034B1858404200E0002003B0D4
:10A25800F0BD00BF0C000000F8B507460C4600260C
:10A26800334605E0A26802EBC30252681644013384
:10A27800E2689A42F6D800251AE015F021FC154B41
:10A288001858404223E0401A002159600132E3681F
:10A2980093420DD9A36803EBC20359688142F2D9EE
:10A2A800091A5960A16851F83230034441F8323034
:10A2B800B5420BD2F86A00222146FFF7FBFB0028C3
:10A2C800DBDB0544AE4203D90022E0E70020F8BDFD
:10A2D8000020FCE70C00000010B582B053B1002349
:10A2E800C06A002401940094FFF716FC002803DBE1
:10A2F80002B010BD4023F3E715F0E2FB014B1858FC
:10A308004042F5E70C00000008B5C06A0EF078F886
:10A31800002801DB002008BD15F0D2FB014B1858BE
:10A328004042F8E70C00000008B590F8243003EB31
:10A338008303024A52F82330984708BDD02D030002
:10A3480010B590F8243003EB8303034C04EB83032C
:10A358005B68984710BD00BFD02D030008B590F882
:10A36800243003EB8303034A02EB83039B6898477B
:10A3780008BD00BFD02D030010B590F824C00CEB29
:10A388008C0C034C04EB8C0CDCF80C40A04710BD83
:10A39800D02D030008B590F8243003EB8303034A5B
:10A3A80002EB83031B69984708BD00BFD02D03004B
:10A3B800F0B585B00446C76D90F85030002B59D1E0
:10A3C800012138884FF48172FFF7DAFA0546E06216
:10A3D800002851DBA36AA3B1484A02AE92E8030001
:10A3E80086E8030007221946304614F0DCFF0823EC
:10A3F80000933346192201212846FFF7C7FB00289E
:10A408006FDBE06A04F130030422009205224FF466
:10A418008D71FFF7BBFB002863DBA36B13B1626B85
:10A42800002A2FD1236C13B1E26B002A35D1A56C19
:10A4380075B1E66A2846F6F7CDFB013000902B4649
:10A4480002224FF48D713046FFF7A0FB002848DB4D
:10A45800636C012B2CD0E36C002B36D13B88012B8D
:10A4680049D01822E06AE16DFFF7B8FA002838DB16
:10A4780000203EE02249A4E715F022FB214B1858A2
:10A48800404236E0E06A9200009203224FF48D7158
:10A49800FFF77CFB0028C5DA23E0E06A920000920F
:10A4A80001224FF48D71FFF771FB0028BFDA18E025
:10A4B800E06A04F14403042200920C224FF48D71E7
:10A4C800FFF764FB0028C6DA0BE0E06A04F14C03EE
:10A4D800042200920A224FF48D71FFF757FB0028DF
:10A4E800BCDAE06A0DF08CFF15F0EAFA054B185853
:10A4F800404205B0F0BD0822B4E700BFC801030020
:10A50800010000400C000000F0B583B007460E467D
:10A518001546002400E00444AC420FD2F86A311911
:10A528002A1B002301930093FFF78AFA0028F2DA26
:10A5380015F0C6FA034B1858404200E0002003B05B
:10A54800F0BD00BF0C000000F8B507460C46002619
:10A55800334605E0A26802EBC30252681644013391
:10A56800E2689A42F6D800251AE015F0A9FA154BC8
:10A578001858404223E0401A002159600132E3682C
:10A5880093420DD9A36803EBC20359688142F2D9FB
:10A59800091A5960A16851F83230034441F8323041
:10A5A800B5420BD2F86A00222146FFF783FA002849
:10A5B800DBDB0544AE4203D90022E0E70020F8BD0A
:10A5C8000020FCE70C00000010B582B053B1002356
:10A5D800C06A002401940094FFF79EFA002803DB68
:10A5E80002B010BD4023F3E715F06AFA014B185882
:10A5F8004042F5E70C00000008B5C06A0DF000FF06
:10A60800002801DB002008BD15F05AFA014B185844
:10A618004042F8E70C0000000B4BD3F80C3403F46D
:10A628008033014628B1084AD2F80C2402F001020E
:10A63800027023B10B78012B03D000207047002053
:10A6480070470120704700BF005000400048704725
:10A6580004030120034BC01A8010034B03FB00F0D6
:10A66800704700BFC4020120B76DDBB638B5054698
:10A678000C46FFF7EFFF0146402203480FF0ACF904
:10A6880001462846A04738BDD4FB020030B583B048
:10A6980005460C46FFF7DEFF01464023009323469C
:10A6A800054A06480FF0B2F9011E01DB03B030BDC0
:10A6B8002846A047FAE700BF5D9A0200D4FB0200D3
:10A6C80008B510B101280DD008BD002108480FF0C9
:10A6D8000FF9836813F0070FF6D1002104480FF033
:10A6E80069F9F1E7012102480FF064F9ECE700BFCE
:10A6F800D4FB020010B582B0EFF31184202383F35A
:10A708001288BFF36F8F134A136843F00201116078
:10A7180013F0010F09D1002384F31188BFF36F8F61
:10A728009BB90FF09FF902B010BD0DF10700FFF7BC
:10A7380073FF9DF80730012B01D00023ECE7FFF7EA
:10A7480085FF0FF025F90123E6E7002102480FF005
:10A7580031F9E8E714030120D4FB020010B5EFF348
:10A768001184202383F31288BFF36F8F074A13687D
:10A7780023F00201116013F0010F04D084F3118853
:10A78800BFF36F8F10BD0FF072F9F7E714030120C4
:10A7980070B50546012806D12C4BD3F81C3403F0BC
:10A7A8000303022B33D014F02BF8044610B9284BBE
:10A7B8001B786BB9EFF31186202383F31288BFF35C
:10A7C8006F8F012484B9214B0222C3F808230BE0C0
:10A7D8000026F7E7E4B130460DF01BFC1B4BD3F81D
:10A7E8001835DBB2012B17D0184BD3F81824D3F83F
:10A7F800183403F0030312F4803FEBD0022B01D08E
:10A80800012DE7D1ECB186F31188BFF36F8F70BDCE
:10A8180001200FF031F9E1E70C4BD3F80431002B9C
:10A82800E2D00A4B0022C3F80421D3F80421022203
:10A83800C3F81825074A2021C2F8801101229A601E
:10A84800D2E7024B0222C3F80423E0E7005000409D
:10A85800921F012000E100E000B587B0CDF800D0DC
:10A86800CDF804D0002302930123039304AB04938F
:10A8780005936B46064A0FF0E5F8002805DB4FF410
:10A8880080420023684607F0FBFE07B05DF804FB32
:10A89800AD9A0200F8B506460022012105200DF008
:10A8A80090FB114804F084FCD8B9074604F09EFCDC
:10A8B800002403E00123AB601C44E4B2012C0ED851
:10A8C800214630460FF014F80546214630460FF071
:10A8D8001CF806490DF07BF8031EEBDA1F463846D4
:10A8E800F8BD6FF00407FAE7C9A60100F82D0300C8
:10A8F80010B504460E4B0121D3E8EF2FC3E8E01F43
:10A908000028F9D11AB1631E012B0DD910BD0948D1
:10A918000EF0FBFF084900234B608B60CB600123DE
:10A928008B600DF071F8EEE72046FFF731FFEDE799
:10A93800C0020120D4FB0200B002012010B5044C73
:10A948002046FCF729F82046FEF7B6FE002010BD89
:10A958005DA9010030B583B005468DF807000224D3
:10A9680001220DF10701002005F00EF938B9094B55
:10A978001B785BB13CB10FF0B8F8013CF0E7054B30
:10A9880001221A7002E0034B00221A70284603B015
:10A9980030BD00BF731F0120034BD3F8003413F000
:10A9A800010FF9D0704700BF00900340024B0B60C5
:10A9B80001231360704700BF180301200048704747
:10A9C800D42E0300F0B583B00E46154611F036FFBD
:10A9D8000446294630460FF0B6F850B3B6FBF4F3F8
:10A9E80004FB136353B9B5FBF4F304FB13532BB9FE
:10A9F800AC420DD90024204603B0F0BD0095334683
:10AA0800114A012111480DF091F96FF01504F2E790
:10AA18000F4F4FF0FF324FF0FF33384607F030FE4C
:10AA2800294630460FF0B5F80446384607F0E0FDF1
:10AA3800E1E700953346074A012104480DF076F90D
:10AA48006FF01504D7E700BF502E03006400030021
:10AA580020030120702E03002DE9F04182B00C463E
:10AA680016461D46194620460FF06DF850B114F0F1
:10AA7800030711D115F0030F0ED1BDB9384602B046
:10AA8800BDE8F08100952346124A012112480DF0D5
:10AA98004DF96FF01507F1E7009523460F4A01219C
:10AAA8000D480DF043F96FF01507E7E7DFF8308040
:10AAB8004FF0FF324FF0FF33404607F0E1FD2A46E2
:10AAC800314620460FF086F80746404607F090FDCD
:10AAD800D4E700BF702E030064000300902E03002B
:10AAE8002003012070B582B00D4616461C46194653
:10AAF80028460FF028F858B1D4B1B5F5803F11DBDE
:10AB080022462946304614F0CFFB002002B070BD23
:10AB180000942B46074A012107480DF007F96FF00A
:10AB28001500F3E72246294630460DF0A0FBEDE775
:10AB38000020EBE7702E03006400030010B501222B
:10AB48001146064813F0EBFC11F07CFE044C206023
:10AB580011F074FE6060002010BD00BF20030120CA
:10AB680018030120F0B51C46059F069E00F01F0C37
:10AB7800400934D1274D0CF1800355F8233081B3B7
:10AB8800012082B34FF0020E40EA0E0074B34FF07A
:10AB98000C0E40EA0E0067B34FF4E06E40EA0E0078
:10ABA80056B34FF4403E40EA0E0023EA000031B3AA
:10ABB8000B7832B312785200134324B322789200F0
:10ABC800134317B33A781202134306B332781204C8
:10ABD800134303430CF1800C45F82C30F0BD0025DD
:10ABE800C9E70020CDE74FF0000ECDE74FF0000E8B
:10ABF800CFE74FF0000ED1E74FF0000ED3E7002368
:10AC0800D7E70022D8E70022DAE70022DCE70022B3
:10AC1800DEE700BF0025844008B9024870470020DD
:10AC2800704700BFF4FB02002DE9F04786B0884664
:10AC380016469946446801F01F05237C45EA4315EA
:10AC480020460FF046F8002862D0B6F5001F30D035
:10AC58000DF10C0A002703970497494630460FF078
:10AC68006DF88DF80C00009701970297CDF804A0B5
:10AC7800E36823FA08F313F0010F02D1B6F1A07FBD
:10AC88001DD00DF117022946A06811F080FD00289B
:10AC980038D06A462946A06811F06DFD002805DB0A
:10ACA80001222946A06811F08FFD002006B0BDE8FA
:10ACB800F0872946A06811F08BFD0020F6E705F023
:10ACC8001F036A0913D1144A803352F8233013F052
:10ACD800010FD6D10DF117022946A06811F057FDD2
:10ACE80010F1160F05D00DF117030493D1E73A467A
:10ACF800EAE70DF11702414620460FF050F8002808
:10AD0800F1DAD3E79DF81710A06811F050FDC0E7FD
:10AD18006FF08500CAE700BF0025844038B50446B7
:10AD2800456828460EF0D5FF20B90E4920460EF09A
:10AD38007FFF38BDA86811F032FD0028F5D1002149
:10AD4800A86811F028FD50B900220749A86811F039
:10AD58001AFD0022052131200DF033F9E5E76FF0E7
:10AD68000400E6E79B9D02007D9D020070B400F0A0
:10AD78001F0C400917D10D4D0CF1800055F82060CB
:10AD88000B4C344041EA420141EA83039DF80C2010
:10AD980043EA02239DF8102043EA0243234345F87F
:10ADA800203070BC70470025E6E700BF00258440CE
:10ADB800F0F8FCFF51B900F01F01400904D1094A1D
:10ADC80001238B40D36070470022F9E700F01F0190
:10ADD800400904D1034A01238B4093607047002245
:10ADE800F9E700BF002584402DE9F04F85B00746FC
:10ADF8008A460392002423E04FF0FF3638E0039B95
:10AE0800C3F80C654FF001084146B6F1FF3F15D075
:10AE1800B1F1FF3F40F0A38057F8093013F4004F19
:10AE280040F0A180454600220192CDF800B0C3F35E
:10AE38004123424629463046FFF798FF0134E4B2E1
:10AE4800544580F093804FEA840957F82430C3F3BF
:10AE5800C725C3F3C322C3F3080615F0080540F05D
:10AE68008780474911F802B040F2FF129642C3D0DA
:10AE78001B0E192B7FD801A252F823F007AE010050
:10AE8800EDAE0100FBAE010009AF01007FAF01008C
:10AE98007FAF01007FAF01007FAF01007FAF0100EE
:10AEA8007FAF01007FAF01007FAF01007FAF0100DE
:10AEB8007FAF01007FAF01007FAF01007FAF0100CE
:10AEC8007FAF01007FAF01007FAF01007FAF0100BE
:10AED8007FAF010017AF01002BAF01003FAF0100AA
:10AEE80053AF0100039BC3F81465A8464FF0FF3128
:10AEF8008BE7039BC3F808654FF00108414684E7D8
:10AF0800039BC3F81065A8464FF0FF317DE7039B0C
:10AF1800C3F8606557F80910C1F300414FF0010804
:10AF280073E7039BC3F8646557F80910C1F3004140
:10AF38004FF0010869E7039BC3F8686557F80910E3
:10AF4800C1F300414FF001085FE7039BC3F86C654C
:10AF580057F80910C1F300414FF0010855E7304692
:10AF6800FFF728FF58E74FF001085CE7002004E0EE
:10AF78006FF0150001E06FF0850005B0BDE8F08FB7
:10AF8800FC2E030051B900F01F01400904D1094A01
:10AF980001238B40D36070470022F9E700F01F01BE
:10AFA800400904D1034A01238B4093607047002273
:10AFB800F9E700BF0025844010B5134644680269CC
:10AFC800906998422CD092F81CC0012000FA01F137
:10AFD8003CEA010C10D118460021B0F5004F12D3FD
:10AFE80040080131C9B20729F7D90E4A01210E4894
:10AFF8000CF091FE002010BD0C4A01460A480CF0E6
:10B0080080FE0020F7E7936151771368A27DC3F8AB
:10B018000C15C3F8042580B2C3F808050120EAE737
:10B028000120E8E71C2F030014010300042F03008C
:10B038002DE9F04F85B00E46D0F804A00469BDF89C
:10B04800388003290FD805461F4608F001089AF8EA
:10B058001630012B10D0FFB1BA4210D8002301934B
:10B0680047F6FF7B1BE00B46394A012139480CF0B3
:10B0780052FE6FF0150538E052087F08EBE73146BD
:10B088002846FFF799FF019000285ED0637F27FAD2
:10B0980003F31FFA83FB02E0002301939B46B8F1F8
:10B0A800000F26D04FF0000928460EF077FF49EA36
:10B0B8000B0920F81690019BF3B1237F0122B240BF
:10B0C80013432377237F83B3A37F33B10023A3776D
:10B0D800204611F06BFD0028FAD0102301220AF156
:10B0E8002001204611F002FD0025284605B0BDE8E4
:10B0F800F08F4FF40049D7E7224603A930460EF0F7
:10B1080051FF58B1391E18BF0121B8F1000F02D004
:10B11800B7FA87F149090398FFF734FF237F012223
:10B12800B24023EA02032377CCE728460EF04AFF11
:10B13800051E03DB0123A3770025D6E72B46064A25
:10B14800012104480CF0E7FDCFE76FF01505CCE7C7
:10B15800482F030014010300602F0300F0B583B0EB
:10B1680000AF044600690346304A616811F0ABFC41
:10B17800051E08DB2E4920460EF0FEFE0546284631
:10B188000C37BD46F0BD21686E4600233B71022393
:10B198007B7188B06C4614F1100211D00E201AB1E0
:10B1A800042801DD234B636100233B7002237B707D
:10B1B8009AB1082800DDA16104F11C0300210AE00E
:10B1C8006FF00040EBE701F1080CBC441CF808CC18
:10B1D80003F801CB01310129F5D90D2822DD0E2311
:10B1E80042B10321397100217971B9710121F971D5
:10B1F8007868206100216FF300016FF341016FF35C
:10B2080082016FF3C501012060F38811C3F30A03BB
:10B2180063F353216FF31F5100230748FCF722FC07
:10B22800B546ACE76FF01B03DAE700BFAB9F02003F
:10B2380011A00200742F030014010300F0B583B0BD
:10B248000646436807690021186B0EF0CDFE0024FE
:10B25800254604E0002311E02B43DDB20134032C22
:10B2680014D83A4601A920460EF09CFE0028F5D0D5
:10B27800019B03F01F025B09ECD10F4B5B68D340C5
:10B2880013F00103E8D00123A340E5E7002407E019
:10B298004FF4004730460EF081FE20F81470013458
:10B2A800032C05D80123A3401D42F1D00027F1E764
:10B2B800002003B0F0BD00BF002584402DE9F8430D
:10B2C80005460F46466813F09BFA20B9234B1B78B6
:10B2D8000BB3002300E00123D5F810906A68D2F878
:10B2E8000080F3B928460FF00FFA0446736813F08C
:10B2F800040F03D04FF48003C8F80433336A1F7077
:10B308000122316A28460FF09DF884F31188BFF3B3
:10B318006F8FBDE8F8830123DEE784F31188BFF35C
:10B328006F8FEFF31184202383F31288BFF36F8F9D
:10B3380028460EF0A3FE0028EFD0D9F80430002BE1
:10B34800D4D0D3F8A420002AD0D0D3F8B420002A2F
:10B35800CCDAD8F84C25C3F8B420C7E7921F0120EF
:10B368002DE9F04F85B09846D0F810B0DBF80440CE
:10B37800D0F804A0DAF800509AF80830002B40F012
:10B38800B58081460F46164694F86130002B40F090
:10B39800B08094F86230002B40F0AE806365B8F15D
:10B3A800FF3F44D0B8F1040F16DDA3F1993383FBB6
:10B3B80008234FEAE870C0EB6300C117C90341EAEC
:10B3C8005041C0034E4BC0184E4A4FF0000341F1A4
:10B3D8000001F5F7D3FB01E000200146A065E16517
:10B3E800276466640023A364E3642365DAF8043001
:10B3F80013F0040F20D1DAF8043013F0040F02D050
:10B4080094F8602052BBC5F83475C5F8386500203B
:10B41800C5F81001D5F81031C5F84C01D5F84C31F4
:10B42800012384F861302B6005B0BDE8F08F00225D
:10B438000023C4E91623D3E7EFF3118303932023F2
:10B4480083F31288BFF36F8F022148460EF0EEFF98
:10B45800039B83F31188BFF36F8FCCE7B24228BFF9
:10B4680032469146DAF81C10384613F01DFF4F4457
:10B47800B6EB090614D0B8F1FF3FC4D00023C5F8D5
:10B488000831D5F8083104F10800D4E916234FF043
:10B4980000084FF00009CDE9008908F0B5FAB2E7D5
:10B4A80094F86020A2EB0902D2B284F86020DAF89E
:10B4B8001C0000EB090113F004FF0BF11C03D3E897
:10B4C800EF1F41F00401C3E8E21F002AF7D145F35A
:10B4D8000735002D08DB05F01F026D090123934095
:10B4E8004035094A42F8253000209DE76FF0850075
:10B4F8009AE76FF00F0097E76FF00F0094E700BF2F
:10B508003F420F0040420F0000E100E0F0B583B079
:10B5180004461D460669EFF31187202383F312883A
:10B52800BFF36F8F7368D3F8A40000BBC3F8A420DF
:10B538007368C3F8A01001F06043B3F1005F1DD138
:10B548007368C3F8A8107368C3F8AC203146204666
:10B558000EF0C8FF87F31188BFF36F8F20460EF0F7
:10B56800BCFD80B3B5F1FF3F10D100202CE087F37C
:10B578001188BFF36F8F6FF00F0025E0736800220A
:10B58800C3F8B02020460EF004FFDFE77468683483
:10B5980025EAE575E917C90341EA5541ED030B486A
:10B5A80028180B4A4FF0000341F10001F5F7E6FABD
:10B5B80002460B4600200021CDE90001204608F094
:10B5C80023FA002000E0002003B0F0BD3F420F0046
:10B5D80040420F0070B50446056943681E686868F4
:10B5E80000220A49083013F020FC6B68DC636868A5
:10B5F80000220749683013F018FC6B68C3F89C40B8
:10B60800044BC6F80433002070BD00BF1DAA020019
:10B6180057A8020014020A0038B50D4601F12002AD
:10B6280000F10C0100F5907010F054FC041E06DBCC
:10B6380095F8200003F0A4FD0024204638BD034AF5
:10B64800012103480CF05DFBF7E700BF1030030051
:10B658003C01030038B5044645680121E8680EF04E
:10B66800B7FE636819682B69C1F824356A7DA87D1F
:10B678002B7D02431343C1F86C3523695B6823B102
:10B688002046FFF7A7FF002803DB20460FF0FEF94E
:10B6980000B138BD024920460EF0BFFCF9E700BFF3
:10B6A80053A5020021F07F4100F5A870014B43F833
:10B6B80020107047005001404FF480338340024A05
:10B6C800C2F84433704700BF005001404FF4803344
:10B6D8008340024AC2F84833704700BF0050014017
:10B6E800014BD3F804057047005001402DE9F84399
:10B6F800054689469046FFF7E9FF28460FF016FBF6
:10B708004E46032710E0FFF7EBFF044649460FF0CB
:10B71800FCFAB0F5000F26D928460FF007FBB8F160
:10B72800000F22D13E19013731462846FFF7BAFFEC
:10B738002846FFF7C1FFFFF7D3FF0446C11C304678
:10B748000FF0E3FA0A4B98420AD928460FF0E1FABB
:10B758000028D8D1B8F1000FE4D06FF0150000E050
:10B768000020BDE8F8830020FBE76FF01500F8E73C
:10B77800FDFF7F00034B044AC3F80823C3F848239E
:10B78800704700BF0050014003000F0010B50123AF
:10B7980083406FEA030C0C4AD2E8EF1F01EA0C0E53
:10B7A800C2E8E4EF002CF7D14FF48032824007481A
:10B7B800C0F80823BFF35F8FBFF36F8F0B4214BF2E
:10B7C8000120002010BD00BF90030120005001405F
:10B7D8004FF480338340124AD2F80423134201D134
:10B7E8000020704710B5044601238340DB430D4910
:10B7F800D1E8EF2F02EA0300C1E8EC0FBCF1000F1B
:10B80800F6D122FA04F313F0010F03D120460FF00A
:10B8180080FA18B120460FF089FA012010BD00BF48
:10B82800005001408C03012001B970470123834077
:10B838000D4AD2E8EFCF4CEA030CC2E8E1CF002969
:10B84800F7D14FF480338340084AC2F80433084BD9
:10B85800D3E8AF3FC34013F0010FE6D0054B4FF4D8
:10B868000012C3F80021E0E79003012000500140D6
:10B878008C03012000E100E038B514461046194653
:10B888000FF060FA02460D490B68E01A1B184C6865
:10B8980044F100040B604C60A2F50013B3F5400FAF
:10B8A80009D2074B1B68190A1B06D41841F1000579
:10B8B800044BC3E9004507F097FF38BDF0DE0020D0
:10B8C80094030120F8DE002038B50D4B1C68250ACA
:10B8D8002406BFF35F8FFFF703FF0346001945F106
:10B8E8000001B3F5801F0AD2064BD3E9002390422A
:10B8F80071EB030303D210F1807041F1000138BDF0
:10B9080094030120F8DE00202DE9F0410646144694
:10B918001D469DF82080104619460FF013FA074679
:10B92800FFF7D2FFA04271EB050319D2201A65EB8D
:10B9380001011B4B984271F100012BD2194B03EB0B
:10B948000613D3E90223AB4208BFA24201D100206B
:10B9580014E0424639463046FFF7C8FE70B117E09A
:10B96800B8F1000F19D10123B3400F4AD2E8EF0F05
:10B978001843C2E8E10F0029F8D10020094B320131
:10B9880003EB0616C6E9024506999950079B7360B2
:10B99800BDE8F0816FF01500FAE76FF01500F7E7E2
:10B9A80001008000E0DE00208C03012030B585B066
:10B9B800FFF7E0FE00231E4AC2F80835002B25DDFC
:10B9C8001B4C0225C4F804531A4B4FF40012C3F859
:10B9D80080210022012115200CF0F3FA15200CF02B
:10B9E800E6FA0123A3602360134A1360002402943B
:10B9F8000194124B0093124A002320460FF0B2F92B
:10BA08002846FEF775FF204605B030BD0D4A02EB0B
:10BA180003124FF0FF304FF0FF31C2E902014FF43B
:10BA280080329A400249C1F804230133C6E700BFB7
:10BA38000050014000E100E09003012081B80100BE
:10BA4800FFFF7F00E0DE00202DE9F04782B00446CA
:10BA5800FFF7BEFE10B902B0BDE8F087FFF734FF6C
:10BA680082460D460FF071F90646154B03EB041399
:10BA7800D3E90289C24575EB09050BD2002530468A
:10BA88000FF06BF9002DE6D0009742464B46204652
:10BA9800A847E0E70A4A230102EB0411D5584F688A
:10BAA8000020D0504FF0FF324FF0FF33C1E902239E
:10BAB8002046FFF70BFE20460FF038F9DFE700BFFE
:10BAC800E0DE002010B50D4BD3F8043313F0020F5D
:10BAD80003D10024002C0BDD10BD022107480FF014
:10BAE800DEF80028F5D0064A136801331360F0E742
:10BAF8002046FFF7A9FF0134ECE700BF00500140E2
:10BB08009403012010B584B0B0F1FF3F18D001288C
:10BB18001BDD154B9842A8BF18460446134B01225B
:10BB28001A70FFF7D1FE124B1A685B68801AB0F5DD
:10BB3800000F0CD20444B4F5000F09D30A4C07E0F7
:10BB48000A4B00221A70084CEBE70124E6E7064C82
:10BB580000201219029001900649009143F1000358
:10BB68000FF000F904B010BDFFFF7F007A1F01201D
:10BB7800F0DE002081B8010008B5FFF7A5FE024BF2
:10BB88001B68C01A08BD00BFF0DE002008B5074BCF
:10BB980001225A6015200CF00FFAFFF7EBFD044B59
:10BBA8004FF40012C3F8802108BD00BF00500140C7
:10BBB80000E100E030B583B0046994F835306BBB20
:10BBC8000D460B7B022B2CD10B686BBB94F83430E1
:10BBD800EBB94B68591E174A914228D823630DF1D7
:10BBE8000701204611F06FF810F10C0F0DD0AA686C
:10BBF80022B19DF80730043344F8232094F83430F8
:10BC0800013384F834309DF8070003B030BD4A682A
:10BC1800236B9A42E3D06FF01500F6E76FF00F0040
:10BC2800F3E76FF08500F0E76FF01500EDE76FF0D0
:10BC38001500EAE7FEFFCF0710B5046900220121CD
:10BC480018200CF0BEF90023024A1946204611F0CC
:10BC580021F810BD61BC010008B513460A4601462B
:10BC680001480FF0DFF808BD94FC020038B505461E
:10BC7800054C04E023686168284698470834034B5C
:10BC88009C42F7D338BD00BFE84E0300E84E0300DE
:10BC980038B5002201212A200CF093F90B4803F053
:10BCA800DBFF054608B90A4C0BE00346094A0121A7
:10BCB80009480CF030F8F6E7236861682846984789
:10BCC8000834064B9C42F7D3284638BDB8310300E8
:10BCD800E84E03008C31030004010300004F030009
:10BCE80010B404464FF0000C1048034600E0083337
:10BCF8009BB10E4A934210D3503293420DD21A6828
:10BD0800A24211D042B10A4A12685968521A94459F
:10BD1800EDDA94461846EAE718460460044B1B68B7
:10BD2800013B436010BC70471846FBE790040120B4
:10BD380084040120014B1B68436070478404012080
:10BD480008B54268044B1B689A4201D1012008BD1E
:10BD5800FFF7F0FF0020FAE78404012038B5044615
:10BD6800EFF31185202383F31288BFF36F8F13F04D
:10BD7800A7FE0C4B1858FFF7B3FFFFF7E1FF38B1E8
:10BD880000232360084B5B683BB11C60064B5C607A
:10BD980085F31188BFF36F8F38BD034B5C601C605F
:10BDA800F6E700BF080000008804012010B501462E
:10BDB800EFF31184202383F31288BFF36F8F0848B1
:10BDC8000FF05BF813F07CFE064B1858FFF788FF5E
:10BDD800FFF7B0FF84F31188BFF36F8F10BD00BF6A
:10BDE8008804012008000000054B002018605860F6
:10BDF800044BD3E8EF2FC3E8E10F0029F9D17047CE
:10BE0800880401208404012000B5024613F058FE7E
:10BE1800014B1A505DF804FB0C00000010B50368D4
:10BE28002BB10E4CA34202D3D834A3420ED30C4BF1
:10BE38001B78082B0ED803F1010C094C84F800C0BC
:10BE480003EB4303054C04EBC3030360006812F0E3
:10BE580066FB10BD6FF00B00FBE700BFAC030120D1
:10BE68007C1F012008B503682BB10C4A934202D30A
:10BE7800143293420BD30A4B1B7863B9591C084AF6
:10BE8800117003EB8303054A02EB83030360006828
:10BE980012F07FFA08BD6FF00B00FBE79803012052
:10BEA8007B1F012038B50546104BD3E8EF1F013141
:10BEB800C3E8E21F002AF8D10D4B1C6806E0201DDC
:10BEC80006F096FB236803B164B11C4664B1E369CC
:10BED800AB42F4D0002DF2D0002BF0D02346002C3A
:10BEE800F0D1F2E72346F0E738BD00BF8404012013
:10BEF8008804012008B5014600220023014806F005
:10BF08004BF908BDE008012008B50146014812F0C8
:10BF1800A3F908BDE008012008B501460022002366
:10BF2800014806F039F908BDF408012008B50146B2
:10BF3800014812F091F908BDF408012008B54FF442
:10BF480080620549054812F07FF94FF4025204490E
:10BF5800044812F079F908BDE0040120E008012046
:10BF6800E8840020F408012010B5074B1C6854B180
:10BF7800201D06F03DFB23462468002CF7D0002B3B
:10BF8800F5D11C46F3E710BD8804012038B50546F5
:10BF9800054C04E023686168284698470834034B39
:10BFA8009C42F7D338BD00BFD84E0300E84E0300CB
:10BFB80008B518B9054804F06DFA08BD0346044AE7
:10BFC800012104480BF0A7FEF7E700BF95BF010069
:10BFD800F0310300040103000023072B09D85A019C
:10BFE80005498A58824201D00133F6E701EB431034
:10BFF80070470020704700BF8C09012003460F4995
:10C008000878C0B90E49097839B1A2F580710229BA
:10C0180012D9A2F58872012A0ED9022B07D0032B58
:10C0280007D0012B00D0002303F001007047012343
:10C03800FAE70123F8E70020704700BF7E1F0120C0
:10C048007D1F0120002305E05A0104494FF0FF300D
:10C0580088500133072BF7D9002070478C0901203D
:10C0680070B505460E464FF0FF324FF0FF330D48CE
:10C0780006F0AEF90023072B0ED85A010A4CA25835
:10C08800B2F1FF3F01D00133F5E75901224604EB35
:10C0980043145550666000E00024024806F018FA80
:10C0A800204670BDB4CD00208C09012038B5044667
:10C0B800094D4FF0FF324FF0FF33284606F088F95C
:10C0C8004FF0FF3222600023A3606260E3612846DC
:10C0D80006F0FEF938BD00BFB4CD00202DE9F041CF
:10C0E80086B080460C4615461E4607680023039313
:10C0F8000493012901D1192A18D005AA29462046F6
:10C108000EF0DFFF002819DB012C1FD0B4F58D7F5E
:10C118002AD0012C2DD00C9B00933346059A21463A
:10C12800384605F069F806B0BDE8F08113F0C8FCA0
:10C13800184B5F221A504FF0FF30F4E713F0C0FCA1
:10C14800144B6D221A504FF0FF30ECE7A5F11403A1
:10C15800012BDBD8002EDED033680393B368049339
:10C1680008230C9303AED6E70C2DD2D104230C93ED
:10C17800D1E740F227439D42CDD136B13368C8F8A4
:10C188001C3004230C93044EC5E70023C8F81C3068
:10C19800C1E700BF0C00000064CC0020F0B58BB0F4
:10C1A8000C4615461E460768002207920892082387
:10C1B800069309AA294620460EF083FF002810DBC3
:10C1C800012C16D0109A33460092099A2146384617
:10C1D80005F0FCF8074608B9012C14D038460BB016
:10C1E800F0BD13F06DFC194B6D221A504FF0FF375C
:10C1F800F4E7A5F11403012B02D9109A3346E3E7BB
:10C2080006AA07ABE0E7042D15D0143D012DE5D8AB
:10C21800109B1C68102C28BF1024079B0293002336
:10C228000393089B0493224602A9304613F03CF876
:10C23800109B1C60D2E730680028CFD0FFF7E4FDE0
:10C2480013F03EFC014B1B583360C7E70C0000009D
:10C258002DE9F04788B004460D4690461E46109FCB
:10C26800D0F80090806808B106F032F90FB3398829
:10C27800012929D0022939D10DF1080A5146384639
:10C288000FF070F816230193CDF800A0334642460C
:10C298002946484611F072FA0546A06828B14FF0C1
:10C2A800FF324FF0FF3306F093F8284608B0BDE898
:10C2B800F0870023019300933346424629464846B7
:10C2C80011F05CFA0546E8E70DF1080A51463846D0
:10C2D8000EF0E9FE08230193CDF800A0334642464C
:10C2E8002946484611F04AFA0546D6E713F0E8FB16
:10C2F800024B6A221A504FF0FF35CEE70C000000BF
:10C308002DE9F04F83B029B1814692460D460021B0
:10C318000A460DE013F0D4FB394B16221A504FF0A1
:10C32800FF3458E0AB6803EBC1035B681A44013182
:10C33800EB688B42F6D8802A03D94FF0000BD84619
:10C348004FE04FF0FF324FF0FF332E4806F040F831
:10C35800002427460FE0AB68E60003EBC4025268EE
:10C3680053F834102848384412F09EFFAB68334421
:10C378005B681F440134EB68A342ECD800263446BE
:10C38800B74210DD002C0EDB2B686A68019200931F
:10C398005346BA1B1C4931444846FFF759FF041E4F
:10C3A800EEDD2644ECE7174806F092F813E0264441
:10C3B800A044AB68DA195268B24210D9D9592B682F
:10C3C8006868019000935346921B31444846FFF732
:10C3D8003FFF041EEBDA204603B0BDE8F08F0BF1F7
:10C3E800010BEB685B4509D9AB684FEACB0703EB58
:10C3F800CB035B68002BF2D00026DAE74446EAE775
:10C408000C00000040CE00200809012010B586B0BD
:10C418000B4604680A88012A0CD0022A14D16946FE
:10C4280018460EF09FFF16226946204611F096F82E
:10C4380006B010BD694618460EF035FE082269465A
:10C44800204611F08BF8F3E713F03AFB024B6A220F
:10C458001A504FF0FF30EBE70C00000070B586B0C3
:10C46800154606681F4A0292B1F90420ADF80C205F
:10C4780001228DF80E202A689A4224D000F10C047B
:10C48800204612F09EFE234600220121286812F061
:10C4980061FE082300936B443C220121304604F0DE
:10C4A800ABFE0646D0B92B6814332B6000230493E7
:10C4B800059305AA04A9204612F088FE049B53B9E7
:10C4C800304606B070BD13F0FBFA074B0C221A5029
:10C4D8004FF0FF36F4E76FF07706F1E74FF0FF36DD
:10C4E800EEE700BF01B502000C00000010B582B0F5
:10C4F80003460192032915D004291BD1111D01916E
:10C5080012683AB1B2F5804F04D013F0D9FA0D4948
:10C5180016240C50C2F380320421184611F0A9FBEE
:10C5280002B010BD0022032111F0A3FB800300F428
:10C538008040F5E713F0C4FA024B16221A504FF068
:10C54800FF30EDE70C000000F8B5064617460C1E54
:10C558001ADB14F0804F1DD1FAF7DAFA051E33DB27
:10C568003A46214630460FF034F8041E18DB2946B7
:10C578002046FFF775FD0146C0B10023144A28463E
:10C58800FAF7F6FA2846F8BD124B21460FF00BF8D9
:10C598000546F7E7104B21460FF005F80546F1E789
:10C5A80028460AF076FD4FF0FF35EBE713F088FADE
:10C5B8000A4B0C221A50204604F0EAFD28460AF0DD
:10C5C80068FD4FF0FF35DDE74FF0FF35DAE700BFD4
:10C5D800303203007E1F01207D1F01200C00000067
:10C5E8002DE9F04389B005460E461746FAF790FA4A
:10C5F80004462868002C5CDB86B397B33B68082B9D
:10C6080027D01623019301AA0DF10808414611F01D
:10C6180017F8051E4ADB21462846FFF721FD81460B
:10C6280010B366B15FB1B8F80030012B22D0022BED
:10C6380028D118233B6002A930460EF07DFE002366
:10C648001D4A49462046FAF793FA204609B0BDE844
:10C65800F083019301AA0DEB0308D7E73246B046F1
:10C66800D4E73A46B846D1E713F02AFA134B0C221E
:10C678001A500CE008233B600DEB030130460EF026
:10C6880019FDDCE713F01CFA0C4B86221A502846D9
:10C6980004F07EFDB9F1000F02D04846FFF706FD11
:10C6A80020460AF0F6FC4FF0FF34CEE74FF00009C1
:10C6B800F0E74FF0FF34C8E7303203000C00000009
:10C6C80010B50446064B18600368064ADA61064846
:10C6D800FDF79AFA032120460FF022F810BD00BF9B
:10C6E8008809012051C501002832030000230E2BC0
:10C6F8000BD8074A02EBC3025268824201D00133C9
:10C70800F5E7034A52F8330070470248704700BF04
:10C71800183403007432030070B51CE00C34134B5A
:10C728009C4214D220460FF004F80028F6D1204687
:10C738000FF003F80028F1D1351D294620460FF0E7
:10C7480000F80028EAD0636828469847E6E73146AB
:10C75800074811F081FD00220023064805F00EFF6E
:10C76800064608B1044CDAE770BD00BF20CD0020B2
:10C778008CCD0020A0CF0020E4CC00202DE9F04192
:10C7880082B000AF0546464C4FF0000801E0B046C5
:10C798000C34444B9C4214D220460EF0CAFF0028A9
:10C7A800F6D1294620460EF0CCFF06460028EFD0E9
:10C7B80020460EF0C2FF0028E9D063682846984753
:10C7C800E6E7B8F1000F03D10837BD46BDE8F081B0
:10C7D8002846F4F7FFF900220023411D324805F0EE
:10C7E800DBFC044658B129460430F4F7EBF921463E
:10C7F8002E4811F088FE2E4806F0BEF8E4E76C4695
:10C8080000233B7102237B7188B06E4616F110023B
:10C8180011D00E201AB1042801DD264B73610023C4
:10C828003B7002237B709AB1082800DDB56106F1E0
:10C838001C0300210AE06FF00040EBE701F1080556
:10C848003D4415F8085C03F8015B01310129F5D96D
:10C858000D2822DD0E2342B103213971002179719F
:10C86800B9710121F9717868306100216FF3000115
:10C878006FF341016FF382016FF3C501022060F38A
:10C888008811C3F30A0363F353216FF31F51002385
:10C898000948FBF7E7F8A54696E76FF01B03DAE7C8
:10C8A800E4CC002020CD00208CCD0020A0CF00209B
:10C8B80074CC0020903403002400030008B5064817
:10C8C80003F0E2FD08B9002008BD0346034A012130
:10C8D80003480BF020FAF6E785C70100BC340300D3
:10C8E8002400030048B1026852B142685AB1026993
:10C8F800084B9A420AD1002070476FF01500704724
:10C908004FF0FF3070474FF0FF3070474FF0FF3067
:10C91800704700BFEEFFC00030B583B0019001A89A
:10C928000EF01DFF0024032C0DD8094B53F824509A
:10C938002846F4F74FF902462946019812F021FDDE
:10C9480020B10134EFE7002003B030BD0120FBE740
:10C95800203503002DE9F04184B004460020019001
:10C9680002900390002A7BD00F461E469046204630
:10C97800FFF7B8FF054618B1284604B0BDE8F081B6
:10C9880001AA394620460FF002F805460028F3D1DF
:10C998009DF80C30052B04D0082B64D16FF03C05B2
:10C9A800EAE713F08DF83C4B0022C250052E13D154
:10C9B800019803782D2B59D00A22002107F008FE90
:10C9C800034613F07DF8344A1258222A51D0C8F889
:10C9D8000030C8F80410CFE70A220021019807F0B8
:10C9E80001FD0346042EC7D8DFE806F0030F17251C
:10C9F8002F0010F5004241F10001B2F5803F71F1BE
:10CA0800000139D2A8F80030B6E7B0F5803F71F1DF
:10CA1800000134D2A8F80030AEE710F1004241F12D
:10CA280000014FF0FF3090424FF000028A4129D3B5
:10CA3800C8F80030A0E74FF0FF3282424FF0000202
:10CA48008A4122D3C8F8000096E713F039F8124A51
:10CA58001258222A1CD0C8F80030C8F804108BE7F6
:10CA68006FF0150588E76FF05E0585E76FF0210523
:10CA780082E76FF021057FE76FF021057CE76FF013
:10CA8800210579E76FF0210576E76FF0210573E757
:10CA98006FF0210570E700BF0C000000034658B195
:10CAA80069B10020186058609860D86018611960F2
:10CAB8005960044A1A6170476FF0150070476FF0AB
:10CAC80015007047EEFFC00010B50B78412B16D843
:10CAD800232B16D3233B1E2B13D8DFE803F01712A2
:10CAE8001712121212121712121212121212121214
:10CAF8001212121212121212121212122800612BA2
:10CB080015D0002303604360836010BD01F1010C60
:10CB18004B785A2B06D8412B30D2303BDBB2092B4D
:10CB2800EFD82BE0613BDBB2192BEAD826E04B7833
:10CB3800542B01D0742BE4D18C1C8B78233BDBB2B3
:10CB4800082B06D840F2051C2CFA03F313F0010F4A
:10CB58002DD102B11460641A00230360436083601E
:10CB68000160446003230372CFE7303BDBB2092B3B
:10CB7800C7D803E0613BDBB2192BC2D864461CF866
:10CB8800013F3A2B05D0F0D95A2BF3D8412BB8D313
:10CB9800F4E7023402B11460641A013C0023036014
:10CBA800436083600160446004230372ADE701F1D0
:10CBB800030CCB785A2B6BD8412B03D2303BDBB21A
:10CBC800092BC6D86446A44614F8013F5A2B65D8E9
:10CBD800302BBED3303B2A2BBBD80FF2080E5EF8A1
:10CBE80023F000BFCFCB0100CFCB0100CFCB01009A
:10CBF800CFCB0100CFCB0100CFCB0100CFCB0100C1
:10CC0800CFCB0100CFCB0100CFCB01005BCB010024
:10CC18005BCB01005BCB0100B1CC01005BCB010019
:10CC2800D5CC01005BCB0100CFCB0100CFCB0100FD
:10CC3800CFCB0100CFCB0100CFCB0100CFCB010080
:10CC4800CFCB0100CFCB0100CFCB0100CFCB010070
:10CC5800CFCB0100CFCB0100CFCB0100CFCB010060
:10CC6800CFCB0100CFCB0100CFCB0100CFCB010050
:10CC7800CFCB0100CFCB0100CFCB0100CFCB010040
:10CC8800CFCB0100CFCB0100CFCB0100CFCB010030
:10CC9800613BDBB2192B3FF65CAF93E7613BDBB23C
:10CCA800192B3FF656AF8EE70CF1020364783F2C40
:10CCB8001BD002B113605B1A013B00220260426084
:10CCC800826001604360032303721EE70CF10203D4
:10CCD80002B113605B1A013B00220260426082606D
:10CCE80001604360022303720FE70CF1030302B1F2
:10CCF80013605B1A023B002202604260826001609E
:10CD080043600123037200E710B50B78392B0FD865
:10CD1800302B1AD2202B0FD14C1C4B785A2B26D8EB
:10CD2800412B2AD2303BDBB2092B05D821460CE037
:10CD38005A2B06D8412B08D2002303604360836036
:10CD48004BE0613BDBB2192BF6D88C46E6461CF863
:10CD5800013F392B24D8202B13D20D2B0FD10EF1E4
:10CD680002039CF801400A2C39D0634626E0613B57
:10CD7800DBB2192BE0D82146E7E72146E5E7634611
:10CD88001CE0203BDBB24FF0010E0EFA03F3154C0A
:10CD98001C40002CDAD113F4805F1FD163460DE0EC
:10CDA8005F2BD3D005D9613BDBB2192BCED96346B3
:10CDB80004E0413BDBB2192BC8D9634613F8014C98
:10CDC80002B11360ACEB01022C2C14BF0023012329
:10CDD8000160426009220272437210BD634601334A
:10CDE800ECE700BF0168FF0308B510B100F066F872
:10CDF80008BD034A032103480AF083FFF8E700BF90
:10CE080030350300A400030008B528B100F056F837
:10CE1800002000F07BFB08BD00F088F80028F7D060
:10CE2800034A012103480AF06CFF6FF01500F2E78E
:10CE3800A4350300A400030008B580B900F0AEF8DB
:10CE48000D4B19780D4B18780EF022FF034668B980
:10CE580001210B4803F024FB00F094FE08BD0346B3
:10CE6800084A012108480AF056FFF7E7074A012156
:10CE780005480AF050FFEBE7E0CC0020E1CC0020A9
:10CE880034360300C4350300A4000300FC35030056
:10CE98008446094B1868002204E0CCF8002070474B
:10CEA8000246184638B143688B42F6D0034600283C
:10CEB800F6D00368F4E770478C0A012010B582B0F9
:10CEC80004464FF0FF324FF0FF33164805F080FA62
:10CED800214601A8FFF7DCFF28B1124805F0F8FA4F
:10CEE800002002B010BD082006F02AFF019070B1A2
:10CEF80000220260426044600B4A52686AB11060C6
:10CF0800094A5060074805F0E3FA0020E9E70548B8
:10CF180005F0DEFA6FF06800E3E7034A506010603E
:10CF2800F0E700BF04CE00208C0A0120024B1868ED
:10CF3800B0FA80F0400970478C0A012038B50546E0
:10CF4800FFF7F4FF00B138BD4FF0FF324FF0FF3369
:10CF5800104805F03DFA104B1B6823B11C683CB122
:10CF680033B91C4604E01C4602E022462346144618
:10CF78005BB15B6828469847002CF6D02268002AE7
:10CF8800F4D0002CF2D12246F0E7024805F0A0FACE
:10CF9800D9E700BF04CE00208C0A012000B591B06B
:10CFA800154A4021684603F0DFFA50B9134968462C
:10CFB80012F03CFA60B1124B01221A7011B05DF800
:10CFC80004FB03460F4A01210F480AF0A4FEF5E7C7
:10CFD8000E49684612F02AFA18B1094B02221A7053
:10CFE800ECE70B49684612F021FA0028E6D0044B1A
:10CFF80003221A70E2E700BF8C07030078360300AB
:10D008007F1F012048360300A40003008436030074
:10D0180090360300014B1878704700BF7F1F01202E
:10D0280030B583B00446154612F04AFD134B002272
:10D03800C2500A4601A9204607F05EF9019AA242A9
:10D0480012D00346127892B900F10042013A12F167
:10D05800030F05D912F034FD084A1258222A09D0C4
:10D068002B60002003B030BD6FF03C00FAE76FF092
:10D078003C00F7E76FF03C00F4E700BF0C0000004D
:10D0880000B587B003AB0022039204920592064ACA
:10D09800039200930E234FF480620449044805F07C
:10D0A80073FC07B05DF804FBA0360300986C012000
:10D0B80000DF00202DE9F0478EB000AF80460D4616
:10D0C80014461E46D7F858A00A233B614FF00009C2
:10D0D800C7F80C9004230B7030224946204612F002
:10D0E8000AF94FF0FF32A260E26086F80090CAF8B1
:10D0F8000420CAF80020414607F12000FFF7CEFCC3
:10D1080007F13402012107F120000EF0D4FC0028B9
:10D1180077D17B6B2B7007F10C0107F120000EF023
:10D12800A3FC8046002878D12B785A2B02D0FB68C4
:10D13800032B79D807F13402042107F120000EF0FF
:10D14800BAFC08B97B6B337007F10802052107F1B7
:10D1580020000EF0B0FC05463A1D062107F120001C
:10D168000EF0A9FC284353D1D7F80880B8F1000F76
:10D1780040F08880D7F80490D4F808E0D4F80CC0C0
:10D1880034786D468AB06B4613F1100274D01820BB
:10D198009AB10146042801DD3B4E5E61082901DD94
:10D1A800C3F818900C2901DDC3F81CE0102901DD33
:10D1B800C3F820C0142900DD5C6217285FDD18243D
:10D1C8003AB10621397000217970B970F970386860
:10D1D800186100216FF300016FF341016FF38201C1
:10D1E8006FF3C501022363F38811C4F30A0363F3E1
:10D1F80053216FF31F5100232448FAF733FCAD463F
:10D2080006E080460346224A012120480AF083FDB1
:10D2180040463837BD46BDE8F08703461D4A012120
:10D228001A480AF078FDF3E707F1100307F1140232
:10D23800022107F120000EF043FCA8B10A233B614C
:10D2480007F1100307F11402032107F120000EF083
:10D2580037FC00287FF46EAF1022002107F114007C
:10D2680007F050F9A06065E71022002107F11400CB
:10D2780007F048F9E060E1E76FF0004088E76FF0F9
:10D288001B049DE78046C3E730370300A400030072
:10D29800B0360300E0360300F0B5A5B002AF04468F
:10D2A8003822002107F1500012F025F807F10C038D
:10D2B800009307F1170307F1180207F14F01204601
:10D2C800FFF7F8FE98B997F84F30012B6CD0052B73
:10D2D8006AD097F84F30372B72D8322B75D2052B7E
:10D2E80073D96A4A01216A480AF015FD56E00346D7
:10D2F8006D4601223A7203227A728AB00DF1080C47
:10D308001CF1100218D012204AB10146042802DD8F
:10D31800604ECCF81460082901DDCCF818300123E0
:10D328003B7103237B71A2B10C2801DDCCF81C40B2
:10D338000CF1200300210AE06FF00040E4E701F15E
:10D3480088043C4414F8844C03F8014B013101294A
:10D35800F5D9112825DD12234AB10421397200219B
:10D368007972B9720121F972B868CCF810000021FD
:10D378006FF300016FF341016FF382016FF3C50191
:10D38800012060F38811C3F30A0363F353216FF399
:10D398001F5100233E48FAF765FBAD468C37BD4662
:10D3A800F0BD6FF01B03D7E7386A0EF07FFC18B9A1
:10D3B800042387F84F308CE7374805F019F988E7D8
:10D3C800A3F15A02D2B2012A8BD8FFF7AFFD002889
:10D3D800E4D197F84F30314A127893423ED1304B1E
:10D3E8009B683A6A9A4204D12D4BDB687A6A9A4262
:10D3F80021D0042387F85030294C07F1180CBCE8D9
:10D408000F000FC4BCE80F000FC49CE80F0084E8AD
:10D418000F0007F1580407F1180CBCE80F000FC4FF
:10D42800BCE80F000FC49CE80F0084E80F0007F168
:10D438005000FFF783FDFB7D1A4A12789342ADD066
:10D448000E2B05D844F28122DA4012F0010F11D1D7
:10D45800154A01210E480AF05EFC9FE70F4A137037
:10D46800002287F8502087F8583007F15000FFF75E
:10D4780065FDB4E70B4A1370052287F8502087F83A
:10D48800583007F15000FFF759FD87E7B037030020
:10D49800A400030084370300F8CE0020801F012079
:10D4A800E8DF0020811F0120D837030010B582B0C3
:10D4B80000230093F8B104466B460DF106020F49AC
:10D4C8000F4803F039F9002807DD00980EF0EEFB4D
:10D4D80060B90423237002B010BD0346094A012134
:10D4E80009480AF018FC6FF00D00F4E7BDF80630A3
:10D4F80023700020EFE76FF01500ECE7F03703002A
:10D508009C070300B0360300A400030030B583B0C5
:10D518000446304B0121D3E8EF2FC3E8E01F002871
:10D52800F9D102BB0DF10600FFF7C0FF054610BB9D
:10D538009DF80630012B0BD0052B09D00DF1070003
:10D5480000F07CF800B300246FF00D05002C3BD1EF
:10D55800204B0022D3E8EF1FC3E8E02F0028F9D1C1
:10D56800284603B030BD1C4A02211C480AF0C9FBFA
:10D578006FF07605F4E71A4A012118480AF0C1FB52
:10D5880000246FF00D05E1E7164805F0A1F8012029
:10D5980000F07AF80546A8B914B9002DD8D0D5E717
:10D5A8004FF0967200230F4805F06AF8054610F10F
:10D5B8000B0FF2D10C4A032108480AF0A2FB6FF0C6
:10D5C8007305C3E70024C1E79DF8070000F05CF885
:10D5D800BEE700BF940A012010380300A40003002E
:10D5E8002C380300F8CE00205838030008B5074847
:10D5F80002F056FF00B908BD0346054A0121054857
:10D608000AF089FB6FF00D00F5E700BF80380300D2
:10D618008C380300A400030008B5FFF7E7FF00B14A
:10D6280008BD00F0E5F80028FAD1034B1B78002B61
:10D63800F6D000F083F9F3E7821F0120C8B110B5D6
:10D6480082B004460DF106020B490C4803F074F849
:10D65800012805D1BDF806302370002002B010BDA6
:10D668000346074A012107480AF055FB6FF00D00F1
:10D67800F4E76FF015007047CC380300D838030082
:10D68800E4380300A400030010B50446042806D8B3
:10D69800042813D8DFE800F01F2D3A121F002E28A7
:10D6A8000CD814280AD3A4F11402D2B2012393404F
:10D6B800214A13420FD113F0020F08D123461F4A03
:10D6C80001211F480AF027FB6FF0150008E0FFF75B
:10D6D800A3FF034628B921461A4802F0E1FE10BB11
:10D6E80010BD194A012116480AF015FB6FF00D000C
:10D6F800F6E7FFF791FF03460028ECD0124A012114
:10D708000F480AF008FB6FF00D00E9E7FFF784FF08
:10D7180003460028DFD00C4A012109480AF0FBFA29
:10D728006FF00D00DCE7094A012105480AF0E9FA23
:10D738006FF00D00D4E700BF010C30074C3903002F
:10D74800A40003006839030020390300743903007A
:10D7580030B587B00D46144601466846FFF79EF976
:10D7680005AA214668460EF0A6F9044628B9059B85
:10D7780053B92B70204607B030BD0346084A012133
:10D7880008480AF0C8FAF5E7012B01D12B70F1E738
:10D79800054A012103480AF0BEFA6FF01504E9E7CB
:10D7A800B0390300A4000300DC39030010B58EB0C3
:10D7B800044638220021684611F09DFD012202A985
:10D7C8002046FFF7C5FF38B903238DF800306846B7
:10D7D800FFF7B4FB0EB010BD0346034A012103480E
:10D7E8000AF099FAF6E700BFF8390300A40003002D
:10D7F80008B5074802F054FE00B908BD0346054ABB
:10D80800022105480AF087FA6FF00D00F5E700BF1E
:10D81800603A0300203A0300A400030070B50546EF
:10D828000E460024072C10D80B4B03EBC403586892
:10D8380078B12946F3F7BCF9034608B10134F1E79A
:10D84800054A12F83420327001E06FF03C031846A4
:10D8580070BD6FF03C03FAE7643B030030B587B056
:10D8680005460C4605AA194906F06CFB012816D096
:10D878000223039303AB009304AB05AA144928467B
:10D8880006F060FB012810DD08232370059B237137
:10D89800049B6371039BA371002007B030BD06236E
:10D8A8002370059B23710020F7E705AA094928463C
:10D8B80006F048FB012805D109232370059B636006
:10D8C8000020EAE76FF03C00E7E700BF6C3A03008E
:10D8D800803A0300A83A030010B58EB004463822F7
:10D8E8000021684611F007FD0B238DF8003008343D
:10D8F80002A92046FFF792FF58B90B238DF8003094
:10D908009DF80830012B0BD06846FFF717FB0EB0C7
:10D9180010BD02A92046FFF7A1FF0028EDD0F6E7C9
:10D92800FFF778FB0328EFD040F6CD4200230248EA
:10D9380005F070F8EBE700BF70CA002008B508488A
:10D9480002F0AEFD20B9074B01221A70002008BD75
:10D95800054802F0A5FD0028F5D06FF00D00F6E7A8
:10D96800C03A0300821F0120CC3A030038B50446B0
:10D97800431E072B0ED80D46042914D8082823D196
:10D98800D1B91A4802F08CFD38BB194B1C70194BE1
:10D998001D7038BD0346184A012118480AF0BBF922
:10D9A8006FF01500F5E70B46154A012113480AF0F8
:10D9B800B2F96FF01500ECE7124A01210F480AF09E
:10D9C800A0F96FF01500E4E70F4B5A5C0F4B53F8C2
:10D9D80020100F4802F064FDD6E70E4A01210748DF
:10D9E8000AF08FF96FF00D00D3E700BF383C030051
:10D9F800E1CC0020E0CC0020A43B0300A4000300FD
:10DA0800C83B0300F03B0300883C0300C03C030014
:10DA1800543C03006C3C030010B596B000231293ED
:10DA2800ADF84C308DF84E30002800F09280044656
:10DA38000DF15700FFF702FE00285ED19DF8573020
:10DA4800022B62D9152B63D104F108030E9304F15C
:10DA580010030D9304F10E030C9304F118030B93B8
:10DA680010AB0A930DF14203099304F114030893D0
:10DA7800231D079304F11203069312AB059304F1D7
:10DA88002403049304F11603039304F10C03029393
:10DA980004F10A03019311AB00930DF1460314AA94
:10DAA8003049314802F048FE002839DB149B002B2E
:10DAB8003FD1112844D1BDF846302370BDF8443019
:10DAC8006370BDF84230A370BDF84030E37004F1D4
:10DAD80020020A210DF14B00FFF7A2FA00283BD1E2
:10DAE80000238DF84B3004F11C020A2112A8FFF71D
:10DAF80097FA002833D116B010BD1C4A01211C48E2
:10DB08000AF0FFF86FF00D00F5E75BB2002B9BD130
:10DB1800184A022116480AF0F4F86FF05E00EAE7A6
:10DB28000346154A012112480AF0F5F86FF00D0076
:10DB3800E1E7124A02210E480AF0EDF81498DAE7F4
:10DB480003460F4A01210A480AF0E5F86FF04C0035
:10DB5800D1E76FF01500CEE76FF04C00CBE76FF020
:10DB68004C00C8E7483D03009C3D0300E03C03002F
:10DB7800A4000300003D0300A83D0300C83D0300C6
:10DB8800F83D03002DE9F0418CB000AF07F12C03FC
:10DB9800FB6001233B8204237B8207F11C037B612A
:10DBA80002233B8310237B830024012C1BD807F11D
:10DBB800300303EBC40333F8205C53F8246C32467B
:10DBC8003A49284603F0F8FD804608B90134ECE7E5
:10DBD80007F1300303EBC40434F81E2C3146284601
:10DBE8000FF0CDFB30B9B8F1000F0DD03037BD467E
:10DBF800BDE8F08111F064FF2D4B1B582D4A01211F
:10DC08002D480AF088F8F1E76D4600233B7202239D
:10DC18007B7288B06C4614F1100212D00E201AB133
:10DC2800042801DD254B636100233B7102237B71CE
:10DC3800A2B1082801DD1D4BA36104F11C030021DA
:10DC48000AE06FF00040EAE701F130063E4416F8BA
:10DC58002C6C03F8016B01310129F5D90D2822DD5F
:10DC68000E2342B10321397200217972B972012160
:10DC7800F972B868206100216FF300016FF3410168
:10DC88006FF382016FF3C501012060F38811C3F3BC
:10DC98000A0363F353216FF31F5100230648F9F772
:10DCA800E1FEAD46A2E76FF01B03DAE7203E030072
:10DCB8000C000000283E0300A4000300543E0300AB
:10DCC80000B587B001466846FEF7E8FE0DF116027A
:10DCD800012168460DF0EAFE38B9074B1B689DF82C
:10DCE8001600984707B05DF804FB0346034A012174
:10DCF80003480AF010F8F5E7980A01207C3E030073
:10DD0800C40003002DE9F04F9BB002AF81468B465B
:10DD180090460023FB656B49104611F087FB18B14C
:10DD280000250570404655E06C4600233B710223F0
:10DD38007B7188B002AB13F1100212D00E201AB119
:10DD4800042801DD60495961002139700221797088
:10DD5800A2B1082801DDC3F8188003F11C010025D1
:10DD68000AE06FF00040EAE705F160063E4416F865
:10DD7800606C01F8016B0135012DF5D90D2824DD02
:10DD88000E2542B10321397100217971B971012140
:10DD9800F9717868186100216FF300016FF3410190
:10DDA8006FF382016FF3C501022363F38811C5F392
:10DDB8000A0565F353216FF31F5100234348F9F710
:10DDC80051FEA5466FF015056FE06FF01B05D8E70B
:10DDD800581C01353E4911F029FB03460028F7D1AC
:10DDE800002D62D04FF0010A00242CE060333B4440
:10DDF800002203F8442C202107F11C0011F097FAA7
:10DE080030B10022027007F11C00F2F7E3FEF8655A
:10DE18004846F2F7DFFE01464844ABEB0106BAF18B
:10DE2800000F39D02B4B07F11C0200922A4A3146C9
:10DE380006F05CF800283FDD864240D3013D2DD036
:10DE480001344FF0000A08EB04062149304611F06E
:10DE5800EDFA40B3831B01331C44002308F8043057
:10DE6800314607F10800FEF719FE4023FB6507F16C
:10DE78005C0307F11C02042107F108000DF020FEE5
:10DE8800C0B9FB6D002BB1D10134013DDBD148464F
:10DE9800F2F7A0FE054608E0104BC4E74846F2F743
:10DEA80099FE054601E06FF00D0528466437BD462A
:10DEB800BDE8F08F0546F8E76FF07905F5E76FF0F4
:10DEC8007905F2E7F8340300A03E0300C40003001C
:10DED80088070300FC340300B83E03009C3E03009F
:10DEE800F0B5A9B004460D461646002708977C22CF
:10DEF800394609A811F0FFF90697002D00F0828035
:10DF0800002E00F082802F704A4B53F824703B6833
:10DF1800494A802108A802F027FB002878D1022C62
:10DF280012D0092C2BD008A901A8FEF7B7FDBB7A9F
:10DF3800012B2BD0022B47D00E2C53D0069F002F3D
:10DF480075D0384629B0F0BD282108A811F0EFF99E
:10DF58000446292108A811F0EAF9002C5BD0002812
:10DF68005CD0002343702046F2F734FE0690B0429E
:10DF780057D221462846F2F725FE069FE1E708AA70
:10DF880031462846FFF7BEFE0746DAE70DF11E02C6
:10DF9800397A01A80DF08AFD074670B9BDF81E3020
:10DFA800264A3146284605F0A1FF069000283BD0B6
:10DFB8008642C1D26FF07907C3E70346204A0121A0
:10DFC800204809F0A8FEBCE7069606AB2A46397A2F
:10DFD80001A80DF075FD07460028B2D1069B002266
:10DFE800EA54A9E728460DF07BFE069B142BA5D121
:10DFF800013BEA5C462AA1D10022EA54069B013B78
:10E0080006939BE76FF015079BE76FF0150798E7F6
:10E018006FF0040795E76FF00D0792E76FF00D07B3
:10E028008FE76FF079078CE76FF0790789E76FF072
:10E03800850786E7984103003C1F0300442003003E
:10E04800C03E0300C400030008B50146014802F0C1
:10E0580027FA08BD0C43030000B583B001AA0A499A
:10E068000A4802F069FB031E06DB0198003818BF56
:10E07800012003B05DF804FB054A0221054809F0B8
:10E088004AFE0020F5E700BF1843030024430300BD
:10E0980030430300D400030000287DDB08B520F4DA
:10E0A8007F03B3F5047F70DCB3F5007F0DDDA3F2C9
:10E0B80001220F2A69D8DFE802F030384068684842
:10E0C80050686868686868685860322B1DD009DD38
:10E0D8003C2B5AD1314A0221314809F012FE6FF027
:10E0E800070011E04BB1172B4FD12E4A02212C48C3
:10E0F80009F007FE6FF0060006E02B4A02212848C7
:10E1080009F0FFFD6FF0040008BD284A02212448E9
:10E1180009F0F7FD6FF01500F6E7254A02212048BF
:10E1280009F0EFFD6FF00100EEE7224A02211C48DA
:10E1380009F0E7FD6FF00C00E6E71F4A02211848D6
:10E1480009F0DFFD6FF00B00DEE71C4A02211448DE
:10E1580009F0D7FD4FF0FF30D6E7194A02211048E1
:10E1680009F0CFFD6FF07700CEE7164A02210C4880
:10E1780009F0C7FD6FF01500C6E7134A02210848E9
:10E1880009F0BFFD6FF08B00BEE7104A012104487B
:10E1980009F0C1FD0E48B7E7704700BF9843030078
:10E1A800D400030068430300584303007843030086
:10E1B800A8430300B8430300CC430300E44303002F
:10E1C800104403002444030034440300644403005F
:10E1D800ADBAADBA70B584B0A2B304460D461646C2
:10E1E8004FF0FF324FF0FF33184804F0F1F80DF10B
:10E1F8000F000DF08CFD1648002303700095234690
:10E20800144A4FF4805102F0AFF904469DF80F30DC
:10E218006BB17CB90E48F2F7DDFC04280FD9012355
:10E2280033700A4804F054F9204604B070BD0DF06C
:10E2380069FDEEE72046FFF72FFF0446F1E70023CC
:10E248003370EEE76FF01504EEE700BFF0CD002065
:10E258009C0A01208044030008B5FF2801D0044B24
:10E268001870044B1B680BB10148984708BD00BFE4
:10E278009C1A0120A81A012008B5037823B9037A4B
:10E28800012B02D0052B00D008BD0DF053FD00284E
:10E29800FAD14FF4004200230249034810F063FA10
:10E2A800F2E700BFA0CA002020E0002008B5134B09
:10E2B8000121D3E8EF2FC3E8EC1FBCF1000FF8D120
:10E2C800C2B94FF47A7303FB00F0410CC00340F26B
:10E2D800E733C0184FF47A724FF0000341F10001A0
:10E2E800F2F74CFC02460B460549064810F03BFA8B
:10E2F800002008BD6FF00A00FBE700BFA41A012048
:10E30800A0CA002020E0002008B5064B0022D3E870
:10E31800EF1FC3E8E02F0028F9D14FF46150FFF751
:10E32800C5FF08BDA01A012008B5084BD3E8EF2F98
:10E33800511CC3E8E01F0028F8D1002A03DA3C206A
:10E34800FFF7B4FF08BDFFF7DFFFFBE7A01A0120C6
:10E3580000B587B003AB0022039204920592084AE5
:10E36800039200930E234FF4A0620649064804F076
:10E378000BFB0648FEF738FD07B05DF804FB00BF4D
:10E38800B04403009870012020E0002081E20100E1
:10E39800034A13685268134314BF012000207047D2
:10E3A80018E0002008B5184A13685268134325D0AE
:10E3B80010F0CCFC8E464A0142EAD06243011B1A97
:10E3C80062EB0102920042EA93729B001B1842EB37
:10E3D8000102D20042EA5372C3F3103343EA4243C4
:10E3E800D20B0948016840685B1A62EB00020749D2
:10E3F8008B4272F1000204DA002008BD6FF03C0085
:10E40800FBE76FF03C00F8E718E0002080EE3600EC
:10E418002DE9F0438FB007460E46904699460025F1
:10E428000A950B950C950D952422294601A810F004
:10E4380062FF10F08BFC4B0143EAD0634401241ABD
:10E4480063EB01039B0043EA9473A400241843EB95
:10E458000101C90041EA5471C4F3103444EA41444B
:10E46800C90B224B1C605960214BC3F80090FFF781
:10E478004BFF204BD3E8EF2FC3E8E15F0029F9D128
:10E488004FF47A72002338463146F2F727FBCDE97C
:10E498000A014FF47A72002338463146F2F71EFB20
:10E4A800154B03FB02F20C920AA90120F8F73CFA7B
:10E4B800034660B901A90AA805F074FCB8F1000F79
:10E4C8000ED14046FFF7C8FE0FB0BDE8F0830B4AF7
:10E4D80001210B4809F01FFC0320FFF7BDFEF3E7FD
:10E4E800494601A800F046FBEBE700BF18E0002012
:10E4F80084CC0020A01A012040420F00C44403002D
:10E508004400030008B5024B1B68FFF781FF08BDF4
:10E5180084CC002000B587B0FFF744FF00B31B4B45
:10E528000022D3E8EF1FC3E8E02F0028F9D16323C6
:10E53800059300220023CDE9022305A902A800F0D3
:10E54800C3FAA8B100220023CDE90023684600F0F1
:10E558008DF8A0B1FFF7E8FE0320FFF77DFE04E089
:10E56800FFF7D2FEFF20FFF777FE07B05DF804FB48
:10E57800059B0022DDE90201FFF74AFFF5E70122CA
:10E58800DDE90001FFF7BEFFEFE700BFA41A012095
:10E5980000B583B00DF107000DF076FB48B99DF882
:10E5A8000730012B0DD0052B0DD0002003B05DF8EE
:10E5B80004FB0346054A0221054809F0ACFB00208C
:10E5C800F4E70120F2E70120F0E700BFE44403008C
:10E5D8004400030070B5A0B004460E461546542208
:10E5E800002101A810F087FE4FF4806302931FAB4F
:10E5F80001AA1949204609F0CDFEB8B91F9B9A69AE
:10E60800D96916A8F9F7B6FF0446B8B92A463146BB
:10E6180016A809F071FC0446B8B91F9809F0E3FE82
:10E6280016A809F07FFC204620B070BD04460346BA
:10E638000A4A02210A4809F06EFBF4E70346094A30
:10E648000221074809F067FBE7E70346064A02216B
:10E65800034809F060FBE0E7204503002445030078
:10E66800440003003C4503005445030038B5044604
:10E67800FFF78EFF20B30025012D26D8174A41F257
:10E688008831174B53F82500FFF7A4FFD8B9134A70
:10E698001368556819466A0142EAD3625B015B1A3E
:10E6A80062EB0502920042EA93729B005B1842EB10
:10E6B8000502D20042EA5372DB002360626038BD73
:10E6C8006FF03C00FBE70135D6E7064A0221064811
:10E6D80009F017FB6FF03C00F1E700BF08E10020EC
:10E6E800B04503006C450300440003002DE9F041E8
:10E6F8008EB000AF0446AE4B01221A70FFF752FEEF
:10E70800002800F000812C21204610F010FE05465C
:10E7180030B3F2F75FFA102873D96B78222B00F028
:10E72800F9806E4600233B7202237B7288B06D46E7
:10E7380015F1100200F0B6800E201AB1042801DD90
:10E748009C4B6B6100233B7102237B71002A00F014
:10E75800B680082800DDAC6105F11C030021ACE09F
:10E768006E4600233B7202237B7288B06D4615F11A
:10E77800100211D00E201AB1042801DD8E4B6B61F6
:10E7880000233B7102237B719AB1082800DDAC613C
:10E7980005F11C0300210AE06FF00040EBE701F1EE
:10E7A80038043C4414F8344C03F8014B0131012976
:10E7B800F5D90D2822DD0E2342B10321397200213B
:10E7C8007972B9720121F972B868286100216FF372
:10E7D80000016FF341016FF382016FF3C50101205E
:10E7E80060F38811C3F30A0363F353216FF31F51D6
:10E7F80000237248F9F736F9B54684E06FF01B0339
:10E80800DAE76E4600233B7202237B7288B06D46BE
:10E8180015F1100211D00E201AB1042801DD684B41
:10E828006B6100233B7102237B719AB1082800DDDC
:10E83800AC6105F11C0300210AE06FF00040EBE732
:10E8480001F138043C4414F8344C03F8014B01310D
:10E858000129F5D90D2822DD0E2342B10321397291
:10E8680000217972B9720121F972B8682861002112
:10E878006FF300016FF341016FF382016FF3C5017C
:10E88800012060F38811C3F30A0363F353216FF384
:10E898001F5100234948F9F7E5F8B54633E06FF012
:10E8A8001B03DAE76FF0004047E701F138043C4406
:10E8B80014F8344C03F8014B01310129F5D90D281E
:10E8C80025DD0E2342B10321397200217972B97214
:10E8D8000121F972B868286100216FF300016FF314
:10E8E80041016FF382016FF3C501012060F38811C4
:10E8F800C3F30A0363F353216FF31F5100232F4817
:10E90800F9F7B0F8B5463837BD46BDE8F0816FF085
:10E918001B03D7E7072307F10C020E21A81C08F0F8
:10E92800D7FE06284ED9387B0DF008FA0646B8629D
:10E93800787B0DF003FA04467862B87B0DF0FEF997
:10E948003862F87B0DF0FAF9F861387C0DF0F6F9C9
:10E95800B861787C0DF0F2F9786197F8128008F0C8
:10E96800F7000DF0EBF9054618F0080F00D0454206
:10E978006436BE62013C7C6207F1140008F0F1FEC7
:10E988004A0142EAD06243011B1A62EB010292007B
:10E9980042EA93729B001C1841EB0201C9002B4606
:10E9A8000022E00041EA5471FFF732FDABE700BFF7
:10E9B800831F01200C460300B845030044000300F0
:10E9C800E84503006D4601233B7203237B728AB03E
:10E9D8006E4616F1100218D04FF0120C42B1634681
:10E9E800BCF1040F01DD24497161082B00DDB06121
:10E9F80001233B7103237B71A2B1BCF10C0F00DD35
:10EA0800F46106F1200300210AE06FF0004CE5E70D
:10EA180001F13800384410F8340C03F8010B0131C7
:10EA28000129F5D9BCF1110F22DD122342B10421CD
:10EA3800397200217972B9720121F972B8683061AE
:10EA480000216FF300016FF341016FF382016FF34F
:10EA5800C501012060F38811C3F30A0363F353214E
:10EA68006FF31F5100230548F8F7FCFFAD464AE74E
:10EA78006FF01B03DAE700BF4446030044000300BD
:10EA880008B5064801F00CFD00B908BD0346044A64
:10EA98000121044809F03FF9F7E700BF8846030061
:10EAA8009446030044000300012802D0152800D032
:10EAB800704708B5024903480FF026FE08BD00BF9D
:10EAC80088CC002020E0002030B591B06323069365
:10EAD800234B1B78002B3FD004460D4606AB04930E
:10EAE80007AB039308AB029309AB01930AAB0093FE
:10EAF8000BAB0CAA1B491C4801F01EFE831F012BFF
:10EB080021D80C9B64330C930B9B013B0B9307A8F8
:10EB180008F027FE4A0142EAD06243011B1A62EB61
:10EB28000102920042EA93729B001B1841EB02011A
:10EB3800C90041EA5371DB0023606160069B2B60CA
:10EB4800002011B030BD0346084A0221084809F0E8
:10EB5800E2F86FF03C00F4E76FF03C00F1E700BF2B
:10EB6800831F0120D046030040400300EC46030009
:10EB780044000300134B1B7803B1704710B584B0F1
:10EB880044690269104B83FB04C34FEAE47CCCEB75
:10EB9800631C03910368029343680193836800939D
:10EBA800C3680132642101FB1C41084801F078FC6C
:10EBB800034608B904B010BD054A0121054809F00B
:10EBC800AAF8F7E7831F01201F85EB518047030050
:10EBD800B04703004400030008B5037803B908BD33
:10EBE8000146064801F05CFC03460028F7D0044AB9
:10EBF8000121044809F08FF8F1E700BF3C1F03002A
:10EC0800D8470300BC00030010B5B0B90E48FFF7A1
:10EC1800E3FF0E48FFF7E0FF0D4C2046FFF7DCFF4F
:10EC28002046FFF7D9FF2046FFF7D6FF2046FFF71B
:10EC3800D3FF2046FFF7D0FF10BD0346054A012148
:10EC4800054809F068F8F7E7004803002048030082
:10EC5800FC340300F0310300BC00030010B5284B5E
:10EC68005C6D284A0121284809F04BF814F4805FAC
:10EC780010D1162014F4006F13D114F4007F17D1AB
:10EC880014F4806F27D114F4807F2BD114F4005F23
:10EC98002FD110BD1D4A01211B4809F032F8172059
:10ECA800E8E71B4A0121184809F02BF81820E4E787
:10ECB800184A0121144809F024F8174B9B6B14F4E7
:10ECC800004F01D11920DBE7144A01210E4809F051
:10ECD80022F81920D4E7124A01210B4809F011F84B
:10ECE8001A20D0E70F4A0121074809F00AF81B202B
:10ECF800CFE70D4A0121044809F003F81C20C8E7B2
:10ED0800AC1A0120A82B03000C010300C02B030040
:10ED1800142B0300D42B030000ED00E0F02B0300BC
:10ED2800082C0300242C0300782B030038B52C4D45
:10ED3800EC6D2C4A01212C4808F0E3FFAB6E14F06F
:10ED4800400F16D114F0010F19D114F0020F1DD184
:10ED580014F0040F21D114F0080F25D114F0100F6E
:10ED680029D114F0200F2DD114F0800F31D1252096
:10ED78000BE01E4A01211C4808F0CDFFE2E71C4ABF
:10ED88000121194808F0BDFF262038BD194A012184
:10ED9800154808F0B6FF2720F7E7174A012112485F
:10EDA80008F0AFFF2820F0E7144A01210E4808F0C8
:10EDB800A8FF2920E9E7124A01210B4808F0A1FF22
:10EDC8002A20E2E70F4A0121074808F09AFF2B2082
:10EDD800DBE70D4A0121044808F093FF2C20D4E713
:10EDE800AC1A0120484803000C01030064480300E2
:10EDF800744803008C480300AC480300C84803006B
:10EE0800E8480300004903001C49030010B5124BF1
:10EE1800DC6E124A0121124808F073FF14F0020F49
:10EE280007D114F0010F0AD114F0040F0DD11320EB
:10EE380010BD0C4A01210A4808F063FFF1E70A4AAD
:10EE48000121074808F05DFFEEE7084A0121044860
:10EE580008F057FFEBE700BFAC1A01203049030068
:10EE68000C0103004C4903007C490300AC49030032
:10EE780090B583B000AF0F2923DC2F4C1039002345
:10EE88003B7102237B718AB0EC461CF110021AD048
:10EE9800122022B1042802DD284BCCF814300023BC
:10EEA8003B7002237B70E2B10346082801DDCCF8F1
:10EEB80018400C2B01DDCCF81C100CF120030021AC
:10EEC8000DE01F4CDAE76FF00040E2E701F10804BB
:10EED80004EB070E1EF808EC03F801EB01310129D9
:10EEE800F4D9112824DD12234AB1042139710021F3
:10EEF8007971B9710121F9717868CCF81000002195
:10EF08006FF300016FF341016FF382016FF3C501E5
:10EF1800012060F38811C3F30A0363F353216FF3ED
:10EF28001F5100230748F8F79DFD0C37BD4690BDDB
:10EF38006FF01B03D8E700BF802A0300B42A030040
:10EF4800982A03000C01030010B5074907480CF084
:10EF580036FF044608B9204610BD0346044A01217D
:10EF6800044808F0D8FEF6E7C1EF0100AC1A01200A
:10EF7800E04903000C01030038B50C4600F0080511
:10EF88000C4B196F20460CF0F2FE4DB9E369C3F340
:10EF980008025AB96FEA53236FEA4323E36105E095
:10EFA800E36923F4FF7323F00103E3612146F9F7D2
:10EFB8003BFC38BDAC1A012000B589B00F4B5A6A2A
:10EFC80000929A6A0192DA6A02921A6B03925A6B59
:10EFD80004929A6B0592DA6B06921A6C0792D86CB7
:10EFE80020F005001B6D13F0020F01D040F0040063
:10EFF8006946FFF7C1FF09B05DF804FBAC1A0120B0
:10F008002DE9F8430446884617461E460FF0F8FBDC
:10F0180020B9134B1B7883B1002500E00125A946D0
:10F028006DB1089B324639464046A0470446B9F1BF
:10F03800000F10D02046BDE8F8830125EFE74FF018
:10F04800FF324FF0FF33074803F0C2F90028E8D039
:10F058006FF08304EEE7034803F03AFAEAE700BFEB
:10F06800921F012054CE002000B589B007900023DC
:10F07800039304930593069307AB03930423049324
:10F08800A1B10B46096805915B68069302237AB122
:10F0980001210191009203AA40F2F531064800F0DF
:10F0A80031F8002806DB09B05DF804FB0123EEE720
:10F0B8000021EEE70120F6E705010040F0B597B022
:10F0C80005460C4606AF402632460021384610F069
:10F0D80012F94FF48073ADF8403004970596029505
:10F0E800039414B9002017B0F0BD0123019302AABC
:10F0F800009204AA0021024800F004F8F3E700BFD8
:10F108000001004010B582B0059CB1F5004F17D240
:10F11800042B18D8042C19D889B21B0603F0E06C0C
:10F1280041EA0C0C240404F4E024049B00931346E5
:10F138004CEA040201460748FFF762FF02B010BD1F
:10F148006FF08000FAE76FF08000F7E76FF080005B
:10F15800F4E700BF21FC0000014B1860704700BFB6
:10F16800201B012010B51446044B18680CF063FEF0
:10F17800002801DB2070002010BD00BF201B0120EB
:10F1880001238340014AC2F80435704700700140EA
:10F1980008B5024B1B680020984708BD241B0120B6
:10F1A80008B5024B1B68984708BD00BF241B012007
:10F1B80008B50B4B1B797BB9094B186001221A71F2
:10F1C80000B1084800F042F828B9054B186800B1AA
:10F1D800054800F0A1F808BD6FF07700FBE700BF15
:10F1E800241B012099F10100A9F1010008B5034B86
:10F1F8001B680BB10CF083FE08BD00BF241B012067
:10F2080010B5114B0122C3F808235A600022C3F835
:10F218000021D3F8003142F2107406E0002393B1C4
:10F2280001200CF004FE013C0DD0074BD3F80C2450
:10F23800D3F80C3403F0010312F4803FEED0002B16
:10F24800EDD00123EBE710BD00500040054B1B79C2
:10F258002BB9044B186001221A71002070476FF017
:10F26800770070472C1B01200D4B0022C3F80021AA
:10F27800D3F8002101221A600A4B1B681BB1084B06
:10F28800C3F804237047064BD3F80031002BFAD09B
:10F29800034B0022C3F80021D3F80031704700BFA8
:10F2A800005000402C1B012008B50B4BD3F8043349
:10F2B80013F0010F0FD0084BD3F800315BB1064BA8
:10F2C8000022C3F80021D3F800210122C3F8082343
:10F2D800024B1B68984708BD005000402C1B0120BA
:10F2E80010B50C4B0222C3F808230122DA60002271
:10F2F800C3F80421D3F8043142F21074054BD3F853
:10F30800183413F4803F04D001200CF090FD013C28
:10F31800F4D110BD0050004008B5084B1B7953B913
:10F32800064B186001221A710CF012FE044BC3F848
:10F338001805002008BD6FF07700FBE7341B01209B
:10F348000050004000B583B02E4BD3F81824D3F8F2
:10F35800183403F003038DF8073012F4803F1FD1EF
:10F36800284BD3F8143413F0010F1ED10CF0F0FD24
:10F378008DF807009DF80720224BC3F818250022B6
:10F38800C3F80421D3F8042101229A601E4B1B689C
:10F3980063B31C4B0222C3F8042303B05DF804FBDB
:10F3A8000DF107000CF0D6FDE4E7164BD3F81C343A
:10F3B80003F003038DF807300DF107000CF0CAFDC8
:10F3C8000028D7D0104B1B6823B10E4B0222C3F87C
:10F3D8000423E2E70B4BD3F80431002BFAD0094B96
:10F3E8000022C3F80421D3F80431D6E7054BD3F83B
:10F3F8000431002BFAD0034B0022C3F80421D3F8C0
:10F408000431CAE700500040341B012010B51D4BE1
:10F41800D3F8044304F0020402E01B4B1B6898472E
:10F4280074B3B4FA84F0C0F11F0001228240830053
:10F438009BB203F580739BB2C0B2D2B224EA020435
:10F4480003F1804303F5A04319680029E8D000219F
:10F4580019601B680B4BC3F80823022ADDD1D3F8C7
:10F468001814D3F8183403F00303012BD5D1054B36
:10F478000221C3F81815C3F8042301229A60CFE7C4
:10F4880010BD00BF00500040341B0120F0B51C46E1
:10F49800059F069E00F01F0C400934D1274D0CF142
:10F4A800800355F8233081B3012082B34FF0020E58
:10F4B80040EA0E0074B34FF00C0E40EA0E0067B33A
:10F4C8004FF4E06E40EA0E0056B34FF4403E40EA77
:10F4D8000E0023EA000031B30B7832B312785200E1
:10F4E800134324B322789200134317B33A781202D5
:10F4F800134306B332781204134303430CF1800C10
:10F5080045F82C30F0BD0025C9E70020CDE74FF0C5
:10F51800000ECDE74FF0000ECFE74FF0000ED1E719
:10F528004FF0000ED3E70023D7E70022D8E70022E8
:10F53800DAE70022DCE70022DEE700BF002584408E
:10F5480000F01F0240090AD10649803251F8220012
:10F55800054B034043F0020341F822307047002175
:10F56800F3E700BF00258440F0F8FCFF014B03EBF4
:10F57800800070479CCC0020014B03EBC000704713
:10F588001C4A030038B504460D4608460CF080FDB9
:10F59800083004EB4004A388C3F38203042B0FD084
:10F5A800052B0FD005F01F026D0907D1074B1B690A
:10F5B800D34013F0010F07D0032002E00023F6E741
:10F5C800032038BD0220FCE70220FAE7002584402A
:10F5D800F8B507460E4614461D4610460CF0B1FD18
:10F5E80060B9022D26D0022130460CF041FD032CD3
:10F5F80024D0022D20D0032D26D0F8BD2246314636
:10F6080038460CF0D2FE06F01F03720910D1104ADA
:10F61800803352F82330C3F301439D42EDD10021DA
:10F6280030460CF025FD294630460CF021FDE4E774
:10F638000022EDE70321D7E7012CDCD12246314631
:10F6480038460CF0B2FED8E7022CD6D1F6E700BF58
:10F65800002584400023C3B10020704711F0010F3A
:10F668000CD018E00F4C256A4CF8045B2562013277
:10F678005C1CA242F6D350F80E2022B90133002BAD
:10F68800ECD0002030BD0120FCE711F0010F01D1C2
:10F698000133E0E730B54FEA830E1A4600EB830CDE
:10F6A800E6E700BF002584402DE9F04383B081469A
:10F6B8000F46904600230193516801A8FFF7CAFF3F
:10F6C80000267EB100224FF0004148460CF0AFFC06
:10F6D800D8F8041001A8FFF7BDFF0028F0D103B047
:10F6E800BDE8F08398F8043013F0010F0FD101360C
:10F6F800E7E7002405F1800354F82330C3F30143FE
:10F7080029463846FFF764FF0123AB40236202AB6A
:10F7180003EB860353F8044C002CE8D094FAA4F4C5
:10F72800B4FA84F404F01F0528460CF0B1FC083044
:10F7380037F81020C2F3820201AB03EB86034FEACD
:10F74800D40C04F0070413F80C100120A04021EA9F
:10F75800000103F80C106B09CBD1014CCAE700BFBC
:10F768000025844038B5094B1B795BB90D46144612
:10F778002A2008F01CFC054B01221A711D609C60B0
:10F78800002038BD6FF07700FBE700BF3C1B01206D
:10F7980010B4002308E050F8234003F5A2710E4A84
:10F7A80042F821400133DBB2072BF4D900230AE0E9
:10F7B80003F1080250F8224003F5B271064A42F8F4
:10F7C80021400133DBB2072BF2D9026C024BC3F89C
:10F7D800042310BC704700BF00A0024008B50023F6
:10F7E80007E003F5A271104A002042F82100013316
:10F7F800DBB2072BF5D9002307E003F5B2710A4AFB
:10F80800002042F821000133DBB2072BF5D92A206A
:10F8180008F0D2FB044B4FF0FF32C3F80823034B28
:10F8280000221A7108BD00BF00A002403C1B012045
:10F8380001238340014AC2F80433704700A0024004
:10F8480001238340014AC2F80833704700A00240F0
:10F8580010B50D4BD3F80C4302E00C4A9168984759
:10F868008CB194FAA4F0B0FA80F00123834024EA22
:10F8780003048200064B134400221A60034B1B68E2
:10F88800002BEAD1ECE710BD00A002403C1B012090
:10F8980000A10240024B0022C3F88425704700BF34
:10F8A80000900340024B0122C3F88425704700BF33
:10F8B80000900340024B0222C3F88425704700BF22
:10F8C80000900340044BD3F8083413F0010FF9D02B
:10F8D8000160BFF35F8F70470090034010B5044686
:10F8E8000CF090FF70B1FFF7E5FF4FF0FF33236096
:10F8F800064BD3F8003413F0010FF9D0FFF7CAFF15
:10F90800002010BD6FF00C00FBE700BF0090034023
:10F9180000F01F0240090AD10649803251F822003E
:10F92800054B034043F0030341F8223070470021A0
:10F93800F3E700BF00258440F0F8FCFF38B5054622
:10F94800037F33B3437F33BB002407E00021012347
:10F9580093408B60FFF7DCFF0134E4B2032C1AD824
:10F9680055F82400B0F1FF3FF6D02B191B7C2BB1C2
:10F9780000F01F024309E9D10749E8E700F01F0238
:10F98800430904D1044901239340CB60E2E70021F5
:10F99800F9E70024E2E738BD00258440036801F553
:10F9A800C071024A43F82120704700BF3546526EA5
:10F9B80010B5134CA822002120460FF09CFC03230D
:10F9C800236163610F4AA2610F4BE3614FF48063C7
:10F9D80023620023A3626362E36222660B4A6266C3
:10F9E8001022A2662367E366636706E0C3F10F028D
:10F9F8000749895C024AD15401330F2BF6D910BD4F
:10FA080080C900202C4A030080C5002070C5002052
:10FA1800384A030008B500230F2B0AD8094AD25CDC
:10FA2800D2B2C3F10F010848415C8A4204D10133C4
:10FA3800F2E7002313B908BD0123FBE7FFF7B8FF7E
:10FA4800F9E700BF80C90020384A03002DE9F843D0
:10FA580004460E461546304B00EB400003EBC00051
:10FA6800826A476A601C00EB400003EBC0035868D9
:10FA78003844BA423CD804EB4401274B03EBC1039A
:10FA8800D3F82080A8EB070909F1FF339D4204D978
:10FA980013449D420ED900202FE02A4631460FF02C
:10FAA80003FC2F4404EB44041B4B03EBC4035F62C9
:10FAB800012022E04A4631460FF0F6FBA7EB080882
:10FAC80018EB050507D104EB4404134B03EBC403FF
:10FAD8005D62012011E0631C03EB43030E4A02EB55
:10FAE800C3032A4606EB090158680FF0DDFBEAE775
:10FAF800D21B013AAA4202D20020BDE8F8832A4666
:10FB08000FF0D2FB2F4404EB4404034B03EBC40374
:10FB18005F620120F1E700BF80C90020F8B50F46F9
:10FB28001646451C05EB4505164B03EBC50500EBD2
:10FB3800400003EBC003DC6A012C11D0022C1CD05E
:10FB480014B100242046F8BD28460DF0F2F886428C
:10FB5800F8D83246394628460DF0F7F83446F1E72A
:10FB680028460DF0E6F83446864228BF0446224669
:10FB7800394628460DF0E9F8E4E728460DF007F97C
:10FB88000446DFE780C90020F8B504460E4617464C
:10FB98000A4B1B78DBB2532B0DD10DF030F905461B
:10FBA8003A4631462046FFF7B9FF044628460DF08D
:10FBB8002EF92046F8BDFFF7FBFEEEE780C90020CE
:10FBC800064B00EB400203EBC202926A00EB4000D6
:10FBD80003EBC003586A801A704700BF80C9002031
:10FBE80037B50125074C4FF4FA7065610BF082F9BF
:10FBF800002363610193256123690193019B03B08D
:10FC080030BD00BF0056004030B50D4D89B0036AC5
:10FC180003AC01908DF808300FCD0FC42B6801A8F4
:10FC280023600DF011F940B9044603AD55F8043BC3
:10FC3800984710B90134052CF8D109B030BD00BF80
:10FC4800D0010300034BD3E8EF2FC3E8E10F0029ED
:10FC5800F9D17047481B012038B50546002850D017
:10FC6800436A002B50D0836A002B4DD00124294BC6
:10FC7800D3E8EF2F002A03D1C3E8E14F0029F7D1D9
:10FC880045D1686A00F04EF8FCF758F9224BC820B5
:10FC98009C660BF02FF92846FFF7B6FF044640B9DB
:10FCA80001221D4B0220DA66FFF7CCFF0024204614
:10FCB80038BDFFF795FF002C11DBAB6A204698474B
:10FCC800164B9C421AD013DCA4F18864033C012C27
:10FCD80011D82846FFF798FF04460028E0D00122F3
:10FCE8000D4BDA66FCF740F90020FFF7ABFFDEE7C3
:10FCF8000B4B9C42EDD06FF00404F0E76FF00A0460
:10FD0800EDE76FF00D04D2E76FF01504CFE74FF081
:10FD1800FF34CCE7481B0120005000400500400498
:10FD280001005005014B1860704700BF4C1B0120B3
:10FD380007B5044BCDE900011B686846984703B036
:10FD48005DF804FB4C1B0120014B1870704700BF85
:10FD5800841F0120024B1878431E584258417047AF
:10FD6800841F012070B503680446033BDBB2052BF2
:10FD780003D8094A52F823502DB9A06858B1BDE8F4
:10FD8800704000F01DB80DF0A3F821682B46BDE8BF
:10FD98007040090C184770BD4C4A0300014B5B6961
:10FDA800184700BFA4CC0020014B1B68184700BFB0
:10FDB800A4CC0020014B5B68184700BFA4CC0020EE
:10FDC800014B1B69184700BFA4CC0020014B9B685E
:10FDD800184700BFA4CC0020014B1B6A184700BF7E
:10FDE800A4CC0020014B5B6A184700BFA4CC0020BC
:10FDF800014B1868704700BF501B0120002230B526
:10FE08000B4B19680C6894420FD001EBC2039D6834
:10FE1800A8420BD14FF003020433D3E8CF1F0029C7
:10FE280003D1C3E8C02F0028F7D130BD0132EAE77B
:10FE3800701B01202DE9F041002406460F4620469C
:10FE4800DFF854803368A34201D8BDE8F08106EB9F
:10FE5800C4056B68DBB2012B16D16A68B8F80030AC
:10FE6800B3EB124F10D1022FA8680FD1FFF77AFF1A
:10FE780001206B6823F0FF0343F003036B60B8F8BD
:10FE880000300133A8F800300134DBE70168090CC1
:10FE98000CF0CEFFECE700BF681F012010B5074C3F
:10FEA80002216068FFF7C6FF0028F9D10121206808
:10FEB800FFF7C0FF0028F3D110BD00BF781B012059
:10FEC80070B5072860D8DFE800F00B5F475F435F35
:10FED8003C0401F071FE0320BDE87040FBF7E2BF6F
:10FEE80003202A4BD3F81446D3F81866284B1D78FC
:10FEF8001870EDB2FFF728FF012D10D1254B264AC7
:10FF08009C4212D0230C1B04B3F1886F0DD0A4F5CA
:10FF18008033203B022B0FD96FF004031360314666
:10FF2800C4F30B00FFF704FF00E014601B4B1868D4
:10FF38000BF067F80020CFE7194931F91330136047
:10FF4800F4E70024124B20461C70FFF7FDFEEDE796
:10FF5800FFF7A4FF0220BFE70D4B1A78012AD0B2A1
:10FF68000ED1104A1168104A8C68546049681160B3
:10FF780002221A70FFF7E8FE084B18680BF041F8E8
:10FF8800FFF78CFF0120A7E770BD00BF00A002406B
:10FF9800861F012001005005741B0120601B0120F1
:10FFA800344D03005C1B0120781B01200A23F7B5A0
:10FFB8004FF47A750C4E0D4F0193316838680CF088
:10FFC80062FF044640B90BF018F840B9012001A9B6
:10FFD8000AF094FF6E30F0D1204603B0F0BD0198CE
:10FFE80068430AF087FFE8E7641B01206C1B0120C7
:08FFF800054B1B782BB9054BEA
:020000040002F8
:100000001968054B18680CF042BF0020704700BF0C
:10001000851F0120681B0120701B012070B5164B45
:1000200042681B6822F0FF0242F00202C31A4260DB
:100030001248134A0168C3F38913D2E8DF4F651CE5
:10004000C2E8D65F002EF8D101EBC3014A6892B234
:1000500042EA04424A600268032002EBC30253688A
:1000600023F0FF0343F0010353600AF047FF01222E
:10007000044BDA6070BD00BF681B0120701B0120BB
:100080006A1F012000A002402DE9F04F95B03822F0
:100090000021064603A80FF032F902230493082337
:1000A00006932023089304230D93102340250F93D8
:1000B00080230122CDE91153D523002159480B9209
:1000C0001393FBF7AFFE0546002840F0A8800246D8
:1000D00055493079FFF74AFB03A8FFF75DFB346809
:1000E0006268B2F59D6F40F097806169E3680B44E8
:1000F000E16903F59D630B44B3F5003F00F28C808A
:10010000206829460FF0FBF833681C68D3F81C9070
:1001100004F53A72019204F16007444A04F1A4081C
:1001200004F1200BB9F1000F60D1C2F800B0002536
:100130004FF0010A2570657084F802A0E5703368FD
:1001400040461B69636033685B69C4F814B0A36000
:10015000374BC4F81890C3F80080364BE7601F6037
:100160000823C4F8108084F8A43088F8015088F877
:10017000025088F8035084F860307D70BD70FD70C7
:100180000CF068FE38460CF065FE2B4B04F53A7215
:1001900031681A60294B04F1E802C8681A60284BDC
:1001A000284E18600869496958609960264B2749AC
:1001B000C3F81046C3F81456254B264C1D80264B19
:1001C00086F800A01D80254B029525601D611B69E6
:1001D0000293029B134B18680AF01BFF98B103238C
:1001E0006FF073043370FFF7FDFA11E09B6904F1BF
:1001F0004009636433684846DB69C2F800B0236491
:1002000001F0B6FC93E72468002CECD1144B1C7071
:10021000204615B0BDE8F08F6FF01504E3E76FF0EE
:100220002D04F5E7601B0120C9FE01005C1B0120C5
:10023000701B01206C1B0120681B0120641B012026
:10024000501B0120861F012000A00240F04902003F
:100250006A1F0120741B0120681F01200056004006
:10026000851F012070B5164B42681B6822F0FF0203
:1002700042F00102C31A42601248134A0168C3F3F4
:100280008913D2E8DF4F651CC2E8D65F002EF8D193
:1002900001EBC3014A6892B242EA04424A60026832
:1002A000032002EBC302536823F0FF0343F0010372
:1002B00053600AF023FE0122044B5A6070BD00BF58
:1002C000641B01206C1B01206A1F012000A002405A
:1002D00010B5FFF76FFE0124002203210470817026
:1002E0004270C270FFF7BEFF054B1C700CF0C5FDDD
:1002F000BDE81040034B47F2305118680AF089BE40
:10030000851F0120601B012038B50A4B04461B786D
:10031000022BDDB20DD1FFF74DFE50B100220121BD
:100320008460017042708570C270BDE83840FFF78C
:1003300099BF38BD861F0120034A126812B10028F8
:1003400000DB1047704700BF8C1B01202DE9F743ED
:10035000002581460F461048294690461E460193C7
:1003600005F090FB041E11DB013420460CF0E1FD8A
:10037000C9F8000068B1334642462146019605F0AF
:1003800081FB28463C6003B0BDE8F0836FF01500A8
:10039000F9E76FF00B00F6E7F801030010B50E4B1C
:1003A00004461B68A3B1F0F719FC082810D9237A7A
:1003B0003F2B0DD00949082220460EF0C9FF014607
:1003C00030B904F108000A22BDE8104004F09EB8DC
:1003D0004FF0FF3010BD00BF8C1B01203A4D0300D1
:1003E000F7B504460F460420002116461D460CF0C2
:1003F00075FD024638B914B120460CF09CFD6FF033
:100400000B0003B0F0BD00206FF0580314600D4CDA
:10041000137350739073D07320703146032057606C
:100420000CF07CFD4FF0FF3301932378AB4201D1F8
:100430000020E6E7022001A90AF064FD0028F4D0BC
:10044000DFE700BF871F0120F8B5054600240F4FE6
:1004500057F8046B284631460EF0ECFF28B90134FA
:10046000042CF5D14FF480300DE06CB1A31E012BAC
:10047000F8D83046F0F7B2FB0A220021284403F0F6
:100480003FFF40EA0440F8BD2046FCE7644A030011
:10049000014B186000207047901B0120014B186031
:1004A000704700BF8C1B01200FB42DE9FF410A9C4F
:1004B000FFF754FC00284AD0002C4BD0284E294F7F
:1004C000316838680AF0CEFD002846D1264D3168E3
:1004D00028680AF09EFD002836D122460BAB03A9FE
:1004E00002A80193FFF732FF044658B128680AF0CA
:1004F0008CFD38680AF0B2FD204604B0BDE8F0413A
:1005000004B07047029C2046FFF748FF02230646CE
:10051000012220460399FFF763FF04460028E5D136
:10052000DFF84880D8F80000FFF78EFF0446D8F8BF
:1005300000000CF0FAFC28680AF067FD002CD8D106
:100540003046FFF7F9FED4E76FF00A04D1E74FF029
:10055000FF34D1E76FF00D04CEE76FF00A04CBE76C
:10056000A41B01209C1B0120A01B0120941B012027
:100570000CB42DE9F04F8BB007460E46149CFFF7E4
:10058000EDFB002800F0C380002F00F0C380002C9A
:1005900000F0C080002E00F0C080DFF88C81634B3B
:1005A000D8F8001018680AF05DFD002840F0B88007
:1005B0005F4DD8F8001028680AF02BFD002840F0A5
:1005C000A380224615AB09A908A80793FFF7BEFE32
:1005D000044618B128680AF018FD3CE0DDE90883FC
:1005E0000393544B1C68002C5AD0C246DDF80C9083
:1005F000CDF804809AF80030202B36D0093B042B2C
:1006000033D90C224FF0000B4B4BCDF808B01B68D0
:1006100002FB03430493049B9C422ED1029B002BBC
:100620003ED028680AF0F1FC019A114611F8013B0E
:10063000202B0191F8D0093B042BF5D931463846DF
:10064000029B9847044618B93846FFF7FDFE04465A
:1006500040460CF070FC354B18680AF0FFFC204651
:100660000BB0BDE8F04F02B07047B9F1000FC8D031
:100670000AF1010A09F1FF39BCE7A3685B450DD90E
:100680004B451A46504628BF4A46216805930EF04E
:100690005FFE18B963680293059B9B460C34BAE76A
:1006A0004046FFF77BFE0223814601224046039924
:1006B000FFF796FE044600288CD1DFF8808038468C
:1006C000D8E9004AB2455246214628BF32460EF0CC
:1006D000EFFDB245204607D90CF027FC28680AF048
:1006E00094FC6FF00604B6E7FFF7AEFE0446D8F8B8
:1006F00000000CF01AFC28680AF087FC002CAAD134
:100700004846FFF719FEA6E76FF00A04A3E74FF08B
:10071000FF34A4E76FF00D04A1E76FF015049EE726
:100720006FF00A049BE700BFA41B01209C1B012063
:10073000A01B0120841B0120801B0120941B012091
:100740000EB42DE9F343DDF824808146FFF706FB64
:1007500000285FD0B9F1000F5FD0B8F1000F5CD076
:10076000314C324F216838680AF07CFC002857D1A0
:100770002F4E216830680AF04CFC002847D14846CB
:10078000F0F72CFA451C28460CF0D3FB044668B958
:1007900030680AF03AFC6FF00B0438680AF05EFC2F
:1007A000204602B0BDE8F04303B0704749462A46F0
:1007B0000EF0FDFD2046FFF7F1FD022381460122E8
:1007C00020462946FFF70CFE044618B130680AF0AF
:1007D0001CFCE2E7174B30681D680AF016FCB9F103
:1007E000000F06DB2846FFF72FFE10B94846FFF73B
:1007F000A3FD0AAA41462846019205F06BF9041EA2
:10080000284608BF6FF04C040CF08FFBC5E76FF073
:100810000A04C2E74FF0FF34C2E76FF00D04BFE7F0
:100820006FF00A04BCE700BFA41B01209C1B012041
:10083000A01B0120941B012038B5C3680446A72BD8
:1008400001D0206810E0032907D0042926D002290E
:1008500002D10122154B1A7038BD144B00681A786A
:10086000022A05D10028F7D0BDE838400CF05DBB66
:100870000F4D2A6862B12B689847002320682B60CF
:100880000CF053FB0B4B1868BDE838400AF0BDBBB9
:10089000094A1060616851600222DCE7074B1B685F
:1008A000002BCED000689847CBE700BF871F012000
:1008B000881B0120A01B0120941B0120901B0120FC
:1008C000012210B511460B48FBF7ACFA70B90A4883
:1008D000FBF7CCFA014648B94FF0FF32074B1A60DC
:1008E000BDE8104001230522FFF77ABD6FF02D000F
:1008F00010BD00BFA01B01209C1B0120A41B0120D8
:1009000010B400F11C03D3E8EF2F511EC3E8E41F1D
:10091000002CF8D1012A0CDC074BD0E8EF2FC0E8FF
:10092000E13F0029F9D16822002110BC04300EF00B
:10093000E6BC10BC704700BF1EF1010010B50024DA
:100940000A4B4FF45872214609481C700EF0D7FC30
:1009500021462246064B074801310829C3E9000217
:100960009A6003F16C03F7D110BD00BF881F01200E
:10097000A81B01201EF10100164830B500220346D5
:100980004FF0FF34144DD0E8EF1FA94204D1C0E866
:10099000EC4FBCF1000FF6D10CBF0121002112D1A8
:1009A0006C2101FB023301220C49DA61097893F8CA
:1009B000202061F3451283F820200222A3F84C2066
:1009C00083F84E2030BD0132082A00F16C00DAD1E4
:1009D0000846F7E7A81B01201EF10100881F01202F
:1009E00030B5024600236C25054905FB03F4601869
:1009F0000C59944203D00133082BF6D1002030BDAE
:100A0000A81B012010B5044604300CF09BFCA06C20
:100A100008B1FBF77DFA064BD4E8EF2FC4E8E13FBD
:100A20000029F9D12046BDE81040FFF769BF00BF9B
:100A30001EF1ADDE70B50825064C074E2368B342A3
:100A400002D02046FFF7DEFF013D04F16C04F5D132
:100A500070BD00BFA81B01201EF101002DE9F84365
:100A60000F4C06460025A0464FF06C090D4B0E4F6B
:100A700018702368BB420CD009FB058393F8202033
:100A800066F3451283F82020A36B13B120460CF0C7
:100A9000B4FA0135082D04F16C04EAD1BDE8F883FD
:100AA000A81B0120881F01201EF10100112807DC6E
:100AB000002801DA00207047064B23FA00F005E019
:100AC000A0F1FF03122BF5D80348D84000F0010035
:100AD000704700BF410002000900040010B54369DF
:100AE00004461BB90DF07DF923684360044B186878
:100AF0000AF08BFA2046BDE810400DF074B900BF33
:100B0000081F0120032208B511460448FBF78AF9A3
:100B1000002818BF6FF02D0008BD00BF081F01207E
:100B20002DE9F04F9A46002387B081460E461446C1
:100B3000CDE903330593FFF711F940B90120FBF725
:100B400067F96FF00A04204607B0BDE8F08FB9F1ED
:100B5000000F5CD1002E00F0C28000F019FD08B932
:100B60000D20ECE7002C49D1002506274FF00108A5
:100B700001950A220021304603F0C8FC4FF6FE73AF
:100B8000421E9A4200F21B814FEA002B4BEA102BC7
:100B90001FFA8BFB002C6FD02368DB046CD53A2145
:100BA00030460EF0C8FB00B1461C304685490EF0B9
:100BB00041FC0A22002872D00021033003F0A0FB80
:100BC0000446814B4FF47A6118680AF022FA002833
:100BD00040F08C80B9F1000F64D04846EFF7FEFF7B
:100BE000014618200CF07AF9064600285CD1764BB5
:100BF0006FF0090418680AF008FAA4E7236823F4E0
:100C0000A05323F002038BB14FF0FF349BE700F0B9
:100C1000BFFC0028A4D0002CF0D1002EA4D1354672
:100C200006274FF00108B346019625E0606838B901
:100C3000A06860B10CF026FB48B96FF0060482E7AB
:100C40000CF01AFB0028F3D16FF005047BE7E06895
:100C5000A8B9606800F05EFEC3B20193A368E768BC
:100C6000002B08BF0123002F08BF062725685FFA65
:100C700083F8BFB256B9B3464FF0FF34A1E7A1687D
:100C80000CF014FB0028E4D16B2058E705F4A053C6
:100C9000B3F5805F7FF46DAF4FF0000B7CE701464A
:100CA00030468BE749469CE70461B9F1000F07D055
:100CB0004846EFF793FF4946024630680EF0F8FACF
:100CC000019B314647F20D00B361C6F81C803762C4
:100CD000756103AA00F03EFE1628044602D16FF0AB
:100CE000010430E705DC50B10B2806D16FF0020497
:100CF00029E7722801D1732021E720461FE7202031
:100D0000DDF81090FBF7FAF80646CAF8000070B359
:100D1000D9F808000CF0CAFF7060DAF80060736858
:100D2000012B0DD0022B25D03046FBF7F1F86FF0E8
:100D30000504049800283FF406AF0CF0F6F802E72B
:100D40000823C6E90287002733613560F76109F19E
:100D500018085A464046B9F814100CF0F4F87061BF
:100D6000DAF8006073693BB93046FBF7D1F86FF0F1
:100D70000904DEE71623E4E715F002051DD0B9F8F3
:100D800016000130FBF7BAF8DAF80030B061986964
:100D900028B95869FBF7BCF8DAF80000E5E7B9F8BC
:100DA0001410B9F8162041440EF082FADAF8002047
:100DB000B9F816309269D754BBE7B561B9E76FF05F
:100DC0000704C0E6684D0300081F0120F8B548F28B
:100DD0000F03994205460E4641D022D848F20D0332
:100DE000994234D048F20E03994234D00069FFF79B
:100DF000F7FD044618B3B6F5004F20D9A6F5004616
:100E0000013E0B2E1BD8DFE816F07500BD007D00FB
:100E10007D007D00100110017D008B001A001A007A
:100E2000E00049F2040399421DD0B1F5104F40D9BA
:100E3000C068FFF7D5FD0446002840F03B812868D4
:100E4000002800F04681BDE8F8400CF06EB8BDE81F
:100E5000F840FFF743BEBDE8F8400CF0D7BABDE854
:100E6000F8400CF07DBA0369082B00F23281DFE80C
:100E700013F01000160009000E00160030013001BA
:100E800018001E000020BDE8F840FFF7E7BD012074
:100E9000F9E70021E868BDE8F8400CF0B1B901219C
:100EA000F8E70021E868BDE8F8400CF0B5B9012189
:100EB000F8E70069FFF794FD04460028BFD048F228
:100EC00081039E42BBD10146284600F07FFB1CE017
:100ED000A6F51046013E042EB1D801A353F826F022
:100EE000411002001F1002005D0F02003F0E0200C1
:100EF000690F02006B692BB928460CF072FFAA69D2
:100F000043681A6028460CF06EFF20460CF00BF97F
:100F1000002800F0DE802046BDE8F8400CF06DB8F7
:100F200090F8203043F0010380F820300CF0D2F824
:100F300018B1684B18680AF068F894F82030204619
:100F400023F00A0384F820300CF0EDF810B12046AD
:100F50000CF053F82046FFF755FDD3E728696928C0
:100F600019D16823A361D0E720460CF0E1F80028EE
:100F7000CBD028690CF0DFFE6A69014620460CF0F0
:100F800054F8C2E790F82030EE686FF3410380F820
:100F90002030686918B10CF0CEFEA061B5E720469C
:100FA0000CF082F828B994F8203043F0040384F858
:100FB000203020460CF078F80028A6D0002EA4D0CF
:100FC0000021204600F038FB9FE76B69F3B9284603
:100FD0000CF007FFAA6943681A60426892F8203053
:100FE00043F0040382F82030436822691A614368A1
:100FF00062695A6183684BB105F10C0205F1300159
:1010000052F8040B8A4243F8040BF9D194F82230C9
:10101000002B3FF477AF013B84F8223072E794F85D
:101020002230013384F822306FE728460CF0D9FED5
:101030006B6913B9AB69436064E74FF0FF33FAE7BC
:1010400020460CF060F80746C0B91020FAF756FFAA
:10105000064698B1394610220EF051F92B6873609C
:101060006B683381698A01B32A8A05F114000BF099
:101070006AFFF060C8B93046FAF74AFF28680BF0FB
:1010800054FF20460CF001F858B120460CF03BF814
:1010900038B994F8203043F0800384F820300C23D2
:1010A000A36120460BF0F6FF2FE7314620460BF0F8
:1010B000CCFF2AE749F205039E427FF609AF49F2C9
:1010C00082039E427FF4BBAE2146284600F096FA8A
:1010D0001BE7F8BD0C1F01202DE9FF412D4B804679
:1010E0001B780F4616463BB90D20FAF791FE4FF0DC
:1010F000FF3004B0BDE8F0810CF0BEF808B96A20FA
:10110000F3E73046FFF7D2FC08B97B20EDE738461D
:101110000CF0B8F808B96B20E7E7394630460CF018
:10112000C5F80028F7D0FFF727FC054608B91720B7
:10113000DBE7002114200BF0D1FE044620B928463D
:10114000FFF760FC6920D0E74FF0FF33037443746E
:101150008374C374404600F0DDFB606138460CF0D8
:10116000ADFD0146A06130460CF0A9FD2146E061CD
:1011700001AA47F20100029500F0ECFB044620B101
:101180002846FFF73FFC2046AFE7C5E903872868FC
:101190006E61AEE7891F012030B585B00546FFF7C7
:1011A0001FFC044628B90920FAF732FE4FF0FF3041
:1011B0000EE0FEF7D3FD68B920460BF08BFF18B1A7
:1011C0000E4B186809F021FF2046FFF71BFC00209A
:1011D00005B030BD002108200BF080FE014608B9A3
:1011E0006920E1E7056101AA47F2090000F0B2FBBE
:1011F0000028ECD01628EAD0D6E700BF0C1F01204B
:101200002DE9F04385B08146884614461D460C9E64
:10121000FFF7E6FB40B90920FAF7FAFD4FF0FF337C
:10122000184605B0BDE8F08315B90EB11620F3E7F6
:10123000B8F1290F00F0AD800CDCB8F1010F11D02E
:10124000B8F1060F00F0A180B8F1000F00F09F8008
:101250006D20E1E7B8F58D7F45D0B8F5007FF7D177
:101260001E2C1EE03C2C30D01DDC152C26D00ADCB8
:10127000022C0CD0142CEBD13246294605B0BDE827
:10128000F0430CF0B4BD222C0ADC202CE0DD31460A
:1012900010200BF023FE074600287FD16920BBE712
:1012A000282CF4D0D4E73D2C16D03F2CD0D1324698
:1012B000294605B0BDE8F0430CF0F8BD324629469A
:1012C00005B0BDE8F0430CF0A0BD3246294605B09C
:1012D000BDE8F0430CF0A7BD3246294605B0BDE895
:1012E000F0430CF0C0BD631E132BB1D801A252F81D
:1012F00023F000BF531302007D1302008F1202007F
:10130000511202006F130200451302005112020035
:101310005112020051120200511202005112020039
:10132000611302008F1202008F1202008F1202005E
:10133000511202008F1202008F120200511202009D
:101340008F1202003246294605B0BDE8F0430CF08A
:10135000BFBD3246294605B0BDE8F0430CF0CCBD18
:101360003246294605B0BDE8F0430CF0DABD3246FE
:10137000294605B0BDE8F0430CF0E5BD32462946EC
:1013800005B0BDE8F0430CF0EDBD372C89E71F2C0C
:1013900087E7202C3FF47BAF3E2C82E7C0F810900B
:1013A00040460CF0ABFC7861204600F0BBFAB86117
:1013B00025B13246294638680DF07AFF394647F2A2
:1013C00003007E6001AA00F0C5FA034600283FF43E
:1013D00027AF21E72DE9F04385B0814688461446C2
:1013E0001D460C9EFFF7FCFA40B90920FAF710FDE4
:1013F0004FF0FF34204605B0BDE8F08305B10EB9CB
:101400000E20F3E7B8F1290F00F096800CDCB8F15C
:10141000010F11D0B8F1060F00F08980B8F1000F6C
:1014200000F088806D20E1E7B8F58D7F2DD0B8F50C
:10143000007FF7D11E2C7BE0152C1FD00ADC042C7A
:1014400015D0142CEED13246294605B0BDE8F04344
:101450000CF0C2BDA4F12103012BE3D810203168A8
:101460000BF03CFD074600286AD16920BEE73246F2
:10147000294605B0BDE8F0430CF09EBD3246294632
:1014800005B0BDE8F0430CF0B6BD621E132AC9D802
:1014900001A151F822F000BF13150200211502002E
:1014A0005D1402005D14020005150200E91402003B
:1014B0002514020025140200251402002514020040
:1014C00025140200F7140200251402005D14020026
:1014D0005D1402005D1402002514020025140200B0
:1014E0005D1402005D1402003246294605B0BDE8D5
:1014F000F0430CF08FBD3246294605B0BDE8F043FD
:101500000CF09EBD3246294605B0BDE8F0430CF014
:10151000A9BD3246294605B0BDE8F0430CF0B4BD84
:101520003246294605B0BDE8F0430CF0BFBD372C6C
:1015300094D077E71F2CFBE7202C8FD03E2CF7E7C9
:10154000C0F8109040460CF0D9FB7861204600F0BE
:10155000E9F93946B86101AA47F20400D7F80080DA
:1015600000F0F8F9044620B140460BF0E4FC2046B8
:101570003CE77A68336841469A4228BF1A462846B3
:1015800032600DF095FE40460BF0D5FC32E700BF0F
:10159000014B1878704700BF891F012008B5FFF77D
:1015A000CDF9FFF7AFFA40B9012206481146FAF724
:1015B00039FC18B90122044B1A7008BD6FF02D00D8
:1015C000FBE700BF0C1F0120891F012010B54369F4
:1015D0000C467BB191F820306FF3C30381F82030C3
:1015E00040690CF0A8FB044BA061BDE810401868EE
:1015F00009F00BBD10BD00BF0C1F012010B591F804
:1016000020300C466FF3C30381F82030006960B9C5
:10161000DBB223F0140343F0140381F82030054BB0
:10162000BDE81040186809F0F0BC0CF084FBA06124
:10163000F5E700BF0C1F01202DE9F743DFF8FC9010
:101640000446D9F80000019109F0E3FC074650B1C7
:10165000019B002B70D11023A3614FF0FF37384658
:1016600003B0BDE8F083A06CD8B1EFF7B7FA461C21
:1016700094F84F8031464FEA880808F10C000BF0CF
:101680002DFC054678B920460BF029FD08B16923E9
:10169000A361D9F8000009F0B8FC6920FAF7B8FB9B
:1016A000DBE73E46E4E723684246036194F84C30AA
:1016B00004F15001037594F84E30183000F8023CE4
:1016C00094F84D3000F8033C94F84F3000F8013C9A
:1016D0000DF0EEFDF6B13246A16C28680DF067FE04
:1016E0006E6094F82030042043F008032A4647F245
:1016F000810184F820300BF011FC20460BF0EFFC48
:101700000028ACD120460BF0E5FC40B9A0690028C8
:10171000A5D0C3E72E706E70AE70EE70E0E70220C9
:1017200001A909F0EFFB10F10B0F05D00028E9D05B
:101730000028B8BF4042B1E77420AFE70C1F01207A
:101740002DE9F74F0025074688462C464FF00A0A38
:10175000DFF868908DF8045001AE17F801BBBBF1BB
:10176000000F09D1032D27DD0124019BC8F80030AB
:10177000204603B0BDE8F08F594610480DF0DBFD60
:1017800068B13278A0EB09031AFB0233FF2B11D8A2
:1017900014B90135042DEBDC01243370DDE7BBF116
:1017A0002E0F07D1002CE3D0042D03D07070044617
:1017B0000136D2E70024DBE75C46D9E78E4D030013
:1017C0002DE9F04F87B00D46019201B12AB90E20E4
:1017D000FAF71EFB4FF0FF3088E0012803D0022803
:1017E00008D06A20F4E72846019907B0BDE8F04F19
:1017F000FFF7A6BF1022002102A80DF080FD2B7874
:101800003A2B03D16B783A2B6FD101350024A946CE
:101810002746A346A04602AE15F801ABBAF1000F69
:1018200023D1BBF1000F64D0B51C06AB9D425CD840
:1018300064BA3480B8F1000F64D006AB9D42A5EBCA
:10184000080852D01A4600210123984553DA019A1C
:1018500002AB06AD1C4603CCAC421060516023467F
:1018600002F10802F6D1012040E0514627480DF070
:1018700062FD88B9514626480DF05DFD70B1244ADD
:10188000032F32DC821A42EA0414B4F5803F2CD2D2
:101890004FF0010B0137BFE71C4AF1E7BAF13A0FED
:1018A00016D1BBF1000F05D1B8F1000F1DD1A9462B
:1018B000B046B1E72B78C3B1B31C06AA934214D843
:1018C00064BA3480A9461E46044607468346A3E709
:1018D000BAF12E0F09D1351D06AB9D4205D8314610
:1018E0004846FFF72DFF0028A4DC002007B0BDE824
:1018F000F08F35469EE715F8010D013302F8010D12
:101900002970A2E706AB9D42EFD1A0E77D4D030011
:101910006C4D030003289CBF014B1856704700BF55
:10192000994D030002383C289ABF034B53F820001E
:101930004FF0FF30704700BF884A03000138042889
:101940009ABF034B53F820004FF0FF30704700BFA1
:10195000744A03004FF0FF3337B50D4DCA6014468B
:1019600015600A460146042001930BF0D7FA20685F
:10197000A84202D00CF0DFF908E0022001A909F02A
:10198000C1FA0028F3D00028B8BF404203B030BDF0
:10199000EEC100BC2DE9F041056807460C463DB19B
:1019A00001F47043B3F5005F04D1404BC3E9001567
:1019B000BDE8F0813E4E336863B144F204029142C7
:1019C00064D00CD844F2020399424ED044F203038F
:1019D000994253D03868BDE8F0410BF0A6BA44F202
:1019E000012221F4807393420FD044F203139942F1
:1019F000F0D1304C206808B10BF097FA01222E4B41
:101A00001A7025600420336826E0DFF8B080D8F82B
:101A1000000008B10BF089FA44F201339C420CBF7C
:101A20000322022295F85170254B264C1A70C8F8F3
:101A3000005017F008053368227810D01AB9052035
:101A400098470123237007F04107012F02D102209C
:101A50003368984701203368BDE8F0411847002AF1
:101A6000F1D0062098472570EDE7174C206808B1A3
:101A70000BF05BFA032033682560EDE70D4C20681E
:101A800008B10BF052FA00220B4BB9E72A78032A6F
:101A9000A0D8DFE802F0020507090720984799E778
:101AA0000820FBE70920F9E70A20F7E7201F0120BB
:101AB000101F0120141F01208A1F01201C1F01205C
:101AC0008B1F01208C1F0120181F012008B5002347
:101AD000094A0A4813700A4A13700A4A13700A4ADC
:101AE00013700A4A136001221146FAF79BF9002885
:101AF00018BF6FF02D0008BD8C1F0120281F01208A
:101B00008E1F01208D1F01208B1F0120101F01201F
:101B100010B50B4C206818B10BF007FA00232360B6
:101B2000084C206818B10BF000FA00232360064C23
:101B3000206818B10BF0F9F900232360002010BDD4
:101B40001C1F0120181F0120141F012030B4074B57
:101B50001C6844B143688589A4460268C1899BB268
:101B6000E8B230BC604730BC704700BF2C1F01207A
:101B700000210122074B1970074B1A70074B19708F
:101B8000074B1960074B1960074B18600748FAF7B5
:101B900049B900BF8F1F0120911F0120901F012014
:101BA000341F0120381F0120481F0120301F012051
:101BB000024B186808B109F028BA7047301F01209D
:101BC00070B4284B1B68196958691A7C00221A7472
:101BD0005C7C5A749C7C9A74DC7CDA741C7D1A756B
:101BE0005C7D5A759C7D03299A75DC7DDA7529D058
:101BF000042929D001290FD185681B4E954210D1A7
:101C00001A7A012100221972597A5A72997A9A72B3
:101C1000DA7A6FF05F02DA72144B70BC186809F060
:101C2000F4B9911C00EB81014C682178622907D03E
:101C3000633918BF0121490046F821400132DDE730
:101C40000121F9E7187ADEE7187A1972597A5A727F
:101C5000997A9A72DA7A6FF05F02DA720122044B93
:101C60001A70D9E7481F01203C1F0120301F0120B6
:101C7000901F012004280CD8DFE800F0030D0507B1
:101C800009000648704706487047064870470648EE
:101C90007047064870470648704700BF7C4B0300FA
:101CA000A04B0300B04B0300BC4B0300CC4B030024
:101CB0008C4B030030B108B50CF0ACFD20B10378BB
:101CC00023B108BD024870470148FAE70048F8E729
:101CD000D00A030010B50446F5F7E8FD034A0121D8
:101CE000034806F012F820460CF05BFADC4B0300C8
:101CF0000C0103002DE9F04782B000AF05460C4609
:101D0000EFF31188202383F31288BFF36F8FDFF87E
:101D1000C491D9F80860FFF7ADFF99F81010E946B3
:101D200001233B7103237B718AB0EC461CF1100246
:101D300021D04FF0160E5AB17346BEF1040F03DDE9
:101D4000DFF894A1CCF814A0082B01DDCCF81850D2
:101D500001233B7003237B70D2B17346BEF10C0F9D
:101D600001DDCCF81C00102B01DDCCF820100CF1AB
:101D7000240300210AE06FF0004EDCE701F10800C7
:101D8000384410F8080C03F8010B01310129F5D98A
:101D9000BEF1150F50DD16234AB10521397100211E
:101DA0007971B9710121F9717868CCF810000021BE
:101DB0006FF300016FF341016FF382016FF3C5010F
:101DC000012060F38811C3F30A0363F353216FF317
:101DD0001F5100234148F5F749FECD461CB1E36988
:101DE000C3F308035BBB3046FFF764FFE9460123FA
:101DF0003B7103237B718AB0EC461CF1100224D0A6
:101E00004FF0120E52B17346BEF1040F02DD344999
:101E1000CCF81410082B01DDCCF8186001233B70BE
:101E200003237B70F2B1BEF10C0F01DDCCF81C0076
:101E30000CF12003002113E06FF01B03ACE7294AEB
:101E40000121264805F061FFCDE76FF0004ED9E78C
:101E500001F10800384410F8080C03F8010B0131B7
:101E60000129F5D9BEF1110F31DD12234AB1042148
:101E7000397100217971B9710121F9717868CCF853
:101E8000100000216FF300016FF341016FF3820135
:101E90006FF3C501012060F38811C3F30A0363F3F4
:101EA00053216FF31F5100230C48F5F7DFFDCD469A
:101EB00021462846FFF70EFF88F31188BFF36F8F86
:101EC0003046F7F7B7F80837BD46BDE8F0876FF042
:101ED0001B03CBE7A8E20020EC4B03000C0103003E
:101EE000384C0300144C030010B586B0C823114CC5
:101EF00003FB004400EB800CC0EBC0000E4B03EB77
:101F000080030E4A0592012204920F2203920022BE
:101F10000292019200930A4B4FF4A072094901EB1F
:101F20008C11204600F0C4FD637B23F0040363732F
:101F300006B010BD18E10020A8E20020504C0300BC
:101F400099E20200987D012038B505460B4B53F805
:101F5000204002E02368984708346B1C074A52F877
:101F60002330A34209D960680028F3D0037F13F01F
:101F7000010FF1D10CF0ECF8EEE738BD584C03003E
:101F800008B553EA020102D101F098F908BD0249EF
:101F9000183001F093FBF9E7DBEA020010B586B0D8
:101FA000184C14E0636A0593236A0493E36903936E
:101FB000A36902936369019323690093E368A268AC
:101FC0006168206800F074FD23685C6630340E4B55
:101FD0009C42E7D301F08CF80A4C00E030340A4B05
:101FE0009C420BD2A26AE36AB3F1FF3F08BFB2F191
:101FF000FF3FF3D02068FFF7C3FFEFE701F090F851
:1020000006B010BD00FF020030FF020008B50A4B09
:1020100001221A700320FFF797FFF6F727FB042031
:10202000FFF792FFFFF7BAFFEEF77CFF034A137B3F
:1020300023F00103137308BD921F0120E0E100208B
:1020400008B50146014A0248F7F7ECF80D200200F6
:10205000E0E1002010B50446FFF746FFC8230D4914
:1020600003FB04110C4BC4EBC40203EB8202D160EE
:1020700014740A4901EBC42101F500615160E21CAE
:1020800003EB0212C4EBC40403EB84039A61012343
:10209000137210BD18E10020A8E2002098750120FD
:1020A00070B586B001F074F8104D114BDD61114B25
:1020B0000593012304930024039402940194009453
:1020C0000D4B4FF480520D49284600F0F1FC0646B6
:1020D0006B7B23F004036B7328460CF096FC2046C0
:1020E000FFF7B8FF304606B070BD00BFE0E100204A
:1020F000A8E20020DC0403000D200200D87E0120AD
:1021000008B50020FFF720FF194B03F5006282F3AA
:10211000088883F30A88174CE02384F822300023D0
:10212000E37723766376A37684F82030626A42F4FC
:10213000E022626284F82330F6F7D6FEF7F796F8CD
:102140004FF0FF33A362E362F7F758FAF7F7BEF8F0
:10215000F5F708FB084800F01FFD0120FFF7F4FE2B
:102160000220FFF7F1FEFFF79BFFFFF769FF00BFBB
:102170009875012000ED00E0E8E2002010B5064C63
:1021800005E0A268616820460CF062F81434034B45
:102190009C42F6D3002010BD78CD0020A0CD0020B9
:1021A00010B584B0044C0294CDE900230A46002106
:1021B0000BF0FFFF04B010BD636D02002DE9F04F7E
:1021C00083B004460D469DF8309000F1080AEFF305
:1021D0001187202181F31288BFF36F8FB846006A00
:1021E000E16888425BD22668B44227D0B6F1000B82
:1021F00018BF4FF0010B1EBBBBF1000F31D1B9F17D
:10220000000F3AD1A26923699A4245D0A069A26819
:10221000801AA06129460DF04BF8236A013323622E
:10222000102104F124000CF0B1FF00283CD0394605
:10223000504600F031FF4FF0000B39E00026D5E7A3
:102240007268336813605A60002333607360727B76
:1022500022F002027273B36006F118000CF047FD21
:10226000CAE7A268294630690DF022F80023C6F8B3
:10227000C03030460CF0C9FBD9E7A2682946E069B6
:102280000DF016F8E369A2681344E36162699342B2
:10229000C3D12369E361C0E76369A361B6E753EA89
:1022A000020109D16FF0220B88F31188BFF36F8F01
:1022B000584603B0BDE8F08F054989680D6100926A
:1022C000019322463946504600F024FE8346EFE74C
:1022D000A8E200202DE9F04182B00446084604F14E
:1022E0000807EFF31186202585F31288BFF36F8F5F
:1022F000256A65B953EA020160D16FF0220586F3C1
:102300001188BFF36F8F284602B0BDE8F081A26844
:10231000A1690CF0CDFFA369A2681344A3616269AF
:1023200093422AD0236A013B2362D4F800804445BB
:1023300026D0B8F1000518BF0125B8F1000F22D151
:10234000002DDCD0A268D8F81010E0690CF0B0FFC6
:10235000E369A2681344E361626993422BD0236A64
:10236000013323620025C8F8C05040460CF04DFBF5
:102370003146384600F090FEC5E72369A361D1E7F6
:102380004FF00008D5E7D8F80420D8F800301360E3
:102390005A600023C8F80030C8F8043098F80D20BF
:1023A00022F0020288F80D20C8F8083008F1180061
:1023B0000CF09DFCC4E72369E361D0E70549896817
:1023C00008610092019322463146384600F0A2FD92
:1023D000054698E7A8E200202DE9F04182B00446C6
:1023E000EFF31187202181F31288BFF36F8FC1684B
:1023F00099B9002950D1364B9B6893F90E3023616F
:102400000131E160324B9B68A36087F31188BFF311
:102410006F8F002002B0BDE8F08116461D4682682D
:102420002B4B9B689A42E4D055EA060136D092F9CC
:102430000E80414693F90E000BF099FF804534DC85
:102440004FF000080096019522463946214800F0D9
:1024500061FD0028DED0EFF31185202383F312887D
:10246000BFF36F8FA36843B323689C4223D013B399
:10247000216993F90E000BF07AFF014620460BF01C
:1024800081FFE8B9B8F1000F1AD185F31188BFF3C5
:102490006F8F6FF00A00BDE72369B0E787F31188FB
:1024A000BFF36F8F6FF00F00B4E7014620460BF0CB
:1024B00069FF8046C6E72169E0E7B8F1000FE4D084
:1024C0002946044800F0E8FD6FF00A00A2E700BFCB
:1024D000A8E200204C1F0120F8B58368002B47D0EC
:1024E0000446264A9268934245D1C368012B04D919
:1024F000013BC36000252846F8BDEFF31186202379
:1025000083F31288BFF36F8F01690BF03BFF2768DD
:10251000A7420CD03D1E18BF012557B9A760CDB901
:102520000023E36086F31188BFF36F8FE3E7002792
:10253000F0E77A683B6813605A6000233B607B6079
:102540007A7B22F002027A73BB6007F118000CF06C
:10255000CEFBE3E797F90E3023610025C7F8C050A2
:1025600038460CF052FA3146054800F095FDC2E7B6
:102570006FF01505BFE74FF0FF35BCE7A8E200207C
:102580004C1F012010B582B001468446EFF3118440
:10259000202080F31288BFF36F8F5CF8080B88B19E
:1025A000036823F003030B604A68904208D00121BE
:1025B0000BF09EFF84F31188BFF36F8F02B010BD44
:1025C0004B60F4E753EA02010BD00092019362469C
:1025D0002146604600F09EFC48B9064B9B6818698E
:1025E000ECE784F31188BFF36F8F0020E6E700204B
:1025F000E4E700BFA8E20020F8B50446EFF3118637
:10260000202383F31288BFF36F8F0568A84216D08A
:102610002F1E18BF0127A5B927BBA368E268934204
:1026200028D001221344A360022104F110000CF011
:10263000ADFD08BB86F31188BFF36F8FF8BD002591
:10264000E6E76A682B6813605A6000232B606B60B2
:102650006A7B22F002026A73AB6005F118000CF08D
:1026600046FBD9E70023C5F8C03028460CF0CDF969
:102670000120DEE70022D5E73146024800F00CFDDC
:10268000DCE700BF4C1F012010B582B0EFF31181D1
:10269000202484F31288BFF36F8F846844B1013C17
:1026A000846081F31188BFF36F8F002002B010BDEA
:1026B00053EA020406D0009201930246054800F056
:1026C00029FCF3E781F31188BFF36F8F6FF00F00E0
:1026D000ECE700BF4C1F01202DE9F0410546EFF368
:1026E0001187202383F31288BFF36F8FB84600262B
:1026F00019E000241AE06268236813605A6000231E
:1027000023606360627B22F002026273A36004F1C3
:1027100018000CF0ECFA6FF00A03C4F8C030204641
:102720000CF073F901262C68A542E2D0002CE2D10E
:10273000002CF0D10023AB60022105F110000CF059
:1027400025FD28B926B988F31188BFF36F8F03E000
:102750003946024800F0A0FCBDE8F0814C1F012082
:1027600080B338B50D4604461C4B9A68D0F8C83083
:102770009A421BD000231A46D4F8E430C3F38001F8
:10278000C3F3C00013F0010F1FD001B102B300B1B9
:1027900009B300232B60D4F8D03073B11D60C4F8A6
:1027A000D05020460BF017FF012038BD0CF02CF85C
:1027B00008B90123DFE70023DDE7C4F8D050C4F8EF
:1027C000CC50EEE76FF0150070476FF01200ECE7A9
:1027D0006FF00F00E9E76FF00F00E6E7A8E20020D6
:1027E00010B5C36823F00203C360134B1C687CB1AF
:1027F000236803B10CB100210FE02346FBE722461A
:102800000D480BF0A3FE04F10800FFF7F5FE10BD24
:102810002346F0E71A461C461346002CF7D06268A0
:102820008242ECD02146002BF4D01A68002AF2D064
:10283000002BF0D11A46EEE74C1F012070B584B092
:102840000546EFF31186202383F31288BFF36F8FC1
:10285000D5F8CC40002C3FD02368C5F8CC30D5F853
:10286000D02094424DD0D5F8E43043F00203C5F8AF
:10287000E430E36843F00102E26023F0040343F034
:102880000103E360636886F31188BFF36F8F20460E
:102890009847EFF31186202383F31288BFF36F8FDD
:1028A000E36823F00103E36013F0100F44D1E36801
:1028B00013F0020F44D1D5F8E43023F00203C5F839
:1028C000E430C3F3002386F31188BFF36F8F002B2E
:1028D000B7D100F065FCB4E7D5F8E43023F004028A
:1028E000C5F8E42013F0040F0ED112F0100F14D02D
:1028F0000023C5F8E43086F31188BFF36F8F04B06E
:1029000070BDC5F8D030AEE705F1DC04002201212E
:1029100020460CF07AF90028F8D1002302934FF0FA
:10292000FF324FF0FF33CDE9002305F1D4023146E9
:10293000054800F0A3FD84E720460BF0B3FEB6E7A0
:102940002046FFF74DFFB6E7541F012008B5844627
:10295000084653EA02010CD0C16841F00801C16089
:10296000DCF8001081620549103000F0A7FE01205C
:1029700008BD61460BF039FEFAE700BF4BE60200E6
:1029800008B5014601480BF0C3FE08BDD0E30020A6
:10299000F0B589B004460E9D0020C4F8CC00C4F800
:1029A000D00004F1D400C4F8D400C4F8D80004F175
:1029B000DC00C4F8DC00C4F8E0003DB3287938BB83
:1029C0000120C4F8E4004FF0FF364FF0FF37CDE9A7
:1029D00006670020049003930290019000940E4B30
:1029E00020460BF024FF55B1296811B1204600F0B4
:1029F00033F86B791BB1237B43F00103237320462B
:102A000000F05CFCC4F8C84009B0F0BD0120D8E774
:102A100040F20110D5E700BF3D28020008B501468D
:102A200001480BF08BFE08BDD0E3002008B501463D
:102A300001480BF09CFE08BDD0E3002008B553EA26
:102A4000020102D100F03AFC08BD0249183000F042
:102A500035FEF9E7DBEA020010B5044640B11F225B
:102A600004F188000CF0A3FC002084F8A70010BD3E
:102A7000014B9C68F3E700BFA8E200200B4B9B686A
:102A80005A7B12F0010F10D1D3F8A8301A68B2F1B6
:102A9000F03F0AD04FF0F0321A60002383F3118820
:102AA000BFF36F8F0223184602DF7047A8E20020B1
:102AB0002DE9F04F85B004460F4615461E46DDF859
:102AC00038A0DDF83C90DDF84080DDF84CB000F136
:102AD00068038366C366129B042211990BF09CFE67
:102AE0002A46394620460BF071FE0546CDF808808F
:102AF000CDF80490CDF800A0334602463946204672
:102B0000F6F76AFB002363666667C4F878A0C4F82A
:102B10007C90C4F88080EFF31182202383F3128825
:102B2000BFF36F8F174B996AC4F884109C6282F3CD
:102B30001188BFF36F8FBBF1000F1BD01F225946C6
:102B400004F188000CF033FC002384F8A7300D4B0F
:102B50009B689BB1D3F8B430C4F8B430002323632E
:102B60006363A363E363012384F83830284605B028
:102B7000BDE8F08F002384F88830E8E7C4F8B4306B
:102B8000F4E700BFA8E2002008B5024B986801F006
:102B900015F808BDA8E2002010B5044601234373D0
:102BA00003730023C0F8A830C0F8AC3001F0D8F8A7
:102BB000014B9C6010BD00BFA8E20020437B90F950
:102BC0000D20002A51DB13F01F0F4ED110B563F01A
:102BD0007F034373254A52F8203F93420ED10023CE
:102BE0000CE05A6842600360106058601EE01A46AC
:102BF0001E49496A8A420FD01B687BB173B190F9B4
:102C00000E1093F90E209142F1D0521A002AE8DCFE
:102C10001A46002BECD1F0E70023EEE7134B5A6A7B
:102C200003F1200101604260106058620F4B53F8BD
:102C3000204F9C420ED06CB10C4B9B685A7B12F01B
:102C40001F0F0AD1DA897F2A07D9A2692AB9074A50
:102C5000D36109E0054BDC68EEE7A34202D02046D1
:102C600000F056FC014BDC6110BD7047A8E200206B
:102C700010B5437B90F90D20002A14DB154B9A68A0
:102C800053F8204F9C4219D0C4B1824219D0537BD3
:102C900013F01F0F15D1D3897F2B12D9A36983B9E4
:102CA0000C4BDA6114E003F07F034373426803685E
:102CB00013605A60002303604360DFE7054BDC6864
:102CC000E3E7A24202D0204600F022FC014BDC6187
:102CD00010BD00BFA8E2002010B50446FFF7CEFEED
:102CE0000A4A9368C3F8BC406FF00A01C3F8C010E9
:102CF00007494B6843F080534B60002383F31188EE
:102D0000BFF36F8F9368D3F8C00010BDA8E2002016
:102D100000ED00E02DE9F84305460C46414B9E6866
:102D2000737B13F0600F2BD013F0200F2DD00827EA
:102D30001F4225D13B43737313F0800F27D1082F17
:102D400030D04FF00009374B53F8208F98454ED0C4
:102D5000B8F1000F4BD0334B9B68434502D040463F
:102D600000F0D6FB2F4BC3F81C80102F08D0304644
:102D700005F03CF9304600F05DFCB9F1000F3AD1A6
:102D800084F31188BFF36F8F46E01027D0E703F07C
:102D90007F0373737268336813605A600023336073
:102DA0007360CCE7B3685BB17268336813605A60D4
:102DB000002333607360727B22F002027273B3608F
:102DC00030460BF0EEFD06F168000BF0EFFD154B01
:102DD0009B689E4202D04FF00009B4E7EFF30583F1
:102DE00013B94FF00009AEE74FF00109ABE70D4B07
:102DF000D3F80C80AFE70C48FFF7CEFEC0E7EFF347
:102E00001184202383F31288BFF36F8F0BF04FFAE6
:102E100084F31188BFF36F8F6B7B13F0600FEED1DB
:102E2000BDE8F883A8E20020E8E20020B3F1FF3F0C
:102E300008BFB2F1FF3F00D1704708B50249183012
:102E400000F03CFC08BD00BFDBEA020010B5437B8C
:102E500090F90D20002A0ADB437B63F07F03437364
:102E60002B4A52F8203F934219D1002317E003F078
:102E70007F0343734268036813605A600023036052
:102E80004360E9E75A6842600360106058601EE0E2
:102E90001A461F49496A8A420FD01B687BB173B139
:102EA00090F90E1093F90E209142F1D0521A002A97
:102EB000E8DC1A46002BECD1F0E70023EEE7144BD8
:102EC0005A6A03F120010160426010605862104BA1
:102ED0009A6853F8204F9C420ED06CB182420ED0BB
:102EE000537B13F01F0F0AD1D3897F2B07D9A36916
:102EF0002BB9074BDA6109E0054BDC68EEE7A2422B
:102F000002D0204600F004FB014BDC6110BD00BF85
:102F1000A8E2002010B50C4611460A4882680A4B08
:102F20001A60EFF31183202383F31288BFF36F8FAE
:102F3000DDE9022380680BF05CFD2046FFF7CCFE44
:102F400010BD00BFA8E20020541F01202DE9F04170
:102F500004460E460023EFF31185202282F31288E7
:102F6000BFF36F8F1F4650E003F07F036373626807
:102F7000236813605A6000232360636071B2A173F9
:102F8000637B63F07F036373424A52F8203F9342AE
:102F90000ED100230CE05A686260236014605C600C
:102FA0001CE01A463B48406A82420DD01B686BB158
:102FB00063B193F90E209142F3D0521A002AEADC51
:102FC0001A46002BEED1F2E70023F0E7314B5A6AA4
:102FD00003F120012160626014605C622D4B53F8A4
:102FE000208F984520D0B8F1000F1DD0294B9B6849
:102FF000984502D0404600F08BFA264BC3F81C805F
:1030000085F31188BFF36F8F0123002B3FD1637BC2
:1030100003F01F02002A0CBF01270027A4D013F0E1
:10302000020F05D1A673EBE71A4BD3F80C80DDE74E
:10303000A1686268236813605A600023236063609C
:1030400070B2A0730B6899420DD100230BE05A684F
:103050006260236014605C60D2E79C464A689445D5
:103060000DD01B686BB163B193F90E209042F4D080
:10307000121A002AEBDC9C46002BEFD1F2E700236A
:10308000F0E74B68216063601C604C60B8E738462D
:10309000BDE8F081A8E2002008B50B4659B9EFF36E
:1030A000058242B9064AD0699268904203D0084628
:1030B000FFF712FE03E083F31188BFF36F8F08BDA3
:1030C000A8E2002008B5034650B9EFF305823AB9EB
:1030D000064AD1699268914202D0FFF7FDFD03E0F4
:1030E00083F31188BFF36F8F08BD00BFA8E20020F3
:1030F0000023EFF31181202282F31288BFF36F8F38
:1031000009E0064B9A68D37B013BD37381F31188A6
:10311000BFF36F8F0123002BF3D07047A8E200208C
:1031200038B50023EFF31185202282F31288BFF314
:103130006F8F0EE0154BDC6817E0A24202D02046EC
:1031400000F0E6F9114BDC6185F31188BFF36F8F56
:103150000123BBB90D4B9A68D17B0131D17353F870
:10316000204F9C42E6D0002CE4D0537B13F01F0F7D
:10317000E3D1D3897F2BE0D9A369002BDDD1034BA9
:10318000DA61E1E70BF0DDFC38BD00BFA8E200200A
:1031900008B502480BF0F7FC08BD00BFC4E20020F0
:1031A00038B5EFF31184202383F31288BFF36F8FB8
:1031B000224B9A685B6A9A4205D01368516812687C
:1031C0000A60516006E00023F8E71C4A526A934205
:1031D00012D01B6893B1194A906890F90E1093F9B8
:1031E0000E209142F1D0521A002AEEDD5A68426058
:1031F0000360106058600AE00023EBE70F4B9A6809
:10320000596A03F12000106051600A605A620B4B4A
:1032100053F8205F9D420DD065B1084B9B689D42DD
:1032200002D0284600F074F9044BDD612046FFF718
:1032300053FD38BD014BDD68EFE700BFA8E2002079
:10324000F8B551EA000328D005460C46EFF3118784
:10325000202383F31288BFF36F8F154EB068154B90
:103260001860FFF705FDB0682A462346124918305A
:1032700000F024FA0446B268537B43F0040353730E
:103280003846FFF729FDB3689A6ADB6AB3F1004F4D
:1032900008BF002A05D00020F8BDFFF781FF0020FD
:1032A000FAE70BF053FD201A0028F5DC0020F3E7C5
:1032B000A8E20020541F0120DBEA020038B5EFF33A
:1032C0001185202383F31288BFF36F8F437B13F0A4
:1032D000040F04D185F31188BFF36F8F38BD044606
:1032E00018300BF004FD637B23F004036373204666
:1032F000FFF764FC29460248FFF7CEFEEEE700BF69
:10330000541F0120014B9868704700BFA8E20020BD
:103310002DE9F843037B03F00107EFF31186202327
:1033200083F31288BFF36F8F457B15F0080F1AD116
:103330000446B14600F168080BF0FFFA10B345F0FF
:1033400020056573EFF305839BB131462046FFF7F7
:10335000E1FC67B1002383F31188BFF36F8F04236F
:10336000184602DF03E086F31188BFF36F8FBDE8D4
:10337000F88341463F4B98680BF0E1FA3046FFF77F
:10338000ABFCE6E745F00803637313F0800F36D11A
:10339000A3685BB16268236813605A6000232360EE
:1033A0006360627B22F002026273A36004F1180082
:1033B0000BF09DFC40460BF0F9FA2E4B9A689442B4
:1033C0002AD000262B4B53F8205F9D422BD055B3BB
:1033D000AA4202D0284600F09BF8264BDD61204629
:1033E00004F004FE204600F025F9FEB9214B9B684D
:1033F0009C421FD089F31188BFF36F8FA9E705F0B6
:103400007F0545F0080565736268236813605A609C
:10341000002323606360BBE7EFF305830BB900264D
:10342000D0E70126CEE7134BDD68D1E71248FFF75E
:10343000B3FBDBE7EFF30583002BDBD1237B13F03A
:10344000010F12D089F31188BFF36F8F002383F32C
:103450001188BFF36F8F0423184602DFEFF3118941
:10346000202383F31288BFF36F8F4846FFF734FCA5
:103470006FE700BFA8E20020E8E200202DE9104835
:1034800083B0089CDDE906BCCDE900BCFFF742FD36
:103490001CB1034B9B681B69236003B0BDE8108817
:1034A000A8E20020044BC01AC010044B03FB00F03C
:1034B000034B01221A547047B0E30020ABAAAAAA1A
:1034C000581F0120C3897F2B11D80E4B1B687BB17D
:1034D00090F90E200C4B1B689A420CDB437B13F0D7
:1034E0001F0F0AD1094B984209D0012300E00023A5
:1034F00003F0010070470023FAE70023F8E70023F8
:10350000F6E700BFCCCC00205C1F012018E10020B2
:1035100070B505460D4B1E7C06EB46030C4C04EBC8
:10352000C30420460BF0E3FB0A4B00229A552846C1
:10353000FFF7C8FF00B970BD074B1A68013AD317EF
:103540000649204600F0BAF8F5E700BFA8E20020DF
:10355000B0E30020581F0120CCCC0020A53402008D
:1035600038B5EFF31185202383F31288BFF36F8FF3
:10357000144B9C68144B1B68A34217D0124B0022BB
:103580001A60104B1B7C114AD35C53B12046FFF7E5
:1035900099FF30B1637B13F01F0F0FD02046FFF768
:1035A000B7FF85F31188BFF36F8F38BD2046FFF753
:1035B000AFFF85F31188BFF36F8FF6E72046FFF763
:1035C00045FCEBE7A8E20020541F0120581F012012
:1035D0002DE9F8438146884617461E46EFF31185CC
:1035E000202383F31288BFF36F8F114B9C6A04E092
:1035F00041462046C847D4F8844094B1002EFAD101
:10360000002FF5D085F31188BFF36F8F4146204618
:10361000C847EFF31185202383F31288BFF36F8F20
:10362000E9E785F31188BFF36F8FBDE8F88300BF2A
:10363000A8E20020EFF31181202383F31288BFF367
:103640006F8F0C4B9B6A834205D1D3F88420094BC2
:103650009A620AE013461BB1D3F884208242F9D162
:103660001BB1D0F88420C3F8842081F31188BFF304
:103670006F8F7047A8E20020034B1868984200D073
:1036800070470020FCE700BFD0CC002030B1044AD6
:103690005268904201D0006870470020704700BF18
:1036A000D0CC002008B5044B1B680BB1002008BD2E
:1036B000F8F766FAFBE700BF601F01202DE9F04F25
:1036C00083B0B3F1FF3F08BFB2F1FF3F0ED0044615
:1036D00091461F4681600023EFF3118A202282F376
:1036E0001288BFF36F8F1D46019335E000250195C9
:1036F0002846019903B0BDE8F08FFFF7D3FF80465D
:10370000013547F10006451946EBE0762561666113
:10371000344A13685268ED1846EB020301934FF0E8
:10372000010B38E0C91A66EB02020161426143688D
:10373000636020601C60446005E02B4B5A68236086
:10374000626014605C60FFF797FF844237D08AF3B1
:103750001188BFF36F8F0123002BC9D14D4601970C
:10376000002FCADA1F4B19685B68691843EB07031F
:103770006FF00102521A4FF0FF3161EB0303104664
:103780001946012A73F1000301DA012000212061AA
:1037900061614FF0000BFFF76FFF0028CDD001698A
:1037A0004669236962698B4272EB060EBADB5B1ACB
:1037B00062EB060223616261FFF768FFEDE70B4BE6
:1037C0001B68002BC3D1BBF1000F06D040460BF0A5
:1037D00073FA0021F8F79AF9B9E7FFF763FF80461B
:1037E000F4E700BFC8E30020D0CC0020601F012018
:1037F00070B5EFF31186202383F31288BFF36F8F28
:103800002A4B1860FFF738FF044623E0284A136864
:1038100051685B1941EBE571136051600022002390
:10382000C4E9042320460BF030FA86F31188BFF375
:103830006F8FA36820469847EFF31186202383F308
:103840001288BFF36F8F194A13685B1B1360FFF771
:1038500013FF04463CB125696169144B1A68D317FC
:10386000AA428B41D2DA44B1236962690F490968DF
:103870005B1A62EBE172236162610D4A0B4D2868AD
:10388000136851681B1841EBE0711360516000240C
:103890002C6020460BF010FA2146F8F737F986F332
:1038A0001188BFF36F8FFFF75BFE70BD601F0120B3
:1038B000C8E3002010B50022EFF31184202383F326
:1038C0001288BFF36F8F134611460CE0FFF7EAFE34
:1038D000074A13685168C31841EBE07184F31188FB
:1038E000BFF36F8F0122002AF0D0184610BD00BF31
:1038F000C8E30020F8B5EFF31183202282F3128889
:10390000BFF36F8F026822B183F31188BFF36F8F0B
:10391000F8BD04461D46826AC36A52EA030105D017
:10392000B3F1FF3F08BFB2F1FF3F27D1236B013353
:103930002363236A6BB185F31188BFF36F8F236A0A
:1039400020469847EFF31185202383F31288BFF3B5
:103950006F8F04F11803A469A34252D0002C50D0F9
:1039600020460BF06DF80023C4F8C03085F31188B1
:10397000BFF36F8F20460BF048F8C9E716461F4685
:10398000012A73F1000301DA01260027013E47F105
:10399000FF370BF0DFF9013041F10001801947EBEF
:1039A0000101012871F1000108DA6FF001024FF006
:1039B000FF3316492046FFF781FEB7E70BF0CAF93F
:1039C000013041F10001801947EB01016FF0020362
:1039D00083426FF000438B4103DA00224FF0004333
:1039E000E7E70BF0B7F9431C41F10002991947EBE7
:1039F00002036FF00102521A4FF0FF3161EB030333
:103A0000D7E785F31188BFF36F8F81E7F5380200A0
:103A1000F8B51D46EFF31187202383F31288BFF317
:103A20006F8FB5F1FF3F08BFB2F1FF3F21D00646CF
:103A300014462B46002D08DB012A73F1000301DA3E
:103A400001240025013C45F1FF3530460BF04FF9CC
:103A5000DDE90623C6E90A230023336322462B4609
:103A600006493046FFF72AFE87F31188BFF36F8FB0
:103A7000F8BD87F31188BFF36F8FF9E7F5380200BF
:103A800000238360437B03F03F03102B05D8084AD3
:103A900022FA03F313F0010F00D170470368002BE3
:103AA000FBD0426813605A60002303604360F4E770
:103AB000160101002DE9F04383B0074616461D4666
:103AC000274B9C68012384F8703084F8713055EAE4
:103AD00002030CBF0123002304F170020BF0A9FACA
:103AE0008046EFF31189202383F31288BFF36F8F91
:103AF00094F870300BB3002384F8703055EA060355
:103B000026D000960195174A49461748FFF702FA52
:103B10000446EFF31182202383F31288BFF36F8FE3
:103B20001546414638460BF06AFA85F31188BFF313
:103B30006F8F204603B0BDE8F0834A460146384601
:103B40000BF05DFA89F31188BFF36F8F0024F0E763
:103B500089F31188BFF36F8F6FF00A04E9E700BFA4
:103B6000A8E20020D8CC0020641F012038B503460D
:103B7000EFF31185202282F31288BFF36F8FC160AB
:103B8000012282600068834210D04268036813609B
:103B90005A6000230360436001210BF0BDFA044624
:103BA00029460548FFF778FA204638BD85F3118885
:103BB000BFF36F8F0024F7E7641F012008B50BF0F7
:103BC00028FB014B586108BDA8E2002038B5EFF38F
:103BD0001185202383F31288BFF36F8F0D4B5C692F
:103BE0003CB90C4B00225A6185F31188BFF36F8FEB
:103BF00038BD0BF00EFB041B064B986890F838306C
:103C000023B9214603480BF0EAFAEAE721460BF014
:103C1000F8FAF6E7A8E200202DE9F84305460C463D
:103C2000EFF31186202383F31288BFF36F8FC0EB6D
:103C3000C0031B4A02EB8303934219D018498A69D7
:103C400013685268A360E260C5EBC50501EB85010E
:103C5000C868016B406B216160615B1842EB000238
:103C60002360626086F31188BFF36F8FBDE8F8832D
:103C70000BF0CFFA07460A4B5A69A0EB0208986886
:103C800090F8383043B9DFF81890414648460BF0B9
:103C9000A6FAC9F81470D1E741460BF0B2FAF2E780
:103CA000A8E200202DE9F84305460C46EFF3118603
:103CB000202383F31288BFF36F8F164B9B688342D8
:103CC0000FD0D5E90C23C4E90023C4E90223002264
:103CD0000023C4E9042386F31188BFF36F8FBDE886
:103CE000F8830BF096FA07460A4B5B69A0EB0308D2
:103CF00095F8383043B9DFF81C90414648460BF040
:103D00006EFAC9F81470DCE7414628460BF079FAE0
:103D1000F1E700BFA8E2002070B506460C46154644
:103D20000AF072FD50B9064B9B68D3F8B40020B17D
:103D30002B46224631460BF072FA70BD0148F7E778
:103D4000A8E2002078CD002008B50246024B0021F1
:103D500002480BF064FA08BD636D020078CD0020C4
:103D6000014BC0F8B430704778CD002008B501464B
:103D7000024A0020FFF7D0FF08BD00BF636D0200BC
:103D800000B583B0064B00934FF0FF334FF4006251
:103D900004490548FEF7FCFD002003B05DF804FB74
:103DA000804C0300D8CE0120D0E30020F8B54D4A66
:103DB0000C4600234C4DD0E90001ECF793FE002A9D
:103DC0004FF4616100F52F20B7BF02F5A83200F66D
:103DD0006C2000F66B2002F5C072B2FBF1F301FB20
:103DE00013223C21A360B2FBF1F301FB13226360B9
:103DF000C31C2260072293FBF2F2C2EBC2029B1AA1
:103E000052D50733A361A0F50E33A3F52C7393FBB2
:103E1000F5F5364B48F6AC6140F2B45740F26D16FA
:103E200003FB05004FF0050CB0FBF1F1B0FBF7F31D
:103E30000144C91A2E4BB0FBF3F3C91A48F6946338
:103E4000B1FBF3F3B1FBF6F2B1FBF7F103445B1AFC
:103E5000992106FB123303EB83005E1C0230B0FB9A
:103E6000F1F779430231B1FBFCF1761A40F2F951D6
:103E700088424FF4C8708CBF6FF00901022100FB2B
:103E800005253944012998BF0135B3F5997F11D330
:103E9000A3F59973A5F26C75E36100232046E660F3
:103EA0002362C4E90415F8BD0028A361ABDB90FBD5
:103EB000F5F5AEE7970710D14FF0640C92FBFCF7D5
:103EC0000CFB17275FB992FBF0F700FB1722B2FA41
:103ED00082F252093B331344DCE70022FAE7012265
:103EE000F8E700BF80510100B13A02004FC5FDFF65
:103EF000B03A02000CB430B589B005460C461C221D
:103F0000002101A80BF0FBF9022305958DF806307E
:103F10000D4B029323462CB1B4F1004F28BF4FF054
:103F20000043013B1D440DAA0C9901A8069500927F
:103F300000F072FC14B1059B00221A7009B0BDE8B4
:103F4000304002B0704700BF87FA02000EB470B56F
:103F500089B005461C2200210DAC01A854F8046B61
:103F60000BF0CDF9012301A8224631468DF8063029
:103F7000054B05950393009401F022F909B0BDE8C3
:103F8000704003B0704700BF73FA02002DE9F84F8C
:103F900000228046894618F80230511C202B00F080
:103FA0009E81A3F10900042840F299812B2B0D4634
:103FB00033D02D2B36D01846042440F02003692B33
:103FC00032D06E2B60D000224FF00A0A96469446FB
:103FD0001346114614F400666BD040F02007A7F199
:103FE000610BBBF1050F64D8573FFFB2BA4540F3F0
:103FF000F28044F08006E005B6B268D5F40506F418
:10400000007079D5002F18BF4CF0010C00B90132B7
:1040100018F8050034460135DCE7042418F80100DF
:10402000951CCAE74424F9E7AE4B0026AE4F13F8BF
:10403000011B49B118F80520681C42F020028A4291
:1040400026D0AA4A934230D132463B4630463946C2
:10405000ECF79EFC48B918F80530282B05D101353E
:1040600018F805300135292B14D1630602D507F164
:1040700000431F46B9F1000F02D04544C9F8005073
:1040800030463946BDE8F88F994B0026994FCEE768
:104090000546CCE723F02002413A192AE0D9A3F1E2
:1040A0003002092ADCD95F2BDAD000260027002550
:1040B000E0E7A0F13007FFB257452DDA44F0800663
:1040C00014F48070B6B299D1BAF10A0F06D0BEF1DD
:1040D0000F0F93DD44F4C076B6B28FE7BEF1100F38
:1040E0008CDD44F4C076042FB6B287D9052F4FF08B
:1040F000020C08BF074681E700B1013AAAFB03346E
:10410000FB180AFB014444F1000153EA01003FF4AB
:104110007FAF0EF1010E7BE7FE2F5CD1A70556D5D0
:104120002006C2D5002E40F0968053EA010005F12A
:10413000FF3500F0D180200540F1B2803632B1F574
:10414000800FC0F091806C4FB1F5000F80F091802E
:10415000BA42C0F28E804CEA0303084603F003061D
:10416000032E04D003F00606062E40F08B800433A5
:1041700041F10000B0F5000FC0F084800132B2F5CB
:10418000806F80F2A68000234FF4801102F2FF328C
:1041900021F4801141EA025718461E46394602F0C2
:1041A00021F90138022804D8544B22220BF08CFC50
:1041B0001A503046394602F015F9013802283FF608
:1041C00054AF4E4B22220BF07FFC1A504DE744F4C3
:1041D0000076B6B21CE740F0200004F08007782893
:1041E00009D147B153EA010A05D144F400664FF002
:1041F000100AB6B20CE7002F3FF457AF6EB392002F
:104200007026864291D118F805006E1C2B2804D028
:104210002D2824D144F48064A4B218F80600A0F13B
:104220003006092E81D8AE1C354640F2D34A00260E
:104230004FF00A0B5645DCBF30380BFB060618F86A
:1042400005000135A0F13007092FF3D9670548BFF4
:104250007642324469E72E20D1E76526D1E7A0F106
:104260003007092FE0D960E7DB1802F1FF3249413E
:1042700065E75E0803F00103013246EAC1764908AA
:10428000334361E7B2F5806F23DA9B08B0F5800F06
:104290004FEA900143EA8073BFF478AF002279E7D8
:1042A0000EEB020010F5A27F10DDB0F59B7F10DA57
:1042B00003F0010040EA0C0001308008181841F1B9
:1042C000000101F021FC06460F4672E70026002798
:1042D0006FE70026044F6CE700260027C5E60A4674
:1042E00059E600BFA14E03000000F07FA44E03007A
:1042F0009E4E03000000F87F02FCFFFF0C00000050
:10430000242A2DE9F041044601D8012A4CD1364B2C
:1043100016220BF0D9FB1A5001B10C600027384669
:10432000BDE8F08135462E4616F8010B2028F9D05D
:10433000A0F109070346042FF4D92B2836D02D28E5
:1043400037D14FF0010CAE1C6B78302B38D1307860
:1043500040F0200078282FD132F010002CD1737853
:104360003446102202360CF1004000270138B0FB21
:10437000F2FE02FB1E08392B82BF03F1FF3343F02C
:104380002003263B303B9A421ED9774502DC03D1FD
:10439000984501D24CF0020C354607FB02373446F3
:1043A00015F8013B2E46E6E70546BCE74FF0000C4A
:1043B000C9E74FF0000CC8E7002A08BF0822D2E77F
:1043C000002A08BF0A22CEE701B10C601CF0010FE1
:1043D00018BF7F421CF0020FA1D0034B22220746D8
:1043E0000BF072FB1A509AE70C000000242A2DE90A
:1043F000F84F8046894601D8012A60D1424B1622E7
:104400000BF062FB1A50B9F1000F01D0C9F800801F
:10441000002319461846BDE8F88F31460E4616F8B7
:10442000013B202BF9D0A3F109001C460428F4D944
:104430002B2B46D02D2B46D101278E1C4C78302CAF
:1044400048D1337843F02003782B3ED132F010036B
:104450003BD17478B0461025023617F1FF3B6FF060
:1044600000432A4643F1000A584600235146ECF720
:1044700089FB00238C461946392C82BF04F1FF3496
:1044800044F02004263C303CA54228D998427CEBDD
:10449000010E05DB614508BF834203D1A24201D270
:1044A00047F00207A5FB033EB04605FB01EEE3180B
:1044B0004EF10001B6461EF8014B7646DCE7014698
:1044C000ACE70027B9E70027B9E7002A14BF154673
:1044D0000825C2E7002A14BF15460A25BDE7B9F131
:1044E000000F01D0C9F80080F80702D55B4261EBEC
:1044F0004101BA078ED5044A22240BF0E5FA5B4647
:104500005146145086E700BF0C000000242AF0B585
:10451000044601D8012A40D12E4B16220BF0D4FAC2
:104520001A5001B10C600020F0BD2F463D4615F831
:10453000010B2028F9D0A0F109060346042EF4D976
:104540002B282CD02D282CD10126BD1C7B78302B7C
:104550002DD1287840F02000782824D132F01000A6
:1045600021D16B782C46102202350020392B82BFD6
:1045700003F1FF3343F02003263B303B9A421AD924
:10458000A0FB02040CB9C01801D346F002062F4666
:104590002C4617F8013B3D46E8E70746C6E70026EC
:1045A000D3E70026D3E7002A08BF0822DDE7002A68
:1045B00008BF0A22D9E701B10C60F20748BF4042A8
:1045C000B307B1D5034B22220BF07EFA1A504FF0FD
:1045D000FF30A9E70C000000242AF0B505460E467E
:1045E00001D8012A0AD13E4B16220BF06DFA1A505F
:1045F00006B1356000200146F0BD2046044614F89F
:10460000011B2029F9D0A1F109070B46042FF4D989
:104610002B2939D02D293AD14FF0010C841C437835
:10462000302B3BD1217841F02001782932D132F072
:1046300010012FD163782546102202340020014654
:10464000392B82BF03F1FF3343F02003263B303B7D
:104650009A4232D9002729BBA0FB02E517F00107D7
:104660007046294608D11EEB030E55F10005704631
:1046700028BF012729460FB14CF0020C27462546DA
:1046800017F8013B3C46DBE74FF0000CC6E74FF064
:10469000000CC5E7002A08BF0822CFE7002A08BFA0
:1046A0000A22CBE7A2FB0151A0FB02E02D1841F149
:1046B0000001002918BF0127D0E706B135601CF0C2
:1046C000010F02D0404261EB41011CF0020F93D078
:1046D000034B22220BF0F8F91A504FF0FF308AE713
:1046E0000C0000002DE9F04101260746B24201DC32
:1046F000BDE8F0813B461F4613F8014B002CF7D074
:10470000252CF8D11C780237252CF3D00023DFF8B4
:1047100004819C461D461F2D18D8A4F1200EBEF121
:10472000100F09D9A4F1300EBEF1090F1ED80A24CA
:10473000202504FB03E304E028FA0EFE1EF0010F1F
:1047400006D017F8014B002CE5D128E07F2D1CD8AE
:10475000A4F1300EBEF1090FE9D9242C10D1BCF11F
:10476000000F46D0B34246D00023EAE724F0040EFF
:10477000BEF12A0FF8D06C2C09D145F08005E0E796
:1047800024F0040EBEF12A0FEED06C2C22D06C2C3B
:104790001BD8682C23D06A2C28D04C2C26D0BCF1F6
:1047A000000FA5D0B445A1D144F020070B68A7F1B4
:1047B000650CBCF1020F01D9612F1ED1073323F024
:1047C0000703083301360B608FE7742CB9D07A2CBD
:1047D000B7D0E4E72C0648BF45F40075CDE7EC05FB
:1047E00048BF45F4007545F48075AAE745F4207587
:1047F000A7E79C46B8E76324D6E7692C02D007D820
:10480000632C03D02F0601D5AC05D7D40433D9E7E8
:10481000732CF6E7892801002DE9F04F436895B025
:104820008046039383789807CDE9081216D50B4686
:1048300000250D921F789FB1252F15D001330793C6
:1048400041463846039B01359847002880F22C8466
:1048500098F8023043F0040388F802304FF0FF3537
:10486000284615B0BDE8F08F5F789A1C252F079277
:10487000E6D000242646A246A346BBF11F0F32D83D
:10488000A7F12003102B0AD8DFE803F02409092A36
:104890000909091B09090922092709091900A7F1B2
:1048A0003003092B2DD92A2F39D154B90D9B1BF078
:1048B000400F53F8042B0D9329D0164601E04BF01E
:1048C000010B079B13F8017B0793002FD5D15BE009
:1048D0004BF0020B4BF0040BF3E74BF0080BF0E747
:1048E0004BF0100BEDE7BBF17F0F3FD8A7F1300382
:1048F000092BD8D81BF0400F03D00A2202FB063642
:10490000DFE70A2202FB0A3A4BF0200BD9E7B2F1AB
:10491000000AF9DACAF1000A4BF0280BD1E72E2F72
:1049200005D11BF0400F9BD14BF0400BC9E7242F62
:104930001CD1002C00F03F81099B1BF0400F0D9310
:104940000AD152460DA90898FFF7CCFE0D9B1A1DFF
:10495000D3F800A00D92B4E732460DA90898FFF7EE
:10496000C1FE0D9B1A1D1E680D92AAE76C2F00F068
:104970000F8100F20681682F00F012816A2F00F08B
:1049800017814C2F00F0148134B1099B22460DA9E8
:1049900008980D93FFF7A6FE002E47F02009B8BF38
:1049A0002BF0400BA9F16503BCBF00261FFA8BFB5F
:1049B000022B40F20581B9F1610F40F05B82FF43A9
:1049C0001BF0400F4BF4C05407F0200308BF4FF01A
:1049D000FF3606930D9B073323F0070303F108020C
:1049E000D3E90001069B0D920EAA009333460AF00C
:1049F00087FF0130C3B2B342049301DB049B5E1E08
:104A000001230E9FA3464FF07009059307F1090398
:104A1000122B0DD907F16303C62B40F20C8107F26C
:104A2000E73340F2CE72934294BF032304230593ED
:104A30009DF83C2002F00C0312F0010240F01681B8
:104A40001BF0020F40F00F811BF0040400F0F58012
:104A5000002B40F00E8120231BF4405F20D1049AEC
:104A6000002E02F1500208BF01266A44133A04994D
:104A700021B112F8011D302900F030811BF0100F18
:104A8000049A18BF3246391DC0F22D81B74280F218
:104A90002A81BA424BF4005B40F327817E1C961BAF
:104AA0001BF400520A9200F0228127EAE7740134D5
:104AB00003B10134002E00F02281721C1444A2457F
:104AC000CCBFAAEB040400241BF0090F04D12C4432
:104AD000A54240F0198100243BB118464146039B92
:104AE000013598470028FFF6B3AE1BF4006F12D0D3
:104AF00041463020039B98470028FFF6A9AE069B4D
:104B000041460235C3F17800039B00F0F800984756
:104B10000028FFF69DAE1BF0080F05D12C44AC42D7
:104B200040F0FE80254600240A9B002B00F01781F0
:104B300027EAE77A7642A7EB0A07049B0AF1FF3AD5
:104B400005F101094146BB4289BF0EAB3020FB187D
:104B500058795645039B00F3EC809847002807F1ED
:104B60000107FFF675AEBAF1FF3F08D141462E208E
:104B7000039B98470028FFF66BAE05F102094D46EE
:104B8000DBE7742F3FF49DAE7A2F3FF49AAEFBE63D
:104B90001BF0800F18BF4BF4007B4BF0800B90E6AE
:104BA0001BF4807F18BF4BF4007B4BF4807B88E6BE
:104BB0004BF4207B85E626465446B346B24680E653
:104BC000FF431BF0400F07F0200308BF0626B9F192
:104BD000650F06930D9B03F1070323F0070303F111
:104BE0000802D3E900010D9213D1731C00224BF48B
:104BF000805BDBB21446112BCDE9002428BF1123C2
:104C00000EAA01F073F80E9FC3B20493022305931A
:104C1000FCE6B9F1660F05D14BF4005B3446012286
:104C20001123E8E7F3B200224FF06509012B144687
:104C300038BF0123DFE70223F9E6002B3FF40CAF76
:104C4000BAF1030F39DC9DF83C30A14E13F0080F88
:104C5000A04B08BF1E463746B94617F8010BA0BB4C
:104C6000AE1BB14478E023BB2B23F5E61BBB2D2301
:104C7000F2E62022BAF1040F12DD1BF0080FAAF1B0
:104C800004040ED12C4441462020039B013504929C
:104C900098470028FFF6DCADA542049AF3D192B103
:104CA000002441461046039B013598470028CADA84
:104CB000CEE52B22DEE72D22DCE71BF0080FAAF160
:104CC0000304C0D1DEE71446BDE7069B4146C01A87
:104CD000039BC0B298470028BEDAB9E504990139B0
:104CE000C9B20491C3E6561EDAE60026D8E61BF4E4
:104CF000006F059A0CBF032405241444D8E61BF06A
:104D0000100F18BF0134DAE60B934146039B2020B5
:104D10009847002805F101050B9BBFF6D9AE97E532
:104D200041463020039B013598470028BFF6F7AE77
:104D30008EE598470028FFF68BAD1BF0100F0BD0C7
:104D4000BAF1FF3F08D105F1020941462E20039B2D
:104D500098470028FFF67CAD4D464C442BE2414677
:104D60009DF83D00039B98470028FFF671AD002E8B
:104D700065DD41462E20039B98470028FFF668AD6D
:104D80004FF0010A049B4146D3469A45B7BF0EAB8C
:104D9000302053445879039B98470028FFF658ADBC
:104DA0000AF1010A5645EDDA02355D44069B41469B
:104DB000A9EB0300039BC0B298470028FFF648AD5B
:104DC000002F4146039BB6BF2D202B207F429847E2
:104DD0000028FFF63DAD059B042B3DD14FF47A79B9
:104DE0004146039B0335B7FBF9F606F13000C0B22C
:104DF00098470028FFF62CAD09FB16774FF06409A1
:104E00004146039B0135B7FBF9F606F13000C0B20D
:104E100098470028FFF61CAD09FB16774FF00A09EA
:104E20004146039B0135B7FBF9F606F13000C0B2ED
:104E300098470028FFF60CAD09FB167713E01BF02E
:104E4000100F01D10135B1E741462E20039B0235F9
:104E500098470028AADAFBE4059B0235032BCDD046
:104E6000059B012BDAD107F1300005F1010941461C
:104E7000C0B26CE7A7F16303122B00F2FE80DFE8FB
:104E800013F013005600FC00FC00FC00FC00560070
:104E9000FC00FC00FC00FC00FC001601F700FC001C
:104EA000FC002B00FC00B8000D9B01240EAF1A1D66
:104EB0001B680D928DF838301BF0080F2DD03E196D
:104EC000B946B1452BD1EF1BB944AAEB040443E723
:104ED000AD4E0300A94E03000D9B1A1D0D921F68D5
:104EE000AB4B002F08BF1F461BF0400F384614BFC6
:104EF00031464FF0FF310AF06AFA0446DCE74146DA
:104F00002020039B98470028FFF6A2AC013EB44244
:104F1000F5D35544B246AD1BD1E75646F7E74146B7
:104F200019F8010B039B98470028CADA90E41BF09C
:104F3000800F0D9B35D01BF4007F2DD0073323F05D
:104F4000070303F10802D3E900010D922BF01009C9
:104F500000291FFA89F936DA404249F4806961EB89
:104F600041010DF1380B0A235A460AF079FA19F07B
:104F7000400FA0EB0B0B65D029F001025E4592B209
:104F800040F3B280002F00F0A98019F010033446DE
:104F9000914626D002345CE01A1D18680D92C117A4
:104FA000D4E71A1D1BF4807F19680D9201D10846C1
:104FB000F5E71BF4007F19BF48B241F3C01108B2F6
:104FC00041F3C031C2E750EA0103CAD11BF0400FE0
:104FD000C7D0002EC5D12BF0110B34461FFA8BF928
:104FE000B34640F2064319EA03031CBF0134002311
:104FF0002FE02BF0100B0A231FFA8BFB1BF0800411
:105000000D9A57D01BF4007115BF0732101D22F006
:1050100007020D900FBF106802F108010D91D2E94F
:10502000000150EA010252D12BF016091BF0400F8B
:105030001FFA89F94FD0002E4DD12BF0170B1FFA14
:105040008BF9B34619F0100352D0002F4ED10BF15B
:10505000010419F0080F5ED119F0010F06D0A24526
:105060006EDDAAEB040404EB0B06544622464DE029
:105070004BF0100B10237827C0E7B9F1780F04D15B
:10508000C7F1780343F01003B8E741462520039B9E
:1050900098470028FFF6DCAB41463846039B98470B
:1050A0000028FFF6D5AB0235079BFFF7C3BB0823EB
:1050B0000027A3E7111D10680D911BF48071B0D07B
:1050C0001BF400711ABFC0B2214680B2A9E72BF0D1
:1050D000060B1FFA8BF90DF1380B45E729F0110982
:1050E00034461FFA89F97CE79146ABE75C4651E705
:1050F0005C4676E7CDE9042341462020039B984790
:105100000028FFF6A5AB049A059B01329245F1DC1D
:105110002C1BA5181446F3B141463020039B984739
:105120000028FFF695AB6FB90135A9462E44A6EBD2
:1051300009035B4521DC5D460EAE5DBBD944C4E688
:105140005E4693E7023541463846039B9847002860
:10515000EBDAFFF77DBB40F2064319EA030FE4D018
:1051600019F0020F05F10105414614BF2B20202044
:1051700019F4806F18BF2D20E7E741463020039BCC
:1051800009F1010998470028D1DAFFF761BB00BF98
:10519000B14E0300013D4146039B705D98470028D6
:1051A000CBDAFFF755BB41462020039B01359847DA
:1051B0000028FFF64DAB631B002BF4DC74E700BF47
:1051C0002DE9F04F002391B0029007920E920F93B9
:1051D00006930D4615F8016BAEB1202E17D0A6F13F
:1051E0000903042B13D9252E17D00FA902980AF012
:1051F0005EF9031EC0F2F380DBB2B3420BD00FAAFC
:1052000002990AF05EF9069811B0BDE8F08F0FA977
:1052100002980AF05EF92946DBE74E788D1C252EB0
:10522000E3D02A2E03BFCD1C8E7801240024002752
:10523000A6F13003DBB2092B19D9A20723D5242EFE
:1052400023D1079B24F0020400220E93A4B2012371
:105250009F4215DC42B17B1E002F0E9A4FEA83035A
:10526000D8BF00231A440E9215F8016BDFE744F013
:1052700002040A2215F8016BA4B202FB0737D7E734
:1052800001330122E4E74FF0FF376C2E35D007D809
:10529000682E24D06A2E3FD04C2E37D026B9B2E7E4
:1052A000742E36D07A2E34D0314689480AF043F82D
:1052B0000028A8D014F001030C9311BF4FF0000A8E
:1052C0000E9B1A1D0E9208BFD3F800A06E2E26D199
:1052D0000F9A0023504600940AF010F99BE72E78AD
:1052E000682E04D044F02004A4B20135D6E744F07F
:1052F00030046E78A4B20235D0E72E786C2E02D03E
:1053000044F00404F0E744F00C04F2E744F00C0429
:10531000A4B215F8016BC1E744F00804F8E7632E66
:105320001FD114F0020F04F0040408BF01270FA9D5
:1053300002980AF0BCF8002851DBBAF1000F02D045
:1053400064B14AF8040B013FF1D10C9B002B7FF4B0
:1053500062AF069B0133DBB206935CE70AF8010BF0
:10536000F1E75B2E5DD12B7800265E2B06BF013561
:105370004FF001094FF000090FA902980AF097F8C1
:105380000022A84605F1010E9446114618F8013B8B
:10539000FBB1F04508D05D2B12D02D2B04D132B9D2
:1053A0000B4601221946F1E7002A08BF1946884238
:1053B0004FF00002F6DB9842D8BF4FF0010CF1E746
:1053C000002805DBE14511D10FAA02990AF079F80E
:1053D000CEB9029B9B7813F00C0F3FF414AF069BE1
:1053E000002B14BF18464FF0FF300DE7BAF1000F45
:1053F00005D063074CBF4AF8040B0AF8010B013FC4
:105400004FF00106B8D1BAF1000F01D145469CE733
:1054100014F0040416BF00238AF80040CAF80030D4
:10542000F4E70FA902980AF054F80028D7DB582EA9
:105430007BD0643EF3B2142B00F2BD80142E00F238
:10544000BA80DFE806F00BB8B8B8B841B8B8B8B859
:10545000B86F72B8B852B80BB8B872004FF00A08FB
:105460000FA902980AF023F82B2804D02D280AD17E
:1054700044F04004A4B2013FABD00FA902980AF057
:1054800016F80028A5DB302877D1B7F1010918D02C
:105490000FA902980AF00BF8002812DB40F0200355
:1054A00044F08004782BA4B242D138F0100344D1E8
:1054B000B7F1020905D00FA9029809F0F8FF0028FA
:1054C00062DA002637464CE04FF00008C8E700BF1C
:1054D000B84E0300BAF1000F05D066074CBF4AF87A
:1054E000040B0AF8010B013F0FD00FA9029809F035
:1054F000DEFF002809DB202803D0A0F10903042BDC
:10550000E8D80FAA029909F0DCFFBAF1000F3FF4C6
:105510001CAF14F0040416BF00238AF80040CAF838
:10552000003012E74FF008089AE74FF0100897E7AD
:10553000B8F1000F08BF4FF0080800263746392899
:10554000034682BF00F1FF3343F02003263B303B8C
:1055500098451CD80FAA029909F0B3FF20067FF5E1
:1055600038AF610602D5764267EB470732463B46C5
:105570005046009409F0C2FFE7E6B946B8F1000FC3
:10558000DBD14FF00A08D8E74FF01008D5E7A8FBA9
:10559000066244F080049E1908FB0722A4B242F17F
:1055A0000007B9F10109DCD00FA9029809F07FFFCB
:1055B0000028C4DAD5E70FA9029809F078FF039014
:1055C0009DF80C302B2B04D02D2B0DD144F0400432
:1055D000A4B2013F3FF4FDAE0FA9029809F067FFA6
:1055E000031E0393FFF6F5AE039B43F02003692BE4
:1055F00069D06E2B00F099804FF000080A234646D0
:10560000C146CDE90488220540F1BE80039A42F0EC
:105610002002D2B2A2F16101052900F2B580573A09
:10562000D2B2934240F3008144F0800BE1051FFAAF
:105630008BFB40F1CC801BF4807F0BF4007100F0F9
:10564000D7800598002A18BF40F00100059009B9DD
:1056500008F10108013F0D9300F0FB800FA90298AB
:1056600009F025FF031E5C4603930D9BCBDA210650
:105670007FF5AFAE2205039A4CBF7023652342F03D
:10568000200248BF4FEA88089A4240F02A81B7F1C9
:10569000010B00F028810FA9029809F008FF0346CA
:1056A000C2B22B2A05D02D2A40F0F18044F4806448
:1056B000A4B2B7F1020B40F0CE800FAA02991846AF
:1056C00009F0FFFE0FE1734E4FF00008DFF8C891BC
:1056D00016F801BBBBF1000F13D0013F0DD00FA98D
:1056E000029809F0E4FE031E07DB43F020035B454C
:1056F000EED00FAA029909F0E4FE684B9E427FF4B7
:1057000068AE42464B4640464946EBF741F938BB46
:10571000013F25D00FA9029809F0C9FE282816D00C
:105720000FAA029909F0CDFE1AE05D4E4FF0000875
:10573000DFF87091CCE720F02003413B192B06D90C
:10574000A0F13003092B02D95F287FF442AE013F5C
:105750003FF43FAE0FA9029809F0A9FE2928EAD12B
:10576000630606D509F10043CDF828800B93DDE9E7
:105770000A89BAF1000F3FF4E8AD14F00C0F00F005
:105780006D81CAE90089E0E5039A303AD2B29A42C3
:1057900040DA44F0800BE1051FFA8BFB3FF54BAF7D
:1057A0000A2B14D114F00C0F1FD1049908297FF78C
:1057B00042AF44F4C07B042A1FFA8BFB7FF63BAF59
:1057C000052A4FF0020108BF0022059133E714F0CB
:1057D0000C0F049907D107297FF72DAF44F4C07B44
:1057E0001FFA8BFB27E70F29F6E704991029DEE75C
:1057F00009B108F1FF38A3FB0661961903FB0911F3
:1058000041F1000956EA09023FF424AF049A01323B
:1058100004921FE7FE2A07D1A2053FF528AF44F402
:10582000007B1FFA8BFB15E7039A04F0800342F01C
:105830002002782A7FF41BAF002B3FF418AF56EA02
:1058400009037FF414AF44F4006B10231FFA8BFBA1
:1058500000E75C460BE70FA902980D9309F027FEBD
:105860000D9B1F460346A3F13002092A1CD9184696
:105870000FAA029909F025FE7B1C04D00FAA0299F9
:10588000384609F01EFE0FAADDE9021018E74FF0B6
:10589000FF37E8E7CF4E03000000F07FD24E030051
:1058A000CC4E03000000F87F00270A2240F2D341CB
:1058B0008F42DCBFA3F1300102FB0717BBF1010BE4
:1058C00009D00FA9029809F0F2FDA0F130010346BA
:1058D0000A220929EAD96005039348BF7F42B844E8
:1058E0005F46002FCFD156EA090300F0B2802105B0
:1058F00004F00C0240F18A80002A4FF001005F4959
:1059000012BF352318236FF07D015F1CA3F11F0226
:10591000C7F1200C00FA02F2B84420FA0CFCB8409F
:1059200042EA0C02864279EB020751D30127A3F128
:105930001E02C3F11E0C981C07FA02F227FA0CFC97
:1059400007FA00F042EA0C02864279EB020745D2E0
:10595000884543DB059A324316464A4606F0030063
:10596000032803D006F0060006280BD1043649F1BF
:105970000002B2F5000F21BF760808F1010846EADF
:10598000C2765208B608C3F13500C3F11507153BBE
:1059900046EA8276920806FA07F726FA03F382406F
:1059A00006FA00F03A431A43344B994225D1B8F530
:1059B000806F5DDAB2F5801F25D308F2FF3822F43C
:1059C000801242EA085308900993DDE90889C7E686
:1059D000B61908F1FF3849EB0909A3E7770806F083
:1059E000010608F1010847EAC9774FEA59093E4321
:1059F000AAE7001808F1FF385241B2F5801F34D2EF
:105A000018F57F7FF5DA4FF00008DAE7059B06F01E
:105A100001001843049B013043448008301849F1C9
:105A200000015AB113F5A27F13DDB3F59B7F1FDA96
:105A3000424600F069F88046894691E613F12D0F41
:105A400007DB272B14DC414609F09EFDEAF7E0FC5A
:105A5000F1E74FF000084FF0000981E64046494663
:105A6000EAF7F0FFCAF800006FE4B8F5806FA4DB36
:105A70004FF00008DFF8089072E600BF02FCFFFF5D
:105A80000000F07FF0B589B005460C4616460021AF
:105A90001C2201A81F4609F032FC0223204605956E
:105AA0008DF806300A4B02932CB1B4F1004F28BF99
:105AB0004FF00040013805443A46314601A80695AA
:105AC000FEF7AAFE14B1059B00221A7009B0F0BDC2
:105AD00087FA020070B588B006460C4615460021CC
:105AE0001C2201A809F00BFC01232A4621468DF84F
:105AF000063001A8034B05960393FFF761FB08B03E
:105B000070BD00BF73FA02002DE9FF4780461646BC
:105B10000F46002900F09E80B1FA81F4341B002E5C
:105B200004F10A04C0F29E80304600F03FFB0444BA
:105B3000304600F041FBA4EB0609054669463046B5
:105B400000F062FBA9EB05036A4640467D33394607
:105B500009F0EAFCA64282460D467FDCB9F13F0F10
:105B60007EDC4FF0FF33A9F12000C9F1200103FAD8
:105B700000F003FA09F223FA01F103FA09F30243F0
:105B800028EA03030A4327EA020213430CBF012059
:105B90000020002D00F08880B5FA85F3E31A40F26A
:105BA000FE7203F23E43934200F38780002B23EA08
:105BB000E376D4BF01223246121BA2F23341A2F295
:105BC0003447A2F25344C1F1200C2AFA01F325FA1A
:105BD00004F4C7F1200E05FA0CFC25FA01F105FAD0
:105BE0000EFE43EA0C03A2F2544CA2F254422343A9
:105BF0002AFA07F425FA0CFC44EA0E0444EA0C04E1
:105C0000C7F1200C14F0010F52D0A8B14FF0FF30B3
:105C100000FA02F200FA07F4144320FA0CF2B8403A
:105C2000144303F001022AEA000A25EA04054AEABD
:105C3000020A5AEA050A3BD0013341F10002C2F3DD
:105C4000130253EA020136D0184642EA065104B064
:105C5000BDE8F087B0FA80F420345FE7012098E7D0
:105C6000002096E7C6F10009484600F0A5FA241A7C
:105C7000484600F0A1FAA61B0546694648462E4450
:105C800000F034FB6A46404606F17C03394609F0D1
:105C90004BFC82460D464046394600F09DFA814550
:105CA0008CBF0020012074E7BAFA8AF3203375E72D
:105CB000C1F31302C8E70136C6E700200049C6E772
:105CC0000000F07F1FB502AB074A00934FF0CC33C2
:105CD00009F0DCFDDDE90201C00840EA4170C908B5
:105CE00005B05DF804FB00BFCDCCCCCC2DE9F04F66
:105CF0009BB0044605920A460A93C2F30A559DF8E2
:105D00009030D20F0B93C1F313030992090D7DB9A3
:105D100050EA03021CD1059A302301265371099BD6
:105D2000156043F00203137130461BB0BDE8F08FDD
:105D300040F2FF7295424BD10343099B059A4FF005
:105D4000000614BF43F0080343F004031371EBE7AC
:105D500000F001024FEA830887009A460892012268
:105D600048EA9078AA4D1646C5F1000B06925846AF
:105D700000F016FAB5F1FF3FACBF8146A0F1010972
:105D8000ABEB090B09EB05035846049300F01CFA32
:105D900016A9A0F17D05584600F036FA12AB069A16
:105DA000A9EB0505019310AB20460292009316AAB9
:105DB0002B46514609F076FCB9F1010F04460D4619
:105DC00000F2D280089B002B40F0C58001276BE0D9
:105DD00043F4801A00F001020343A5F235454FEA6F
:105DE0008A0808924FEA800748EA907849D140F241
:105DF000FE7319420CBF01260026002D3246B3DB8C
:105E0000284600F0C7F9032DC8BF0138049000F000
:105E1000DBF9049B7C3016A95D1B0544184600F095
:105E200065FA12AB204616AA019310AB51460296B2
:105E300000932B4609F036FC049B04460D46152BB7
:105E400000F2868014AB734A3846414600934FF007
:105E5000CC3309F01BFD149B159A9B0843EA82730F
:105E600003EB8303BB42DDE9109A0CD1384641466F
:105E700000F0B2F9049B83428CBF00270127002663
:105E800012E00126B9E7089B002B51D1013F48F1F0
:105E9000FF31B81B61F1000100F09EF9049B089FDF
:105EA00083428CBF002601260B9B002B40F0918083
:105EB000DDF828B04FF000084FF00A0ACDE9068857
:105EC000DDE91001FFF7FEFE129BCDE90C0118463B
:105ED00013990E93FFF7F6FE0C9B81460D9A98429C
:105EE0000B460F91934180F08E8020462946FFF7A4
:105EF000E9FE0AFB09F30E9AB8F1000F14BF002760
:105F000007F001070AFB10480D46934214BF002614
:105F100006F001060C9B5FFA88F8044610930D9B6F
:105F2000CDE911390F9B1393079B01330793C7E703
:105F3000B81C48F1000100F04FF9049B83428CBF6C
:105F400000200120B9EB00006AF10002CDE9100247
:105F500000273E46A8E7109B0127119A013B42F11A
:105F6000FF32CDE910328AE7B9F13E0FF0D84FF099
:105F7000FF33A9F12000C9F1200103FA09F203FA65
:105F800000F023FA01F103FA09F3024327EA0307B9
:105F90000A4328EA020857EA08070CBF012700272E
:105FA0006DE700FB02FC0133A1FB001262448C424E
:105FB00075EB020CF5D2049ADDF828B01344259A4B
:105FC0001344D20F9342B8BF13469B45A8BF9B46CC
:105FD00070E70A21002201230846E8E70AFB03F0E4
:105FE0000131A2FB0A230344944275EB0300F5D26E
:105FF000594511DDBBF1000F02D154EA05030BD066
:106000000123069371E70A2200230121ECE700BF78
:10601000CCFBFFFFCDCCCCCC002E2FD04FF00A0A0A
:10602000129B139918460D93FFF74CFE0D9B0AFB2C
:1060300000F281460C919A4220D1B8F1000F14BFB2
:10604000002707F00107DDE91001FFF73BFE0E9086
:106050000D9120462946FFF735FE0D9B0AFB10489F
:106060000E9A04460D465FFA88F81092CDE9113970
:106070000C9B1393079B01330793D1E7DDF8109036
:10608000079B9944002F5DD0B8F1050F5AD114F049
:1060900001034DD1069A32B9DDE912239D4208BFB2
:1060A000944262D0069B18194FF00A044FF0000288
:1060B0004FF0010645F100012546A04271EB0207B1
:1060C00056D2F3B1B3451CDA0B9B6BB106EB090357
:1060D000259ADDF828B01344012BB8BF01239B4556
:1060E000A8BF9B465E450CDD053009F1010906F1AC
:1060F000FF364FF00A024FF0000341F10001EAF7CA
:1061000041FD5E450FFA89F9059BA8BF5E4636B290
:10611000B14406F1050809F1FF3798444FF0000932
:10612000B1452CDB059B1A461F60099B1371FBE5EB
:10613000069B2BB9DDE912239D4208BF944209D08A
:106140000123B0E7069B53B9DDE912239D4208BF46
:10615000944204D1089B002BF2D1002EF0D0B8F16C
:10616000040F94BF002301239DE74FF00408F1E7DB
:1061700005FB02F70136A4FB05423A449DE70A22DB
:106180000023EAF7FFFC303209F1010908F8012D7C
:10619000C6E700BF014B5843800C704741340100F3
:1061A000014B5843000D7047FB2E0B00014B584329
:1061B000C00C70474F931200024B5843C00C013083
:1061C000704700BF4F931200024B5843C00C013080
:1061D000704700BF4F93120070B50346094A002074
:1061E0004FF0CC364FF0333506FB03F402FB01448D
:1061F000A3FB023121449D4275EB010401D3013020
:10620000F2E770BDCDCCCCCC1A232DE9F04FB0FB1A
:10621000F3FA334E03FB1A0389B004460D4606EB2E
:106220000A1653B9D6E90023C1E90023D6E90201D1
:10623000C5E9020109B0BDE8F08F2A4A02EBC303A9
:10624000D3E9008904AB404649460093D6E90223CE
:1062500009F01CFB06AB83460F46404649460093B7
:10626000D6E9002309F012FB00238146DDE906622E
:1062700016EB0B0652EB070828BF012333B1049B32
:10628000059A013342F10002CDE904322046039120
:10629000FFF79AFF07461A2000FB0AF0FFF794FF6A
:1062A0003F1A3246434648460399009709F009FBD6
:1062B0000D4A4FEA141C640004F01E0352F82C40EF
:1062C000DC4004F003042418304641F10001DDE90C
:1062D0000423C5E900414146009709F0F2FAA7E717
:1062E000D8020300080203008C4C03002DE9F04F94
:1062F0001A2700F11905DFF8E0A089B004460E4620
:10630000B5FBF7F56F434FEA051B0AEB05153A1A83
:106310000AD1D5E90023C1E90023D5E90201C6E984
:10632000020109B0BDE8F08F2C4B03EBC203D3E9A7
:10633000008904AB404649460093D5E9022309F0A1
:10634000A5FA5AF80B206B68013ACDE9020106A9BB
:1063500063F1000340460091494609F097FA8A46E6
:10636000029900238146DDE906526D18039952EB2C
:10637000010828BF012333B1049B059A013342F180
:106380000002CDE904323846FFF71EFF07462046DB
:10639000FFF71AFF3F1A2A464346484651460097E0
:1063A00009F08FFA0E4A4FEA141C640004F01E0331
:1063B00052F82C40DC4004F0030401342418284631
:1063C00041F10001DDE90423C6E90041414600979F
:1063D00009F077FAA3E700BFA8030300080203004F
:1063E000E04C03000B4631F0004107D190B10D4A5B
:1063F0001A40002A14BF042003207047094A1342A0
:106400000AD0094B994209D9914209D1B0FA80F0DA
:1064100040097047022070470320704704207047EE
:10642000002070470000F07FFFFFEF7F704770B5DE
:10643000ADF5067D06460D4614464FF40672002162
:10644000684608F05CFF8DF8006008F083FC4A01A4
:1064500042EAD06243011B1A62EB0102920042EA57
:1064600093729B001B1842EB0102D20042EA537266
:10647000C3F3103343EA4243D20B029303926DB14C
:1064800064B1B4F5007F01D94FF400742246294667
:106490000DF1120008F00CFFADF810406846EAF765
:1064A0003BFE0DF5067D70BD08B50378013B032B5F
:1064B00008D8DFE803F002080E120120EBF7DCFC3D
:1064C000EFF70AF908BD0020EBF7D6FCEFF716F955
:1064D000F8E70220EBF7D0FCF4E7EBF74FFD0228DA
:1064E000F0D10120EBF7C8FCECE708B50378032BEB
:1064F00000D008BDEBF75EFDFBE700B585B01022CC
:1065000069460B20F7F7F0FC00280ADD684608F022
:10651000FEFE002802DD05B05DF804FB4FF0FF3001
:10652000F9E74FF0FF30F6E770B516461C46EBF77B
:10653000CDFFB8B10546BCB1222108F0FCFE0346F0
:10654000A0B1601E5B1B984228BF18460446024655
:106550002946304608F0ACFE00233355E01A18BF38
:10656000012070BD0020FCE70020FAE70020F8E7DA
:1065700008B50378032B00D008BDECF74BFAFBE716
:10658000F8B50F4615461E46002401E001300134DF
:10659000BC4208DA2C2108F0CEFE0028F6D10026F5
:1065A0002E70304617E0044600E00134217819B11E
:1065B0002C2901D02A29F8D1013E241AA64228BF4D
:1065C000264632460146284608F072FE0023AB55A7
:1065D000F01A18BF0120F8BD00B586464FF0000C38
:1065E0004FF6FF700FE0400080B20133072B08DC4C
:1065F00010F4004FF7D041F2210282EA400080B24D
:10660000F3E70CF1010C8C4505D21EF80C3080EA42
:1066100003200023EAE75DF804FB30B583B084680B
:106620009A4206D32468BDF818500095A04703B0DD
:1066300030BD6FF01500FAE738B513468568046978
:1066400012F4801F07D012F4402F04D012F0010F73
:1066500001D082F4402323F4801213F0010F0AD0FA
:1066600023684FF0010C0CFA01FC43EA0C03236091
:106670002B68984738BD23684FF0010C0CFA01FCD9
:1066800023EA0C032360F3E708B503468C46006851
:106690001979DA8842EA0C02FFF7CEFF08BD08B587
:1066A00032B1012303FA01F18368DB68984708BD22
:1066B000012303FA01F183681B699847F7E710B5D6
:1066C00003691C6801238B401C4202D0B2FA82F29B
:1066D0005209FFF7E4FF10BD2DE9F04100241FE04F
:1066E000ECF7C4FF08B1012522E0002520E00121DC
:1066F0002FE001210220EEF747F800210120EEF7FC
:1067000043F807E000210220EEF73EF800210120C7
:10671000EEF73AF801344FF40050002108F037FA50
:10672000EBF72CFC0646ECF7B5FF0028D8D1002586
:10673000EDF750FB074614F0020F0CBF01210021BA
:1067400014F0010F0CBF4FF001084FF00008022EAB
:10675000CDD00020EEF718F8002DD3D1002FC8D1EE
:1067600041460120EEF710F800210220EEF70CF868
:10677000D0E738B504460D460846EAF72FFA6368B5
:10678000834201D0002038BD02462946206808F027
:10679000C2FD08B10020F6E70120F4E710B50C4671
:1067A00000230B70F7F7A0FB002800DB10BD0023CF
:1067B0002370FBE7012894BF00200120704700EB05
:1067C000C1018368B3F5004F0AD322B14B6843F08F
:1067D00001034B6070474B6823F001034B60704727
:1067E00022B14B8843F001034B8070474B8823F064
:1067F00001034B807047C9008368B3F5004F03D392
:1068000008231944084470470423FAE710B400EB46
:10681000C10C8468B4F5004F1AD3DCF80C309942EF
:1068200019D0B4F5004F2ED3DCF80810063200EB77
:106830008202536000EBC102B4F5004F26D3D3604F
:1068400000EBC3038268B2F5004F21D399600DE0DD
:10685000BCF80630E3E7C3680121914023EA010355
:10686000C360063200EB8202002353608368B3F5F5
:10687000004F0FD3DCF8042052080369A3EBC203D6
:10688000036110BC7047BCF80410CFE7D380D7E792
:106890009980EBE7BCF80220EEE7931D00EB830341
:1068A0005B6843BBC3684FF0010C0CFA02FC43EA7F
:1068B0000C03C360063200EB8202516000EBC1039F
:1068C0008268B2F5004F12D399608268B2F5004F2A
:1068D0000FD3D96000EBC1018368B3F5004F4AD3F1
:1068E0004A685208036903EBC20303617047998049
:1068F000EBE7D980EEE710B500EBC30C8468B4F584
:10690000004F28D3DCF8082000EBC10EB4F5004F8F
:1069100024D3CEF808208468B4F5004F21D3CEF8F4
:106920000C3000EBC2028368B3F5004F1CD3D1607A
:106930008368B3F5004F19D3CCF8081000EBC10100
:106940008368B3F5004F14D34A685208036903EB18
:10695000C203036110BDBCF80420D5E7AEF80420E3
:10696000D9E7AEF80630DCE7D180E1E7ACF80410F7
:10697000E4E74A88E9E74A88B3E730B400EBC10CA2
:106980008468B4F5004F29D3DCF80450531A891AEF
:1069900001EB55015D00B4F5004F22D3CCF8045053
:1069A0004C0000EBC20C8568B5F5004F1CD3CCF849
:1069B00004408468B4F5004F19D340F8323083683E
:1069C000B3F5004F16D3DCF8044002EB5402B3F5E4
:1069D000004F12D340F8321030BC7047BCF8025060
:1069E000D4E7ACF80250DBE7ACF80240E1E720F86E
:1069F0003230E4E7BCF80240E7E720F83210EBE77A
:106A000030B400EBC1018468B4F5004F1ED34B686D
:106A10005B0800EBC20CB4F5004F19D3DCF804504E
:106A200003EB55035D00B4F5004F14D34D6081684E
:106A3000B1F5004F11D3DCF8044002EB5402B1F57C
:106A4000004F0DD340F8323030BC70474B88DFE741
:106A5000BCF80250E4E74D80E9E7BCF80240ECE7FF
:106A600020F83230F0E78368B3F5004F04D30823F1
:106A7000C91A081AC00870470423F9E708B58368E3
:106A8000B3F5004F07D300EBC10252685208012A48
:106A900002D0002200E00022A2B900EBC102B3F54F
:106AA000004F10D352685208B3F5004F0DD308239E
:106AB0000833A2EBD3020132B2FA82F2C2F11F0212
:106AC000FFF7A4FE08BD5288EDE70423F0E708B500
:106AD0008368B3F5004F07D300EBC1025268520838
:106AE000012A02D0002200E00022A2B900EBC1027C
:106AF000B3F5004F10D352685208B3F5004F0DD3D1
:106B000008230833A2EBD3020132B2FA82F2C2F1B7
:106B10001F02FFF7C2FE08BD5288EDE70423F0E72D
:106B2000F8B504460D46CE0000EBC1078368B3F507
:106B3000004F1FD3796805EB510104EBC102B3F597
:106B4000004F19D3536813F0010F17D0A368B3F5A2
:106B5000004F24D3A159691A04EBC102B3F5004FC9
:106B60001FD3536813F0010F1DD029462046FFF7AD
:106B7000AEFFF8BD7988DEE75388E4E72046FFF7EB
:106B80007DFFA368B3F5004F07D37A6805EB520287
:106B900029462046FFF734FFD8E77A88F6E7A15B5D
:106BA000D9E75388DEE72046FFF768FFA368B3F50F
:106BB000004F0CD3A1592A46691A2046FFF720FF3F
:106BC000A368B3F5004F04D3A359ED1ACDE7A15B39
:106BD000F1E7A35BF9E7F8B58568B5F5004F11D388
:106BE00008230833A1EBD3030133B3FA83F3C3F1D2
:106BF0001F02C3F1250400EB8404676857B34FF00C
:106C0000030C13E00423ECE7BEF8026019E0214610
:106C1000FFF7FCFD26E0BEF80660941D00EB84043F
:106C20006660BCF1010C15D0B74213D0941D00EB87
:106C30008404646800EBC40EB5F5004FE4D3DEF8BD
:106C40000460B1EB560FE2D9B5F5004FE3D3DEF89F
:106C50000C60E2E7C468C3F12002012393405B4269
:106C60001C4001D12046F8BD94FAA4F2B2FA82F297
:106C7000931D00EB83035C682146FFF7C7FDF1E736
:106C8000E9B138B504682046FFF7EDFE054600225D
:106C900001462046FFF793FD04EBC503A268B2F559
:106CA000004F0AD35A6852086369A3EBC2036361B9
:106CB00029462046FFF734FF38BD5A88F3E770476E
:106CC000F8B50468002948D0CD0801F00703A26890
:106CD000B2F5004F30D308210B44073305EBD30541
:106CE000954228BF154629462046FFF774FF064601
:106CF000A8B304EBC007A368B3F5004F1ED37B68AD
:106D0000B5EB530F1CD3012231462046FFF757FD48
:106D100031462046FFF76FFDA368B3F5004F1AD345
:106D20007A685208636903EBC2036361A269934204
:106D300038BF1346A361F8BD0421CDE77B88DFE7A8
:106D400035442A4631462046FFF717FE294620469D
:106D5000FFF7BDFED7E77A88E3E70020EBE70020E6
:106D6000E9E708B51146FFF7ABFF08BDF8B5B2F586
:106D7000802F26D30823D21ACC1D24F0070401EB60
:106D8000020C2CF0070CACEB040C4FEADC010460A5
:106D9000A1600023E36023616361A361BCF5802FE0
:106DA00011D308230833A1EBD3030133B3FA83F3E0
:106DB000C3F1200EC3F127039B00DE1DF50800235D
:106DC00009E00423D7E70423ECE79A1D04EB8202D1
:106DD0000020506001337345F7DB6B00BCF5802F5A
:106DE00032D36360BCF5802F30D300232360BCF521
:106DF000802F2ED3636843F0010363604A1B570062
:106E000026F00703E018BCF5802F27D34760A06861
:106E1000B0F5004F24D3E5502CF00703A444A0683C
:106E2000B0F5004F1ED30020CCF80400A068B0F5E8
:106E3000004F1BD3E25001222046FFF7C0FC294639
:106E40002046FFF744FEF8BD6380CBE70023238094
:106E5000CDE7638843F001036380CFE74780D6E73F
:106E6000E552D9E70020ACF80200DFE7E252E2E7A2
:106E700058B169B1026812690A60026852694A60D1
:106E800003689B698B60002070476FF015007047A6
:106E90006FF01500704710B50C4611461A46029B5C
:106EA000A04710BD4038C0B23A288CBF0020012056
:106EB0007047F8B5064603784578847804EB830478
:106EC0000444002706E001342046E9F787FE01303C
:106ED00004440137AF42F6D3A01BF8BD70B5144689
:106EE00068B10D46194606462BB91046E9F776FEFD
:106EF00083B2013399B22A462046B04770BD10468E
:106F0000E9F76CFE0130F9E75BB32DE9F04782B099
:106F10000746884691461D461A785E789C78DB784D
:106F200004EB820404EB43042C444FF0000A0AE013
:106F300014F8013B45F823402046E9F74FFE0130A5
:106F400004440AF1010AB245F2D305F108030093A3
:106F50006B684A4641463846FFF79DFF02B0BDE8E0
:106F6000F0876FF0150070472DE9F0410446884620
:106F700000273E4607E0702D18D02846FFF792FF05
:106F8000B8B9252D0ED014F8015B75B1002EF8D0DC
:106F90004745F0D02846FFF785FF0028F1D001379C
:106FA0000026EEE786F00106EDE700263046BDE854
:106FB000F0810026FAE738B503684268002A21DB31
:106FC000012B72F100040FDB0D684C68012D74F188
:106FD000000C09DB6FEA030CAC456FF0004CACEB26
:106FE000020C7CEB040C1DDB4C680D685B1942EB5A
:106FF00004020360426083688A6813448360EFF789
:1070000019FC38BD0D684C68002CD9DAD3F1000E9C
:107010004FF0004C6CEB020C754574EB0C04CFDAAE
:107020000020EEE70020ECE708B503684268B2F103
:10703000004F08BF002B0AD05B4262EB42020360A4
:10704000426083685B428360EFF7F4FB08BD002079
:10705000FCE70020704708B500F0CBFD08BD0FB479
:1070600000B583B004A951F8040B0191FFF7F3FFB9
:1070700003B05DF804EB04B070470CB400B583B006
:107080000346084604AA52F8041B0192DB6898479D
:1070900003B05DF804EB02B0704708B5EFF7E2FC0F
:1070A00008BD036913F0080F08D1C3680268934252
:1070B00007D8036A9B1A0B60012070470020086004
:1070C00070479B1A0B6000207047036913F0080F8C
:1070D00007D1826843689A4203D89B1A0B6000204C
:1070E0007047036A82689B1A0B600120704710B5D5
:1070F00082B0044601A9FFF7D4FF20B1E368019AEA
:107100001344013B0193206A019BC01A013802B06D
:1071100010BD38B5036913F0040F00D138BD044623
:10712000456AFFF7E4FF854202D9606A6062F5E7CD
:107130002046FFF7DCFFF9E7C3681944036913F041
:10714000010F04D1026A914204D3891A02E0026A53
:10715000013A1140C16023F008030361704710B485
:1071600000236FF3000343F0020361F39F03C2693E
:10717000046842F8243003680B44026912F0010FDE
:1071800004D1046AA34204D31B1B02E0046A013C3D
:1071900023400360C4689C420AD0436819440369D1
:1071A00013F0010F08D1036A994208D3C91A06E007
:1071B00042F008020261F0E7036A013B19404160B6
:1071C00010BC70472DE9F04F83B00446019117467B
:1071D0009846C569C66805EB860B15F8263003F09E
:1071E0000303022B24D0002100233B60C8F80030A9
:1071F00019BB236913F0020F75D0A369584698474D
:10720000824615F8269019F001096ED015F826303F
:1072100013F0020F3BD0019BBBB962685244236953
:1072200013F0010016D1216A8A4216D3521A14E0D3
:1072300055F82610C1F39D01D6E72046FFF77CFFE5
:10724000E368A3604FF001094FE019462046FFF7BD
:1072500086FFE2E7216A01390A406260E168A268BC
:10726000914206D0A2682260E26043F008032361E5
:107270003BE0524420B9216A8A4204D3521A02E008
:10728000216A01390A40A2604FF00009EAE701468D
:107290002046FFF751FFE368A360019B23B1E36938
:1072A0002268002143F82210019B5344C8F80030A3
:1072B00022681344226912F0010F04D1216A8B4223
:1072C00004D35B1A02E0216A01390B40236042F0CB
:1072D0000802226115F826306FF3000305F8263006
:1072E000C7F800B001E04FF00009484603B0BDE820
:1072F000F08F30B45318046914F0010F04D1056AFB
:10730000AB4204D35B1B02E0056A013D2B400568DC
:107310009D4214D000236FF3000343F0020362F395
:107320009F03C46944F8213043681344026912F092
:10733000010F09D1026A934209D39B1A07E0016049
:1073400024F00804046103E0026A013A1340436038
:1073500030BC704708B50023036043608360C3609E
:10736000036143618361CA6882618A6842610A6815
:10737000C2614A68026243620B6903612AB1511E0D
:107380000A4202D143F001030361283001220021A7
:1073900007F0C9F808BD2DE9F04F87B09A460023E1
:1073A00005930393036A8B42C0F0898004468946A3
:1073B0009346002301930126009341E00199204662
:1073C000FFF797FF0023039345E0E369226803EB8F
:1073D0008201009113F822106FF3000103F82210CC
:1073E000C9B26FF3410103F8221023684B442269AC
:1073F00012F0010F04D1216A8B4204D35B1A02E020
:10740000216A01390B402360E168994201D00026CE
:1074100008E042F008022261002603E02046FFF760
:107420009EFE2E4688F31188BFF36F8F059929B110
:1074300063690BB12046984700230593002E40D086
:10744000EFF31187202383F31288BFF36F8FB846C1
:10745000039A002AB2D104A92046FFF722FE05466E
:1074600004994945B1D20028D8D15AEA0B030BD16F
:10747000002ED7D02368019303AB05AA04992046B8
:10748000FFF7A0FE0646CDE707F0BEF90028EFD1D2
:10749000002FEDD187F31188BFF36F8F04F128001F
:1074A0005A465346FBF7F0F8EFF31188202383F395
:1074B0001288BFF36F8FB0FA80F67609B2E7002327
:1074C0000093009807B0BDE8F08F70B504460D46F4
:1074D000836908469847EFF31186202383F31288C7
:1074E000BFF36F8F2B7843F001032B706368184450
:1074F000236913F0010F04D1236A984204D3C01A00
:1075000002E0236A013B184060602046FFF701FE5D
:1075100086F31188BFF36F8F70BDF0B583B004465A
:107520002EE053F8220080084DD143E0226A013A50
:107530001340A3602046FFF7FFFD01231BE013F873
:10754000221041F0020103F82210A768A369304617
:1075500098473844236913F0010F04D1236A9842F5
:1075600004D3C01A02E0236A013B1840A060002344
:1075700001E000231E4685F31188BFF36F8F8BB3A4
:10758000EFF31185202383F31288BFF36F8F01A9D6
:107590002046FFF79AFDE369A26803EB8206019992
:1075A0000029E6D013F8221011F0030117D00229A8
:1075B000B7D0002013F8221011F0010FBFD110B97D
:1075C000A36930469847A36801460344226912F034
:1075D000010FABD1226A9342ABD39B1AA9E70023D8
:1075E0001E46C8E7304603B0F0BD70B504460D46F0
:1075F0008369084698470146EFF31186202383F3F9
:107600001288BFF36F8F2B786FF300032B70236901
:1076100013F0020F0AD0E369E26803EB8203AB4286
:1076200004D02B6860F39F032B600AE02B786FF384
:1076300041032B70E268A3689A420BD02046FFF703
:107640007BFD86F31188BFF36F8F04F12800FAF7F2
:10765000D3FF70BD0B44226912F0010F04D1226ADE
:10766000934204D39B1A02E0226A013A1340A360BA
:10767000E4E710B582B0EFF31184202383F312887E
:10768000BFF36F8F01A9FFF720FD84F31188BFF3CB
:107690006F8F0198003818BF012002B010BDA0F113
:1076A0003003DBB2092B02D80B7000207047A0F129
:1076B0006103DBB2052B03D85738087000207047F0
:1076C000A0F14103DBB2052B03D837380870002046
:1076D00070476FF0150070472DE9F04383B01646F0
:1076E00001F0010202EB510898452FD807464FEAF6
:1076F0005109F2B90024A1452AD965000DF107010D
:1077000017F81400FFF7CBFF002828DB9DF807309F
:107710001B01335501350DF10701785DFFF7BFFF00
:1077200000281FDB335D9DF80720134433550134D7
:10773000E1E70DF107010078FFF7B1FF00280BDB4F
:107740009DF8073006F8013B0137D3E74FF00008FA
:10775000404603B0BDE8F0834FF00008F8E74FF073
:107760000008F5E74FF00008F2E770B505464069FC
:10777000C11740F26C73C0182A69EB6803F1FF333C
:1077800002F1010241F10001EFF77CFA2C686E680A
:10779000AD684FEAE57C4FEA0C1242EA15722B0104
:1077A0005B1B62EB0C02920042EA93729B00F3189F
:1077B00042EBE6724FEA021C4CEA137C4FEA031ECE
:1077C000BEEB030E6CEB02039B0043EA9E734FEA91
:1077D0008E0212EB040C43EBE472031841EB01043C
:1077E0001B1841EB0401080140EA13701C01E41A64
:1077F00060EB01010B0143EA14732001001B63EBF2
:107800000103DB0143EA5063C00110EB0C0042EBC3
:10781000030170BD01F00701038B23F007030B4345
:10782000038370472DE9F04106460F469046816874
:1078300021B10C683CB131B90C4604E00C4602E0C1
:10784000234621461C4669B14D6843463A463046B8
:10785000A847002CF4D02368002BF2D0002CF0D1E4
:107860002346EEE7BDE8F081038B13F0070303D155
:1078700002680AB103207047022B03D0012B06D007
:1078800000207047428B002AF8D10420704703681B
:107890000BB1052070470020704710B504468C4698
:1078A000038B002A07DB03F007035A1F012A0ED9B6
:1078B000042B36D010BDD0E900018CE80300002372
:1078C0002360636001212046FFF7A4FFF2E7D0E9BF
:1078D00000018CE80300002222606260062B1BD1AD
:1078E000DCF8003053B1628B013262831A461B68A8
:1078F000002BF7D0002AF5D11346F3E702212046EA
:10790000FFF788FF2046FFF7AFFF0028D2D0238B78
:1079100043F020032383CDE700212046FFF77AFFC1
:10792000F0E70021FFF776FF2046FFF79DFF0028D4
:10793000C0D0238B43F020032383BBE750B110B5A5
:107940000C4651B1081D00F0C2F810B9A368032B12
:1079500006D810BD6FF0150070476FF01500F8E7FE
:107960006FF01500F5E72DE9F04107460C46164685
:107970001D461946201D00F0C9F828B180462B4647
:10798000324621463846C047BDE8F0812DE9F04136
:1079900080460C4617461E4604E033463A464046AB
:1079A000FFF7E1FF216831B10D68256063688B4204
:1079B000F3D16560F1E7BDE8F08108B5EFF311821E
:1079C0004FF0200C8CF31288BFF36F8F41610121BF
:1079D000EFF72CFA08BD034670B181B10A688AB18D
:1079E0004A6892B10020186058609860D8601861A9
:1079F00058619861196170476FF0150070476FF01A
:107A0000150070476FF0150070476FF01500704754
:107A100070B505460E46FFF791FF041E2EDBEFF30F
:107A20001182202383F31288BFF36F8FB5F818C03B
:107A30000CF0070C6B8B4FF6FF718B422CD0644619
:107A4000BCF1020F08D0BCF1060F19D8DFE80CF02A
:107A50001E1818181E2A1E0001336B8301230021F3
:107A6000084628B100203060686808B306606E6080
:107A700009BB82F31188BFF36F8F0BBB204670BD2B
:107A80006FF00404002319461846EAE7BCFA8CF1AB
:107A9000490900230120E4E76FF00A040023194696
:107AA0001846DEE76FF08504002319461846D8E72C
:107AB0006E602E60DCE702212846EFF7B7F9DDE7BC
:107AC0000023624631462846FFF74DFFD6E70246BF
:107AD000B0B1436803F00303022B0BD0032B04D097
:107AE000012B04D06FF01500704703685BB10020D4
:107AF000906070470368002BF9D16FF01500704754
:107B00006FF0150070476FF01500704710B5034611
:107B1000426802F003028160022A04D0032A05D1E0
:107B20000468002004E00068002401E000242046EE
:107B300000225A6008B1FCF719F8204610BD7047C2
:107B400010B5002404B110BD2046EFF7D5FB013479
:107B5000F8E708B50020EFF76FFC4FF47020002124
:107B600007F015F8F6E7037813F0040F01D00020B2
:107B700070470368C3F34A2000EB1350173020F01E
:107B800007008008704710B504460368DB6803B13E
:107B90009847636801229A7110BD00207047012048
:107BA000704708B503F0FEF808BD08B520EAE0709C
:107BB000C117C90341EA5041C00340F2E733C0187E
:107BC0004FF47A724FF0000341F10001E8F7DAFF59
:107BD00006F0DDFF08BD08B500220023FFF7DBFB40
:107BE00008BD08B5FFF701FD08BD08B5FFF741FD69
:107BF00008BD00B585B0039102900020019000906F
:107C0000034602460146EFF7DDFF05B05DF804FBD1
:107C100008B50120EFF742FD08BD08B5EFF7D2FD2A
:107C200008BD08B5FFF751FCEFF766FE08BD002060
:107C3000704708B54368DA714368196043680122E8
:107C40005A71EFF71BFD08BD91B170B514460D4692
:107C5000536896689B1B8B420CD313680A460146F7
:107C6000981907F025FBA3682B44A360284670BD34
:107C7000002070476FF01B00F9E770B588B10E4621
:107C800014461946054633B11030C2F34A23120D8B
:107C9000184407F00DFB2C606E602846EFF76AFE73
:107CA00070BDEFF7FBFCFBE72DE9F04383B0064620
:107CB0000F4615461C4603F101094FEA890808F1F1
:107CC000170020F007008008EFF774FD00220192F2
:107CD0008DF8049068B100F1140C019B0361964685
:107CE00005E055F82E304CF8043B0EF1010EA64588
:107CF000F7D3002267F3881268F35322002331463A
:107D0000FFF7BBFF03B0BDE8F08300B583B001927D
:107D1000012301AAFFF7C8FF03B05DF804FB00B51B
:107D200083B00092019302236A46FFF7BDFF03B0C0
:107D30005DF804FB00B585B001920293069B0393A6
:107D4000032301AAFFF7B0FF05B05DF804FB08B5F7
:107D5000EFF78CFE08BD2DE9F04180460768856885
:107D600043681C685E6805E0324621462846B847ED
:107D7000241A0544002CF7D1D8F8043000221A60E8
:107D8000BDE8F08138B505460C464B681A68CB68EB
:107D90009A420BD06368D3E8EF2F511CC3E8E01F71
:107DA0000028F8D1A3689D54002038BD0846FFF78D
:107DB000D2FFEFE738B504460D460A2805D029461C
:107DC0002046FFF7DFFF002038BD0D20FFF7DAFF68
:107DD000F5E708B513460122EFF7AEFF08BD08B579
:107DE00013460022EFF7A8FF08BD38B505460C463C
:107DF00001F00101FFF7F3FF21462846F0F72EF8C6
:107E000038BD2DE9F04383B080460E4615461F4627
:107E1000DDF828902C46102D28BF1024CDF80090B6
:107E20003B46224631464046F0F72CF826442D1BAF
:107E3000F0D103B0BDE8F0832DE9F04387B00646EA
:107E40000C469046D1F808900F88C7F3821708783F
:107E5000C0F3C2050846EFF70BFF011E1ADA002334
:107E6000214651F8105BC5F34A256288C2F30B1214
:107E7000481905B90021CDF81480049203900291AD
:107E800001970022009249463046F0F75DF807B0AE
:107E9000BDE8F0832846EFF7C3FD0346E0E72DE990
:107EA000F04180460768856843681C685E6805E0A5
:107EB000324621462846B847241A0544002CF7D1FB
:107EC000D8F8043000221A60BDE8F08108B520EA35
:107ED000E070C117C90341EA5041C00340F2E733E3
:107EE000C0184FF47A724FF0000341F10001E8F737
:107EF00049FE06F04CFE08BD08B5F0F7F3F908BDE1
:107F000070B170B50D461446064662B1F0F7C0FA7E
:107F1000002804DB224629463046F0F76BFB70BD93
:107F20006FF00D0070476FF00D00F8E720B108B555
:107F3000C06800F069FA08BD704708B507F0DFF9BE
:107F400008BD08B507F0B4F908BD08B501460068DA
:107F5000F0F76EFC08BD08B5F0F786FCF0F7B0FC52
:107F600008BD0020704708B500231370CB1E092BF5
:107F70001AD8DFE803F005090D1119191919191498
:107F80001146F0F705FF08BD0021F0F7EFFDFAE715
:107F90000021F0F775FEF6E7F0F7F6FCF3E711467F
:107FA000F0F76AFD0020EEE7F0F774FD0020EAE745
:107FB00008B5F0F7EFFF08B540B2F1F7A9F808BD32
:107FC00008B540B2F1F7B2F808BD08B5013140B2CA
:107FD000F1F7BEF808BD08B500210120F0F728FC34
:107FE00008BDD0F8A83083F30B8870476FF0850088
:107FF000704761B662B680F31188BFF36F8F704728
:1080000072B6002383F31188BFF36F8FBFF34F8FD6
:1080100030BF62B6BFF36F8F704772B6002383F331
:108020001188BFF36F8FBFF34F8F20BF80F311888C
:10803000BFF36F8F62B6704740E800F010F4803FE6
:1080400001D0C0B270476FF01500704708B50B68DB
:1080500023F01F0C0B7A03F01F0ECA6822F01F02D8
:108060005B0942EA430242F001024CEA0E01F1F7D9
:1080700057F908BD43681F2B08D913F01F0F07D10C
:10808000036813F01F0F05D00020704700207047D1
:10809000002070470120704770B504460E46FFF778
:1080A000CBFF05463444601EFFF7C6FF854201D171
:1080B000284670BD6FF01505FAE710B584B00B685F
:1080C00000934C68B1F808C09DF808206CF30402D6
:1080D0008DF808204989D2B261F347128DF8082043
:1080E00023F01F032344013B23F01F03039369463E
:1080F000F1F770F904B010BDF0B587B0054605A8DA
:10810000F0F720F90646002422E05768095827F0C6
:108110001F0392681344013B23F01F030197029150
:108120009DF80C20012161F304028DF80C20D2B2DD
:10813000022161F347128DF80C20049301A92878DD
:10814000F1F748F9002847DB2B7801332B70013415
:10815000B44244D22001059901EB0412D3681B0DEF
:108160001B05B3F5001FD0D0B3F5800F1BD0B3F5BE
:10817000801FECD15768095827F01F0392681344F9
:10818000013B23F01F03019702919DF80C20012170
:1081900061F304028DF80C20D2B261F347128DF81E
:1081A0000C200493CAE75768095827F01F03926808
:1081B0001344013B23F01F03019702919DF80C200B
:1081C000022161F304028DF80C20D2B26FF3471242
:1081D0008DF80C200493B1E76FF0150000E000204B
:1081E00007B0F0BD08B5F1F7E9F908BD08B5F1F73A
:1081F000C1F808BD08B50B6949699847002008BD5A
:1082000008B5F1F755FA002008BD0CB400B583B0ED
:108210000346084604AA52F8041B0192DB689847FB
:1082200003B05DF804EB02B0704738B504460D4664
:10823000002A18DB22EAE272D117C90341EA52414F
:10824000D20340F2E733D0184FF47A724FF00003B4
:1082500041F10001E8F796FC02460B46294620460C
:10826000F1F74CFA38BD4FF0FF321346F6E708B588
:10827000F1F75EFB08BD00B583B001AB03F0BEFDB6
:1082800002280ED003280FD020B14FF0FF3003B0EA
:108290005DF804FB019B0BB90020F8E74FF0FF30BD
:1082A000F5E76FF01500F2E76FF08500EFE70028C3
:1082B00068D02DE9F0470D461C4606468AB3D2F831
:1082C0000890D768022F32D04FF0060A01273046B7
:1082D000E8F784FC014604F124084246304600F0E9
:1082E00045FC002851D0A68CB9F1000F01D0B14552
:1082F0004ED1FDB10A2200212846FCF701F80346C1
:10830000411E4FF6FE72914245D8A660E760C4F860
:1083100010A0012E10D0022E21D06FF00100BDE878
:10832000F0874FF0060A01274FF00009CFE74FF022
:10833000110ACCE70023E8E7C4F81C800822A261F8
:1083400004F13C022262002084F83C002060C3F368
:10835000072242EA0323E3840123A384DFE7C4F86E
:108360001C801822A26104F13C022262002084F8E1
:108370003C002060C3F3072242EA0323E384022384
:10838000A384CCE76FF0010070476FF00100C6E7EF
:108390006FF00100C3E76FF00100C0E7F8B50546D4
:1083A0000E4617461C46F1F73DFC78B954210120D2
:1083B00006F05BFF03462060B0B13A4631462846DE
:1083C000FFF775FF054648B92846F8BD23463A46EB
:1083D00031462846F1F736FC0546F5E7206806F0F9
:1083E0003BFF00232360EFE76FF00905ECE710B5D2
:1083F0000446F1F717FC18B9204606F02DFF10BD12
:108400002046F1F727FCFAE708B5EEF7E7FB08BDD1
:1084100008B5024648B1036803B11B689B6833B1D5
:108420005B6833B11046984708BD0346F6E7002065
:10843000FAE70020F8E708B5F1F772FCF1F79CFCC9
:1084400008BD08B5FFF7F7FF002008BD08B50346D3
:1084500010B1036803B11B689B689B6833B19847F0
:10846000032801D0002008BD0120FCE70020FAE726
:1084700040B108B503683BB15B683BB1DB683BB119
:10848000984708BD002070470020FAE70020F8E771
:108490000020F6E708B518304FF0FF324FF0FF33F9
:1084A000F9F79AFF08BD4B0900EB8300D0E8AF0F46
:1084B00001F01F01084100F00100704730B108B51C
:1084C000006828B10C30FFF7EEFF08BD00207047B0
:1084D0000020FAE701F01F0201239340490900EB55
:1084E0008100D0E8EF2F1A43C0E8E12F0029F8D12E
:1084F000704730B108B5006810B10C30FFF7EAFFE3
:1085000008BD704770B370B50446036863B30629AD
:1085100001D883F820102046FFF7BCFF254655F808
:10852000186B06F017FC4A0142EAD06243011B1A9D
:1085300062EB0102920042EA93729B001B1842EB2D
:108540000102D20042EA5372C3F3103343EA4243BA
:10855000D20BB362F2622846F9F7BEFF236893F8A4
:10856000200070BD002070470020FAE701F01F02D4
:1085700001239340490900EB8100DB43D0E8EF2F52
:108580001A40C0E8E12F0029F8D1704730B108B592
:10859000006810B10C30FFF7E9FF08BD704738B52F
:1085A0000446E8B1036803B11B689D68BDB12B6840
:1085B000ABB104F1180005F0F0FE04F12C0005F059
:1085C000ECFE2B682046984794F840306FF3000388
:1085D00084F84030DBB26FF3410384F8403038BD9B
:1085E0000346E2E730B1036833B1D869003818BFF9
:1085F00001207047002070470020704710B50446E6
:108600000821FFF776FF2046FFF7ECFF00B110BD11
:108610002046FFF72DFFFAE710B504460821FFF7C3
:10862000B5FF2046FFF7DEFF00B110BD2046FFF783
:108630001FFFFAE770B50446036893F8206058B14D
:108640000021FFF73BFF38B1206800B1006805F05A
:1086500098FD90B9032500E0022529462046FFF742
:1086600051FFA84208D12CB123681BB193F82030E8
:10867000062B12D0062E16D070BD09212046FFF71A
:108680001DFF08B90225E8E70A212046FFF716FF7B
:1086900008B90625E1E70525DFE7062EECD02046E0
:1086A000FFF7ACFFE8E72046FFF7B6FFE4E738B591
:1086B0000446FFF7EFFE00212046FFF7FFFE40BB18
:1086C000FCB12368FBB15A68FAB19268FAB1186834
:1086D00005F057FD00B3236803B15B689B68012177
:1086E00020469847051E06DB00212046FFF701FFC4
:1086F0002046FFF79FFF04F11800F9F7EDFE28462A
:1087000038BD0025F0E70025EEE70025ECE7002561
:10871000EAE76FF07705EEE76FF00505EBE710B5D8
:108720000446FFF75FFF00B910BD2046FFF78EFE3D
:10873000FAE730B583B004460D460A2201A9FBF7DB
:10874000E5FE019BA3420AD0227862B11B786BB987
:1087500083B2B0F5803F0BD22B80012004E00028CB
:10876000F2D1002000E0002003B030BD0020FBE784
:108770000020F9E710B40C0901F00F0103B9A4B10E
:10878000092C0DD83034034603F8014B09290ED8C3
:108790003031184600F8011B00225A7010BC704797
:1087A0001444E4B20A3CE4B2EDE70346EEE71144B8
:1087B000C9B20A39C9B2ECE72DE9F04F8DB0844651
:1087C0000C46019200230B930793089309930A9395
:1087D00005930693022814D0012840F0DA800B6834
:1087E0000B934FF0000904274FF02E0B4FF0FF388A
:1087F0000122CA46019C00260292CDF80CC0002539
:108800008CE007AD08684968A268E3680FC560B9E5
:1088100079B9BDF826204FF6FF739A4202D04FF087
:10882000000904E04FF0010901E04FF000090020C9
:1088300003E04FF00009FAE70130072814DC034693
:10884000072BF9DC0CAA02EB430232F8142C002AA5
:10885000F2D100F130020DEB020111F81C2C0132B3
:1088600001F81C2C0133EBE74FF0FF380122002305
:1088700000E00133072B09DC03F13001694411F8F2
:108880001C1C9142F5D998460A46F2E7012A05D008
:1088900008274FF03A0B0DF11C0AABE708274FF001
:1088A0003A0B4FF0FF380DF11C0AA3E705F1300336
:1088B0006B4413F8041C39B92346302203F8022B09
:1088C00084F801B01C4628E000222046F1F76AFA3D
:1088D00054FA80F404F801BB1FE00A9B0B933A237F
:1088E00004F8013B04274FF02E0B0123039386E786
:1088F00006B915B93A2304F8013B3A2304F8013BC1
:10890000029B013B1D44002607E000236122314603
:108910002046FFF72FFF044601260135BD4225DA28
:10892000042FC3D0B9F1000F01D0052DD5DC45458A
:10893000DED016B13A2304F8013B3AF81560330251
:108940001BB243EA1626C3F30721F6B213F47F4F96
:10895000DBD0002361222046FFF70CFF01236122B8
:108960003146FFF707FF04460126D6E7DDF80CC0C5
:10897000019B9C420FD0BCF1010F05D00023237056
:1089800001980DB0BDE8F08F002304F8013C019878
:10899000F7E70020F5E70020F3E72DE9F04786B080
:1089A00006460F46904699460D46102928BF1025C9
:1089B0004FF0000C01E00CF1010C654504DD16F8E8
:1089C0000C40002CF7D16546B9F1000F2AD02A4699
:1089D0003A21304606F05EFC0446002842D0831B54
:1089E0009D42A8BF1D46AA462A46314601A806F068
:1089F0005FFC05F118030DEB0305002305F8143C9B
:108A000008F1040201A90120F1F7F6F900282BDB97
:108A10000123A8F80030B9F1000F05D1012006B0FC
:108A2000BDE8F0870024DEE7A7EB0A07013F3A46DE
:108A3000E11801A806F03CFC07F118030DEB030751
:108A4000002307F8143C0DF1020101A8FFF771FEA5
:108A50000028E4D0BDF80220130243EA1223A8F84C
:108A60000230DCE70020DAE70020D8E72DE9F04704
:108A70008EB00546894690461F460E462E2928BFD1
:108A80002E264FF0000C01E00CF1010C664504DDD0
:108A900015F80C40002CF7D1664677B332465D21BD
:108AA000284606F0F7FB8246002855D0691C431A79
:108AB0009E42A8BF1E46324602A806F0F9FB0022DD
:108AC00006F138036B4403F8302C08F1040202A9C4
:108AD0000220F1F791F9002840DB0223A8F80030CA
:108AE000002F3FD00AF101034D44AB423CD29AF82B
:108AF00001303A2B09D0384631E03246294602A8E7
:108B000006F0D6FB4FF0000AD9E7A9EB0604033CB8
:108B10000AF10201002300E001339C4203DDCA5C3C
:108B2000002AF9D11C46224602A806F0C1FB04F136
:108B300038030DEB0304002304F8303C0DF106016B
:108B400002A8FFF7F6FD50B1BDF80620130243EA74
:108B50001223A8F8023002E0002000E000200EB04E
:108B6000BDE8F0870120FAE73846F8E778B370B53A
:108B70000C461646054661B3037863B35B2B02D0FF
:108B800000210B4604E00123FFF770FF22E00133D0
:108B9000A34205D2E85C18B13A28F8D10131F6E7D2
:108BA00001290DD00023324621462846FFF7F5FE65
:108BB000034678B9324621462846FFF757FF09E0B9
:108BC0000123324621462846FFF7E7FE02E0002057
:108BD0007047002070BD0020FCE7036842689342A4
:108BE00005D013F8012B0A700360002070476FF066
:108BF0001500704703684268D21A012A09D993F810
:108C000000C05A7842EA0C220A8002330360002036
:108C100070476FF01500704730B583B004460D46BD
:108C20000DF10601FFF7E6FF60B9636822689A1A42
:108C3000BDF806309A420ADB6B602BB122682A60CD
:108C40001A44226003B030BD00232B60FAE76FF0B6
:108C50001500F7E710B44B680C681B1B83420BD35D
:108C6000506030B10B68136003440B60002010BCEF
:108C7000704700201060FAE76FF01500F7E76FF01B
:108C800085007047F8B5044617461E46FFF7B2FF49
:108C9000002806DB60682368C51A9EB1A7B10DB92C
:108CA0000020F8BD39462046FFF797FF0028F8DB83
:108CB000012D0BD931462046FFF7E1FF0028F0DBFC
:108CC0000020EEE70020ECE70020EAE70020E8E7DC
:108CD000844600230B601846032B29DC10B4DCF813
:108CE0000020DCF80440A2421FD2127802F07F027A
:108CF0009A400C6822440A600733DBB20130DCF88A
:108D00000020541CCCF8004092F90020002A05DA1B
:108D10000328E4DD6FF0150010BC70470B68B3F159
:108D2000805FF9D36FF01500F6E76FF00A00F3E704
:108D30006FF01500704770B504461546FFF74DFFFC
:108D4000064608B1304670BD29462046FFF7C0FFF1
:108D50000028F7DA0646F5E770B582B006460C46FD
:108D600015460DF107012046FFF737FF08B102B0A5
:108D700070BD0DF106012046FFF72FFF0028F6D148
:108D80009DF806306B7096F88630032BEFD09DF877
:108D9000073003F001032B70E9E72DE9F041154698
:108DA0001E46069CA37D6FF30003A375DBB261F33F
:108DB0004103A375C1F34101217221463046FFF7FB
:108DC0002BFF074658B9D4F8048008F10203227A31
:108DD00042B99D4211D30022E260ED1A2561384666
:108DE000BDE8F08104F114013046FFF703FF10B92C
:108DF00008F10403EDE70746F1E76FF01507EEE72A
:108E000008B50846114600231A46FFF73BFF08BD88
:108E100008B50846114600231A46FFF733FF08BD80
:108E200008B50846114600231A46FFF72BFF08BD78
:108E300008B50846114600231A46FFF723FF08BD70
:108E400038B50C46154611462046FFF7D3FE00B153
:108E500038BD606823682A1D2146C01AFFF7FAFE54
:108E6000F6E708B508461146FFF7C4FE002008BD26
:108E70000B684A68934204D003F8010B0B60002092
:108E800070476FF00B0070470B684A68D21A012ACE
:108E900006D9020A1A70587002330B60002070471E
:108EA0006FF00B007047034600200130F1B110B4A1
:108EB00008E0DB0902E00A6801320A60A3B1013070
:108EC0000029F6D00A684C68A2420BD203F07F0C4E
:108ED00082F800C0DB09EED00C68227862F07F02D5
:108EE0002270E8E76FF00B0010BC7047DB09002B25
:108EF000DBD170472DE9F04115686D1AB5F1805F3F
:108F00001ED207460E46144600212846FFF7CBFF27
:108F1000C3B20133DBB2C3F10008F61A2660214662
:108F20003846FFF7A5FF21462846FFF7BCFF236818
:108F300003EB080222602B4463600020BDE8F0814F
:108F40006FF07900FAE708B501460020FFF79CFFB3
:108F500008BD002070476FF0850070472DE9F04193
:108F6000069C31B3804617461D46084626680536DE
:108F700026602146FFF788FF0346B8B985B1284629
:108F8000FFF7E7FF00B95FB121463846FFF770FFF2
:108F9000034658B921462846FFF7DDFF034628B9A6
:108FA000224631464046FFF7A5FF03461846BDE876
:108FB000F0816FF01503F9E738B505464B680A688C
:108FC0009B1A4068821C93420ED30C4680B2FFF776
:108FD0005BFF6A682968206806F06AF923686A6896
:108FE00013442360002038BD6FF00B00FBE7F8B599
:108FF0000E4615468A7D02F00103DB0043F0300384
:10900000087A410001F006010B43C2F3400243EA33
:10901000020408B1B38AEBB12F6805372F602946E7
:109020003046FFF7C9FFA0B9337A23B12946B08A89
:10903000FFF72AFF68B92B68326913442B602A4670
:1090400039462046FFF756FF18B96B6832699B1AFC
:109050006B60F8BD6FF01500FBE700B583B00988C1
:10906000009200231A464020FFF778FF03B05DF816
:1090700004FB08B51046F0F7E7FF08BD2DE9F04105
:10908000CB8853B30D46164617680537176011464F
:10909000E888FFF7F9FE0446E0B9AB88A34213DD88
:1090A000286804EB44034FEA8308314600EB830051
:1090B000FFF782FFA0B92B6843443146187AFFF7C7
:1090C000D7FE78B90134E8E7324639468220FFF707
:1090D00011FF04462046BDE8F0816FF01504F9E762
:1090E0000446F7E70446F5E770B50D4649682B6876
:1090F000CB1A93421BD20646D41A0819726FB36F6B
:109100001344984215D8904216D300232246304685
:10911000F1F736F9002809DB88B1F3690344F361FC
:109120006B6803446B60A0420CD3002070BD00202C
:10913000FCE76FF00B00F9E76FF00B00F6E76FF05C
:109140007F00F3E76FF00A00F0E7F8B505460F4639
:1091500016461C46022221462846FFF7C5FF002876
:109160000ADB6B6F2360324639462046FFF7E3FD8A
:10917000012210F10B0FEED0F8BD70B50546144674
:10918000C1F3410602222146FFF7AEFF00280EDBA5
:1091900023681A785B7843EA02239A1C06B11A1DE9
:1091A00021462846FFF7A0FF002800DB002070BD05
:1091B000F0B58BB004460D4616461F46202200210E
:1091C00002A806F09CF805F0F00CBCF1600F7CD012
:1091D00014D9BCF1B00F00F08E8041D9BCF1D00F92
:1091E00051D194F98730002B40F39080013B84F8F3
:1091F000873009238DF80830002526E0BCF1400FA8
:1092000058D00DD9BCF1500F28D104238DF8083067
:1092100003AA39462046FFF7FBFD0546099014E0F6
:10922000BCF1200F31D0BCF1300F15D102238DF8E5
:10923000083003AB00933B46324629462046FFF7F1
:10924000ACFD05460990079B236202A9204600F069
:10925000DFF828460BB0F0BD0025FAE70025F8E757
:10926000BCF1700F3CD0BCF1900F0AD107238DF8F0
:10927000083003AA39462046FFF7E2FD054609906B
:10928000E3E70025E5E70025E3E703AA39462046A2
:10929000FFF762FD054658B99DF80D302BB9A2695C
:1092A00042F00402A2610993CFE76FF06E05FAE77E
:1092B0000990CAE703238DF8083003AA39462046EF
:1092C000FFF79EFD05460990BFE705238DF808309E
:1092D00003AA39462046FFF7A3FD05460990B4E7E7
:1092E00006238DF8083003AA39462046FFF7A0FD73
:1092F00005460990A9E708238DF8083003AA3946E6
:109300002046FFF7AEFD054609909EE7002384F84E
:1093100087306EE710B584B00446436F0093C2698E
:10932000134401936B4602AA0DF10F01FFF70DFFE5
:10933000002819DB9DF80F1001F0F003302B18D036
:10934000029A69462046FFF7CFFE002816DB6B46DF
:10935000029A9DF80F102046FFF72AFF002801DB34
:109360000020E06104B010BD10F10B0FFAD1002015
:10937000F8E76A462046FFF700FFE6E710F10B0F1B
:10938000F0D10020EEE7002383614361C3610362F3
:109390007047836913F0040F01D0002070476FF00D
:1093A0007F00704708B5F9F717F808BD08B54FF00A
:1093B000FF324FF0FF33FFF7F5FF08BD38B5044625
:1093C0000D46D0F880200021C06F05F098FFE36FB4
:1093D0002B60D4F8802013446B6038BD08B505F0CD
:1093E000B9FC02464B0143EAD0634001801A63EBAB
:1093F00001039B0043EA90738000801843EB010354
:10940000DB0043EA5073C0F3103040EA434008BD2C
:1094100038B5036F53B104460D46F9F75DF8236F75
:109420002946204698472046FFF7C0FF38BD70B553
:1094300088B004460E461546F0F7B0FF2046FFF709
:10944000A2FF0DB908B070BD20220021684605F0CA
:1094500056FF01238DF80030079669462046FFF736
:10946000D7FFEFE730B583B00546F0F761FF041E84
:1094700021DB69462846FFF7A1FFAB6943F00203F1
:10948000AB6169462846F0F7F1FD041E0EDB00993A
:10949000019A521A2846F0F757FF041E06DBFFF721
:1094A0009DFF6861002485F8874004E00022214682
:1094B0002846FFF7BCFF204603B030BD38B505464F
:1094C000F0F750FF041E05DBFFF788FF68610024FA
:1094D000204638BD012221462846FFF7A8FFF7E7BE
:1094E00038B50546F0F730FF041E05DBFFF776FFC1
:1094F00068610024204638BD012221462846FFF736
:1095000096FFF7E738B5036A63B90446FFF702FF31
:10951000051E01DB284638BD012229462046FFF7FB
:1095200086FFF7E76FF00F05F4E7F8B548B30F468D
:1095300015461E460446FFF739FF226AFAB1AA42D1
:1095400000D32A46334639462046F0F719FF054630
:1095500016B910F10B0F04D0002D07DD236A5B1B39
:1095600023622046F8F7B8FF2846F8BD0DB96FF022
:109570007F05012229462046FFF759FFF1E7002524
:10958000EFE76FF01505EFE7A8B110B5044690229C
:10959000002105F0B4FE204604F0FFFE042384F809
:1095A000863094F888306FF3410384F8883078234C
:1095B000A4F8843010BD704738B5D8B10446436D67
:1095C000DBB1FFF7F3FEE36F3BB1636F43B12046BE
:1095D000FFF748FF051E08DA04E06FF00B0501E015
:1095E0006FF00B052046FFF7CEFE2046F8F774FF1C
:1095F000284638BD6FF01505FAE76FF01505F7E757
:1096000070B58EB0002835D00E460546002934D0FE
:10961000FFF7CCFE0CA92846FFF7D0FE2846FFF73F
:10962000B8FE041E20DB0CAA31462846FFF7DFFCFB
:10963000041E19DB0C9A08920D9B9B1A0993F36880
:109640000A9333690B9300230193029303930493CA
:1096500005930693079308AB03930223049301A990
:109660002846FFF72BFF04462846F8F735FF20462B
:109670000EB070BD6FF01504F9E76FF01504F6E752
:1096800070B582B008B30E46054609B3FFF78EFEEB
:1096900069462846FFF792FE2846FFF77AFE041E29
:1096A0000DDB6A4631462846FFF7D7FC041E06DB71
:1096B0000099019A521A2846FFF712FF04462846DD
:1096C000F8F70AFF204602B070BD6FF01504F9E705
:1096D0006FF01504F6E770B582B030B30E4605465C
:1096E000FFF764FE69462846FFF768FE2846FFF745
:1096F00050FE041E13DB6A4631462846FFF7B9FCCC
:10970000041E0CDB0099019A521A2846FFF7E8FE66
:10971000041E04DB012200212846FFF788FE2846AC
:10972000F8F7DAFE204602B070BD6FF01504F9E7D5
:1097300070B582B008B30E46054609B3FFF736FE92
:1097400069462846FFF73AFE2846FFF722FE041E28
:109750000DDB6A4631462846FFF790FC041E06DB07
:109760000099019A521A2846FFF7BAFE0446284685
:10977000F8F7B2FE204602B070BD6FF01504F9E7AD
:109780006FF01504F6E730B583B020B30546FFF758
:109790000DFE69462846FFF711FE2846FFF7F9FD42
:1097A000041E12DB6846F0F7E3FC041E0DDB009993
:1097B000019A521A2846FFF793FE044695F987301E
:1097C0007F2B02D0013385F887302846F8F784FED6
:1097D000204603B030BD6FF01504F9E788B110B52D
:1097E0000446FFF7E3FDA36923B92046F8F774FEAA
:1097F000002010BD01226FF070012046FFF717FE18
:10980000F3E76FF01500704770B518B30446FFF723
:10981000CDFD6569FFF7E2FD401B0BD4B4F8843041
:1098200083B14FF47A7202FB03F3834204D900251B
:109830002E4609E00020F1E72046FFF7A4FF064688
:10984000012501E000252E462046F8F745FE25B10A
:10985000304670BD6FF01506FAE76FF00A06F7E7BD
:1098600038B504464569FFF7B9FD421B0AD4B4F880
:1098700084104FF47A7301FB03F329B1934206D9A4
:10988000981A38BD0022F2E74FF0FF30F9E70020C8
:10989000F7E738B590B10446FFF788FDA36913F0E8
:1098A000020F06D16FF07F052046F8F715FE284617
:1098B00038BD2046FFF726FE0546F5E76FF0150593
:1098C000F5E708B50123FFF730FE08BD70B5064681
:1098D0000C468D1800E00444AC420BD22A1B2146F2
:1098E0003046FFF7EEFF002805DB0028F3D16FF0CC
:1098F000040000E0002070BD006901EB4101890017
:10990000383108447047406801EB410100EB8100A9
:1099100070470069C1EBC10100EB8100704708B5D9
:10992000C9B2FFF7E9FF806800F0070008BDEFF358
:109930001182202383F31288BFF36F8F036813F023
:10994000C00301D08B4207D101230360002082F3C2
:109950001188BFF36F8F70474FF0FF30F7E7EFF3D9
:109960001182202383F31288BFF36F8F036803F003
:10997000C00C03F00703012B08D08C4509D04FF031
:10998000FF3082F31188BFF36F8F704701600020B2
:10999000F7E76FF07700F4E7EFF31182202383F30A
:1099A0001288BFF36F8F036803F0C00343F0020314
:1099B000036082F31188BFF36F8F7047F8B50646D6
:1099C0000C46FFF799FF05684768002340F8083BFD
:1099D000FFF7E2FF1DB13A4621463046A847F8BDE1
:1099E00070B506461546CCB22146FFF785FF2946DD
:1099F0000830FFF79CFF002806DB21463046FFF7C2
:109A000082FF43689847002070BD08B58022FFF7A9
:109A1000E7FF08BD2DE9F041064690461F46CDB24E
:109A20002946FFF769FF044606990830FFF797FFBC
:109A3000002809DBC4F80080676029463046FFF73C
:109A400062FF036898470020BDE8F08110B582B03E
:109A500080240094FFF7DEFF02B010BD10B514465D
:109A6000C9B2FFF756FF0021A04710BD08B501207D
:109A700002F053FA08BD08B5012002F059FA08BDFA
:109A800008B520EAE070C117C90341EA5041C0039C
:109A900040F2E733C0184FF47A724FF0000341F1FF
:109AA0000001E7F76FF805F072F808BD08B5104639
:109AB000F8F7A2FD08BD08B502F064FA08BD08B5C4
:109AC000F5F744FC08BD08B520EAE070C117C903EA
:109AD00041EA5041C00340F2E733C0184FF47A72B4
:109AE0004FF0000341F10001E7F74CF805F04FF8A3
:109AF00008BD08B504F088FE00B108BD0220FFF7DC
:109B0000E2FFFAE708B508461146F5F7DBFA00B9B7
:109B100008BD6FF00400FBE708B502F06DF900B96D
:109B200008BD6FF00400FBE74B6803444B600B6813
:109B300003440B608B681B1A8B60704710B50C4692
:109B400002F07CFE002320606360184610BD38B52B
:109B500004460D4602F072FE002C06DBA04206D938
:109B6000001B854205D9002000E0002038BD002000
:109B7000FCE70120FAE738B5044602F063FE05462B
:109B80006068F5F7AFFEA3685B1BA36062682A44B8
:109B90006260002BF4D1002038BD00B585B00023F1
:109BA0000193029303930290039101A8FFF7E3FF4F
:109BB00005B05DF804FB10B5044608E02368196899
:109BC000606802F02FFE21460420FFF7ADFFA36876
:109BD000032BF3D8F0F7E4FE002010BD00B585B0EC
:109BE00001910290039201A8FFF7E5FF05B05DF82F
:109BF00004FB0B4639B11168196041688A4209D0EB
:109C00000023136070471368036041688A42F7D1EC
:109C10004360F5E74360F3E708B50A4603680021AF
:109C200001E019461B682BB19342FAD1FFF7E1FF1F
:109C3000012000E0002008BD38B505460C46032190
:109C4000A047002806DB01212846A047002800DBAA
:109C5000002038BD10F1860FFBD1F4E770B5044643
:109C60000D461646036833B1FFF7D6FF70B91EB92B
:109C70006FF0150006E032B123682B602560636841
:109C800043B1002070BD6FF01500FBE7002EF3D14B
:109C90000020F7E765600020F4E770B50E46154632
:109CA000016821B10C683CB131B90C4604E00C46A6
:109CB00002E0234621461C4671B18A682A4002D040
:109CC0004B6830469847002CF3D02368002BF1D026
:109CD000002CEFD12346EDE770BD8068003818BF37
:109CE0000120704710F0100F04D110F0200F03D1A5
:109CF00000207047032070470120704743685B686D
:109D00001B690B600020704743685B6802EA010032
:109D100021EA02019860D9600020704743685B68BF
:109D200099600020704743685B68D96000207047E5
:109D300043685A68536821EA03000B409060D3607F
:109D400000207047B0F5800F07D0B1F1C06F0DD083
:109D5000B1F1007F08D001207047B1F1007F01D040
:109D60000520704704207047022070470320704789
:109D700008B500690430FFF771FF08BD10B500F0A9
:109D80001F044009F0F74CFF30B101460069012281
:109D9000A2400430FFF781FF10BD0020704708B5D6
:109DA00002F01EFD08BD08B51146806802F007FDEF
:109DB00008BDF0B589B00E461446456801F01F078E
:109DC0002B7C47EA43171046FFF78CFF8DF81E00E7
:109DD00040F206332340B3F5837F52D016D8062BCA
:109DE0004BD006D9B3F5807F0DD101238DF81D30FE
:109DF00024E003B3022B03D104238DF81D301DE0B2
:109E00006FF0150636E06FF0150633E040F20222DF
:109E100093423AD0B3F5407F03D103238DF81D3030
:109E20000CE0B3F5007F03D102238DF81D3005E06F
:109E30006FF015061EE000238DF81D300123B3409E
:109E400014F4002F25D06A6893602846FFF745FF79
:109E500028B30DF11F023946A86802F09CFC0646A3
:109E600014F4403F33D13946A86802F0A0FC002E1C
:109E700067D00026304609B0F0BD06238DF81D30AE
:109E8000DCE707238DF81D30D8E705238DF81D305A
:109E9000D4E714F4802FD8D06A68D360D5E7C4F330
:109EA00040438DF8083014F4803F0CBF0123002399
:109EB0008DF81030002601960DF11D0300930DF171
:109EC0001E0304AA02A93846F0F750FED2E702AA00
:109ED000002302930393049305930693059204AA27
:109EE0003946A86802F04BFC00281BDB14F4003F45
:109EF0001AD09DF81D308DF8103014F4803F0CBF3F
:109F0000012300238DF811309DF81E308DF812309A
:109F1000002304AA3946A86802F035FC0028A6DA16
:109F20000026A7E70026A5E70023049305930693E0
:109F30000DF11E03049304AA3946A86802F01FFC21
:109F4000ECE79DF81F10A86802F035FC92E700B519
:109F50004368136001E008331360136890F808C089
:109F6000D0F804E00EEBCC0C634505D293F805C0A5
:109F70008C45F0D1002001E06FF001005DF804FB9A
:109F800038B505460C460321A047002806DB012111
:109F90002846A047002800DB002038BD10F1860FBE
:109FA000FBD1F4E74368186A704770471368C0B282
:109FB00000F5AC7053F820000860C043C00F704734
:109FC00043685B6B002013605060704708B5002148
:109FD000006902F0D6FD002008BD10B5044600223D
:109FE00001212120FDF7F1FF2046F1F7BBF810BD5C
:109FF00010B582B0044601AAFFF7A9FF002805DBCF
:10A00000019B226819791868F0F7F2FE02B010BDC2
:10A01000012903D108B5F1F715F908BD6FF08500E6
:10A02000704738B505460C460321A047002806DBDB
:10A0300001212846A047002800DB002038BD10F190
:10A04000860FFBD1F4E743681B68EFF311822021F0
:10A0500081F31288BFF36F8FD3F8201131B1002143
:10A06000C3F82011D3F820110121D96082F311889F
:10A07000BFF36F8F704743681B68D3F88004C3F841
:10A080008004704743681A685B6803F00103D2F8E4
:10A09000581129B933B9D2F820312BB900207047B3
:10A0A00001207047002070470120704708B5036900
:10A0B0005A6813680BB15268984708BD00B587B05D
:10A0C00000230193029303930493059304238DF8D3
:10A0D000043002910DEB0301FFF7E8FF07B05DF8D4
:10A0E00004FB4368187D012814BF0020012070473D
:10A0F00000B587B002690023019302930393049390
:10A10000059302238DF8043053681B6C0293536847
:10A110009B6C0393049101A9FFF7C8FF07B05DF89A
:10A1200004FB10B503695B6840680068EFF3118CAD
:10A130004FF0200E8EF31288BFF36F8F1C6CACB102
:10A14000DC6CB4B9D9641A65C0F83415C0F8382588
:10A15000042A11D9D0F8003243EA0E03C0F80032C5
:10A1600000208CF31188BFF36F8F10BD6FF00C00CF
:10A17000F7E76FF00F00F4E70020F2E70369586893
:10A1800020B101605B685A60002070476FF0850065
:10A19000704700B587B000230193029303930493A3
:10A1A000059303238DF8043003695A6843681968DE
:10A1B000936DD26D134302D00423C1F8043301A977
:10A1C000FFF774FF07B05DF804FB43681A68DB69AA
:10A1D000C2F834350523C2F838350123D362D2F8EA
:10A1E0001031002BFBD00023C2F81031D2F810310F
:10A1F000D2F84C0130B10023C2F84C31D2F84C31C6
:10A20000D2F83C05C0B2704710B4445844B11A4269
:10A2100001D1002005E0002343504358012000E015
:10A22000002010BC7047426813680069406868B934
:10A23000D3F8100168B1526A12780A700020C3F88E
:10A240001001D3F8102101221A6070476FF08500C9
:10A2500070474FF0FF30704740680368002A0DDDFB
:10A26000D3F8102162B10022C3F81021D3F81021D5
:10A27000426A12780A700120186070470020704707
:10A280000020704710B443681C680369EFF3118124
:10A29000202282F31288BFF36F8F1A68D07B38B9FF
:10A2A00090731B680122DA734FF48003C4F80433FF
:10A2B00081F31188BFF36F8F10BC704703691A6870
:10A2C000D17B21B1012191731B680022DA737047A1
:10A2D00010B443681C6803691A68D17B39B1D4F89B
:10A2E000581139B1002111611B68988900E00020E4
:10A2F00010BC70470020FBE743681B68D3F81001CF
:10A30000003818BF0120704743681B68D3F8042346
:10A3100012F0100F02D11022C3F8042370474368D3
:10A320001B68D3F8042312F0100F02D01022C3F8D8
:10A330000823704743681B684FF40072C3F8042376
:10A34000704743681B684FF40072C3F808237047D6
:10A3500038B5044643681D68D5F8043313F4800FFC
:10A3600006D1D5F8043313F0100F07D1002038BD03
:10A37000FFF7AEFF0028F4D00120F8E72046FFF7F2
:10A38000BBFF0028F3D00120F1E7012070470369EB
:10A39000186801601B685A60704710B5046940680E
:10A3A0006368D3F8A420D3F8B010521A01D100206A
:10A3B00010BD082A28BF0822C3F8AC206368806952
:10A3C000C3F8A8006368D3F8A010D3F8B0301944DC
:10A3D00004F06EFF0120EBE710B582B0044601AA3D
:10A3E000FFF7B5FD002805DB019B22681979186885
:10A3F000F0F7FEFC02B010BD70B544682568066930
:10A400000021E068FFF7E8FF0823C5F8003573680E
:10A4100003B170BD237A002BFBD1636AC5F83435D4
:10A420000123C5F838350022C5F81021D5F81021D0
:10A430002B60EEE708B50269D3691943D16113F0C7
:10A44000030F00D008BDFFF7D7FFFBE710B5436847
:10A450001C68C4F84415C4F848250022C4F820211B
:10A46000D4F82011C4F85821D4F858215B6813F0AF
:10A47000040F02D10123A36010BD0121FFF7DAFF11
:10A48000F8E7F8B50546066933689C899442A8BF89
:10A49000144610330122D3E8EF0F002803D1C3E89C
:10A4A000E72F002FF7D11FD133682246986804F0B8
:10A4B000FFFEEFF31187202383F31288BFF36F8F22
:10A4C0002846FFF7DFFD40B9336800241C6187F39D
:10A4D0001188BFF36F8F2046F8BD33682246996814
:10A4E0002846FFF7B3FFF2E70024F4E738B5054646
:10A4F0000C4643681B684FF48002C3F80423FFF73F
:10A50000C1FD20B96368012283F8B82038BD6368B3
:10A51000002283F8B82063684FF0FF32C3F8B420FC
:10A520006368D3F8AC20D3F8A8102846FFF78EFF55
:10A53000ECE743685A6812F0040F00D0704710B57A
:10A5400004460021D868FFF747FF2046FFF754FF75
:10A5500010BD012904D108B5FFF7EBFF002008BDAD
:10A560006FF08500704708B50021FFF7F2FF08BDC6
:10A5700010B502694468D36923EA0101D16111F081
:10A58000030F00D010BD43681B680022C3F80025EC
:10A590000121E068FFF720FFF4E72DE9F0410446D0
:10A5A000D0F804800669D8F80050D5F8043313F4C5
:10A5B000807F02D0D5F8203133BBD5F8587127B150
:10A5C000D8F8043013F0040F21D13368D3B15FB150
:10A5D00000221A613368DB7B1BB94FF48003C5F896
:10A5E000083333689A7B4ABBD5F8243123B1002362
:10A5F000C5F82431D5F824313268136813B1516895
:10A6000020469847BDE8F081FFF71DFDD5E7EFF341
:10A610001188202383F31288BFF36F8F0121204616
:10A62000FFF7A6FF336823B188F31188BFF36F8F5C
:10A63000CBE74FF48003C5F80833F5E700229A739F
:10A64000E0E730B587B004464268036959680023E3
:10A650000193029303930493059305208DF804005E
:10A6600081F86130536813F0040F05D101A9204629
:10A67000FFF71CFD07B030BDEFF31185202383F3F6
:10A680001288BFF36F8F02212046FFF771FF85F319
:10A690001188BFF36F8FE9E770B504464668036918
:10A6A0005D68296C19B1FFF709FD00232B6495F84B
:10A6B00062306BB1002385F8623063681B6800224A
:10A6C000C3F80821D3F808312046FFF7BAFF70BD60
:10A6D000736813F0040FF0D02046FFF776FD85F87D
:10A6E0006000EAE708B520EAE070C117C90341EA53
:10A6F0005041C00340F2E733C0184FF47A724FF074
:10A70000000341F10001E6F73DFA04F040FA08BD0C
:10A7100070B5064612E075B1EFF31184202383F380
:10A720001288BFF36F8F3046FFF7ACFC98B984F303
:10A730001188BFF36F8F0120FFF7D4FF64243046E8
:10A74000FFF7A0FC05460028E5D1012001F073FBCE
:10A75000013CF4D1DFE7204670BD70B50E460369B9
:10A760005D6843681C6805F1080004F06EFBEFF3B8
:10A770001182202383F31288BFF36F8FEB6C53B1E8
:10A78000D4F8003223F02003C4F800320023C4F8C8
:10A790004C31D4F84C31002385F8613016B10123D7
:10A7A00085F862300123636082F31188BFF36F8FF5
:10A7B000002070BD08B503695B681B6C1BB10121EB
:10A7C000FFF7CBFF08BD6FF00D00FBE710B586B0BB
:10A7D000044643681968D1F880240023019302934A
:10A7E00003930493059306238DF8043012F0010FB0
:10A7F00008D112F0020F14D112F0040F13D102F09D
:10A80000080300E001238DF80830C1F8802401A975
:10A810002046FFF74BFC00212046FFF79EFF06B0C5
:10A8200010BD0223EFE70423EDE738B50369426862
:10A8300015685A68D2F8A01051B1002482F8B840C7
:10A840005868683004F001FB0123EB60204638BDF6
:10A850006FF00D00FBE708B5406BFFF7E6FF08BDA2
:10A8600070B5054603695C6843681E6804F108001A
:10A8700004F0EBFAD6F83C3594F860101944002344
:10A8800084F86030A36CC91A01D400292CDC216C37
:10A890002846FFF713FCE36C2364236D63640023F5
:10A8A000E3642365A36494F86130E3B1EFF31182AC
:10A8B000202383F31288BFF36F8F236CC3B1D6F8C4
:10A8C0004C3133B9012333600023C6F84431D6F844
:10A8D0004431D6F8003223F02003C6F8003282F368
:10A8E0001188BFF36F8F70BD2846FFF701FCCEE7DC
:10A8F00001237360F3E72DE9F04186B00546436814
:10A9000004691F68EFF31188202282F31288BFF3D5
:10A910006F8F6268D2F8B410002946DBD2F8B460B9
:10A920005B6813F0040F43D188F31188BFF36F8F76
:10A930006368D3F8A020002A34D093F8B810002917
:10A940003FD1D3F8A8108A4206D0D3F8AC20964263
:10A9500047D0D3F8B0301E446068683004F075FA10
:10A960000023019302930393049305936368D3F840
:10A97000A030029303966368D3F8A4309E4202D0BD
:10A9800001238DF804304FF48003C7F80833626860
:10A990000023C2F8A0306268C2F8A43001A928469A
:10A9A000FFF784FB06B0BDE8F081D7F84C65B7E748
:10A9B0004FF48003C7F8083301212846FFF7D8FD7C
:10A9C000B2E7EFF31186202383F31288BFF36F8F72
:10A9D00021462846FFF78AFD86F31188BFF36F8F63
:10A9E000E0E7D3F8B0203244C3F8B0202846FFF7A0
:10A9F000D4FC18B96368D3F8B060ADE7EFF3118603
:10AA0000202383F31288BFF36F8F21462846FFF778
:10AA10006DFD86F31188BFF36F8FC3E7436B5A68F0
:10AA200012681B695B68D2F8081199B10021C2F85D
:10AA30000811D2F80821596530B583B003F1080038
:10AA4000D3E9162300240025CDE90045F8F7E0FFFF
:10AA500003B030BD596D013159650429ECD1012392
:10AA600053607047D0B582B00369426814685A6871
:10AA7000002151655B6803F10800D3E91623002625
:10AA80000027CDE90067F8F7C3FF0423C4F80833B3
:10AA900002B0D0BD38B545682C686B6813F0010F63
:10AAA00023D100220823C4F800352B6AC4F84435AA
:10AAB0000023C4F848350123A36072B9D4F82031CB
:10AAC000002BFBD00023C4F82031D4F8203101231F
:10AAD000E3604FF48073C4F80433D4F85831002B8A
:10AAE000FBD00020C4F8000538BD01692046F0F70E
:10AAF00097FD0028F8DB0122D4E710B504460022B8
:10AB000001210820FDF761FA0820FDF754FA012120
:10AB10002046F0F7A3FD10BD10B504460022012128
:10AB20000A20FDF752FA0A20FDF745FA00212046D7
:10AB3000F0F794FD10BD10B50446002201210B2052
:10AB4000FDF743FA0B20FDF736FA00212046F0F717
:10AB500085FD10BD2DE9F041064643681C68076974
:10AB6000D7F80480D4F804532B4604224FF48471A0
:10AB70002046FFF749FBE8BB2B464FF400724FF429
:10AB800092712046FFF740FBC0BB2B4610224FF4CA
:10AB900088712046FFF738FBA0BB15F4002F05D0C5
:10ABA000D4F84C3113B1D4F81031A3B315F4003FED
:10ABB00005D0D4F8443113B1D4F810319BB315F457
:10ABC000807F02D0D4F82031ABBB15F4800F02D0C7
:10ABD000D4F858319BBB07F11C03D3E8EF2F22F0C8
:10ABE0000401C3E8E01F0028F7D112F0040F2AD1B6
:10ABF000BDE8F0813046FFF735FFBDE73046FFF78F
:10AC0000E5FDC2E70023C4F81031D4F81031304616
:10AC1000FFF726FEC1E7C4F84C31D4F84C3130467A
:10AC2000FFF7B7FAC2E7C4F84431D4F844313046EC
:10AC3000FFF732FDC3E73046FFF705FAC5E73046B8
:10AC4000FFF759FEC7E7D8F844103046FFF750FA2F
:10AC5000D8F840103046FFF731FA0023C8F84430E6
:10AC6000C8F840303046FFF7ECFCC1E700B5A2F56C
:10AC7000807E4FEA9E0E4FF0010C0CFA0EFC1CEA8F
:10AC8000010F0DD0815809B900200AE00021815040
:10AC900082581BB11A684CEA02021A60012000E0D7
:10ACA00000205DF804FB70B582B006460D46002416
:10ACB000019409E0A20001AB02F5A07229463046DA
:10ACC000FFF7D4FF0134E4B2032CF3D915F0010FE0
:10ACD00002D0D6F8003143B915F0020F02D0D6F8F1
:10ACE000043163B9019802B070BD0023C6F8003189
:10ACF000D6F80031019B43F001030193ECE70023F8
:10AD0000C6F80431D6F80431019B43F002030193E5
:10AD1000E8E7401A20F07F40704700F150039B00A5
:10AD20009BB203F1804303F5A8331868003818BFBD
:10AD30000120704700F150039B009BB203F1804358
:10AD400003F5A83300221A601B68704720F07F408B
:10AD50007047EFF31180202383F31288BFF36F8FC6
:10AD6000704780F31188BFF36F8F7047F0B585B0DF
:10AD7000044617461D46F0F70DFD06469DF8303097
:10AD800002930B9B01930A9B00933A462B46204665
:10AD9000F0F7BEFD054631462046F0F749FD28464E
:10ADA00005B0F0BD08B5F0F793FD08BD4FF0FF30DA
:10ADB000704708B5006990F834308B4209DD0029EE
:10ADC0000ADB90F8353053B1C9B2F4F7EBFD00203F
:10ADD00008BD6FF01500FBE76FF01500F8E76FF0A6
:10ADE0000A00F5E710B584B00469002301930293CB
:10ADF0000393236B029311F0010F01D101230193FF
:10AE000011F0020F03D1019B43F00803019301A944
:10AE1000204601F047FF002806DB204601F051FFE5
:10AE2000012384F83530002004B010BDF8B5064683
:10AE30001446076906E02946304698470121A94093
:10AE400024EA01044CB194FAA4F5B5FA85F52B1D5A
:10AE500057F82330002BEED1F0E7F8BD0B4639B19F
:10AE60001168196041688A4209D000231360704755
:10AE70001368036041688A42F7D14360F5E7436095
:10AE8000F3E708B50A460368002101E019461B688C
:10AE90002BB19342FAD1FFF7E1FF012000E000203F
:10AEA00008BD10B5044603F055FF8E464A0142EA3C
:10AEB000D06243011B1A62EB0102920042EA9372D4
:10AEC0009B001B1842EB0101C90041EA5371C3F317
:10AED000103343EA4143C90B20686268181A2360A3
:10AEE000616061EB020110BD38B504460D460430C7
:10AEF0000122002103F017FBE56138BD08B503F01E
:10AF000021F908BD70B58AB005460C4601F092FFE4
:10AF1000002869D003F01EFF4A0142EAD0624301D3
:10AF20001B1A62EB0102920042EA93729B001B180B
:10AF300042EB0102D20042EA5372C3F3103343EAF8
:10AF40004243D20B009301922368002B3DD0002B8B
:10AF500040DB294602A8FFF7C7FF02A8F0F702FF6F
:10AF6000002844D02068B0F1FF3F37D020EAE070DD
:10AF7000C117C90341EA5041C00340F2E733C0188A
:10AF80004FF47A724FF0000341F10001E5F7FAFD4A
:10AF900002460B4603A8F7F777FB02A8F0F70AFF73
:10AFA00001F048FF28B32568B5F1FF3F24D0EE1724
:10AFB0006846FFF776FF2D1A66EB0106002E11DBBF
:10AFC0002560DDB100200AB070BDF8F7E9F86FF038
:10AFD0000A00F8E74FF0FF332360BAE74FF0FF3283
:10AFE0001346D7E70025EBE76FF06D00EBE7002095
:10AFF000E9E76FF06D00E6E70020E4E76FF00A0094
:10B00000E1E708B503F000FC08BD08B5F7F7F4FA6E
:10B0100008BD10B50446B1F1FF3F18D021EAE17335
:10B02000D917C90341EA5341DB0340F2E7329818CC
:10B030004FF47A724FF0000341F10001E5F7A2FDF1
:10B0400002460B462046F7F71FFB20B910BD4FF014
:10B05000FF321346F6E76FF00A00F7E708B5F7F797
:10B060003BFA08BD10B50446B1F1FF3F18D021EA04
:10B07000E173D917C90341EA5341DB0340F2E732D8
:10B0800098184FF47A724FF0000341F10001E5F790
:10B0900079FD02460B462046F7F79EF920B910BD10
:10B0A0004FF0FF321346F6E76FF00A00F7E74388E8
:10B0B0004B8001230B8043684B6070474B88438073
:10B0C000012303804B6843607047292800F0F48017
:10B0D00019DC012800F09780062808D140F21F43B0
:10B0E000994240F01081372313600020704738B92F
:10B0F00040F20743994240F003811F2313607047D9
:10B100004FF0FF307047B0F58D7F0ED0B0F5007F67
:10B1100008D140F20643994240F0F8801E231360A4
:10B12000002070474FF0FF3070470F2919DC0029CD
:10B1300014DD01390E2900F2D480DFE811F0280077
:10B140002C003000480034003800D200D200D20079
:10B15000D200D2003C0040004C0050004FF0FF30C5
:10B16000704740F2FE33994200F3BE8040F2FA335A
:10B17000994209DBA1F2FA31042900F2AF80DFE83D
:10B1800001F02232363A3E004FF0FF307047012383
:10B1900013600020704702231360002070470323D0
:10B1A00013600020704705231360002070470623BA
:10B1B0001360002070470C231360002070470D239C
:10B1C0001360002070470E23136000207047042393
:10B1D0001360002070470F23136000207047102376
:10B1E0001360002070471123136000207047122362
:10B1F000136000207047132313600020704714234E
:10B2000013600020704715291BDDB1F5856F74DAD6
:10B21000B1F5816F29DDA1F209411E2967D8DFE868
:10B2200001F02F2B66666666663B66666666666636
:10B2300066666666666666666666666666664366D1
:10B240004700022902DA4FF0FF3070470239132914
:10B2500050D8DFE801F0254F0D4F4F4F4F4F4F4F64
:10B260004F4F4F4F4F4F4F4F191D4FF0FF3070470B
:10B2700004231360002070472223136000207047CE
:10B2800021231360002070471423136000207047AF
:10B290001523136000207047282313600020704797
:10B2A00002231360002070473D2313600020704785
:10B2B0003F23136000207047B1F5816F06D040F244
:10B2C0002643994206D04FF0FF3070472023136089
:10B2D000002070473E231360002070474FF0FF307E
:10B2E00070474FF0FF3070474FF0FF3070474FF01E
:10B2F000FF3070474FF0FF3070474FF0FF3070471E
:10B300004FF0FF3070474FF0FF3070474FF0FF3085
:10B31000704710B584B004460068F0F761FE58B17C
:10B32000C2694AB143680193A3680393636803B198
:10B330000B23029301A8904704B010BD0020704772
:10B3400010B54B8843800346022223F8042B4C6837
:10B35000D1F808E0D1F80CC00A694460C3F804E0F1
:10B36000C3F808C0DA600B7D037510BD10B54388C3
:10B370004B800B46022223F8042B4468D0F808E0E7
:10B38000D0F80CC002694C60C3F804E0C3F808C0F0
:10B39000DA60037D0B7510BD38B504460068F5F71B
:10B3A000FBFE054608B1284638BD2046F0F782FE70
:10B3B000F9E738B505460C4620220021204603F067
:10B3C0009EFF6B682360EB68A360AB6863602B69CA
:10B3D000E3602B6A03B1A36138BD2DE9F0418AB067
:10B3E00004460D4617469846109E806808B1F7F748
:10B3F00073F846B3119B33B304AA0021049105915D
:10B40000069107910891ADF824101623039303AB1E
:10B410000193009243463A462946206802F004FB15
:10B42000051E1ADBBDF81030012B22D0022B14D1DF
:10B43000039B162B11D104A93046FFF781FF182377
:10B44000119A136009E000230193009343463A46A2
:10B450002946206802F0E8FA0546A06828B14FF0B6
:10B46000FF324FF0FF33F6F7B7FF28460AB0BDE8CA
:10B47000F081039A082AD9D104A93046FFF71EFEAD
:10B480000823119A1360E8E700B583B00023019305
:10B490000093FFF7A2FF03B05DF804FB00B583B093
:10B4A000002301930093F0F7D7FE03B05DF804FB8F
:10B4B00008B5006802F09FF808BD10B586B00B46CD
:10B4C00004680988012907D002290FD019462046AF
:10B4D00001F0A9FF06B010BD69461846FFF7E7FD69
:10B4E00008226946204601F09EFFF3E769461846A8
:10B4F000FFF73CFF16226946204601F094FFE9E77A
:10B5000010B504460068F0F76BFD20B10C30B4F9BB
:10B510000610F8F72BFB10BD10B582B00C4613686F
:10B52000143313600023009301930C3001AA694681
:10B5300003F050FE009B0BB1019BE380002002B0A2
:10B5400010BD10B582B001920468A1F58173032B80
:10B5500024D8DFE803F00211281C019A141D01947D
:10B56000116802F108030193526804F10803019382
:10B570006368F0F777FF18E0019A131D01931168D3
:10B5800002F1080301935268FFF7C6FF0DE0019B2B
:10B590001A1D01921B688360002006E0019A204674
:10B5A000F0F7A8FF01E06FF05E0002B010BDF8B543
:10B5B000054617461C4621F04046F7F799FD012342
:10B5C00023703A4631462846EEF7DEF90546002359
:10B5D0002370F7F7A5FD2846F8BD08B5F5F77CFD03
:10B5E00008BD38B5044607E02568E06903F034FE7D
:10B5F000204603F031FE2C46002CF5D138BD38B57D
:10B6000004460D460023036003620B6843608B68A9
:10B61000C3604B688360CB6803614B68012B0DD01E
:10B62000022B1AD11820F8F78FFBE061C0B1182364
:10B63000A3616969FFF784FE002038BD0820F8F790
:10B6400083FBE06130B10823A3616969FFF736FD30
:10B650000020F2E76FF00B00EFE76FF06900ECE716
:10B660006FF00B00E9E72DE9F0418AB005460E4680
:10B6700014461F4600210191202202A803F03FFE3C
:10B6800024B102A92046FFF794FE02AC01AB22468A
:10B6900031462846F5F744FA804690BB019C0026C7
:10B6A0003E600EE0284603F0D7FD6FF0090820E069
:10B6B000284603F0D1FD6FF005081AE03560E46913
:10B6C0002E469CB15420F8F73FFB054660B1214659
:10B6D000FFF795FF10F10C0FE4D010F16A0FE7D0DF
:10B6E000002EEBD13D60EAE76FF00908B8F1000FDA
:10B6F00004D03868FFF775FF00233B60019801F024
:10B7000031FE40460AB0BDE8F08101F01F0201237E
:10B710009340490900EB8100D0E8EF2F1A43C0E8BD
:10B72000E12F0029F8D1704730B108B5006810B199
:10B730000C30FFF7EAFF08BD7047007A00F0010007
:10B740007047007AC0F34000704708B50B460168A7
:10B7500029B1184603F06EFE18B1012008BD012082
:10B76000FCE70020FAE701E00133036003681A7880
:10B770000D2AF9D00A2AF7D07047037A053B032B2C
:10B7800001D801207047002070478368013B8B423D
:10B790002CBF00200120704703780D2B03D00A2B0B
:10B7A00001D00020704743780BB100207047012082
:10B7B000704703780D2B03D00A2B01D0002070476F
:10B7C00043780BB9002070470120704710B504463C
:10B7D000FFF7E2FF28B92046FFF7EBFF10B1012089
:10B7E00000E0012010BD03780D2B01D00020704730
:10B7F00043780A2B01D00020704783780BB10020DA
:10B8000070470120704703780D2B01D0002070474E
:10B8100043780A2B01D00020704783780BB90020B1
:10B8200070470120704710B50446FFF7DCFF28B9C8
:10B830002046FFF7E8FF10B1012000E0012010BD15
:10B840000160002343600822027243727047F0B522
:10B8500087B004460D4600230593037B002B49D196
:10B86000836833B946683046FFF7CDFF08B102362A
:10B87000666066683378002B7BD03046FFF78CFF1C
:10B88000002879D13046FFF7AEFF002877D1304647
:10B89000F1F746F8002875D166683046FFF789FF52
:10B8A000002872D13046FFF7AEFF002870D1A368A0
:10B8B000002B2FD16F4605AA31463846F1F708F91B
:10B8C00097E8070085E807002B7A73B32846FFF74F
:10B8D00054FFB8B1059E3378002B36D03046FFF7C1
:10B8E00075FF00283CD13046FFF79DFF002839D175
:10B8F00000232BE041682846FFF7A2FF6368059309
:10B9000000232373A3680133A360059B63600020B9
:10B9100007B0F0BD6F4605AA3146384600F0DCF8A6
:10B9200097E8070085E80700CEE76E4605AA61683C
:10B930003046F1F7EDF996E8070085E807002B7A25
:10B94000002BC3D16FF04C00E2E701236A7A012A91
:10B950000AD0002AD6D1002BD4D16FF04C00D7E703
:10B960000123F3E70123F1E7002BF2D00123237336
:10B97000C8E76FF00400CBE76FF00400C8E76FF092
:10B980000400C5E76FF00400C2E76FF00A00BFE7EC
:10B990006FF00A00BCE7F8B505460E461746FFF7FC
:10B9A000F4FE18B92B686B600023AB60394628465B
:10B9B000FFF74DFF044631462846FFF7E6FE08B183
:10B9C000002CF3D02046F8BD2DE9F04385B01D468C
:10B9D0009DF830800023019302930393002A3BD00B
:10B9E00004460F469146002D39D0F0F77FFF0646FA
:10B9F00018B1304605B0BDE8F08301AA39462046AB
:10BA0000FFF7C9FF06460028F3D19DF80C30013B33
:10BA1000082B27D8DFE803F00808080826080805DF
:10BA200008006FF03C06E4E7B8F1000F05D0019B79
:10BA3000C9F80030029B2B60DBE72968029A531C8F
:10BA4000994212D30199484603F032FC029B00222E
:10BA500009F803202B60CCE76FF01506C9E76FF0FB
:10BA60001506C6E76FF05E06C3E76FF00B06C0E78A
:10BA700070B584B00023019302930393B9B10446D7
:10BA80000E46F0F733FF054670B901A92046FFF7CF
:10BA9000DEFE0028F9D0A268326010F1050F03D055
:10BAA00010F10B0F00D00546284604B070BD6FF0B2
:10BAB0001505F9E708B50123F0F750FF08BD08B5F3
:10BAC0000223F0F74BFF08BD10B582B000240094AC
:10BAD000FFF77AFF02B010BD30B50B78203B192B71
:10BAE0003AD8DFE803F00D3923393939393931399A
:10BAF000393E5E3E39396A74747474747474747443
:10BB00004B1C91F801C0ACF1220CBCF1170F23D8EB
:10BB1000DFE80CF03022222222223822223E463E4A
:10BB20002222526D6D6D6D6D6D6D6D6D4B1C497882
:10BB300091B122295DD0194611F8014F64B1222C30
:10BB4000FAD11C460B4655E001F1010C4B781BB1B4
:10BB5000283BDBB2012B65D8002303604360836080
:10BB600030BD4B1C91F801C0ACF1310CBCF1080F99
:10BB70002ED9F1E78B1C89780029EDD02229DAD162
:10BB80001C4637E08D1C8C78292CE5D019464DE0F9
:10BB90008C1C897831390829DED81946234617E0EC
:10BBA00019464B1C02B11360016000234360082357
:10BBB000037201234372D3E719464B1C91F801C06D
:10BBC000BCF12C0F4AD09C464AE09C4648E00B460C
:10BBD00013F801CFBCF12C0F40D0F6D3ACF1300CF0
:10BBE0005FFA8CFCBCF1090FF2D99C4638E019468B
:10BBF000EEE71C465D1C59782C290ED015F8011C67
:10BC000002B115601B1B2C2914BF00220122046005
:10BC10004360062303724272A2E79D1CEEE7002CEC
:10BC20009AD0AC460CF101059CF80140282C93D029
:10BC3000292CF4D16B1C6C782C2C22D01D4615F8C5
:10BC4000014C02B115605B1A2C2C14BF002201229A
:10BC50000160436007230372427281E79C4601330F
:10BC600013F801EC02B11360ACEB0103BEF12C0F31
:10BC700014BF002201220160436005230372427257
:10BC80006EE70235DBE708B5F1F7FEF9002008BDE5
:10BC900008B5F1F70FFC08BD08B5F1F76BFE08BD5C
:10BCA00008B5F1F7BDFE08BD00B1704708B5F1F762
:10BCB0006DFF08BDB0F1FF3F01D0012070470020AB
:10BCC000704700B58FB038220021684603F017FB9B
:10BCD0000B238DF8003001238DF808306846F1F70A
:10BCE00031F90FB05DF804FB38B50546002405E0D6
:10BCF0002A5D631CE95C2955EA5402342846E4F7BE
:10BD00006DFFA042F4D838BD0020704708B5002070
:10BD1000F2F79EF908BD10B50446F2F7A1F910B18B
:10BD20000123237010BD002323700120F2F790F946
:10BD3000F8E708B5F2F710FB002008BD08B5F2F7E8
:10BD40002BFB08BD00F00F0303EB83035B0003EB49
:10BD50001010C0B2704708B500F04EF800B908BD29
:10BD6000002383F31188BFF36F8F0423184602DF8B
:10BD70006FF00400F3E708B507290AD013290BD0A8
:10BD8000052903D0F3F778F8002001E0F2F76AFF05
:10BD900008BDF2F7CFFFFBE7F3F73CF8F8E702281E
:10BDA0000BD003280CD010B14FF0FF30704709B909
:10BDB000002070474FF0FF3070476FF0150070475C
:10BDC0006FF08500704700B589B002AB0693082379
:10BDD000079301AB0493042305930290039104AAF3
:10BDE00006A91846F3F744F90199FFF7D8FF09B0FF
:10BDF0005DF804FB002070470020704710B588B044
:10BE00001C4601AB06930C230793CDF810D00423F6
:10BE1000059301900291039204AA06A90020F3F76A
:10BE200027F9009B236008B010BD704708B5034692
:10BE30000020984708BD08B502F084F908BD034604
:10BE40000168D1B100B501E0196899B1B1FA81F08A
:10BE5000C0F11F000122824021EA0202D3E8EFCFA5
:10BE60008C4504D1C3E8EE2FBEF1000FF6D1EBD123
:10BE70005DF804FB6FF00B00FAE76FF00B00704702
:10BE80000368CB4013F0010F11D100B50268012304
:10BE90008B401343D0E8EFCF944504D1C0E8EE3F88
:10BEA000BEF1000FF6D1F1D100205DF804FB6FF078
:10BEB0001500704741F00041C0F880100020704725
:10BEC000704710B5044608460021FFF7F9FF002827
:10BED00003DBC1B22046FFF7EDFF10BDF8B5064603
:10BEE0000D46144600210846F3F740F9074608B10D
:10BEF0003846F8BD21783046FFF7E3FF2178284621
:10BF0000FFF7DFFFF4E708B50520EDF735F900B1DD
:10BF100008BD0520FCF74FF8FAE708B510B1012875
:10BF200003D008BDF3F712FAFBE7F3F7A1F9F8E73E
:10BF300008B520B1012801D100F00AF808BD00F0D1
:10BF400021F8FBE708B5F3F7B3F9F3F763FA08BD97
:10BF500008B5F3F759F908BD0120704738B5044614
:10BF60000378022B06D0012B00D000231D461BB105
:10BF7000284638BD0123F9E7F3F7B6F9FFF7ECFFE0
:10BF80002070F5E708B5F3F7AFF908BD10B401F577
:10BF9000A27150F8214024F4473424F4407440F84E
:10BFA000214050F82140120202F4F8521B0403F41D
:10BFB00040331A43144340F8214010BC704710B47A
:10BFC00001F5A27150F8214024F4981424F4F85497
:10BFD00040F8214050F82140120202F4F8521B04AC
:10BFE00003F440331A439DF804301B0503F4801317
:10BFF0001A43144340F8214010BC704700B5A2F525
:10C00000807E4FEA9E0E4FF0010C0CFA0EFC1CEAEB
:10C01000010F0DD0815809B900200AE0002181509C
:10C0200082581BB11A684CEA02021A60012000E033
:10C0300000205DF804FBF0B583B007460D461646B8
:10C040000024019409E0E2B2920001AB02F5807293
:10C0500029463846FFF7D2FF0134B442F3D3002D0E
:10C0600002DB019803B0F0BD01AB4FF4BE7229466C
:10C070003846FFF7C3FFF4E700B585B08DF80F1021
:10C080000DF10F030193002100910B460A46F3F7CF
:10C0900001FA05B05DF804FBC0B2704710B5044664
:10C0A0000846FFF7F9FF083004EB4004A08800F0D1
:10C0B000010010BD10B504460846FFF7EDFF08303B
:10C0C00004EB4004A088C0F3401010BD10B5044636
:10C0D0000846FFF7E1FF083004EB4004A08810F0A9
:10C0E0001C0018BF012010BD10B504460846FFF71C
:10C0F000D3FF083004EB4004A088C0F3400010BD1B
:10C1000038B504460D46FFF7EFFF30B1294620460B
:10C11000FFF7D0FF18B1012000E0002038BD00205B
:10C12000FCE708B5FFF7E0FF80F00100C0B208BDF2
:10C130007047704710B504460846FFF7ADFF08305A
:10C1400004EB4004A088400B10BD032894BF0020DE
:10C1500001207047002204E04FF0FF338B420FD0E4
:10C1600001321F2A0AD802F1080300EB43039B881F
:10C1700013F4807FF0D0C3F34323EFE70020704730
:10C180000120704738B504460D46FFF793FFB8B15C
:10C1900029462046FFF7C5FF90B129462046FFF704
:10C1A000C9FF226801238340C2F80833226800F5E2
:10C1B000A27052F8203023F0030342F8203003E04D
:10C1C00000212846FFF758FF38BD0346002000280D
:10C1D00008DD4FF0FF30704703EBC004A4689442C1
:10C1E00006D10AE010B403EBC00464688C42F3D0BB
:10C1F00001300028F7DD4FF0FF3010BC704710B55C
:10C2000004460846FFF748FF083034F8103013F4AE
:10C21000807F04D0C3F3432304EBC30010BD002090
:10C22000FCE72DE9F04184B004460D4616461F4652
:10C230000846FFF731FF80463EB329462046FFF708
:10C2400070FF28B129462046FFF734FF00283CD173
:10C2500029462046FFF73AFF10B17378012B34D0FE
:10C2600001238DF80F30002301930096B31C721C3C
:10C270000DF10F012846F3F70DF908F1080304EB5F
:10C2800043039A8842F003029A80002F34D0294653
:10C290002046FFF746FF88BB3E78236806F5A2726A
:10C2A000002143F8221043F8221008F1080304EBA0
:10C2B00043039A8822F02002D204D20C9A807B7821
:10C2C00033B9002004B0BDE8F0816FF01500F9E744
:10C2D000BA7800922A4631462068FFF770FE08F1CE
:10C2E000080804EB4804A3887603B6B2334343F04E
:10C2F0002003A3800020E5E70020E3E76FF01500AE
:10C30000E0E7C1600261704770B504460E4615460D
:10C31000FFF7D0FE50B13046FFF7BEFE083004EB09
:10C32000400083885B0B2B70002070BD6FF0150000
:10C33000FBE790F86C00003818BF0120704770B51B
:10C3400004460D461646FFF7B5FE00B329462046C3
:10C35000FFF7E7FED8B129462046FFF7EBFE22683B
:10C36000830003F580739BB2002199509B5822688B
:10C3700000F5A27152F8213043F0010342F8213058
:10C38000B6B1226801238340C2F8043310E0236869
:10C39000D3F80423002A03DB4FF00042C3F8042340
:10C3A00029462046F3F7F2F801462846FFF764FED7
:10C3B00070BDF8B504460D461646FFF720FF20B1C4
:10C3C0000768426831462846B847A3681BB1E2684F
:10C3D000314628469847F8BD08B590F86D00F3F748
:10C3E000C9F8FFF72CFD08BD38B504460846FFF72D
:10C3F00053FE00F1080304EB43039A8812F4807F94
:10C400000DD0C2F3432500F1080304EB430322F4EB
:10C41000F8529A8029462046FFF79CFE00B138BDAD
:10C4200004EBC50300225A60294604F15800FFF7C7
:10C4300027FDF4E72DE9F0410546884616461F46DC
:10C44000FFF7D2FF1EB33A4631462846FFF7BDFE3E
:10C45000041E15DB05EBC4035E609F604046FFF7DA
:10C460001BFE083005EB4005AB88E4B26402A4B2C1
:10C47000234343F48073AB8000242046BDE8F08161
:10C4800005F15800FFF7DBFC041EE3DAF5E70024B2
:10C49000F3E72DE9F04385B005460E4617460846FA
:10C4A000FFF7FAFD0446D7F80080B8F1000F20D05E
:10C4B00031462846FFF724FE00283FD100238DF89F
:10C4C0000E308DF80F300193009343460DF10F02AB
:10C4D0000DF10E013046F2F7DDFF04F1080205EB25
:10C4E0004202938823F002039BB2938043F001033E
:10C4F00093807B68B3B193F80080D3F80490314601
:10C500002846FFF7F1FDE0B1B9F1000F5FD1083423
:10C5100005EB4404A38823F01C039BB2A38043EAE9
:10C520008803A380BA68002A57D05368126831463E
:10C530002846FFF77FFF05B0BDE8F0836FF01500D8
:10C54000F9E704F1080305EB43039A8822F020027F
:10C55000D204D20C9A80B9F1000FD8D0B8F1030FF1
:10C5600038D87B685B6893F80090B8F1000F08D169
:10C570002B6809F5A279002243F8292043F82920E5
:10C58000C5E74046FFF7D5FD0346296809F5A27CBB
:10C5900051F82C2022F0030241F82C203246494663
:10C5A0002868FFF7F3FC09F12C0305EB43039E8099
:10C5B00004F1080205EB420293884FEA49391FFA59
:10C5C00089F943EA090343F0200393809FE76FF062
:10C5D0001500B0E76FF01500ADE70020ABE770B5D0
:10C5E00004460D46FFF766FD58B1266829462046E9
:10C5F000FFF7A0FD00F5A270002346F8203046F8B2
:10C60000203029462046FFF7EFFE2846FFF744FD7D
:10C61000083004EB40040023A38070BD38B5054604
:10C620000C46FFF73BFD60B121462846FFF7AAFD07
:10C6300021462846FFF7D3FF2046F2F785FF00206A
:10C6400038BD6FF01500FBE710B50C4690F86D0093
:10C65000F2F790FF2146FFF713FC10BD70B50446BA
:10C660000D461E4604984FF0000C01E00CF1010C41
:10C6700084450ED25FFA8CF2920002F58071920826
:10C68000012303FA02F21542F0D0002363506358ED
:10C69000ECE7002D04DA0023C4F87C31D4F87C31B7
:10C6A00044F30730FBF787FC0EB1C4F8045370BDA8
:10C6B00070B582B004460D4690F86D00F2F760FF49
:10C6C00094F86C30B3B906464022002104F11400FE
:10C6D00002F015FE3368009300232A464FF0004114
:10C6E0002068FFF7BBFF012384F86C30A3650020AE
:10C6F00002B070BD6FF07700FAE7F8B507460D4657
:10C70000144618E094FAA4F3B3FA83F301229A4092
:10C7100024EA020403F12C0235F8126003F5A27337
:10C7200057F82300C0F30140FFF702FD02463146EF
:10C730002846FFF73EFE002CE4D1F8BDF8B50446CC
:10C740000E4691F86900F2F71BFF0746D4F8041370
:10C75000C9B2026841F000412046FFF76CFC051E9B
:10C7600005DB2A4631462046FFF7C7FFF8BD3A46AB
:10C7700031462046F2F79CFF25F00045F1E708B569
:10C78000FFF787FE08BD08B5FFF74BFD08BD08B5EC
:10C79000FFF7B7FD08BD08B5FFF7B6FD08BD08B542
:10C7A000FFF786FF08BD08B5FFF7C3FD08BD08B554
:10C7B000FFF734FF08BD08B5FFF746FF08BD10B509
:10C7C0000C46FFF709FE002801DB2070002010BD99
:10C7D00008B5FFF7B4FD08BD08B5FFF7D3FC08BDE9
:10C7E00008B5014651F8040BFFF7A8FF08BD4FF448
:10C7F000805070474FF48070704710B5FFF7F7FF17
:10C800000446FFF7F7FF04FB00F010BD10B5044627
:10C81000FFF7EDFFB4FBF0F300FB1340B0FA80F03C
:10C82000400910BD38B504460D46F3F73FF82946D8
:10C830002046F3F74BF8F3F731F838BD08B5FFF7AA
:10C84000DCFF08BD08B5FFF7D2FF08BD08B5FFF74C
:10C85000D1FF08BD10B48B7DC3B18C7CCA7C0B8A20
:10C86000C0F80C45C0F80425C0F808350B7D4A7D9A
:10C8700043EA0223C0F8103510BC704703F5AC72D0
:10C8800051F8234040F822400133DBB2032BF5D9A5
:10C89000E3E7034611F0100002D0D3F8100120BBEB
:10C8A00011F0200F02D0D3F814212ABB11F0800F11
:10C8B00002D0D3F81C213ABB11F0020F02D0D3F8FA
:10C8C00004214ABB11F0040F02D0D3F808215ABB4F
:10C8D00011F0080F02D0D3F80C216ABB11F0400F01
:10C8E00002D0D3F818217ABB70470022C3F8102178
:10C8F000D3F810211020D3E70022C3F81421D3F875
:10C90000142140F02000D1E70022C3F81C21D3F805
:10C910001C2140F08000CFE70022C3F80421D3F8A7
:10C92000042140F00200CDE70022C3F80821D3F82B
:10C93000082140F00400CBE70022C3F80C21D3F813
:10C940000C2140F00800C9E70022C3F81821D3F8F1
:10C95000183140F04000C7E710B5044643682BB1DA
:10C96000207BC0B2023818BF012010BD0221006830
:10C97000FFF78FFF0028F3D001232373F0E710B4F3
:10C98000844602200872CA60DCF800000124C0F866
:10C990000045096889B112F0040F1AD1822112F002
:10C9A000080F01D041F0200112F0100F01D021F04A
:10C9B0008001DCF80000C0F8001312F080000AD1FA
:10C9C000DCF800209B000833DBB20121D15010BC01
:10C9D00070479221E3E7DCF800009B000833DBB2EC
:10C9E0001844F4E770B504460D461E4611F0800F5A
:10C9F00004D00023C0F81C31D0F81C3115F0100F02
:10CA000004D00023C4F81031D4F8103115F0200FF1
:10CA100004D00023C4F81431D4F8143115F0020FF7
:10CA200004D00023C4F80431D4F8043115F0040F05
:10CA300004D00023C4F80831D4F8083115F0080FE9
:10CA400004D00023C4F80C31D4F80C3115F0400F99
:10CA500004D00023C4F81831D4F8183144F3073057
:10CA6000FBF7A9FA0EB1C4F8045370BD30B587B016
:10CA700005460C460B7F33B323680093636801932C
:10CA8000A3680293E3680393238BADF81030637DB2
:10CA90008DF81230A37D8DF81330A37E8DF81430FD
:10CAA000E37E8DF81530637F8DF81630694628686F
:10CAB000FFF7D0FE0023227D4FF48E712868FFF728
:10CAC00091FF07B030BD0846F2F73CFFD4E710B540
:10CAD0000446007B58B96260A36021B10B7F2375C7
:10CAE0002046FFF7C3FF01232373002010BD6FF022
:10CAF0007700FBE770B58C4696461A46014651F81A
:10CB0000043BDCF80040C3F82045BCF80440C3F8FF
:10CB10002445DCF80840C3F82845DCF80C40C3F88D
:10CB20002C450368DCF80040C3F84045BCF80440DD
:10CB3000C3F84445DCF80840C3F84845DCF80C402D
:10CB4000C3F84C451EF001052B4606684FEA5E0E01
:10CB50000CD001247444C6F8144512F0010F07D11B
:10CB600012F0020405D055B1082402E02C46F1E78A
:10CB700010240568C5F80042FFF701FF70BD0424CA
:10CB8000F7E710B5044603680022C3F800220368E3
:10CB900001225A6051B12046FFF7DEFE0028FAD08C
:10CBA00023680022C3F80025012323732046FFF7E2
:10CBB000D3FE10BD08B5FFF7CFFE08BD38B504465B
:10CBC000B2210068FFF765FE054610F0100F08D08F
:10CBD000236913F0040F04D0636813B1A168012026
:10CBE000984715F0200F08D0236913F0080F04D0E0
:10CBF000636813B1A1680220984715F0800F08D030
:10CC0000236913F0100F04D1636813B1A1680020E9
:10CC1000984715F0020F0AD023680022C3F80025B8
:10CC200001232373636813B1A1680320984738BDBB
:10CC300030B583B004460D4649684FF47A7200233C
:10CC4000C803490CE3F79EFF2A680092019023680D
:10CC5000C3F80C25C3F80405A36863B12468002356
:10CC6000C4F80031D4F8003144F30730FBF7A3F9DE
:10CC70000123C4F8043303B030BD08B58260C3603B
:10CC8000437933B90123437131B1FFF7D1FF00205C
:10CC900008BD6FF07700FBE70020F9E708B5FFF764
:10CCA000ECFF08BD08B543792BB1022B06D0FFF786
:10CCB000BFFF002008BD6FF07600FBE76FF00F00AC
:10CCC000F8E7036801221A60022343717047EFF30B
:10CCD000118C202383F31288BFF36F8F0379072B06
:10CCE00011D80B700133037102680878D2F8081567
:10CCF000012383400B43C2F8083500208CF31188D0
:10CD0000BFF36F8F70476FF00B00F7E708B503684C
:10CD1000D3F80414D3F8002142B912F0010F04D063
:10CD20008368C2684FF48070984708BD0022C3F83A
:10CD30000021D3F800310122EFE70369C268934272
:10CD400004D881688A1A1344581E7047981A01380B
:10CD500070472DE9F843044688461646C56887683B
:10CD6000A7EB0509914507D94068284402F0A0FACD
:10CD70003544E560BDE8F88340684A46284402F03F
:10CD800097FAED1B35442A4608EB0901606802F06A
:10CD90008FFAE560EEE72DE9F84306468846174628
:10CDA000C5684FF0000918E05B1B5A1EB3685C1B96
:10CDB000944228BF1446BC4228BF3C4670682246B5
:10CDC0004146284402F074FAA144A0443F1B254484
:10CDD000B368AB4209D0F5604FB133699D42E3D3EC
:10CDE000B2685B1B1A44013AE0E70025F3E74846C6
:10CDF000BDE8F88308B5F2F711FE08BD08B5FFF7E6
:10CE0000F9FF002008BDEFF31180202383F312887F
:10CE1000BFF36F8F704780F31188BFF36F8F704738
:10CE200000207047002070470020704700207047A6
:10CE300000207047F2F792BF022904D0042906D0DF
:10CE4000012900D17047806808B1EFF773B87047C7
:10CE5000F2F7A8BF002210B50468944200D110BDBB
:10CE600000EBC2014B68013223F0FF0343F00303E0
:10CE70004B60F2E70420F2F7DFBC0420F2F7E4BCD9
:10CE800008B5F2F7AFFCBDE80840F4F791BE38B53D
:10CE900004460025031D2268AA4201D8002319E098
:10CEA0004FF00002D3E8CF0F032804D1C3E8CC2F02
:10CEB000BCF1000FF6D102D008330135EBE701EBEE
:10CEC000851318464022002102F019FA034604EBAC
:10CED000C504A060184638BD0830704770B50646D6
:10CEE0000D4621B9F2F764FF90B9002070BD0846E5
:10CEF000EFF716F804460028F7D03046F2F758FF4F
:10CF000038B92046EFF716F80120EEF7CFFFECE72F
:10CF10002C460661C56040F8084FE7E740EA01414A
:10CF2000104640F8081DF2F755BFF2F74DBFF2F773
:10CF300045BFEEF7F5BF08B5EEF7FCFFBDE80840CA
:10CF40000120EEF7B3BF0429F8B50546174603D014
:10CF5000102910D000240CE00820EEF7CFFF044683
:10CF60000028F7D0002343600123478003802B680B
:10CF700043602046F8BD1620EEF7C0FF04460028A7
:10CF8000E8D0061D12220021304602F0B8F9022333
:10CF900023802B46678005F1100253F8041B93424F
:10CFA00046F8041BF9D1E4E7134609B9116070474C
:10CFB0000A88012A02D0022A07D070471A68082A74
:10CFC00028BF08221A6002F073B91A68162A28BF0F
:10CFD0001622F7E708B5F3F703FD40B100F11C0393
:10CFE000D3E8EF1F0131C3E8E21F002AF8D108BDE2
:10CFF000006808B1F3F784BC704737B500250368B3
:10D0000004460093838F6846ADF80650ADF80430AF
:10D0100000F0EAFD38B1A36B6846984794F83E30BB
:10D020000BB1A563E56303B030BD1FB50368039280
:10D03000CDE90131036C01A8984705B05DF804FB08
:10D040004068003818BF0120704700230B608368D8
:10D0500013B9C0E90111704719608160704738B594
:10D0600005460C46F2F7BCFEAA68236894426B6042
:10D0700008BFAB6000232046236000F055F9BDE8EF
:10D080003840F2F7B3BE406870470069431E58420B
:10D09000584170470069831E5842584170470069E3
:10D0A000C31E5842584170474069B0F5817F05D092
:10D0B00040F21113C31A584258417047012070477B
:10D0C00090F82000C0F34000704790F82000C0F3B3
:10D0D0008000704790F82000C0F3C0007047406C9B
:10D0E00000F00100704790F8200000F00100704748
:10D0F0000369012B05D18069A0F180035842584192
:10D1000070470020704790F82000C009704783697D
:10D1100033F0800314BF01200020704790F82000F6
:10D12000C0F340107047806B003818BF0120704773
:10D13000006C003818BF0120704790F83400431E7F
:10D1400058425841704708B590F82030014613F016
:10D1500001020BD1FFF7DBFF28B90846FFF7C8FF34
:10D1600080F00100C2B202F0010008BD0022FAE71F
:10D1700070B504460D4616462046FFF7E4FF70B131
:10D1800055B1284600F0BFF848B931460220FDF7F6
:10D19000B9FE0028F0D070BD6368002BF5D00020E8
:10D1A000F9E74068003818BF0120704790F8220066
:10D1B000003818BF0120704710B50446FFF7A7FFDD
:10D1C00094F82010C1F3401340EA0302236982F06F
:10D1D0000102012B14BF0123C1F38003D2B2204608
:10D1E0001A40FFF761FF48B1C1F300112046FFF775
:10D1F0007FFF0A4080F00100104010BD0121F5E7DB
:10D2000010B50C46F3F7ECFB28B190F8203064F32E
:10D21000861380F8203010BD10B50C46F3F7E0FB04
:10D2200028B190F8213064F3000380F8213010BD5C
:10D23000D0E9092353EA020109D04FF47A71B3FB14
:10D24000F1F001FB02000128B8BF012070474FF048
:10D25000FF307047D0E90B2353EA020109D04FF4A5
:10D260007A71B3FBF1F001FB02000128B8BF012085
:10D2700070474FF0FF307047013802288CBF002004
:10D2800001207047013802288CBF00200120704720
:10D290000388012B03D0022B06D0012070470829F8
:10D2A00014BF0020012070471629F9E7FF2818D085
:10D2B00007DC06280ED0112811D0B0FA80F0400902
:10D2C0007047B0F5817F05D040F21113984206D027
:10D2D00000207047012914BF002001207047022957
:10D2E000F9E70329F7E7C368012B03D0022B07D026
:10D2F000012070470888012814BF002001207047D2
:10D3000008880228F8E700B10068003818BF01203B
:10D31000704700B1006870474389406818447047FF
:10D3200002894089101A704710B504464068FFF71B
:10D33000FCFDE06808B1EEF7EBFD2046BDE81040CB
:10D34000EEF7E6BD10B50446206800B910BD62686E
:10D3500003689042236008BF6360FFF7E5FFF3E7CF
:10D3600000F041BD10B5044660B1406908B1EEF768
:10D37000CFFDA06908B1EEF7CBFD2046BDE8104017
:10D38000EEF7C6BD10BD7FB504460E461546F2F752
:10D39000E5FC38B90120EEF73BFD4FF0FF331846AE
:10D3A00004B070BD631E012B01D96A20F3E716B1EA
:10D3B00075B91620EFE7002DFBD129461C20FFF799
:10D3C0008DFD044670B1057545758575C57513E00D
:10D3D000012C09D1042DECD100211C20FFF77EFD8A
:10D3E000044618B96920D6E7102DF4E745612A46AE
:10D3F0003146183001F05CFF214647F20F0001AAC8
:10D40000F4F7A8FA03460028C9D0C4E710B50446CB
:10D4100000F0E7FC23684360A36983602046BDE811
:10D42000104000F0E0BC73B506460C461546FFF709
:10D43000D1FD019050B90920EEF7EAFC4FF0FF341E
:10D4400001A8FFF7D5FD204602B070BDFFF75FFED3
:10D4500010B1019B9869EFE70198FFF736FE08B11C
:10D460007F20E9E70198FFF72BFE08B17820E3E77A
:10D470000CB90E20E0E721460198FFF734FF08B908
:10D480006A20D9E729462046FFF702FF08B916208F
:10D49000D2E70198FFF723FE054620B1019B5D69A5
:10D4A000113D18BF012500211C20FFF717FD024682
:10D4B00008B96920C0E706612388012B11D0022B2F
:10D4C00018D00199042091F8203043F0020381F82C
:10D4D000203047F20201D560FFF720FDDDB1772053
:10D4E000AAE763888382042383750023C375636876
:10D4F0008361E6E7638800F1180183821023837556
:10D500000023C375231D143453F8040BA34241F8C0
:10D51000040BF9D1D5E70198FFF79CFE0090019824
:10D52000FFF7CEFD20B90198846984B1204683E7D6
:10D5300069460220FDF7E6FC10F10B0F05D000282C
:10D54000EDD00028B8BF404276E7742074E7FFF7BB
:10D55000ABFD00283FF474AFDDE90010F4F76CF880
:10D5600004466DE730B585B005460C46F3F738FA4A
:10D5700038B90920EEF74CFC4FF0FF33184605B0E0
:10D5800030BD0CB90E20F5E72146FFF7ACFE08B917
:10D590006A20EFE700211C20FFF7A0FC014608B934
:10D5A0006920E7E705612388012B0AD0022B11D0FF
:10D5B00047F2050001AAF4F7CDF903460028DDD0B3
:10D5C000D8E763888382042383750023C375636867
:10D5D0008361EDE7638800F118028382102383756D
:10D5E0000023C375231D143453F8040BA34242F8DF
:10D5F000040BF9D1DCE730B585B005460C46F3F7EE
:10D60000EFF938B90920EEF703FC4FF0FF33184665
:10D6100005B030BDFFF739FD08B95F20F3E7002101
:10D620000C20FFF75BFC014608B96920EBE724EA10
:10D63000E4740561446101AA47F20800F4F78AF92D
:10D6400003460028E3D0DEE7F0B595B007460D4667
:10D650001446FFF7BFFC019050B90920EEF7D8FB44
:10D660004FF0FF3401A8FFF7C3FC204615B0F0BD12
:10D6700015B11CB90E20F1E7002CFBD1FFF705FD19
:10D6800008B95F20EAE70198FFF729FD28B1019862
:10D69000FFF78CFD08B90B20E0E70198FFF7C8FD04
:10D6A00000900198FFF71FFD50B10198FFF77EFD34
:10D6B0000028D2D0F3F760F9064680B91720CDE7ED
:10D6C0000198FFF773FD0028EFD169460220FDF7AE
:10D6D00019FC0028E5D00028B8BF4042BEE7002171
:10D6E0000820FFF7FBFB014620B93046F3F78AF923
:10D6F0006920B3E70761039675B17CB10BAB47F2C4
:10D700000C0002AA0493F4F725F9074640B130460D
:10D71000F3F778F93846A1E72B46F0E72346EEE722
:10D720003DB134B1BDF83E30042B04D0102B15D0E0
:10D730002760346896E701232768ADF81430082F76
:10D7400028BF0827BDF83C30ADF81630109B069373
:10D750003A46284605A901F0ABFDE9E70223ADF8FA
:10D760001430BDF83C3006AFADF8163014ABADF850
:10D77000280013E90F0087E80F002768162F28BF3D
:10D780001627E5E72DE9F04F89B016461D46129F92
:10D790000390019103F0400803F4007BF3F720F9B4
:10D7A000044638B90920EEF733FB4FF0FF3009B0DB
:10D7B000BDE8F08FFFF7BCFC35F41073009005D185
:10D7C000B8F1000F04D0BBF1000F15D05F20EAE7DD
:10D7D000BBF1000F10D0009B002BF7D12046FFF7C4
:10D7E00039FD04902046FFF7A8FCB0B12046FFF7B2
:10D7F0008EFCD8B1A069D6E72046FFF72BFD049038
:10D800002046FFF76CFC28B9B8F1000818BF4FF0AC
:10D810000108E7E74FF00108E4E72046FFF777FC4F
:10D820000028E7D12046FFF763FCE2E72046FFF738
:10D8300031FC00284CD02046FFF747FC002847D198
:10D840000FB97920AFE72046FFF724FC00284AD122
:10D850002046FFF724FC002845D147F2060A20465F
:10D86000FFF713FC40B12046FFF71EFC20B1B6F5D0
:10D87000006F28BF4FF40066FFF759FBB04207D294
:10D880002046FFF702FC002844D0FFF750FB064675
:10D8900047F206039A450CBF0E232223002502936C
:10D8A0002046FFF73BFC18B12046FFF74CFC98BB25
:10D8B00031460298FFF712FB814600283BD1012038
:10D8C00004A9FDF71FFB90BBB8F1000FF0D026E0D4
:10D8D0002046FFF7DFFB20B92046FFF7E0FB0028DA
:10D8E000BBD0002FB9D039462046FFF7FCFC08B961
:10D8F0006A2058E738461399FFF7CAFC08B9162082
:10D9000051E72046FFF7D0FB08B17F204BE747F2F5
:10D91000070AA4E77A2046E7B8F1000F01D00B20F0
:10D9200041E7022004A9FDF7EDFA0028B8D000284D
:10D93000B8BF404237E7039B0361019B23B13246E6
:10D940001946006801F0B4FC94F8340020B1F3F7F4
:10D95000F5FF002284F83420BBF1000F18D1009BA2
:10D96000D3B947F207029245C9F814004BD1A9F880
:10D970002C503A88012A24D0022A2FD049465046FA
:10D9800005AAF3F7E7FF034600283FD106980EE704
:10D99000009B40F040000BB140F08000049A531C03
:10D9A0000CD04FF47A7592FBF5F5ADB2B5F5167F54
:10D9B00004D8B2F57A7FB8BF0125D2E74FF41675C7
:10D9C000CFE77A88A9F81820042289F81A200022C3
:10D9D00089F81B207A68C9F81C20CFE77A8809F1FA
:10D9E0001C01A9F81820102289F81A20002207F13A
:10D9F000140089F81B203A1D52F804CB824241F8EA
:10DA000004CBF9D1BAE7A9F81850B7E70C2806DC1F
:10DA10000A2807DDB8F1000F3FF442AF7FE78C28FA
:10DA20003FF4C1AE1846BEE62DE9F74F8946DDE961
:10DA30000C7A15461E4603F48078FFF7CBFA019066
:10DA400058B90920EEF7E4F94FF0FF3701A8FFF7C6
:10DA5000CFFA384603B0BDE8F08F36F4A17301D099
:10DA60005F20EFE727B1BAF1000F04D10E20E9E7FC
:10DA7000BAF1000FFAD1FFF708FB28B10198FFF7C0
:10DA800024FB08B98020DDE70198B8F1000F16D11A
:10DA9000FFF725FB08B9730611D50198FFF7D0FAF7
:10DAA00068B90198FFF733FB48B90198FFF720FBED
:10DAB00028B90198FFF717FB08B90B20C2E70198B6
:10DAC000FFF7B6FB6A46009000210198FFF750FB74
:10DAD00018B10028B8BF4042B4E70198FFF7B0FA88
:10DAE00088B90198FFF704FB002876D10198FFF769
:10DAF000FAFA0028A5D10198FFF709FB0028A3D066
:10DB0000019B98699EE70198FFF7BDFA044627B18B
:10DB1000C16852463846FFF747FA002706F0020A66
:10DB20002046FFF7FDFBA8421DD82046FFF7F8FB73
:10DB30000646002E8AD02046FFF7EEFB09EB070BC6
:10DB400001463246584601F0B3FB01983744FFF7CF
:10DB5000A1FA50B1BAF1000F7FF478AF21460198D5
:10DB6000FFF77DFA72E72E46E3E70198FFF797FA91
:10DB70000028EFD1BAF1000F14D0B5423FF466AFE0
:10DB8000B8F1000F04D06A4621460198FFF7F0FA79
:10DB90002046AD1BFFF7BDFB04460028C0D1002F77
:10DBA0009FD053E76389204633446381FFF7B8FB76
:10DBB00018B921460198FFF752FAB5423FF446AF33
:10DBC000AD1BB8F1000F04D06A4600210198FFF7A1
:10DBD000CFFA0198FFF757FADEE7002736E708B5D6
:10DBE000F2F728FF002008BD38B504460068F2F7B8
:10DBF000F7FE054628B90120E38843F02003E380BF
:10DC000038BDFFF770FA0028F5D12846FFF77FFAF4
:10DC1000F8B1E38843F00803E380A388DA0707D567
:10DC20002846FFF7BEFAE8B1E38843F00103E3803A
:10DC3000A3885B0707D52846FFF7BEFA18B1E3882B
:10DC400043F00403E380B4F90600003818BF012054
:10DC5000D6E72846FFF74CFA0028DED0E38843F0E9
:10DC60001003D9E72846FFF7A1FA0028DCD128469F
:10DC7000FFF73EFA0028D7D1DAE738B50D4614464B
:10DC8000F2F7AEFE28B90920EEF7C2F84FF0FF30E8
:10DC900006E0032D03D0042D03D01620F4E7406CDA
:10DCA00038BD012CF9D844640020F9E7431F002B4C
:10DCB00003D8DFE803F00100032070477047FF2816
:10DCC00016D005DC062817D0112813D048B17047AC
:10DCD000B0F5817F10D040F21113984208BF0220A6
:10DCE0007047012908D08B1E59425941480070479E
:10DCF000002070470220704701207047292811D06A
:10DD00000ADC012810D0062810D0002808BF042003
:10DD100018BF4FF0FF307047B0F58D7F08D0B0F5D9
:10DD2000007FF5E706207047082070470120704704
:10DD30004FF4807070471B2812D9A0F164030C2B9C
:10DD400004D940F03A4040F42D0070476B38052864
:10DD500043D8DFE800F01E44031E1E4047207047F2
:10DD600001381A280FD8DFE800F010121416181A1C
:10DD70001C1E201822241A262828222A3A2C141481
:10DD80002E1430323400002070470C207047692078
:10DD900070470B2070477220704780207047162014
:10DDA000704770207047782070477F20704771203F
:10DDB00070476820704774207047732070478C202C
:10DDC00070470D207047762070470920704710205B
:10DDD0007047462070475F2070476F2070477A2059
:10DDE0007047C06870474269C3681A60704708B5D9
:10DDF000034624301AB95A624260002008BD082A3E
:10DE000028BF082201F054FAF7E708B503462C3082
:10DE10001AB9DA624260002008BD082A28BF082229
:10DE200001F046FAF7E738B504460D4639B1082A3D
:10DE30000BD01620EDF7ECFF4FF0FF3038BD002A75
:10DE4000F7D18263C2630020F8E7F1F7C9FF95E8D4
:10DE5000030004F1380383E803002046FFF7CDF800
:10DE6000F1F7C4FFEFE773B5044608680D461646A0
:10DE7000F3F764FD002801DB042E06D01620EDF731
:10DE8000C7FF4FF0FF3002B070BD2B68204684F80A
:10DE90003430FFF752F900230028F4D0CDE90033E5
:10DEA0001A4619462068FFF76DFCECE708B539B152
:10DEB000042A0AD01620EDF7ABFF4FF0FF3008BD63
:10DEC000002AF7D102640020F9E70B680364FAE73F
:10DED00008B509B1042A05D01620EDF799FF4FF0D7
:10DEE000FF3006E00B782BB1012BF5D180F84C30D8
:10DEF000002008BD0223F9E710B5541E1B2C02D8E0
:10DF000012F0030405D01620EDF782FF4FF0FF302A
:10DF100010BD930880F84F30503001F0C9F9204609
:10DF2000F6E708B509B1042A05D01620EDF770FF11
:10DF30004FF0FF3008BD0B78003B18BF012380F87D
:10DF40004D300020F6E708B509B1042A05D01620A7
:10DF5000EDF75EFF4FF0FF3008BD0B6880F84E30E4
:10DF60000020F9E770B5054614460E4631B9A2B156
:10DF70001620EDF74DFF4FF0FF3070BD002AF7D0AF
:10DF8000806C18B1EDF7C4FF0023AB64601CEDF7A3
:10DF9000B5FFA86440B96920EBE7806C10B1EDF7DC
:10DFA000B7FFAC640020E8E72246314601F080F973
:10DFB0000022AB6C1A55F5E710B5134612680446FB
:10DFC000042A28BF042208461A6004F1180101F04F
:10DFD0006FF90020A06110BD10B513461268044609
:10DFE000082A28BF082208461A6004F1240101F01B
:10DFF0005FF9002010BD10B5134612680446082AC8
:10E0000028BF082208461A6004F12C0101F050F9DB
:10E01000002010BD37B505460024134695F84C2066
:10E020000846012A18BF224601921A6801A9042A4B
:10E0300028BF04221A6001F03BF9204603B030BD2E
:10E0400013B50446134694F84D20084601921A6809
:10E0500001A9042A28BF04221A6001F029F900202E
:10E0600002B010BD13B50446134694F84E2008467E
:10E0700001921A6801A9042A28BF04221A6001F03B
:10E0800017F9002002B010BD10B50446084611462D
:10E0900094F84F309A000B689A4228BF1A460A60DB
:10E0A00004F1500101F004F9002010BDF8B5856CB1
:10E0B0000E461446176875B12846E2F78FFD013009
:10E0C000B842024628BF3A4629463046226001F04F
:10E0D000EFF80020F8BD3A462946304601F00FF926
:10E0E0002560F6E770B504460E4600F025F80546B3
:10E0F000206808B1FEF719FF48F202039E4218D0CB
:10E1000048F209039E4214D048F201039E420BD10B
:10E110006B684BB104F1140204F1380152F8040B9E
:10E120008A4243F8040BF9D12046BDE8704000F064
:10E1300005B863696B60F7E7C06870470269C36838
:10E140001A60704700B9704708B5FAF790F808BD33
:10E1500010B50446436993B19847024630B1002890
:10E160000BDBFF2A00DDFF22E3681A70E1684B78C1
:10E1700043F001034B70504210BD4242F1E70022D0
:10E18000F4E760B1C3685A7812F0010F03D01B782E
:10E190001BB100207047002070470120704700200D
:10E1A0007047EFF31183202383F31288BFF36F8F3F
:10E1B000FEE72DE9F04F89B0064689469246129D4A
:10E1C000139C2A46234606A800F0C8FDDDE9062375
:10E1D000CDE9022306F1140BEFF31181202383F321
:10E1E0001288BFF36F8F4FF000084746CDF814B088
:10E1F0008B4615E0DDE9022306A800F0E5FD069D4B
:10E20000079C0095019406F10C0259460598F4F715
:10E2100081FEEFF3118B202383F31288BFF36F8FFE
:10E2200077B9524649463046149B9847074638B955
:10E23000254305D0B8F1000FDCD14FF00108D9E734
:10E240008BF31188BFF36F8F384609B0BDE8F08FAC
:10E2500010B500F10C04C4600461F8F787FD10BD2F
:10E2600070B5044600F11406EFF31185202383F303
:10E270001288BFF36F8FF8F703FD04F10C0000F074
:10E280006BFC20B985F31188BFF36F8F70BD2946F1
:10E290003046F4F701FFF9E708B5EFF311832023C7
:10E2A00083F31288BFF36F8FF9F7AAFEF5E700BF7B
:10E2B000704710B582B001240094F3F77FFF02B0DD
:10E2C00010BD2DE9F04105460646EFF311872023E6
:10E2D00083F31288BFF36F8FB84656F8084BA042FD
:10E2E00002D01CB9002314E00024FAE76268236816
:10E2F00013605A60002323606360627B22F0020295
:10E300006273A36004F1180000F0F1FCEAE76CB955
:10E310000123E4B16FF02203C4F8C030204600F0BE
:10E3200074FB2C68A542F2D10024F0E762682368F0
:10E3300013605A60002323606360627B22F0020254
:10E340006273A36004F1180000F0D1FCE0E7002242
:10E350002A62EA69AA612BB988F31188BFF36F8F2B
:10E36000BDE8F08139463046F4F796FEF8E788427A
:10E3700000DA014611F17F0F01DB084670476FF0AC
:10E380007E00704708B5806890F90E308B4201D14D
:10E39000002008BDF4F7DAFDFBE703460020986093
:10E3A000D8601B605B6070470B6803F003030B6071
:10E3B000426832B1136803F003030B4313604160FA
:10E3C000704741600160704708B591B18C460B6899
:10E3D00023F00301032B18D9136803F003030B4345
:10E3E0001360DCF8003003F003031343CCF8003073
:10E3F00008BD0168136803F003030B431360026058
:10E400004368002BF4D14260F2E71146FFF7CCFFDE
:10E41000EEE708B50022C0F8C020016100F0F5FA6F
:10E4200008BD2DE9F04F83B004460F4616469846C6
:10E430009DF8303000F1080BEFF3118A202282F3AF
:10E440001288BFF36F8FCDF804A003B1476804F1C1
:10E450000803A568AB4222D0B5F1000918BF4FF000
:10E460000109F5B9B9F1000F2CD1B8F1000F2ED187
:10E4700000233360324639462046FFF7A5FF0421CA
:10E4800004F1100000F082FE60B351465846F4F7E4
:10E4900003FE4FF00009484603B0BDE8F08F0025A9
:10E4A000DAE76A682B6813605A6000232B606B60A0
:10E4B0006A7B22F002026A73AB6005F1180000F07B
:10E4C00016FCCFE731462846FFF7A3FFDDE708201B
:10E4D000F5F74CFC20B14660012202600646C9E710
:10E4E0006FF00B09019B83F31188BFF36F8FD2E7A5
:10E4F00060B1036813F0030F08D010B5446809B980
:10E50000204610BD00F0A8FE2046FAE7704700B58F
:10E5100083B00A460123009300231946FFF781FFC9
:10E5200003B05DF804FB5AB18A420CD38160C2602B
:10E530000060406000F110030361436100207047F8
:10E540006FF0150070476FF0150070470B4639B13A
:10E550001168196041688A4209D00023136070472E
:10E560001368036041688A42F7D14360F5E743606E
:10E57000F3E708B50A460368002101E019461B6865
:10E580002BB19342FAD1FFF7E1FF012000E0002018
:10E5900008BD08B5CB6823F00402CA6013F0040F6D
:10E5A00000D108BDCC30FFF7E4FFFAE710B5044610
:10E5B000C36813F0020F09D0E36813F01F0004D002
:10E5C00043F00202E26040F0020010BD01468068A4
:10E5D000FFF7DFFFF0E730B108B500221146D43075
:10E5E00000F013FB08BD0020704770B50D46C368EE
:10E5F00013F0020F22D1044613F0040F23D10B684D
:10E60000ABB1E36813F0010F14D0A3682B600226AE
:10E6100021462868F4F7A4F8002811DBE36843F0EA
:10E620000403E3602B68A36036B130460AE08368D8
:10E630000B60E6E70126EBE7304601E06FF00F00E4
:10E6400000232B6070BD0020FAE710B582B00346AE
:10E65000EFF31184202282F31288BFF36F8F002220
:10E66000019250F8042C22F0080140F8041C12F02A
:10E67000080F05D184F31188BFF36F8F02B010BD6E
:10E6800010389B69019301A9FFF7AFFFF2E708B5C6
:10E69000EFF31180202383F31288BFF36F8FF4F719
:10E6A00011FD08BD08B5C36823F01003C360103026
:10E6B000F3F7A2FF08BD08B5C36823F00802C260E3
:10E6C00013F0080F01D1002008BD103000F00FFB3F
:10E6D000B0FA80F04009F7E710B50446FFF7EBFF0A
:10E6E0002046FFF763FF10BD10B582B001900846C9
:10E6F000EFF31184202383F31288BFF36F8F01A9F6
:10E70000FFF773FF84F31188BFF36F8F02B010BD62
:10E7100010B5FFF7E9FF041E01DC204610BDFFF72E
:10E72000B6FFFAE738B504460D463022002100F066
:10E73000E6FD65604FF48073E36038BD10B582B0CC
:10E740000190EFF31184202080F31288BFF36F8FC4
:10E75000C86810F01E0F06D0002084F31188BFF3A4
:10E760006F8F02B010BD01A8F4F7F0F8F5E7F0B52F
:10E7700083B001900C4616461D46EFF31187202307
:10E7800083F31288BFF36F8F0846FFF794FF32467A
:10E790002B46214601A8F4F7D9F887F31188BFF377
:10E7A0006F8F03B0F0BD10B5EFF31184202383F316
:10E7B0001288BFF36F8FFFF78FFF84F31188BFF3C9
:10E7C0006F8F10BD0060406000207047F8B50546AF
:10E7D0000E46D41D24F007040F192246AA21304604
:10E7E00000F08DFD4FF0F033336039462846EAF7EC
:10E7F00053F8C31D23F00703C5F8A860C5F8AC4063
:10E80000C5F8B030F81AF8BDEFF30580003818BF2E
:10E81000012070478830704710B40024846003736F
:10E8200042738173C4738461C46110BC7047F0B5D6
:10E8300087B00446129E139D00270597109F0497EA
:10E840000F9F03970E9F02970D9F01970C9F0097B4
:10E85000F4F72EF9B5F1FF3F08BFB6F1FF3F02D143
:10E86000204607B0F0BD32462B462046F4F7E6F8C6
:10E87000F6E700B5A1F1040E0023194601E00131CD
:10E880000133734506D200EB030C9CF804C0BCF1C5
:10E89000AA0FF4D0116000205DF804FB08B50A4609
:10E8A000D0F8AC10D0F8A800FFF7E3FF08BD08B51A
:10E8B000F5F78CF908BD28B108B531B1F5F7F2F9D3
:10E8C000002008BD6FF0150070476FF01500F8E7E5
:10E8D00000282FD030B587B004460025056045607C
:10E8E0008560C5600561456115B1002007B030BD88
:10E8F00069462846F5F790F92368626800995B1825
:10E90000019942EB010223606260A368E268029908
:10E910005B18039942EB0102A360E260236962691C
:10E9200004995B18059942EB010223616261681C3E
:10E93000C5B2D9E76FF0150070470020704738B5B1
:10E9400004460D46F4F794F9637B43F002036373C6
:10E9500035B3A5602B689D420DD100230BE05A68AA
:10E960006260236014605C601AE01A4669688A423B
:10E970000FD01B687BB173B194F90E1093F90E2080
:10E980009142F2D0521A002AE9DC1A46002BEDD14E
:10E99000F0E70023EEE76B68256063601C606C6045
:10E9A00038BD08B5183000F0A2F908BD70B50646AC
:10E9B000046884421AD0DCB16268236813605A602C
:10E9C000002525606560637B23F002036373A56007
:10E9D00004F1180000F08BF9C4F8C0502046F4F799
:10E9E000EDF83468A642E6D12C46E4E70024E2E7DD
:10E9F00070BD70B5044616461D46FFF7A0FF3246AF
:10EA00002B462046F4F712FA70BD38B504460023B1
:10EA1000EFF31185202282F31288BFF36F8F04E099
:10EA200085F31188BFF36F8F012343B92046FFF7A9
:10EA300084FF0028F4D12046F4F7C0F8F0E738BD91
:10EA40000023EFF31181202282F31288BFF36F8F2E
:10EA500010E04268036813605A600023036043605B
:10EA6000427B22F002024273836081F31188BFF37C
:10EA70006F8F01231BB98368002BEAD1F5E770473C
:10EA800038B504460023EFF31185202282F3128863
:10EA9000BFF36F8F0BE0637B23F0040363732046A7
:10EAA000F4F78CF885F31188BFF36F8F01239BB9BE
:10EAB000637B13F0280FF5D1A368002BEBD06268BD
:10EAC000236813605A60002323606360627B22F036
:10EAD00002026273A360DEE738BD08B50121183871
:10EAE000FFF7CEFF08BD01460023EFF3118C202273
:10EAF00082F31288BFF36F8F184605E000208CF375
:10EB00001188BFF36F8F01238BB908688142F5D05C
:10EB10000028F4D04268036813605A600023036041
:10EB20004360427B22F0020242738360E7E7704752
:10EB300010B50446FFF784FF04F1180000F0D7F881
:10EB400010BD08B5EFF31180202383F31288BFF3C3
:10EB50006F8FF4F7B7FA08BD38B5054604688442EC
:10EB600001D0002002E00024FBE7012054B1204640
:10EB7000FFF7DEFF2046FFF748FF2C68A542F4D1DF
:10EB80000024F2E738BD031D43608360704738B549
:10EB900004460D46F4F754FB84462046B5F1FF3F8A
:10EBA00008BFB4F1FF3F2CD04FEAEC72510141EAAB
:10EBB000DC614FEA4C13B3EB0C0361EB02018900FB
:10EBC00041EA93719B0013EB0C0042EB0103DB0065
:10EBD00043EA5073C00047F6FF72801843F1000308
:10EBE000B0F5004F73F100020AD36FF40042824285
:10EBF00043F6FF729A4105D3C00B40EA434000E060
:10EC0000002038BD6FF00040FBE72DE9F0410546DC
:10EC1000884617460023EFF31186202282F31288DC
:10EC2000BFF36F8F184604E086F31188BFF36F8F30
:10EC30000123F3B92C68A542F6D0002CF4D0C4F817
:10EC4000C08027616268236813605A6000232360D4
:10EC5000636094F80DC02CF0020C84F80DC0A36022
:10EC600004F1180000F043F82046F3F7A7FF012055
:10EC7000DAE7BDE8F08100B583B0002300930122FC
:10EC8000F4F7A6FC03B05DF804FB10B50446F4F7F6
:10EC9000FDFC48B102460369416920691B1860699F
:10ECA00041EB0001136151616268236813605A608F
:10ECB00000232360636010BD10B50446F4F7DCFC4C
:10ECC00078B1036942691B1B62EBE472B3F1004F38
:10ECD00072F1000108DA002A01DB184610BD00239A
:10ECE000FBE76FF00040F9E76FF00040F6E7F8B59A
:10ECF00004460023EFF31187202282F31288BFF32A
:10ED00006F8F6FF015000CE0F4F7CCFCFFF7D4FF29
:10ED10000021ECF7FBFE304687F31188BFF36F8FBD
:10ED200001231E468BB92368002BF5D0F4F7A4FC11
:10ED300005462046FFF7A9FF00224FF00043C4E933
:10ED40000423A542E0D03046E6E7F8BD08B5F4F765
:10ED5000B1FD08BD08B5F4F7ADFD08BD70B50646B8
:10ED6000B3F1FF3F08BFB2F1FF3F09D015461C4683
:10ED700053EA02010CD100220023C0E9002305E080
:10ED80004FF0FF324FF0FF33C0E90023304670BD33
:10ED9000002B09DA6FF00101891A4FF0FF3262EBA4
:10EDA000030301604360F1E7F4F784FD2B4622463C
:10EDB000012D74F1000401DA01230022C01841EB97
:10EDC000020130607160E1E7F8B50546B3F1FF3F3D
:10EDD00008BFB2F1FF3F0AD014461F4657EA0203AC
:10EDE0000CD100220023C0E900232846F8BD4FF0D3
:10EDF000FF324FF0FF33C0E90023F6E7F4F75AFD86
:10EE000003460A46A042B94105D2E61A67EB020260
:10EE10002E606A60E9E700263246F9E708B5EFF3AD
:10EE20001180202383F31288BFF36F8FF4F74AF920
:10EE300008BD016242620023036300F1180282618F
:10EE4000C261036043604363704710B50446FFF737
:10EE50004EFF60B9636A0BB12046984704F1180071
:10EE6000FFF741FE18B1FFF7D0FDFFF7D7FF10BD48
:10EE7000437B03F03F03013B0F2B33D8DFE803F064
:10EE800018083211323232203232323232323229E2
:10EE900003699B680BB90020704702230B600120B7
:10EEA000704703691B68FBB104230B6001207047A6
:10EEB00003699B680BB90020704701200860704708
:10EEC00003691B6A0BB90020704710230B600120F7
:10EED00070470369DA895B899A4207D020230B6067
:10EEE00001207047002070470020704700207047C5
:10EEF00008B17038704770472DE9F84307468846D7
:10EF00000468A04212D0154646687EB1B068FFF78B
:10EF1000EFFF81462846FFF7EBFF99F90E3090F995
:10EF20000E509D4213D0EB1A002B10DD7B68C8F801
:10EF30000070C8F80430C3F80080C7F80480BDE84A
:10EF4000F8832346B44219D0246804B1A3B1BCB1FC
:10EF5000A068FFF7CDFF90F90E30AB42F1D05B1BFC
:10EF6000002BEEDD6368C8F80430C8F80040C3F831
:10EF70000080C4F80480E2E71C46E8E70024E6E7E6
:10EF8000C8F80070C8F80460C6F80080C7F80480AC
:10EF9000D5E738B504460D46437B03F03F03013BFC
:10EFA0000F2B0FD8DFE803F017080E100E0E0E1D02
:10EFB0000E0E0E0E0E0E0E2400690A46214610306B
:10EFC000FFF79AFFA56038BD00690A462146103058
:10EFD000FFF792FFF6E70A4601460069FFF78CFF4C
:10EFE000F0E700690A4621462430FFF785FFE9E78C
:10EFF00000690A4621462C30FFF77EFFE2E770B534
:10F000000646144611E005EB850006EB8000F4F798
:10F0100037FD84F31188BFF36F8FEFF31184202342
:10F0200083F31288BFF36F8F29464D1E0029EAD162
:10F0300070BD2DE9F04F83B080460F4691469A4649
:10F040000025AB460AE0BAF1000F02D199F8003072
:10F0500023BB86F31188BFF36F8F0135BD4224DADD
:10F06000EFF31186202383F31288BFF36F8F05EB34
:10F07000850408EB840401A92046FFF7F9FE002867
:10F08000E1D00021A160E368C3F386320198024316
:10F0900062F39433E36089F80010DAE749462046CA
:10F0A000FFF777FF0BF1010BD3E7584603B0BDE83C
:10F0B000F08F38B50D468068FFF71AFF437B13F0D9
:10F0C000020F01D1002038BD0446FFF731FD082DA5
:10F0D0000AD00023C4F8C030637B13F01F0FF1D1B6
:10F0E0002046FFF792FCEDE76FF00303F2E770B5FF
:10F0F0008468237873B154F8045C5DB1A4F11406FC
:10F1000004F11400FFF7F3FD0023E36231462846C3
:10F11000FFF7EAFA002070BD70B504460D46866818
:10F12000D6B17378012B0DD0022B12D00020307095
:10F130000023A360E368C3F386322A4362F3943367
:10F14000E36070BDFFF7B5FF002333709842EFDA3C
:10F15000F7E7FFF7CCFFF7E70020E9E710B400245A
:10F16000846090F80DC061F3050C80F80DC0C16893
:10F1700064F39431C160817B62F345118173C2896C
:10F1800064F38F12C281036110BC704738B5EFF38E
:10F190001185202383F31288BFF36F8F0468A04288
:10F1A00011D06268236813605A6000232360636093
:10F1B0002046FFF7B1FF85F31188BFF36F8F201E44
:10F1C00018BF012038BD0024F5E70060406000232F
:10F1D0008360704783680B60C368136070478369FE
:10F1E0001A7A6AB110B48468C268944206D018686A
:10F1F0005A68091842F1000219605A6010BC704741
:10F200007047026B436B891843F10003016343634A
:10F21000704708B5FBF7C6FD00B9012008BD38B539
:10F2200004460020043213D2A0B941F00401EFF3E8
:10F230001185202080F31288BFF36F8F20469847F6
:10F2400085F31188BFF36F8F08B140F8044B38BDC8
:10F250000120E9E70020FAE730B108B5011F50F8B6
:10F26000040CFEF7FDFF08BD704738B50023A0FB76
:10F27000014159B963B92046F4F766FD054618B156
:10F280002246002100F03BF8284638BD0123F1E773
:10F290000025F9E7C9B20346024410B59342184667
:10F2A00001D1002003E0047801338C42F6D110BD77
:10F2B0000A44431E914200D1704710B511F8014B2A
:10F2C000914203F8014FF9D110BD884210B501EB0E
:10F2D000020402D98442234607D8431EA14208D023
:10F2E00011F8012B03F8012FF8E7024401468A4286
:10F2F00000D110BD13F8014D02F8014DF7E70244AB
:10F300000346934200D1704703F8011BF9E70A2234
:10F310000021F4F7F5BF0139024410B5904201D144
:10F32000002005E0037811F8014FA34201D0181B1B
:10F3300010BD0130F2E7C9B20346184613F8012B9D
:10F3400012B18A42F9D17047002918BF00207047D6
:10F3500030B50A440546914201D100200FE015F86E
:10F36000013B11F8014BA3F141001928A4F1410020
:10F3700098BF2033192803D82034181BEBD030BD98
:10F38000181BFCD1002CE6D1F9E710B56AB10139A0
:10F39000841810F8012B11F8013F9A4203D1A042C2
:10F3A00001D0002AF5D1D01A10BD1046FCE710B5E7
:10F3B0000139044632B111F8013F013A00F8013B2E
:10F3C000002BF7D10021FFF79AFF204610BD02461F
:10F3D000014410B58A42134603D01C780132002C38
:10F3E000F8D1181A10BD034630B5184613F8012B92
:10F3F00042B14C1E01E0954205D014F8015F002D8A
:10F40000F9D1F2E7104630BD38B511F0FF040346DC
:10F410000ED12146BDE83840FFF78DBF431C05469D
:10F4200021461846FFF787FF0028F7D1284638BD48
:10F430000025F5E70A7870B56AB970BD9A4209D11E
:10F440000C46054614F8013F002BF6D015F8016F65
:10F450009E42F7D001300378002BEFD11846ECE73D
:10F460002DE9F047C3F137090746884603F01F0529
:10F470005FFA89F916464FF0000A384641462A4697
:10F480005346E1F77FFB4346D4B23A4688460746E7
:10F49000092C84BF4C44E4B2AA4204F1300473EB5B
:10F4A0000A0306F8014BE8D23046BDE8F08710B5F4
:10F4B0000C4600F0BBFA0028A2BF2368013323608A
:10F4C00010BD0028A2BF136803F1FF33136000F0E2
:10F4D000E2BA70B505460E4631462846FFF7E7FF0B
:10F4E000041E09DB202CF7D0A4F10903042BF3D967
:10F4F00032462946FFF7E5FF204670BDBDF80010F3
:10F5000068B111F0100F01D00270704711F0080FB0
:10F5100002D0C0E9002370474B0701D50260704755
:10F520008B06FBD5028070472DE9F04387B01C465F
:10F530001746814602AB88460093D2E9022300F0C9
:10F54000A5F904AB06460D46009348464146D7E967
:10F55000002300F09BF90027DDE90423901953EB09
:10F56000050128BF012737B1029B039A013342F1FD
:10F570000002CDE90232403CDDE90223009400F0B4
:10F58000A0F907B0BDE8F0832DE9F843B0FA80F6A2
:10F59000002980460F46A1EB060606F1070625DB8B
:10F5A0000846F6F703FE06443846F41BF6F704FE59
:10F5B0003946221A40463D3200F058F9B74213DC72
:10F5C0001F2C68DC4FF0FF33A34038EA03030CBF65
:10F5D00001240024B0FA80F33546F31A9E33FE2B43
:10F5E00027DD4FF0FF4044E00124F3E74C42204682
:10F5F000F6F7E2FD351A2046A5EB0709F6F7DCFD24
:10F6000021462E4609EB000240463C3200F01BF931
:10F61000AF4230DCB9F11F0F3DDC4FF0FF3303FA8E
:10F6200009F338EA030327D0B0FA80F30024EB1A79
:10F630009E33002B23EAE372D4BF012313465B1BE6
:10F64000A3F19705963B20FA05F120FA03F3C907C9
:10F6500023D544B14FF0FF31A94020EA010003F067
:10F660000101084319D0581CC0F31600C0B140EA8C
:10F67000C250BDE8F88300230521B8FBF1F202EB8C
:10F680008205A84502D101339046F6E79C428CBF23
:10F69000002401249EE700249CE7C3F31600E6E75C
:10F6A0000132E4E72DE9F04F061887B09946154678
:10F6B00041EB010402AB3046DDF844B02146009333
:10F6C000A9F1410AD2E9002300F0E0F804AB0746B3
:10F6D0008846304621460093D5E9022300F0D6F84B
:10F6E0000022DDE90263841951EB0306049B28BF65
:10F6F0000122D5E90001D218059B43F10003381817
:10F7000048EB0101B84271EB0801D5E902C134BFF1
:10F710000120002014EB0C0CCDF800A046EB0101F9
:10F7200010EB0C0041F10001A04271EB060C34BF5C
:10F730004FF0010C4FF0000CCDE904231CEB02024A
:10F7400043F1000300F0BDF8109BC3E90001129BD8
:10F75000012BDDE9042329D1D5E90201D5E900C552
:10F76000201ACDF800A066EB0101674578EB05058E
:10F7700034BF01250025401B61F10001844276EB76
:10F78000010534BF01250025521B63F1000300F081
:10F7900098F8DDE90423CBE9000120463146CDF895
:10F7A00000A000F08EF807B0BDE8F08F17EB070E51
:10F7B00048EB080C201946EB0601BE457CEB080817
:10F7C00034BF01270027C71941F10008D5E900011E
:10F7D00086457CEB010C34BF01200020D5E90215E1
:10F7E000381A68F1000C401A6CEB050192185B4165
:10F7F000A74278EB060534BF01250025521943F1D5
:10F800000003874278EB010834BF01250025521B15
:10F81000A9F140050095B8E710B5A3FB0043029994
:10F82000A2FB0020001943F100033F29DBBFA1F137
:10F830002002C1F1400140398B40D6BFD04023FAAD
:10F8400001F0184310BD30B587B004460846154690
:10F8500002A9F6F74BFD049B204600955A1C059B18
:10F8600043F10003FFF7D8FF07B030BD30B587B0D4
:10F8700015460446084602A9F6F7C6FC2046009540
:10F88000DDE90423FFF7C8FF07B030BDF0B50F4630
:10F890000446A0FB0201059EA7FB02524919A3FBE7
:10F8A0000445A7FB037342F10002611845F100040F
:10F8B000D21943F10003121943F10003C6E90023F2
:10F8C000F0BDF0B5059CC4F14007C4F12006A4F1D9
:10F8D0002005E04002FA06F6BB4022FA05F5BA40E0
:10F8E0003343C4F120062B4301FA06F6A4F12005A8
:10F8F000304321FA05F5E140284319431043F0BD98
:10F900002DE9F0410446CD0FC1F30A50C1F31301B4
:10F9100040F2FF76157154EA010707D0B0420CD1CE
:10F9200045F0080500201571BDE8F081002864D07D
:10F93000B0425FD145F00405F4E700285AD1012018
:10F94000A0F2FF30002B10605ADB0C2B5ADCC3F105
:10F950000D050120AD0005F1FF3CA5F12107C5F122
:10F96000210600FA07F720FA06F600FA0CF03743F2
:10F97000061847EB0708D6F1000E68EB480C013E6D
:10F9800048F1FF38264008EA0108B04277EB080842
:10F9900010DBC5F12008B5F1200624FA05F501FABF
:10F9A00008F858BF41FA06F645EA080558BF35433E
:10F9B000ED0703D52018044641EB070104EA0E04C5
:10F9C00001EA0C019DF81860123218460D25C6F1A7
:10F9D00027064FF0300E04F00F03240905F1FF3C19
:10F9E000571E44EA01740911B3B9A8420CDA6546FE
:10F9F0003A46F0E741F48011A2E704460146A1E748
:10FA00000023DFE70D23DDE782F800E01CF10103AE
:10FA100065463A46DFD187E7092BC8BF9B19A84244
:10FA200003F13003B8BF28461370EFE710B58378B1
:10FA30000446DA0705D443F004034FF0FF30A37007
:10FA400010BD4FF00002D4E85F3FC4E8512F0029F9
:10FA5000F9D19BB213B1581EC0B2F1E7A368984721
:10FA60000028F9DA0130A37814BF082204221343D6
:10FA7000E3E702690346107810B101321A6170475A
:10FA80006FF001007047D1E9043293421EBF5A1C47
:10FA90000A61187070478B78DA0702D44FF0FF3094
:10FAA0007047431CFAD0C0B2431CD1E8DF2F002AB4
:10FAB00004D1C1E8DC3FBCF1000FF6D1EED18B7868
:10FAC00023F008038B7070470148006870470000FE
:10FAD00074020120E410FE7F010000005D99010026
:10FAE000000000006D9901000000000051EF0100CE
:10FAF0000000000000000000D4FB0200FDCD020069
:10FB0000000000007D210200000000000000000055
:10FB1000F4FB020045A90100000000000000000005
:10FB200014FC02000000000074FC02000000000051
:10FB300054FC02000000000034FC02000000000041
:10FB400094FC0200B5B9010000000000F17501004D
:10FB500000000000F1BD01000000000000000000F6
:10FB6000B4FB0200D996010000000000F5BD0200C0
:10FB700000000000813D02000000000000000000C5
:10FB8000D4FC020000000000B4FC020057BD0200DB
:10FB9000000000004384020000000000C5C801000E
:10FBA0000000000087BC02000000000033BD02001E
:10FBB00000000000183203000000000068CC0020A4
:10FBC00032CD0020880901204DC001000000000056
:10FBD00000000000042E0300302E03008CFF020002
:10FBE00020CD0020C40201209DA8010000000000DB
:10FBF00000000000DC2E0300E82E030050FF02008E
:10FC000026CD00203803012025AD010000000000B2
:10FC100000000000482E03000000000030FF02003A
:10FC200022CD002000000000199B0200000000000F
:10FC3000000000003030030064300300A8FF020021
:10FC40002ACD0020ACCB002037AB020067A5020014
:10FC5000000000003C300300B8300300A8FF0200A1
:10FC60002CCD0020D0CB002019AB020067A50200EC
:10FC700000000000483003000C310300A8FF020020
:10FC80002ECD0020F4CB0020FBAA020067A50200C5
:10FC90000000000070310300000000007CFF020043
:10FCA00030CD00202CCC002041BC01000000000021
:10FCB00000000000B02E03000000000038FF02002A
:10FCC00024CD00200000000045AB01000000000032
:10FCD00000000000942F0300AC2F030074FF02000B
:10FCE00028CD00208CCB0020DB9F0200000000000C
:10FCF0000000000000000000D77F020000000000AC
:10FD0000D77F020000000000D77F02000000000043
:10FD1000D77F020000000000D77F020045BF02002D
:10FD20002DBE020000000000D77F0200000000008E
:10FD3000D77F020074FC02009BA5020000000000B7
:10FD4000D77F020054FC020055AB020034FC0200D5
:10FD500055AB020000000000D77F02000000000049
:10FD6000D77F020000000000D77F020000000000E3
:10FD7000D77F020000000000D77F020000000000D3
:10FD8000D77F020000000000D77F020000000000C3
:10FD9000D77F020000000000D77F020000000000B3
:10FDA000CDBA010000000000D77F02000000000073
:10FDB000D77F02002CCC00200DCD020000000000F7
:10FDC000D77F020000000000D77F02000000000083
:10FDD000D77F020000000000D77F02000000000073
:10FDE000D77F020000000000D77F02000000000063
:10FDF000D77F020000000000D77F02008CCB0020DC
:10FE0000BDCB020000000000D77F02000000000010
:10FE1000D77F020000000000D77F02000000000032
:10FE2000D77F020000000000D77F02000000000022
:10FE3000D77F020000000000D77F02000000000012
:10FE4000D77F020059F801002DBE0200000000001B
:10FE5000D77F020000000000D77F020000000000F2
:10FE6000D77F020000000000D77F020000000000E2
:10FE7000D77F020000000000D77F02001CCB0020CB
:10FE80009F9D020000000000D77F020000000000DC
:10FE9000D77F020000000000D77F020000000000B2
:10FEA000D77F020000000000D77F020000000000A2
:10FEB000D77F020000000000D77F02000000000092
:10FEC000D77F020000000000D77F02000000000082
:10FED000D77F020000000000D77F02000000000072
:10FEE000D77F020000000000D77F02000000000062
:0CFEF000D77F020000000000D77F020056
:10FF000090D700209864012000040000537B020079
:10FF10000000000000000000000000000E000000D3
:10FF20000000000024260300000000000000000084
:10FF3000059B020000000000EDAA010061AA01007B
:10FF4000CDA90100C5A901003D9B0200B5A9010092
:10FF5000B39D0200FD9C0200099D02001D9D020050
:10FF6000279D0200319D020031AC0100719D02000D
:10FF70000000000039B00100C19F0200E5AD0200A1
:10FF8000ADAD0200BDBB0100B3AD020061A8010030
:10FF90000B9A02004D9A0200000000001F99020017
:10FFA00000000000000000007DA1020015B5010066
:10FFB0002BA8020069B3010023A10200B5A702002B
:10FFC00027A20200C5B2010077A0020083A40200AC
:10FFD00059A2020085A20200BDA20200D1A2020025
:10FFE00009A302001FA30200D1A20200F9A202008D
:10FFF00035A3020043A3020051A302008BA3020019
:020000040003F7
:100000008FA30200000000000100000005C00100F5
:1000100051C501001C070300030000008C0603000B
:1000200003000000EC340300030000000825030077
:1000300003000000202E0300030000004410030012
:1000400003000000A4440300030000009023030009
:1000500003000000C00A0300030000001028030092
:1000600003000000C82E0300030000003426030034
:100070000300000064150300030000003C0D0300B2
:1000800003000000A01C0300030000005024030034
:10009000030000006826030003000000582403004A
:1000A00003000000BC350300030000008C0A0300BD
:1000B00003000000DC0403000300000038480300D4
:1000C000030000008C41030003000000F84203001D
:1000D000030000009444030003000000D02C030040
:1000E0000300000068230300030000007C2D0300D0
:1000F00003000000842D0300030000000812030029
:1001000003000000E431030003000000704C030012
:1001100003000000A02F030003000000000C0300F8
:1001200003000000C41B030003000000942D030023
:1001300003000000242603000300000054300300E5
:1001400003000000841D0300030000008031030051
:1001500003000000CC18030003000000E4270300A4
:10016000B4010120D42703000100000004000000B6
:100170000F0000000100000008000000280000003F
:1001800074000000840000000D0000000C0000005E
:100190000E0000006000000088000000BC000000AD
:1001A000FFFFFFFFFFFFFFFF09000000FFFFFFFF52
:1001B0000000000030750000000000000200000098
:1001C000000000000000000000000000000000002F
:1001D000C10802009D150200CD1A020029CE0200BE
:1001E00031CE020021CE0200DFDB0200111B020033
:1001F0002DCE020025CE020000000000000000000D
:100200000338FDD870470000010000000000000026
:1002100005000000000000001900000000000000C0
:100220007D000000000000007102000000000000DE
:10023000350C000000000000093D00000000000037
:100240002D31010000000000E1F505000000000074
:1002500065CD1D0000000000F902950000000000BF
:10026000DD0EE90200000000514A8D0E0000000082
:100270009573C24800000000E941CC6B010000000A
:100280008D49FD1A07000000C16FF28623000000AF
:10029000C52EBCA2B1000000D9E9AC2D7803000046
:1002A0003D9160E45811000031D6E275BC56000063
:1002B000F52E6E4DAEB10100C9EA268367780800BD
:1002C000ED95C28F055A2A00A1EDCCCE1BC2D300FA
:1002D00025A4000A8BCA22040000000000000000D0
:1002E00000000000000000100000000000000000FE
:1002F000B9340332B7F4AD1410DB1AB30892540EBC
:100300000D307D951447BA1A66088F4D26ADC66D1F
:10031000F598BF85E2B74511CA96853D92BD1DEBA4
:10032000FCA11860DCEF52163C92AE220BB8C1B4AF
:10033000839D2D5B0562DA1C304C7E8F4E8BB25B49
:1003400016F4529F8B56A512FBD4827643ED8AF0A9
:100350008FE7F9311565191850F19BD94A13EEB49E
:10036000284CF0A686C1251F035FC270CB9E49169C
:10037000E642889C44EB2014B0650836AD6EA58536
:1003800085F0CA14E2FD031A0B899979D5B13D09AC
:10039000D8DA973A35EBCF10AC363F5E73BB38CF27
:1003A0003E6752FA44AFBA15010000000000000099
:1003B0000000000000000020345065C05FC9A65254
:1003C000BB13CBAEC440C21806C8DF7100D5A87CF1
:1003D000F56F0FDA58FC27136E4756357D242065DC
:1003E00002C7E768E48CA41DE9E60268D7CD39614D
:1003F0007977FCC2405BEF16798CDE43FFA751F999
:1004000091F3B278F5BDBE11E857E9D6E8BEE87BB6
:10041000B054AC8F848D751BEA23A499E9F9D38B72
:10042000B7A3714061DA3E15CEE33ECB73F94808BD
:100430008C97B427D51B7010A2BFEFB9EB8532158E
:100440004DB44DB49BBB6F1996B6076CF8E7EEAD93
:1004500036D9B4F59135AE13222218AF4E6A684DE5
:1004600091DAAA3D4F40741E9FBD9EE006A1C09840
:1004700057C2A7FDA40E90170E7D497173E3208F1C
:10048000B220D87605143B12853D7434811343B0F5
:10049000AD297A5F27F4351C6E524639313630204B
:1004A0006D756C74692D7461736B206669726D77FC
:1004B000617265207374617274696E670000000078
:1004C0006170706C69636174696F6E5F696E697485
:1004D000206661696C65643A202564006D61696E0F
:1004E000000000007B226465766963654964223AF6
:1004F000222573222C226170704964223A22424FD5
:100500004F54222C226D6573736167655479706551
:10051000223A2244415441222C2264617461223ADD
:10052000226F6E6C696E65227D000000626F6F74D1
:10053000207061796C6F6164206275696C642066FB
:1005400061696C65643A202564000000646174612F
:10055000000000006170706C69636174696F6E5FA8
:10056000696E697400000000617070006170706CE9
:1005700069636174696F6E5F73746172743A20733A
:1005800074617274696E67207461736B730000002C
:100590007761746368646F675F73746172742066F7
:1005A00061696C65643A2025640000006C74655FC5
:1005B0007461736B5F7374617274206661696C65DA
:1005C000643A2025640000006D7174745F73657275
:1005D000766963655F7374617274206661696C65C6
:1005E000643A202564000000686561727462656188
:1005F000745F7374617274206661696C65643A201B
:10060000256400006E6574776F726B5F6469616763
:100610005F7374617274206661696C65643A202549
:10062000640000006770735F7374617274206661A8
:10063000696C65643A20256400000000776966698A
:100640005F7363616E5F7374617274206661696C5D
:1006500065643A2025640000736572766F5F737479
:10066000617274206661696C65643A2025640000DB
:100670006C65645F7374617475735F7374617274B5
:10068000206661696C65643A202564006170706C55
:1006900069636174696F6E006170705F6576656E25
:1006A000745F6D7367712066756C6C2C2064726F5B
:1006B0007070696E67206F6C64206576656E747308
:1006C0002028747970653D25642900006C69737475
:1006D000656E6572207461626C652066756C6C2C49
:1006E0002063616E6E6F74207265676973746572E2
:1006F00020272573270000006C697374656E65728E
:1007000020726567697374657265643A2025732089
:1007100028257520746F74616C2900006170705F0A
:100720006576656E747300002020252D39733A209C
:10073000257300002020252D39733A206E6F207319
:1007400069676E616C2028636865636B204C544553
:1007500020616E74656E6E61202F20636F76657206
:1007600061676529000000005253525000000000EC
:100770002020252D39733A2025642064426D2028DD
:1007800072617720256429000D0A000041542B4333
:10079000474D52004D6F64656D46570041542B43E1
:1007A000455245473F000000434552454700000081
:1007B0002D2D2D206D6F64656D20737461747573BC
:1007C0002028257329202D2D2D00000042616E6404
:1007D0000000000055494343000000004F7065725F
:1007E00061746F720000000043656C6C2D49440019
:1007F00041726561000000006E72665F6D6F646536
:100800006D5F6C69625F696E6974206661696C65B1
:10081000643A202564202D3E2073746F7070696ED9
:1008200067204C5445207461736B00006D6F6465E4
:100830006D5F696E666F5F696E6974206661696C71
:1008400065643A20256420287369676E616C206CAA
:100850006F6767696E672064697361626C6564299C
:10086000000000004C5445207461736B20696E6970
:100870007469616C697A656400000000436F6E6E94
:10088000656374696E6720746F204C544520284C52
:1008900054452D4D202B204E422D496F542C207352
:1008A00063616E6E696E6720616C6C2062616E645C
:1008B00073292E2E2E0000006C74655F6C635F63DD
:1008C0006F6E6E6563745F6173796E6320666169D4
:1008D0006C65643A2025642C2072657472792069F5
:1008E0006E202564207300004C544520524541443D
:1008F00059000000636F6E6E6563746564000000EC
:100900004C544520636F6E6E656374696F6E206C26
:100910006F7374202D3E207265636F6E6E65637415
:10092000696E67005374696C6C20736561726368EB
:10093000696E6720666F72204C5445206E6574772F
:100940006F726B20284C54452D4D202B204E422D8C
:10095000496F542C20616C6C2062616E6473292E87
:100960002E2E0000736561726368696E6700000077
:10097000686F6D6500000000726F616D696E6700E1
:1009800052656769737465726564206F6E204C549C
:1009900045206E6574776F726B20282573290000DF
:1009A000536561726368696E6720666F72204C548C
:1009B00045206E6574776F726B2E2E2E000000003E
:1009C0004E6574776F726B207265676973747261BC
:1009D00074696F6E2064656E69656420286368655C
:1009E000636B2053494D2F41504E2F7375627363D3
:1009F00072697074696F6E290000000053494D20C0
:100A0000285549434329206661696C757265000069
:100A10004E6F74207265676973746572656420280F
:100A20007374617475732025642900006E6F6E65A0
:100A3000000000004C54452D4D0000004E422D4951
:100A40006F540000416374697665204C5445206DF5
:100A50006F64653A202573004D4F44454D20464153
:100A6000554C543A20726561736F6E20307825784A
:100A700020282573292C2050432030782578202DDC
:100A80003E207265626F6F74696E67006C74655F9B
:100A90007461736B000000004F46464C494E4500A0
:100AA0004C54455F555000004F4E4C494E45000098
:100AB00073746174653A202573202D3E20257300E0
:100AC0006465766963655F73746174650000000036
:100AD000756E6B6E6F776E007B22646576696365F9
:100AE0004964223A222573222C2274696D6573743D
:100AF000616D704D73223A256C6C642C226D6573A8
:100B00007361676554797065223A22494E464F22D7
:100B10002C22736368656D6156657273696F6E220E
:100B20003A222573222C22646576696365547970B4
:100B300065223A222573222C2268617264776172E1
:100B40006556657273696F6E223A222573222C22D4
:100B50006669726D7761726556657273696F6E2230
:100B60003A222573222C22696D6569223A22257367
:100B7000222C226963636964223A222573227D0054
:100B8000312E3000726567697374726174696F6EBB
:100B9000207061796C6F6164206275696C64206695
:100BA00061696C65643A202564000000696E666FB7
:100BB00000000000726567697374726174696F6E1A
:100BC000207075626C697368206661696C65643A4F
:100BD00020256400726567697374726174696F6E51
:100BE000207075626C697368656420746F202E2EA6
:100BF0002E2F2573202825642062797465732900BF
:100C0000726567697374726174696F6E00000000C9
:100C10006F66666C696E65006F6E6C696E6500006C
:100C2000646973636F6E6E656374656400000000D1
:100C30007B226465766963654964223A22257322C2
:100C40002C2274696D657374616D704D73223A2541
:100C50006C6C642C226D6573736167655479706583
:100C6000223A22484541525442454154222C227393
:100C70006368656D6156657273696F6E223A2225ED
:100C800073222C22757074696D654D73223A256C40
:100C90006C642C2262617474657279566F6C746135
:100CA00067654D76223A25642C226C74655369671A
:100CB0006E616C5175616C697479223A22257322D8
:100CC0002C226D717474537461747573223A2225E9
:100CD00073222C226D656D6F727955736167652281
:100CE0003A25642C226370754C6F6164223A256446
:100CF0002C226465766963655374617465223A22B7
:100D00002573222C22677073537461747573223AB1
:100D1000222573227D00000068656172746265613E
:100D200074207061796C6F6164206275696C6420F5
:100D30006661696C65643A202564000068656172CB
:100D40007462656174000000686561727462656157
:100D500074207075626C697368206661696C656483
:100D60003A20256400000000686561727462656164
:100D700074207075626C697368656420746F202ECE
:100D80002E2E2F2573000000686561727462656104
:100D900074207461736B20737461727465642C20A9
:100DA000696E74657276616C3D25642073656300BD
:100DB000222573220000000069640000636D640056
:100DC000256C6C64000000007B22646576696365B5
:100DD0004964223A222573222C2274696D6573744A
:100DE000616D704D73223A256C6C642C226D6573B5
:100DF0007361676554797065223A22434D445F52AE
:100E00004553554C54222C22736368656D615665B9
:100E10007273696F6E223A222573222C22636F6DE2
:100E20006D616E644964223A222573222C22636F1D
:100E30006D6D616E64223A222573222C22737461D7
:100E4000747573223A222573222C22646174612204
:100E50003A222573227D0000636D642F72657375DD
:100E60006C7400007B226465766963654964223A8C
:100E7000222573222C2274696D657374616D704D27
:100E800073223A256C6C642C226D657373616765FF
:100E900054797065223A22434D445F41434B222CE2
:100EA00022736368656D6156657273696F6E223A6D
:100EB000222573222C22636F6D6D616E644964225A
:100EC0003A222573222C22636F6D6D616E64223A83
:100ED000222573222C226163636570746564223A53
:100EE000747275657D000000636D642F61636B0033
:100EF000636F6D6D616E642041434B207075626C51
:100F0000697368206661696C65643A202564000035
:100F10006765745F73746174757300006F6B0000B4
:100F20007075626C6973685F7465737400000000AB
:100F30007363616E5F776966690000007363616E59
:100F40006E696E67000000007265626F6F7400006A
:100F500073746172745F676E7373000073746F7083
:100F60005F676E73730000006765745F636F6E6622
:100F7000696700007365745F636F6E666967000080
:100F8000666163746F72795F7265736574000000E7
:100F9000756E737570706F7274656420636F6D6DBC
:100FA000616E64207265717565737465640000001C
:100FB0006E6F745F696D706C656D656E74656400ED
:100FC000756E737570706F7274656400756E6B6E9C
:100FD0006F776E20636F6D6D616E642072657175E1
:100FE0006573746564000000756E6B6E6F776E5F7D
:100FF000636F6D6D616E6400636F6D6D616E642013
:10100000726573756C74207075626C6973682066A4
:1010100061696C65643A2025640000006D69737332
:10102000696E675F636F6D6D616E6400636F6D6D98
:10103000616E643A2069643D257320636D643D25CB
:1010400073000000636F6D6D616E645F68616E6454
:101050006C6572006E6F745F726567697374657238
:1010600065640000726567697374657265645F68C2
:101070006F6D650064656E6965640000726567691F
:101080007374657265645F726F616D696E6700008D
:101090007B226465766963654964223A222573225E
:1010A0002C2274696D657374616D704D73223A25DD
:1010B0006C6C642C226D657373616765547970651F
:1010C000223A224E4554574F524B222C22736368CA
:1010D000656D6156657273696F6E223A22257322BF
:1010E0002C226365726567537461747573223A22AA
:1010F0002573222C226365726567436F6465223A0B
:1011000025642C2272737270223A222573222C22BB
:1011100072737271223A222573222C227461632227
:101120003A222573222C2263656C6C4964223A2290
:101130002573222C226D6363223A222573222C22EE
:101140006D6E63223A222573222C2262616E642224
:101150003A222573227D00006E6574776F726B20D2
:101160007061796C6F6164206275696C642066617E
:10117000696C65643A202564000000006E65747730
:101180006F726B006E6574776F726B206469616754
:101190006E6F7374696373207075626C6973682015
:1011A0006661696C65643A20256400006E65747739
:1011B0006F726B20646961676E6F7374696373200B
:1011C0007075626C697368656420746F202E2E2EB2
:1011D0002F2573006E6574776F726B206469616789
:1011E0006E6F7374696373207461736B20737461C1
:1011F000727465642C20696E74657276616C3D252D
:1012000064207365630000006E6574776F726B5FB6
:1012100064696167000000006672616D696E670055
:1012200070617269747900006F76657272756E0014
:10123000627265616B0000006E6F6973650000008B
:10124000636F6C6C6973696F6E0000007472756512
:101250000000000066616C73650000007B2264651D
:10126000766963654964223A222573222C227469C7
:101270006D657374616D704D73223A256C6C642CCE
:10128000226D65737361676554797065223A224CEB
:101290004F434154494F4E222C22736368656D6160
:1012A00056657273696F6E223A222573222C22765C
:1012B000616C6964223A25732C22666978517561E4
:1012C0006C697479223A25752C22736174656C6C93
:1012D00069746573223A25752C226C6174223A2553
:1012E0002E36662C226C6F6E223A252E36662C2204
:1012F000616C744D223A252E31662C2268646F7021
:10130000223A252E32662C2273706565644B6E6F0F
:101310007473223A252E32662C22636F75727365C0
:10132000446567223A252E31662C22757463223A71
:10133000222573222C2264617465223A22257322AD
:101340007D0000006C6F636174696F6E207061795D
:101350006C6F6164206275696C64206661696C659C
:10136000643A2025640000006C6F636174696F6EDD
:10137000000000006C6F636174696F6E20707562AD
:101380006C697368206661696C65643A2025640045
:101390006C6F636174696F6E207075626C697368DD
:1013A0006564202876616C69643D25642C20736136
:1013B00074733D2575290000475053204E4D45411B
:1013C00020636865636B73756D206572726F7273ED
:1013D0003A202575000000004750532055415254D3
:1013E000205258206163746976653A20257520760D
:1013F000616C6964204E4D45412073656E74656E65
:10140000636573004750532055415254206C696EF8
:101410006B2075700000000047474100524D4300AB
:10142000475053207461736B2073746172746564E8
:10143000202855415254206173796E632F444D41E9
:10144000292C207075626C69736820696E746572EE
:1014500076616C3D2564207365630000475053201E
:101460006C6F73743A206E6F204E4D454120666F4D
:101470007220256420732C20726573746172746904
:101480006E67205541525420525800004750532057
:101490005541525420525820726573746172742001
:1014A0006661696C65643A202564000047505320EA
:1014B000554152542052582072657374617274659C
:1014C0006400000047505320554152542052582088
:1014D00062756666657220726573706F6E736520E3
:1014E0006661696C65643A202564000047505320AA
:1014F000554152542052582073746F707065643A8D
:1015000020257320282564292C20636F756E743D77
:10151000257500004750532055415254206E6F747A
:101520002072656164790000756172745F63616C3B
:101530006C6261636B5F736574206661696C65647E
:101540003A20256400000000756172745F72785F54
:10155000656E61626C65206661696C65643A202520
:101560006400000067707300455350206672616D1F
:101570006520435243206D69736D61746368000098
:101580004553502055415254207478206661696C4F
:1015900065643A202564000045535020554152545B
:1015A0002074782074696D656F7574002C000000DC
:1015B0007B226465766963654964223A2225732239
:1015C0002C2274696D657374616D704D73223A25B8
:1015D0006C6C642C226D65737361676554797065FA
:1015E000223A2257494649222C22736368656D616D
:1015F00056657273696F6E223A222573222C22631C
:101600006F6E73696465724970223A25732C22618A
:1016100070436F756E74223A25642C22776966696F
:10162000416363657373506F696E7473223A5B0034
:1016300077696669207061796C6F616420686561A3
:10164000646572206275696C64206661696C6564AA
:101650000000000025737B226D6163416464726544
:101660007373223A22253032583A253032583A25BF
:101670003032583A253032583A253032583A2530EF
:101680003258222C227369676E616C537472656ED6
:10169000677468223A25642C226368616E6E656CFB
:1016A000223A25752C227369676E616C546F4E6FF8
:1016B000697365526174696F223A25642C226167EF
:1016C00065223A25757D0000776966692070617929
:1016D0006C6F6164207472756E63617465642061FF
:1016E00074204150202564005D7D000077696669A3
:1016F000207061796C6F616420636C6F7365206624
:1017000061696C656400000077696669000000002B
:1017100077696669207075626C69736820666169B3
:101720006C65643A2025640077696669207075628B
:101730006C697368656420282564204150732C20EF
:10174000636F6E736964657249703D25642900009A
:1017500077696669207363616E3A206E6F207265E7
:1017600073706F6E73652077697468696E20256485
:1017700020732028636F756E743D25752900000065
:1017800077696669207363616E3A20455350207211
:1017900065706F72746564206572726F7220636F1A
:1017A000646520307825303258000000776966691A
:1017B000207363616E3A20696E76616C69642053B0
:1017C00043414E5F524553504F4E53450000000079
:1017D00077696669207363616E3A20256420415001
:1017E0007320627574204D515454206F66666C6985
:1017F0006E65202D3E206E6F74207075626C69736B
:101800006865640045535020554152542052582079
:10181000656E61626C65206661696C65643A20255D
:101820006400000045535020554152543A2025751C
:10183000205258206572726F727320647572696EDF
:1018400067207363616E2028636865636B2045536E
:10185000503332206C696E6B2900000045535020D4
:101860005541525420525820627566666572207246
:101870006573706F6E7365206661696C65643A208C
:1018800025640000455350205541525420525820A1
:1018900073746F707065643A20726561736F6E2047
:1018A000256420286C696E652F45535033322069BA
:1018B000737375653F2900004553502055415254BC
:1018C000206E6F74207265616479000077696669C3
:1018D0005F7363616E00000057694669207363613E
:1018E0006E207461736B2073746172746564202858
:1018F00055415254206173796E632F444D41292C18
:1019000020696E74657276616C3D256420732C20AD
:101910006D61785F6170733D25642028474E535395
:101920002D66616C6C6261636B2900007769666982
:10193000207363616E3A206E6F20474E53532066CA
:101940006978202D3E207363616E6E696E67202872
:1019500066616C6C6261636B29000000776966697F
:10196000207363616E3A20666F72636564206279EA
:1019700020636F6D6D616E640000000077696669B9
:10198000206C696E6B20646F776E202D3E20617530
:10199000746F2D726574727920696E2025642073CE
:1019A000000000007B226465766963654964223A21
:1019B000222573222C2274696D657374616D704DDC
:1019C00073223A256C6C642C226D657373616765B4
:1019D00054797065223A22534552564F5F53544111
:1019E000545553222C22736368656D61566572737A
:1019F000696F6E223A222573222C22736572766FEC
:101A0000223A25642C22616374696F6E223A222582
:101A100073222C22616E676C65223A25642C226148
:101A20006E676C654F6E223A25642C22616E676C7E
:101A3000654F6666223A25642C22686F6D65223AEE
:101A400025642C22686F6C64536563223A25647D9B
:101A500000000000736572766F2073746174757393
:101A6000206275696C64206661696C65643A202542
:101A700064000000736572766F2F73746174757300
:101A80000000000070776D5F736574207365727677
:101A90006F20256420286368257529206661696C9C
:101AA00065643A2025640000736572766F202564B2
:101AB0002072657475726E656420686F6D65202D87
:101AC0003E20256420646567000000006F666600A4
:101AD000736572766F202564202573202D3E2025A6
:101AE00064206465672C20686F6C64202564207313
:101AF00000000000616E676C654F6E00616E676C80
:101B0000654F666600000000686F6C645365630093
:101B1000736572766F2025642073657474696E67CF
:101B20003A206F6E3D2564206F66663D256420680F
:101B30006F6D653D256420686F6C643D256473009E
:101B400073657474696E6700736572766F202564BF
:101B50003A20756E6B6E6F776E20616374696F6E7D
:101B60002027257327000000736572766F3A206D79
:101B7000616C666F726D656420636F6D6D616E641C
:101B800000000000736572766F20636F6D6D616E8B
:101B9000643A207461726765743D256320616374E3
:101BA000696F6E3D25730000736572766F20505724
:101BB0004D20646576696365206E6F74207265617F
:101BC00064790000736572766F0000007365727649
:101BD0006F207461736B20737461727465643A2052
:101BE000256420736572766F732C20696E6465704E
:101BF000656E64656E7420636F6E74726F6C2028FE
:101C0000686F6D653D2564206465672900000000EC
:101C1000000000000100000079656C6C6F772850AF
:101C2000302E313029000000677265656E28503013
:101C30002E303829000000007265642850302E30A4
:101C400039290000737461747573204C4544202554
:101C500064204750494F206E6F742072656164792B
:101C600000000000737461747573204C4544202596
:101C70006420636F6E666967757265206661696C62
:101C800065643A20256400004C4544206C616D7009
:101C900020746573743A202573206F6E0000000075
:101CA0006C65645F73746174757300004C45442007
:101CB000737461747573207461736B2073746172D3
:101CC0007465642028677265656E3D636F6E6E652E
:101CD0006374696F6E2C2079656C6C6F773D6E6FE5
:101CE00020475053206669782C207265643D706FE0
:101CF00073206C6F73742900F4FB0200080000006D
:101D0000F4FB020009000000F4FB02000A000000DE
:101D10007761746368646F6720616C6976653A20E7
:101D20006665642025752074696D65730000000088
:101D30007761746368646F672064657669636520A2
:101D40006E6F742072656164790000007764745F5F
:101D5000696E7374616C6C5F74696D656F75742006
:101D60006661696C65643A20256400007764745F7D
:101D70007365747570206661696C65643A202564CA
:101D8000000000007761746368646F670000000002
:101D90007761746368646F672073746172746564DB
:101DA0003A2074696D656F75743D2564206D732CE0
:101DB00020666565643D2564206D730074696D65FA
:101DC0006F7574207768696C65206F70656E696ED9
:101DD00067205443502F544C5320636F6E6E6563DD
:101DE00074696F6E00000000636F6E6E65637469E6
:101DF0006F6E207265667573656420627920627209
:101E00006F6B6572000000006E6574776F726B20F7
:101E1000756E726561636861626C6500686F73748A
:101E200020756E726561636861626C650000000018
:101E3000636F6E6E656374696F6E2072657365742F
:101E400020647572696E6720636F6E6E65637400DF
:101E500073656520736F636B65742F6D6F64656D5B
:101E6000206572726E6F00006465762D6465766918
:101E700063652D30303100006D7174742E6578709B
:101E80006C6F7265722E746361622E636F6D0000F9
:101E90007061796C6F616420647261696E20666143
:101EA000696C65643A202564000000005055424189
:101EB000434B206661696C65643A2025640000002C
:101EC00067657461646472696E666F282573292082
:101ED0006661696C65643A202564000042726F6B2C
:101EE0006572202573207265736F6C76656420744B
:101EF0006F2025733A256400736572766F207061D8
:101F0000796C6F616420746F6F206C617267653AE1
:101F100020257500736572766F207061796C6F6132
:101F2000642072656164206661696C65643A20258D
:101F30006400000025630A252E2A730A2573000019
:101F4000736572766F207075626C6973683A20747D
:101F500061726765743D256320616374696F6E3DCE
:101F6000252E2A732028257520627974657329002F
:101F7000756E6578706563746564207075626C69F0
:101F8000736820746F7069633A20252E2A730000ED
:101F9000636F6D6D616E64207061796C6F61642038
:101FA000746F6F206C617267653A202575000000C0
:101FB000636F6D6D616E64207061796C6F61642018
:101FC00072656164206661696C65643A202564000D
:101FD000636F6D6D616E64206576656E74207375D8
:101FE000626D6974206661696C65643A20256400DD
:101FF000636F6D6D616E642072656365697665649B
:1020000020282575206279746573290070726F76B7
:102010006973696F6E6564006D697373696E6700DB
:10202000544C5320434120636865636B20666169AB
:102030006C656420666F72207365635F74616720EE
:1020400025643A2025640000544C532043412073FA
:1020500065635F7461672025643A20257300000082
:10206000436F6E6E656374696E6720746F204D51A7
:1020700054542062726F6B65722025733A25642078
:1020800028544C53207365635F7461672025642C6A
:1020900020706565725F76657269667920256429AE
:1020A0002E2E2E006D7174745F636F6E6E65637497
:1020B000206661696C65643A2025642028257329AF
:1020C00000000000706F6C6C206572726F723A20B5
:1020D000256400006D717474206C6976652F696EDB
:1020E000707574206572726F723A2025640000006A
:1020F0004D5154542073657373696F6E206661751A
:102100006C74202D3E20656E64696E672073657364
:1021100073696F6E20746F207265636F6E6E656396
:1021200074000000736F636B657420636C6F73657C
:10213000642028726576656E74732030782578295E
:10214000000000004D515454207461736B2073746F
:1021500061727465642C2077616974696E672066AA
:102160006F72204C54452E2E2E0000005265636F76
:102170006E6E656374696E6720746F204D515454A0
:1021800020696D6D6564696174656C7920286E6F76
:1021900020636F6F6C646F776E292E2E2E00000007
:1021A0006D7174745F7461736B0000006D71747491
:1021B0005F7075626C697368206661696C65643A0A
:1021C000202564005075626C69736865642025750C
:1021D00020627974657320746F20257300000000FD
:1021E000646576696365730025732F25732F2573E6
:1021F00000000000636F6D6D616E6420746F706924
:1022000063206275696C64206661696C65643A205C
:1022100025640000736572766F2F230073657276F4
:102220006F20746F706963206275696C64206661E9
:10223000696C65643A202564000000006D71747457
:102240005F737562736372696265206661696C654C
:10225000643A2025640000007375627363726962DA
:10226000696E6720746F20257320616E642025736A
:102270002028696420257529000000004D51545420
:1022800020434F4E4E41434B2072656A656374652F
:10229000643A202564202862616420637265646565
:1022A0006E7469616C732F41434C3F29202D3E2091
:1022B0007265636F6E6E656374696E67000000001F
:1022C0004D51545420636F6E6E6563746564207461
:1022D0006F20454D51582062726F6B65720000008F
:1022E0004D51545420646973636F6E6E65637465F9
:1022F000643A20256400000053554241434B206955
:102300006420257520726573756C74202564000047
:10231000756E6578706563746564205355424143FA
:102320004B206964202575006465766963652074B7
:102330006F706963206275696C64206661696C65A1
:10234000643A2025640000002354706F6440636C7D
:1023500069656E7423323032363034323200000018
:1023600074706F64000000006D7174745F73657247
:1023700076696365000000002A0000006E7266390D
:10238000313630646B000000302E312E30000000FA
:102390006465766963655F696E666F0044454255A2
:1023A00047000000494E464F000000005741524E82
:1023B000000000004552524F52000000554E4B4E57
:1023C0004F574E005C2200005C5C00005C74000013
:1023D0005C7200005C6E00007B2264657669636558
:1023E0004964223A222573222C2274696D65737424
:1023F000616D704D73223A256C6C642C226D65738F
:102400007361676554797065223A224C4F47222CDC
:1024100022736368656D6156657273696F6E223AE7
:10242000222573222C226D6F64756C65223A222559
:1024300073222C226C6576656C223A222573222C3D
:10244000226D657373616765223A222573227D00D0
:102450006C6F67006C7465006C6F675F6D7174748E
:102460000000000028756E7369676E65642920633B
:10247000686172202A207573656420666F7220255A
:10248000257020617267756D656E742E2049742702
:1024900073207265636F6D6D656E64656420746F23
:1024A000206361737420697420746F20766F69648F
:1024B000202A2062656361757365206974206D61EF
:1024C00079206361757365206D69736265686176F3
:1024D000696F7220696E206365727461696E206332
:1024E0006F6E66696775726174696F6E732E2053C3
:1024F0007472696E673A2225732220617267756D66
:10250000656E743A2564000063627072696E746669
:102510005F7061636B616765000000004661696C14
:10252000656420746F207265626F6F743A207370F7
:10253000696E6E696E6720656E646C6573736C7925
:102540002E2E2E0A000000002570000020252D32BE
:1025500030733A20756E61626C6520746F20676518
:102560007420737461636B20737061636520282528
:102570006429000020252D3230733A205354414302
:102580004B3A20756E7573656420257A75207573D6
:1025900061676520257A75202F20257A75202825EA
:1025A0007A75202525293B204350553A2025752052
:1025B0002525000020252D3230733A20546F746198
:1025C0006C20435055206379636C65732075736587
:1025D000643A20256C6C7500202573252D313764F5
:1025E0003A20535441434B3A20756E75736564200D
:1025F000257A7520757361676520257A75202F20EF
:10260000257A752028257A752025252900000000C7
:102610004953520054687265616420616E616C793F
:102620007A653A007468726561645F616E616C79A5
:102630007A65720066735F6E767300006C6F676711
:10264000696E670020D9002000010000117C0200A3
:10265000677B020002000000397E020000000000DB
:1026600000000000000000006C6F675F6D676D7414
:10267000000000004D657373616765202822257393
:1026800022292064726F70706564206265636175D1
:102690007365206974206578636565647320736968
:1026A0007A65206C696D69746174696F6E20282584
:1026B000752900004D6573736167652064726F70E2
:1026C0007065642062656361757365206974206557
:1026D0007863656564732073697A65206C696D69D8
:1026E000746174696F6E2028257529005B25303868
:1026F0006C755D20000000005B253032753A253096
:1027000032753A253032752E253033752C2530330D
:10271000755D20001B5B306D0000000025732E00EE
:1027200025733A20000000003C25733E2000000085
:1027300025732F00257320002530327820000000FB
:10274000202020007C00000025630000206D6573C0
:1027500073616765732064726F70706564202D2DDE
:102760002D0D0A1B5B306D001B5B313B33316D2D32
:102770002D2D20001B5B313B33316D001B5B313B4A
:1027800033336D006572720077726E00696E660099
:102790006462670000000000742703007C270300C8
:1027A000000000000000000000000000842703007B
:1027B000882703008C270300902703006D6573733F
:1027C000616765732064726F707065643A202020C1
:1027D000200D0A006C6F675F6261636B656E645FFA
:1027E0007274740025830100158301009D8001002F
:1027F0008180010000000000B580010000000000A1
:10280000F97E0200BC010120D4010120010000007A
:10281000666C6173680000002A2A2A20426F6F7478
:10282000696E67206E524620436F6E6E656374203A
:1028300053444B2076332E322E322D3734383435F4
:1028400065313639626532202A2A2A0A00000000E2
:102850002A2A2A205573696E67205A657068797232
:10286000204F532076342E322E39392D666534664A
:102870003031303638303365202A2A2A0A000000E9
:1028800072302F61313A202030782530387820207E
:1028900072312F61323A202030782530387820206C
:1028A00072322F61333A202030782530387800009A
:1028B00072332F61343A20203078253038782072F6
:1028C00031322F69703A20203078253038782072E4
:1028D00031342F6C723A202030782530387800005F
:1028E00020787073723A20203078253038780000D4
:1028F0004661756C74696E6720696E737472756376
:1029000074696F6E2061646472657373202872311C
:10291000352F7063293A2030782530387800000050
:10292000556E68616E646C6564204952516E3A2040
:1029300025640000457863657074696F6E206F636D
:1029400063757272656420696E2053656375726584
:1029500020537461746500002A2A2A2A2A205553BC
:10296000414745204641554C54202A2A2A2A2A000C
:1029700020204469766973696F6E206279207A65D8
:10298000726F00002020556E616C69676E6564206F
:102990006D656D6F7279206163636573730000000C
:1029A0002020537461636B206F766572666C6F775D
:1029B0002028636F6E746578742061726561206E83
:1029C0006F742076616C69642900000020204E6FCE
:1029D00020636F70726F636573736F7220696E73BB
:1029E0007472756374696F6E730000002020496C07
:1029F0006C6567616C206C6F6164206F6620455860
:102A0000435F52455455524E20696E746F205043B7
:102A1000000000002020496C6C6567616C207573B4
:102A200065206F6620746865204550535200000091
:102A30002020417474656D707420746F2065786512
:102A40006375746520756E646566696E656420697A
:102A50006E737472756374696F6E00002A2A2A2A75
:102A60002A204465627567206D6F6E69746F7220ED
:102A7000657863657074696F6E202A2A2A2A2A0095
:102A80005265736572766564204578636570746914
:102A90006F6E20280000000053707572696F7573A7
:102AA00020696E74657272757074202849525120C5
:102AB000000000002A2A2A2A2A20257320256429BA
:102AC000202A2A2A2A2A00002A2A2A2A2A204D5085
:102AD00055204641554C54202A2A2A2A2A00000013
:102AE0002020537461636B696E67206572726F7228
:102AF0002028636F6E746578742061726561206D43
:102B000069676874206265206E6F742076616C69F5
:102B1000642900002020556E737461636B696E67D1
:102B2000206572726F720000202044617461204140
:102B300063636573732056696F6C6174696F6E00AF
:102B400020204D4D46415220416464726573733AB2
:102B500020307825780000002020496E737472754B
:102B60006374696F6E204163636573732056696F88
:102B70006C6174696F6E00002020466C6F6174692F
:102B80006E672D706F696E74206C617A7920737432
:102B900061746520707265736572766174696F6EB9
:102BA000206572726F7200002A2A2A2A2A20425552
:102BB00053204641554C54202A2A2A2A2A00000034
:102BC0002020537461636B696E67206572726F7247
:102BD0000000000020205072656369736520646105
:102BE000746120627573206572726F72000000005C
:102BF00020204246415220416464726573733A203A
:102C000030782578000000002020496D70726563DF
:102C100069736520646174612062757320657272E6
:102C20006F7200002020496E737472756374696F4F
:102C30006E20627573206572726F72002A2A2A2ACA
:102C40002A2048415244204641554C54202A2A2AE1
:102C50002A2A00002020427573206661756C74205A
:102C60006F6E20766563746F72207461626C65208C
:102C70007265616400000000202044656275672071
:102C80006576656E7400000020204661756C7420C6
:102C9000657363616C6174696F6E2028736565206C
:102CA00062656C6F77290000415243485F45584385
:102CB000455054207769746820726561736F6E2087
:102CC00025780A0040CA002000000000060001002C
:102CD0006D7075004661696C656420746F20616C6D
:102CE0006C6F63617465206E6577204D505520725E
:102CF0006567696F6E2025750A0000005061727467
:102D00006974696F6E2025753A2073616E697479F4
:102D100020636865636B206661696C65642E0000E2
:102D2000496E76616C696420756E6465726C796950
:102D30006E6720726567696F6E20696E64657820C2
:102D400025750000020000005C2D0300464C415335
:102D5000485F30005352414D5F30000000000000DA
:102D60004C2D030002000000E0FF0F0068C50020AA
:102D7000542D030021000000E0FF03206E65745F06
:102D8000627566006E65745F6275665F73696D700B
:102D90006C650000736F6300776C616E25640000E2
:102DA0006E65742564000000E0000000C0000000B3
:102DB0004D515454000000004D514973647000009F
:102DC000B02D030004000000B82D03000600000031
:102DD00095A1010021A2010061A20100E1A2010070
:102DE00011A30100B9A3010011A5010051A5010023
:102DF000D1A5010001A6010095A6010075A601005C
:102E000000000000636C6F636B40353030300000B1
:102E10006866636C6B0000006C66636C6B0000009E
:102E2000636C6F636B5F636F6E74726F6C00000036
:102E3000FDA6010065A70100102E0300BF9A020045
:102E4000B79A0200182E03007073612D726E67002E
:102E5000756E616C69676E65642061646472657328
:102E6000733A2030782530386C783A257A7500002E
:102E7000696E76616C696420616464726573733A2B
:102E80002030782530386C783A257A7500000000BB
:102E90006E6F7420776F72642D616C69676E656404
:102EA0003A2030782530386C783A257A7500000061
:102EB000666C6173682D636F6E74726F6C6C657293
:102EC0004033393030300000666C6173685F6E7279
:102ED000660000000400000000FF00006770696FDA
:102EE0004038343235303000FFFFFFFF002584408A
:102EF0001CCB0020000000000000000000010203C5
:102F000004050607496E636F6D70617469626C65D4
:102F100020706572696F642E000000005072657346
:102F200063616C657220666F7220706572696F6490
:102F30005F6379636C6573202575206E6F742066FE
:102F40006F756E642E000000496E76616C696420B6
:102F50006368616E6E656C3A2025752E0000000076
:102F600050574D2073746F70206661696C65643AC8
:102F7000202564004661696C656420746F20696E69
:102F8000697469616C697A65206465766963653A1C
:102F90002025730070776D403231303030000000F2
:102FA00070776D5F6E7266780000000000000000B0
:102FB0000000000000000000000000000000000011
:102FC00000040000E80302010101000044030120A5
:102FD000040000000000000000000000E42F0300D7
:102FE0000024F40000100240F02F03000200000053
:102FF000083003000200000000300300020100005E
:10300000058000160780001705000016070000174E
:103010004661696C656420746F20616C6C6F6361DC
:10302000746520505049204368616E6E656C0000E5
:1030300075617274406230303000000075617274E6
:1030400040613030300000007561727440383030BB
:1030500030000000756172745F6E7266785F756132
:103060007274650000B00040050000000000000020
:103070008C3003000000D601000000005403012042
:103080004C030120751F0120741F012000B0004077
:103090009830030002000000B0300300020000007E
:1030A000A830030002010000018000000080000140
:1030B000010000000006000100A000400500000023
:1030C00000000000E030030000009D000000000050
:1030D000640301205C030120771F0120761F01207B
:1030E00000A00040EC3003000200000004310300A7
:1030F00002000000FC300300020100001D800000FF
:103100001C8000011D0000001C0600010080004022
:103110000100000000000000343103000000D6016F
:10312000000000000000000000000000791F0120E6
:10313000781F0120008000404031030002000000A1
:10314000603103000400000050310300040100005E
:103150001D8000001C8000011B8000021A800003FB
:103160001D0000001B0000021C0600011A060003DF
:103170007761746368646F674031383030300000C5
:103180007764745F6E726678000000004D6F64654E
:103190006D206C69627261727920696E697469610F
:1031A0006C697A6174696F6E206661696C65642C04
:1031B000206572722025640000800020E804000071
:1031C000E88400200020000068A500200020000006
:1031D000000000000000000001000000151D0100BB
:1031E00075BC01006E72665F6D6F64656D000000F6
:1031F0004D6F64656D206C696272617279206469DB
:1032000064206E6F7420696E697469616C697A6597
:103210003A202564000000006E726639785F736F93
:10322000636B65740000000067B60200E3B502003E
:1032300089B402009DB4020099B3020043B50200B4
:103240000000000015C40100BBB40200B1B40200CC
:10325000E9C5010059C20100DBB30200A5C10100AC
:10326000E5C0010009C301000000000000000000EB
:10327000000000003C756E6B6E6F776E3E000000C4
:103280004E52465F4D4F44454D5F4641554C545F4D
:10329000554E444546494E45440000004E52465F57
:1032A0004D4F44454D5F4641554C545F48575F571D
:1032B000445F5245534554004E52465F4D4F44457E
:1032C0004D5F4641554C545F484152444641554C30
:1032D000540000004E52465F4D4F44454D5F4641FD
:1032E000554C545F4D454D5F4D414E4147450000A3
:1032F0004E52465F4D4F44454D5F4641554C545FDD
:10330000425553004E52465F4D4F44454D5F464136
:10331000554C545F55534147450000004E52465F9F
:103320004D4F44454D5F4641554C545F53454355C1
:1033300052455F5245534554000000004E52465FCF
:103340004D4F44454D5F4641554C545F50414E49A9
:10335000435F444F55424C45000000004E52465FCB
:103360004D4F44454D5F4641554C545F50414E4989
:10337000435F52455345545F4C4F4F50000000008F
:103380004E52465F4D4F44454D5F4641554C545F4C
:1033900041535345525400004E52465F4D4F4445F1
:1033A0004D5F4641554C545F50414E49430000002B
:1033B0004E52465F4D4F44454D5F4641554C545F1C
:1033C000464C4153485F4552415345004E52465F7B
:1033D0004D4F44454D5F4641554C545F464C41531B
:1033E000485F5752495445004E52465F4D4F444541
:1033F0004D5F4641554C545F504F465741524E0029
:103400004E52465F4D4F44454D5F4641554C545FCB
:1034100054485741524E0000803203000100000022
:103420009C32030002000000B832030003000000D9
:10343000D432030004000000F03203000500000055
:1034400004330300060000001C33030007000000E3
:103450003C330300080000005C3303000900000057
:1034600080330300100000009833030011000000B7
:10347000B033030012000000CC330300130000003F
:10348000E8330300140000000034030015000000BE
:103490004E6F206865617020737061636520666F90
:1034A0007220696E636F6D696E67206E6F746966F6
:1034B00069636174696F6E3A202573004661696CB7
:1034C000656420746F20686F6F6B2074686520647A
:1034D000697370617463682066756E6374696F6E7A
:1034E0002C206572722025640000000061745F6DFD
:1034F0006F6E69746F7200004F4B0D0A0000000080
:103500004552524F520D0A002B434D452045525211
:103510004F523A002B434D53204552524F523A00DE
:10352000F8340300003503000835030014350300A8
:103530004E554C4C20617320612068616E646C654F
:10354000722072656365697665643A204E6F7468AF
:10355000696E6720746F20626520646F6E652E0A45
:103560005468652068616E646C65722063616E20CA
:10357000626520646572656769737465726564204D
:103580007573696E67206C74655F6C635F646572E8
:10359000656769737465725F68616E646C657228D3
:1035A000290000004E6F2068616E646C65722072A5
:1035B0006567697374657265640000006C74655FAB
:1035C0006C6300004D6F64656D206C69627261729E
:1035D0007920696E6974206572726F723A20256471
:1035E0002C206C74655F6C63206E6F7420696E694B
:1035F0007469616C697A6564000000004661696CF9
:10360000656420746F207365742073797374656DBD
:10361000206D6F646520616E64206D6F646520703D
:103620007265666572656E63652C20657272202511
:103630006400000041542525464541434F4E463D18
:10364000302C332C256400004661696C656420745D
:103650006F20676574206D6F64656D206669726D9B
:103660007761726520747970652C206572726F7253
:103670003A202564000000006E7266393136305FF2
:10368000000000006E7266393178315F0000000082
:103690006E7266393135312D6E746E5F0000000038
:1036A0006C74655F6C635F776F726B5F71000000B5
:1036B000436F756C64206E6F74206765742072654B
:1036C00067697374726174696F6E20737461747565
:1036D000732C206572726F723A202564000000001E
:1036E000436F756C64206E6F74206765742043456A
:1036F00052454720706172616D20636F756E742C46
:1037000020706F74656E7469616C6C79206D616C8A
:10371000666F726D6564206E6F746966696361744B
:10372000696F6E2C206572726F723A2025640000FA
:10373000526567697374726174696F6E2072656A2D
:1037400065637465642C20454D4D20636175736518
:103750003A2025642C2043656C6C2049443A20258E
:10376000642C20547261636B696E672061726561BD
:103770003A2025642C204C5445206D6F64653A2016
:10378000256400004661696C656420746F20706177
:10379000727365206E6F74696669636174696F6EB8
:1037A00020286572726F72202564293A20257300E3
:1037B000556E6B6E6F776E206E6574776F726B20CF
:1037C000726567697374726174696F6E2073746176
:1037D0007475733A20256400556E6B6E6F776E209A
:1037E0004C5445206D6F64653A202564000000004C
:1037F0002B43455245473A20252A752C2568752CC0
:10380000252A5B5E2C5D2C222578222C00000000EE
:10381000436F6E6E65637420616C726561647920BC
:10382000696E2070726F6772657373004661696CB0
:10383000656420746F206765742063757272656EAD
:103840007420726567697374726174696F6E207336
:1038500074617475730000004E6574776F726B202D
:10386000636F6E6E656374696F6E20617474656DED
:1038700070742074696D6564206F757400000000B9
:1038800041542B43455245473D3500004661696C24
:10389000656420746F20737562736372696265205A
:1038A000746F204345524547206E6F7469666963A3
:1038B0006174696F6E732C206572726F723A202585
:1038C000640000002B434552454700002B434655FA
:1038D0004E3A20256875000041542B4346554E3F13
:1038E00000000000415420636F6D6D616E642066BE
:1038F00061696C65642C206E72665F6D6F64656DC6
:103900005F61745F7363616E6628292072657475E8
:10391000726E6564206572726F723A2025640000D1
:103920004661696C656420746F20656E61626C65C8
:10393000206E6F74696669636174696F6E732C20A1
:103940006572726F723A202564000000496E7661DC
:103950006C69642066756E6374696F6E616C206D4E
:103960006F64653A2025640041542B4346554E3D13
:10397000256400004661696C656420746F2073657E
:10398000742066756E6374696F6E616C206D6F6410
:10399000652E20506C6561736520636865636B20DC
:1039A0005853595354454D4D4F44452E0000000087
:1039B000436F756C64206E6F742067657420736943
:1039C000676E616C6C696E67206D6F64652C206535
:1039D00072726F723A20256400000000496E7661B1
:1039E0006C6964207369676E616C6C696E67206DC9
:1039F0006F64653A2025640043616E27742070610E
:103A0000727365207369676E616C6C696E67206D97
:103A10006F64652C206572726F723A202564000015
:103A20004661696C656420746F20656E61626C65C7
:103A300020525243206E6F74696669636174696FC6
:103A40006E7320282B4353434F4E292C20657272EE
:103A50006F722025640000002B4353434F4E00003B
:103A600041542B4353434F4E3D310000505241438C
:103A7000482043452D4C4556454C2025750D0A00E0
:103A8000494E56414C49442042414E4420434F4EFA
:103A900046494755524154494F4E202575202575BA
:103AA0002025750D0A000000444554454354454403
:103AB00020434F554E5452592025750D0A000000E1
:103AC000415425254D444D45563D32004154252550
:103AD0004D444D45563D31005345415243482053D6
:103AE000544154555320310D0A00000053454152B2
:103AF00043482053544154555320320D0A000000CE
:103B00005245534554204C4F4F500D0A00000000C1
:103B10004D452042415454455259204C4F570D0AAF
:103B2000000000004D45204F564552484541544540
:103B3000440D0A004E4F20494D45490D0A00000032
:103B400052462043414C4942524154494F4E204E27
:103B50004F5420444F4E450D0A000000254D444D62
:103B60004556000000000000D83A030001000000A4
:103B7000EC3A030002000000003B030003000000D9
:103B8000103B030004000000243B0300050000007C
:103B9000343B030007000000403B0300000000002E
:103BA00000000000496E76616C696420737973745B
:103BB000656D206D6F6465207265717565737465E0
:103BC000643A202564000000496E76616C696420C7
:103BD0004C544520707265666572656E636520722F
:103BE00065717565737465643A2025640000000092
:103BF0004C544520707265666572656E6365206D14
:103C0000757374206265204C54455F4C435F535973
:103C10005354454D5F4D4F44455F505245464552C4
:103C20005F4155544F2077697468204E544E204EA2
:103C3000422D496F540000004154252558535953D3
:103C400054454D4D4F44453D302C302C302C302CBC
:103C500031000000415425255853595354454D4DCA
:103C60004F44453D25732C25630000004661696C77
:103C7000656420746F207365742073797374656D47
:103C8000206D6F6465000000303132333400000075
:103C9000312C302C30000000302C312C3000000052
:103CA000312C302C31000000302C312C3100000040
:103CB000312C312C30000000312C312C310000002F
:103CC00000000000903C0300983C03004C3C0300C3
:103CD000A03C0300A83C0300B03C0300B83C030038
:103CE000436F756C64206E6F742067657420667511
:103CF0006E6374696F6E616C206D6F6465000000A7
:103D0000436F6E6E656374696F6E206576616C7566
:103D10006174696F6E206973206E6F7420617661C3
:103D2000696C61626C6520696E20746865206375DA
:103D30007272656E742066756E6374696F6E616C05
:103D4000206D6F64650000002525434F4E455641A8
:103D50004C3A2025642C2568752C2568752C25681F
:103D6000642C2568642C2568642C222578222C225A
:103D700025365B5E225D222C2568642C25642C256B
:103D800068642C2568752C2568752C2568642C259D
:103D900068642C2568642C25686400004154254320
:103DA0004F4E4556414C0000415420636F6D6D618C
:103DB0006E64206661696C65642C206572726F7236
:103DC0003A20256400000000436F6E6E65637469DD
:103DD0006F6E206576616C756174696F6E206661C7
:103DE000696C6564207769746820726561736F6EB1
:103DF0003A20256400000000415420636F6D6D611E
:103E00006E642070617273696E67206661696C65AB
:103E1000642C206572726F723A20256400000000E5
:103E2000312E312E312E31004661696C656420746B
:103E30006F207365742066616C6C6261636B2044F3
:103E40004E5320616464726573732C206572722016
:103E5000256400002573206973206E6F7420612033
:103E600076616C696420444E532073657276657286
:103E70002061646472657373000000004661696CC0
:103E8000656420746F206F627461696E20525352B2
:103E9000502076616C75652C202564002C20000074
:103EA0004E6F20726573706F6E73652073746174EA
:103EB00075733A20257300002573257300000000F8
:103EC000556E61626C6520746F206F627461696EFB
:103ED0002073686F72743A202564000025255856B7
:103EE0004241543A202564004154255856424154D9
:103EF00000000000436F756C64206E6F742067656E
:103F000074206261747465727920766F6C74616775
:103F1000652C206572726F723A20256400000000E3
:103F200025255854454D503A2025640041542558C4
:103F300054454D503F000000436F756C64206E6F18
:103F400074206765742074656D7065726174757234
:103F5000652C206572726F723A20256400000000A3
:103F60002B434553513A20252A642C252A642C25BD
:103F70002A642C252A642C252A642C256400000040
:103F800041542B4345535100436F756C64206E6F51
:103F90007420676574207369676E616C2073747236
:103FA000656E6774682C206572726F723A202564A2
:103FB000000000004E6F2076616C696420525352FD
:103FC000500000002525584342414E443A202575B3
:103FD00000000000415425584342414E4400000077
:103FE000436F756C64206E6F742067657420626126
:103FF0006E642C206572726F723A20256400000096
:104000004E6F2076616C69642062616E640000000E
:1040100042616E64206973206F7574206F66207230
:10402000616E6765000000002543455351000000A4
:1040300041542B434744434F4E543F0061706E0040
:1040400041542B43434C4B3F0000000064617465B6
:1040500054696D650000000041542B4347534E00E6
:10406000696D65690000000041542B43494D4900CA
:10407000696D736900000000415425585359535429
:10408000454D4D4F44453F006770734D6F6465006B
:104090006E62696F744D6F64650000006C74654DED
:1040A0006F64650041542B4352534D3D3137362CDC
:1040B00031323235382C302C302C313000000000B9
:1040C00069636369640000006D6F64656D466972C1
:1040D0006D7761726500000074656D706572617462
:1040E0007572650062617474657279566F6C746183
:1040F000676500004154255853494D3F00000000BA
:10410000756963634D6F6465000000006970416408
:10411000647265737300000061726561436F64656A
:104120000000000063656C6C4944000041542B435F
:104130004F50533F000000006D6E63006D636300DD
:104140006D63636D6E63000041542B43454D4F44D6
:10415000453F000075654D6F64650000415425586A
:104160004342414E443D3F00737570706F727465F9
:104170006442616E6473000063757272656E7442AE
:10418000616E640072737270000000006D6F646590
:104190006D5F696E666F0000EC420300E042030051
:1041A000D44203008C420300C8420300BC42030017
:1041B000B0420300A442030098420300804203007F
:1041C00074420300684203005C4203005042030053
:1041D00044420300384203002C4203002042030003
:1041E0001442030008420300FC410300F0410300B5
:1041F000304003003C40030003070200404003003E
:104200004C400300010202005840030060400300DC
:10421000000102006840030070400300000102003A
:104220007840030088400300030501007840030044
:104230009040030002050100784003009C40030009
:1042400001050100A4400300C04003000304020074
:104250008C070300C8400300000102002C3F03004C
:10426000D840030001020100E83E0300E4400300DF
:1042700001020100F44003000041030001020100BB
:10428000304003000C410300040702009C070300B8
:1042900018410300030A02009C07030024410300A5
:1042A000040A02002C410300384103000305010009
:1042B0002C4103003C410300030501002C41030095
:1042C000404103000305020048410300544103003C
:1042D000010201005C410300684103000102020089
:1042E000D43F03007841030001020100803F030036
:1042F00084410300060701006D6F64656D5F696EA0
:10430000666F5F706172616D7300000041542B43F2
:104310004D45453D256400002B434D45453A20253C
:104320006400000041542B434D45453F0000000010
:104330004661696C656420746F207265747269658A
:10434000766520434D4545207374617475732C2048
:10435000657272202564000050686F6E652066618A
:10436000696C7572650000004D656D6F727920662D
:1043700061696C7572650000496E636F7272656386
:104380007420706172616D657465727320696E204E
:10439000636F6D6D616E640053797374656D206534
:1043A00072726F72000000004B6579206E6F74208E
:1043B000666F756E640000004B657920616363650C
:1043C0007373207265667573656400004B657920B0
:1043D00073746F72616765206D656D6F72792066A9
:1043E000756C6C004E6F7420616C6C6F7765642027
:1043F0007768656E204C544520636F6E6E656374FC
:10440000696F6E20697320616374697665000000CE
:104410004B657920616C7265616479206578697398
:1044200074730000496E76616C696420636F6E740A
:10443000656E74004E6F7420616C6C6F77656420DC
:104440007768656E20706F776572206F666620777B
:1044500061726E696E672069732061637469766545
:1044600000000000556E7472616E736C6174656457
:1044700020434D45206572726F7220256400000054
:1044800041542525434D4E473D312C25752C25643F
:10449000000000006D6F64656D5F6B65795F6D672F
:1044A0006D740000646174655F74696D650000007F
:1044B000646174655F74696D655F776F726B5F715E
:1044C00000000000436F756C64206E6F742073658C
:1044D000742073797374656D2074696D652C202563
:1044E000640000004661696C6564206765747469E6
:1044F0006E67204C5445206E6574776F726B207226
:104500006567697374726174696F6E207374617426
:1045100075732C206572726F723A2025640000005A
:104520003132330067657461646472696E666F2C42
:10453000206572726F723A2025640000736E747089
:104540005F696E69742C206572726F723A202564FF
:1045500000000000736E74705F71756572792C20B5
:104560006572726F723A202564000000446964200D
:104570006E6F74206765742074696D652066726F54
:104580006D20616E79204E5450207365727665728D
:10459000000000006E74702E75696F2E6E6F000043
:1045A00074696D652E676F6F676C652E636F6D0044
:1045B00094450300A045030025255854494D452046
:1045C0006E6F74696669636174696F6E20646F658C
:1045D000736E277420636F6E7461696E20272C27B9
:1045E0003A2025730000000025255854494D4520E8
:1045F0006E6F74696669636174696F6E20746F6F42
:104600002073686F72743A20257300002525585472
:10461000494D45206E6F74696669636174696F6E98
:1046200020646F65736E277420636F6E7461696EAA
:104630002027222720616674657220272C273A20C4
:104640002573000054696D652076616C7565206482
:1046500065636F64696E67206661696C6564206676
:10466000726F6D2025255854494D45206E6F746931
:104670006669636174696F6E20287265743D256494
:10468000293A202573000000415425255854494DEE
:10469000453D31005375627363726962696E6720CC
:1046A000746F206D6F64656D204154252558544901
:1046B0004D45206E6F74696669636174696F6E73CE
:1046C000206661696C65642C206572723D2564000A
:1046D0002B43434C4B3A202225752F25752F2575EA
:1046E0002C25753A25753A257525640044696420A2
:1046F0006E6F74206765742074696D652066726FD3
:104700006D2063656C6C756C6172206E6574776F7B
:10471000726B20286572726F723A202564292E20F0
:1047200054686973206D6179206265206E6F726DC7
:10473000616C20617320736F6D652063656C6C75AF
:104740006C6172206E6574776F726B7320646F6E2C
:1047500027742070726F76696465206974206F72A7
:104760002074696D65206D6179206E6F74206265BB
:1047700020617661696C61626C65207965742E00D8
:1047800041542B43434C4B3D22253032752F25306D
:1047900032752F253032752C253032753A2530325E
:1047A000753A25303275252B303364220000000025
:1047B00053657474696E67206D6F64656D207469EC
:1047C0006D65206661696C65642C202564000000BD
:1047D000255854494D4500004661696C6564207454
:1047E0006F2073657420636F6E666967757261749C
:1047F000696F6E20286572723A20256429000000D6
:10480000415425584D414750494F3D312C302C30B3
:104810002C312C312C313537342C313537370000E1
:1048200041542558434F4558303D312C312C3135BA
:1048300036352C31353836006D6F64656D5F616ECD
:1048400074656E6E610000002A2A2A2A2A205345C8
:1048500043555245204641554C54202A2A2A2A2A9B
:10486000000000002020416464726573733A2030B8
:10487000782578002020496E76616C696420656E29
:1048800074727920706F696E740000002020496E88
:1048900076616C696420696E7465677269747920E9
:1048A0007369676E61747572650000002020496E3F
:1048B00076616C696420657863657074696F6E20D9
:1048C00072657475726E00002020417474726962A2
:1048D0007574696F6E20756E69742076696F6C618E
:1048E00074696F6E000000002020496E76616C696B
:1048F00064207472616E736974696F6E00000000E9
:1049000020204C617A79207374617465207072651F
:10491000736572766174696F6E00000020204C61CF
:104920007A79207374617465206572726F72000009
:104930002A2A2A2A2A2053505520494E5445525299
:10494000555054202A2A2A2A2A0000002020536584
:104950006375726974792076696F6C6174696F6EC2
:1049600020666F722074686520666C617368206DC4
:10497000656D6F72792073706163650020205365E7
:104980006375726974792076696F6C6174696F6E92
:1049900020666F72207468652052414D206D656DF0
:1049A0006F72792073706163650000002020536589
:1049B0006375726974792076696F6C6174696F6E62
:1049C000206F6E206F6E65206F7220736576657242
:1049D000616C207065726970686572616C732E001D
:1049E00054462D4D206E6F6E2D7365637572652074
:1049F00063616C6C6261636B20696E697469616C80
:104A0000697A6174696F6E206661696C65642C20D7
:104A10006572726F723A2025640000000800000081
:104A20000100000008000000010000005465726DE4
:104A3000696E616C0000000000000000000054542A
:104A400052205245474745530000000039080200F4
:104A5000CD0D020000000000E5E002009519020003
:104A60004D1B0200434D0300484D0300504D030011
:104A70005C4D030000000002000000010000000483
:104A80000000000800000010041000000170000089
:104A900004700000FFFFFFFFFFFFFFFFFFFFFFFFAE
:104AA000FFFFFFFFFFFFFFFFFFFFFFFFFFFFFFFF16
:104AB000FFFFFFFF037000000270000005700000A0
:104AC0000670000008700000097000000A70000005
:104AD00007700000FFFFFFFFFFFFFFFFFFFFFFFF6B
:104AE000FFFFFFFFFFFFFFFFFFFFFFFFFFFFFFFFD6
:104AF000FFFFFFFFFFFFFFFF0180000010400000ED
:104B0000106000001130000012300000FFFFFFFFB6
:104B1000FFFFFFFFFFFFFFFFFFFFFFFFFFFFFFFFA5
:104B200010300000FFFFFFFFFFFFFFFFFFFFFFFF51
:104B3000FFFFFFFFFFFFFFFFFFFFFFFFFFFFFFFF85
:104B4000FFFFFFFFFFFFFFFFFFFFFFFFFFFFFFFF75
:104B5000FFFFFFFFFFFFFFFFFFFFFFFF065000000B
:104B6000FFFFFFFFFFFFFFFFFFFFFFFFFFFFFFFF55
:104B7000FFFFFFFFFFFFFFFF2060000043505520B5
:104B8000657863657074696F6E000000556E6861CA
:104B90006E646C656420696E746572727570740001
:104BA000537461636B206F766572666C6F7700007B
:104BB0004B65726E656C206F6F7073004B65726E23
:104BC000656C2070616E696300000000556E6B6E4D
:104BD0006F776E206572726F7200000048616C74AE
:104BE000696E672073797374656D00003E3E3E20E8
:104BF0005A455048595220464154414C2045525242
:104C00004F522025643A202573206F6E2043505563
:104C1000202564004661756C7420647572696E6746
:104C200020696E746572727570742068616E646C50
:104C3000696E670A0000000043757272656E742029
:104C40007468726561643A202570202825732900F4
:104C500069646C6500000000DCFA0200DCFA020006
:104C600044FB02004CFB02009CFB0200B4FB020070
:104C70006F730000737973776F726B7100000000BF
:104C8000744C030000010000000000000000000060
:104C900000000000000000000000000000000040D4
:104CA000955969595555545515555556040515418D
:104CB0001054554045515544404550445055554574
:104CC00000400040400444966555565545404554C3
:104CD000514115405591555555554051050100001C
:104CE0005445545445550504001004101404400064
:104CF00000000140555515415404000044000100D6
:104D000000000040410000445044455054005555B7
:104D100054556551004000400100000100050100AC
:104D20001154515154555505000000000000000079
:104D300000000000EAFF7AFFF4FF41542B43465580
:104D40004E3D004F4B0D0A004552524F520D0A0086
:104D50002B434D45204552524F523A002B434D5361
:104D6000204552524F523A0070646E003031323357
:104D700034353637383941424344454600303132C4
:104D800033343536373839616263646566003031F3
:104D9000323334353637383900000102050020201F
:104DA00020202020202020282828282820202020DB
:104DB000202020202020202020202020202088109B
:104DC00010101010101010101010101010100404FB
:104DD0000404040404040404101010101010104102
:104DE0004141414141010101010101010101010173
:104DF0000101010101010101011010101010104208
:104E00004242424242020202020202020202020242
:104E10000202020202020202021010101020000020
:104E20000000000000000000000000000000000082
:104E30000000000000000000000000000000000072
:104E40000000000000000000000000000000000062
:104E50000000000000000000000000000000000052
:104E60000000000000000000000000000000000042
:104E70000000000000000000000000000000000032
:104E80000000000000000000000000000000000022
:104E90000000000000000000000000000000616E43
:104EA000006E66696E69747900696E66006E616E87
:104EB00000286E756C6C29006364696E6F70737581
:104EC00078585B616566674145464700616E006ED4
:104ED00066696E6974790000B1EA010000000000A3
:104EE000A9BC020000000000B9BF010000000000E2
:104EF00011EC01000000000041CE010000000000A4
:104F180000000000351A0100000000000001000038
:104F28000000000000000000000000000000000079
:104F38000000000000000000000000000000000069
:104F480000000000C3BC02000000000000010000D7
:104F58000000000000000000000000000000000049
:104F68000000000000000000000000000000000039
:104F7800000000001DE50100000000000001000025
:104F88000000000000000000000000000000000019
:104F98000000000000000000000000000000000009
:104FA800B4000000000000005A00000003000000E8
:104FB800B4000000000000005A00000003000000D8
:104FC800FFFFFFFF482303001500000060230300D4
:104FD80004000000537002009B7B020000000000E8
:104FE80001820200000000000000000000100340E1
:104FF80000000000000000000000000000000000A9
:105008000000000000000000000000000000000098
:105018000000000000000000000000000000000088
:105028000000000000000000000000000000000078
:105038000000000000000000000000000000000068
:105048000000000000000000000000000000000058
:1050580000000000000000000001000000100240F5
:105068000000000000000000000000000000000038
:105078000000000000000000000000000000000028
:1050880060DD0020000000000000000000000000BB
:105098000000000000000000000000000000000008
:1050A8000000000020DE00200000000000000000DA
:1050B80000000000000000000000000000000000E8
:1050C8000000000018CC00200000000000000000D4
:1050D80000000000000000000000000000000000C8
:1050E80000000000000000000000000000000000B8
:1050F8006C03012020000000000000000080014037
:105108000000000000000000000000000000000097
:105118000000000000000000000000000000000087
:105128000000000000000000000000000000000077
:105138000000000013B30200C9C601003DB302001D
:10514800000000000000000021C70100000000006E
:1051580000000000630000000000000089EA010070
:1051680000000000000000000090D003FF000000D5
:10517800FF000000F9FF0100F9FD01001D00020019
:1051880005FE01000903020089000200D1020200A5
:1051980081CE02007BCE020075CE02009002000094
:1051A800D0CC0020D0CC0020D8CC0020D8CC0020F7
:1051B80001060000C4380300A1D20100000000006D
:1051C800583A0300B5D70100000000005C3B03001B
:1051D800E1D801000000000028400300C9DC0100FC
:1051E80001000000D0470300F5E6010000000000C0
:1051F80000000000000000000000000000000000A7
:105208000000000000000000000000000000000096
:105218000000000000000000000000000000000086
:105228000000000000000000000000000000000076
:105238000000000000000000000000000000000066
:10524800000000000000000000000000D88E0120CF
:105258000040000000000000000000000000000006
:10526800986B012000010000000000000000000011
:10527800A0CD0020A0CD002000000000000000000C
:105288000E000000B4CD0020B4CD002000000000C6
:10529800000000000E000000C8CD0020C8CD00208E
:1052A80000000000000000000E000000DCCD00201F
:1052B800DCCD002000000000000000000E0000000F
:1052C800F0CD0020F0CD002000000000000000001C
:1052D8000E00000004CE002004CE002000000000D4
:1052E800000000000E00000018CE002018CE00209C
:1052F80000000000000000000E0000002CCE00207E
:105308002CCE002000000000000000000E0000006D
:1053180040CE002040CE0020000000000000000029
:105328000E00000054CE002054CE002000000000E3
:10533800000000000E00000068CE002068CE0020AB
:105348001802000010000000D8D6012058F80120EB
:10535800D8D60120D8D60120000000008CCE00202D
:105368008CCE00200000000098CE002098CE0020AF
:10537800BC0000000400000060FC012050FF012078
:1053880060FC012060FC012000000000BCCE002071
:10539800BCCE002000000000C8CE0020C8CE0020EF
:1053A800560000000C00000058F8012060FC0120A5
:1053B80058F8012058F8012000000000ECCE002029
:1053C800ECCE002000000000F8CE0020F8CE00202F
:1053D800000000000100000008CF002008CF0020D6
:1053E80010CF002010CF00200000000001000000B6
:1053F80020CF002020CF002028CF002028CF002059
:10540800000000000100000038CF002038CF002045
:1054180040CF002040CF0020000000000100000025
:1054280050CF002050CF002058CF002058CF002068
:10543800000000000100000068CF002068CF0020B5
:1054480070CF002070CF0020000000000100000095
:1054580080CF002080CF002088CF002088CF002078
:10546800000000000100000098CF002098CF002025
:105478000000000000000000A8CF0020A8CF0020F6
:10548800B0CF0020B0CF002000D0002000000000E6
:105498000000000000000000000000000000000004
:1054A80000000000000000000000000000000000F4
:1054B80000000000000000000000000000000000E4
:0C54C800000000000000000000000000D8
:1054D800B4FB020030D000200000000000020000F1
:1054E80000000000000000000005000000000000AF
:1054F80000000000000000000000000000000000A4
:1055080000000000000000001184020000000000FC
:085518000000000015E015E0A1
:00000001FF
