:020000040000FA
:10000000F80B0020710F000083100000EFB2000019
:1000100019B3000043B3000097B300006DB30000B4
:10002000000000000000000000000000C96E000099
:100030008B10000000000000931000009B100000D7
:100040000000000000000000000000008D8500009E
:1000500000000000A31000000000000000000000ED
:10006000AB100000B3100000BB100000C310000074
:1000700000000000CB100000D3100000DB100000D7
:10008000E3100000EB100000000000000000000082
:10009000F3100000FB100000000000000000000052
:1000A0000311000000000000000000000B11000020
:1000B000131100001B110000231100002B11000080
:1000C000331100003B110000431100004B110000F0
:1000D00053110000000000005B1100000000000050
:1000E00063110000000000006B1100000000000020
:1000F000731100000000000000000000000000007C
:10010000000000007B110000000000000000000063
:1001100000000000000000000000000000000000DF
:10012000000000008311000000000000000000003B
:1001300000000000000000000000000000000000BF
:100140008B11000000015F5F02000000FE0B000049
:100150009D6F00008006000000000000000000000D
:100160000000000000000000000000000100FFC3CC
:10017000000000C4C02200200000000001015F5FF9
:10018000030100001F010000A7070000000000009D
:10019000000000000100000001000000000000005D
:1001A000000000000000000000000000000000004F
:1001B000000000007000000038B80000800000005F
:1001C000000F000001000000D707000001015F5F81
:1001D000040100001F0100003B0B000000000000B4
:1001E000000000000000000001000000000000000E
:1001F00000000000000000000000000000000000FF
:100200000000000044B800004000000005070000A6
:0802100001000000FF0A0000DC
:1002200080B483B000AF7860044A7B68C2F80434BD
:10023000002318460C37BD4680BC7047201C0020A8
:1002400080B483B000AF7860054BD3F804247B689A
:100250001A60002318460C37BD4680BC704700BFAB
:10026000201C002080B483B000AF786039607B68C8
:1002700013F1040F02D96FF08C031FE07B68033386
:1002800023F003037B60104BD3F80034C3F5806385
:100290007A689A4202D96FF08C030FE00A4BD3F8C8
:1002A0000034094A1A443B681A60074BD3F800240B
:1002B0007B681344044AC2F80034002318460C3704
:1002C000BD4680BC704700BF201C002080B500AF39
:1002D000084B0022C3F80424064BD3F800341A4616
:1002E000002104480BF017F9024B0022C3F8002448
:1002F00000BF80BD201C002080B58AB000AFF86030
:10030000B9607A603B606FF096037B62FB681B68A4
:100310003B620023BB6100233B6100237B61002320
:10032000FB77FB685B68402B02D06FF080039AE09C
:100330003B6A1B8D1B0A9BB2BB77BB7F032B04D090
:10034000BB7F012B01D0012300E00023FB77FB7F63
:1003500003F00103FB77FB7F002B0FD007F118039D
:10036000184600F0E8F878627B6A002B01D07B6ABF
:1003700079E03B6A1B683B61BB697B61BB7F013BEA
:10038000092B6BD801A252F823F000BF3F040000F4
:10039000B5030000C7030000D3030000E50300001D
:1003A000F7030000090400001B0400002D040000F6
:1003B0004B04000007F110031A467968F86800F052
:1003C00077FA03464FE07968F86800F024FA0346AC
:1003D00049E007F110031A467968F86800F027FA37
:1003E000034640E007F110031A467968F86800F008
:1003F00005FA034637E007F110031A467968F868F2
:1004000000F022FA03462EE007F110031A4679683D
:10041000F86800F026FA034625E007F110031A46B3
:100420007968F86800F02AFA03461CE007F1100327
:100430001A467968F86800F02EFA034613E07968E6
:10044000F86800F042FA03460DE007F110031A467F
:100450007968F86800F056FA034604E004480BF0A7
:1004600098F96FF0850318462837BD4680BD00BF58
:10047000480B000080B582B000AF6FF083037B6053
:1004800000233B6000F028F8386039680A480BF018
:1004900080F900F02FF878607B68002B01D07B6832
:1004A00006E0396805480BF074F908F0A9FF034627
:1004B00018460837BD4680BD700B0000980B000041
:1004C00080B500AF2822002102480BF024F8002359
:1004D000184680BD2820002080B500AF0F220349B8
:1004E00003480AF0D2FF024B184680BDD40B00002F
:1004F0005020002080B500AF0121064800F0DAFC52
:10050000054808F0F3FE012104480BF042F90023EE
:10051000184680BD64200020F3080000E40B0000B2
:1005200080B582B000AF78607868FFF779FE00BFD1
:100530000837BD4680BD80B582B000AF786078686E
:10054000FFF77EFE034618460837BD4680BDB0B5AE
:1005500088B000AFF860B9607A603B6000237B61CF
:100560000123FB612EE0FB68FA69043253F8223064
:1005700007F1140211461846FFF774FEB861BB6913
:10058000002B03D0FFF7A2FEBB694DE0FB68586863
:100590007969FB68FA69043253F82250FB69DB0081
:1005A000BA68D4182B460A46F9690BF027F80346B7
:1005B0006360FB69DB00BA6813447A691A60FB69FF
:1005C0000133FB61FA697B689A42CCD30023FB615B
:1005D00025E0FB68FA69083253F8223007F114026B
:1005E00011461846FFF73EFEB861BB69002B03D0E9
:1005F000FFF76CFEBB6917E0FB69DB003A68134448
:100600007A691A60FB69DB003A681344FA68F96991
:10061000083152F821205A60FB690133FB61FA6905
:100620003B6B9A42D5D3002318462037BD46B0BD58
:1006300080B5A8B002AF78600023C7F888300423E3
:10064000C7F894300423C7F8903007F168032022DC
:10065000002118460AF05FFF07F14803202200211D
:1006600018460AF058FF07F10803402200211846F7
:100670000AF051FF04E0D7F89430013BC7F89430FA
:10068000D7F89430002B0ED0D7F894305A1E7B68E0
:10069000043253F82230002BEDD004E0D7F890302C
:1006A000013BC7F89030D7F89030002B08D0D7F82E
:1006B00090305A1E7B68083253F82230002BEDD060
:1006C000D7F89430002B02D16FF0830360E07B6891
:1006D000586807F10802402300210AF08FFF034603
:1006E000402B02D06FF0830352E007F10803BB6692
:1006F0004023FB6607F1480207F16801D7F8903004
:1007000000931346D7F894207868FFF720FFC7F8C6
:100710008800D7F88830002B02D0D7F8883037E02F
:100720007B689B681846FFF7FBFE07F1480207F15C
:100730006800D7F89030D7F89410FFF7DDFDC7F8C0
:1007400088000023C7F88C3018E07B685868D7F819
:100750008C30DB0098333B4453F8502CD7F88C3066
:10076000DB0098333B4453F84C3CD7F88C100AF02C
:1007700064FFD7F88C300133C7F88C30D7F88C2061
:10078000D7F890309A42E0D3FFF7A0FDD7F8883031
:1007900018469837BD4680BD80B500AFFFF790FE84
:1007A0000346184680BD80B582B000AFFFF7F4FF66
:1007B00078607B68002B01D07B6808E0FFF75AFE69
:1007C00078607B68002B01D07B6800E0002318462E
:1007D0000837BD4680BD80B582B000AF78607B68C9
:1007E0001B68002B04D17868FFF722FF034601E065
:1007F0006FF0850318460837BD4680BD80B485B0CC
:1008000000AFF860B9607A606FF08503184614375E
:10081000BD4680BC704780B483B000AF786039605B
:100820006FF0850318460C37BD4680BC704780B416
:1008300085B000AFF860B9607A606FF08503184644
:100840001437BD4680BC704780B485B000AFF860F7
:10085000B9607A606FF0850318461437BD4680BCD6
:10086000704780B485B000AFF860B9607A606FF00F
:10087000850318461437BD4680BC704780B485B0E8
:1008800000AFF860B9607A606FF0850318461437DE
:10089000BD4680BC704780B485B000AFF860B960D9
:1008A0007A606FF0850318461437BD4680BC7047E8
:1008B00080B485B000AFF860B9607A606FF08503EE
:1008C00018461437BD4680BC704780B584B000AF71
:1008D000786039603B681B68FB603B685B68BB60A5
:1008E000B968F86808F04EFD034618461037BD4653
:1008F00080BD0FB480B400AF00231846BD4680BC55
:1009000004B0704780B485B000AFF860B9607A6019
:100910006FF0850318461437BD4680BC704780B51C
:1009200000AF05F081F90023184680BD80B582B084
:1009300000AF7860FFF7F3FF034618460837BD465F
:1009400080BD80B5AEB000AF78600023C7F8B4308A
:100950000023C7F8B03007F1940300221A605A60F0
:1009600007F18C0300221A605A600023FB6407F130
:1009700050033C22002118460AF0CDFD0023FB6005
:1009800007F110033C22002118460AF0C4FD0023A1
:10099000BB600123C7F8A4300023C7F8A0300423AC
:1009A000C7F8AC300423C7F8A83004E0D7F8AC305F
:1009B000013BC7F8AC30D7F8AC30002B0ED0D7F8DD
:1009C000AC305A1E7B68043253F82230002BEDD035
:1009D00004E0D7F8A830013BC7F8A830D7F8A83012
:1009E000002B08D0D7F8A8305A1E7B68083253F87D
:1009F0002230002BEDD0D7F8AC30002B07D0D7F841
:100A0000AC30022B03D8D7F8A830012B01D9012331
:100A100071E07B68586807F10802042300210AF09E
:100A2000EDFD0346C7F8A030D7F8A030042B02D064
:100A30006FF080035FE0D7F8AC30012B2BD97B68D7
:100A40005B69C7F89C30D7F89C30402B02D96FF017
:100A5000890350E07B6858687B685B6907F14C024A
:100A600001210AF0CBFD0346C7F8A030D7F8A0302B
:100A7000D7F89C209A4202D06FF080033BE007F148
:100A80004C03C7F89430D7F89C30C7F8983007F17A
:100A90009403C7F8B430D7F8A830002B12D07B6885
:100AA0001B6A402B02D96FF0800324E007F10C038E
:100AB000C7F88C307B681B6AC7F8903007F18C034D
:100AC000C7F8B030BB68D7F8B020D7F8B4101846D4
:100AD00005F004F9C7F8A400D7F8B030002B08D00F
:100AE0007B685868D7F88C20D7F8903000210AF03E
:100AF000A4FDD7F8A4301846B837BD4680BD80B5F0
:100B000082B000AF78607B681B68B3F57D7F04D04E
:100B100040F2F532934205D009E07868FFF706FF0E
:100B2000034606E07868FFF70CFF034601E06FF02C
:100B3000850318460837BD4680BD80B400AF00234A
:100B40001846BD4680BC70475B4552525D5B4372A0
:100B50007970746F5D20556E737570706F72746507
:100B6000642072657175657374210D0A00000000C0
:100B70005B4442475D5B43727970746F5D20496EE0
:100B80006974201B5B303B33326D25731B5B306D0A
:100B90002E2E2E0D0A0000005B4442475D5B43721F
:100BA0007970746F5D20496E6974201B5B303B3334
:100BB000326D25731B5B306D2E2E2E201B5B303B60
:100BC00033326D636F6D706C6574651B5B306D2EB9
:100BD0000D0A00004D62656420544C5320332E36BC
:100BE0002E3400005B4442475D5B43727970746F42
:100BF0005D20496E7465726E616C2068656170205D
:100C000073697A652069732025642062797465733D
:100C10000D0A00000F4B02689A4206D1C269A3F187
:100C20001023A3F1EF139A4201D00120704783688B
:100C3000012BFAD8C36813B102699342F5D0436916
:100C40002BB18069C01AB0FA80F04009704718468D
:100C5000704700BF55AA00FFF8B5164B996829B137
:100C60000846FFF7D7FF08B9CB680BB10120F8BDE4
:100C70000B69002BFBD0104D104E1A68AA42F5D11B
:100C8000DA69B242F2D19A68012AEFD8DC68002C06
:100C9000ECD01A699442E9D05F691FB1D3F818C04B
:100CA0006745E3D08C42E1D11946002ADFD01346D4
:100CB000E3E700BF6820002055AA00FF669911EE07
:100CC000002865D070B5374D2B68002B54D0AA682A
:100CD000002A51D08342014661D86A681344984281
:100CE0005DD2A0F120063046FFF794FF002856D1D0
:100CF00051F8183C012B52D151F8144C41F8180C02
:100D000051F8100C002C38D0A368002B35D151F8C5
:100D10001C2C6368203213442061636000B1C460FE
:100D20002022002130460AF0F6FB2069F0B18368EA
:100D3000E3B926464268736813440269203373603E
:100D40003261D6E9051331B38B6103B15961416951
:100D500083697161B361E1B18E61B36903B15E61B1
:100D600002B1D660202200210AF0D5FB2B699B0737
:100D700002D5FFF771FF90B970BD10B18368002BE9
:100D8000D8D0EB6841F8083C03B15E61EE60EDE756
:100D90007047EE60E2E7002BD9D0EB60D6E7012088
:100DA0000AF060FA682000202DE9F84F3E4D2B68CC
:100DB000EC68002B40D0AB68002B3DD000283BD026
:100DC000002939D001FB00F6B6FBF0F0884233D1A0
:100DD000301D31D8B10733D026F00301043114B9E6
:100DE0002BE0A4694CB363688B42FAD3D4F808C0F3
:100DF000BCF1000F55D1A0695B1A232B81466769AE
:100E000020D80123A360002F47D0B861A06900B1AA
:100E1000476100232A696361D207A36103D5FFF705
:100E20001BFF00283DD120343246002120460AF025
:100E300072FB2046BDE8F88F00242046BDE8F88FFD
:100E40003146CCE7D4F8108001F1200EDFF85CB019
:100E5000DFF85CA004EB0E02203BC2E9013CC2E9D2
:100E6000034844F80EB0C2F81CA0B8F1000F01D03E
:100E7000C8F80C20C2F81890576187B1BA61906920
:100E800000B1426100236160296922610122C4E945
:100E90000533CB07A260C6D5C1E7E860B7E7EA60D3
:100EA000EEE701200AF0DEF96820002055AA00FFD5
:100EB000669911EE38B50D461422002104461148FA
:100EC0000AF029FB1049114808F002FA232D18D91D
:100ED00014F0030304D0043DC3F104021D44144480
:100EE0002A46002120460AF016FB064B084A09480C
:100EF000A5F12001C3E901541C60E061C4E90021AF
:100F0000DC6038BD68200020C10C0000A90D000085
:100F100055AA00FF669911EE0000000000000000D5
:100F2000687E000001000000698D0000418D000016
:100F300040FC0000802000206B00000040FC00000E
:100F4000201C00200000000040FC0000001C0020CD
:100F500000000000201C002018010000001C0020E0
:100F60000800000080B500AF06F022FE00BF80BD83
:100F700080B588B000AF72B600BF314B314A9A607D
:100F8000314B3B603B6883F3098800BF2F4B7B608C
:100F90007B6883F30A8800BF2C4BBB60BB6883F37C
:100FA0000B8800BF2A4BFB60F96823A3D3E9002319
:100FB000C1E9002300BF00F0F3F9264BFB6119E003
:100FC0000023BB610EE0FB691A68BB699B001A44F1
:100FD000FB695968BB699B000B4412681A60BB69C6
:100FE0000133BB61FB699B68BA699A42EBD3FB6929
:100FF0000C33FB61FB69184A9342E1D3174B7B61C9
:1010000014E000233B6109E07B691A683B699B009F
:10101000134400221A603B6901333B617B695B68C2
:101020003A699A42F0D37B6908337B617B690C4A49
:101030009342E6D307F0ACFEA5EDF5FEA5EDF5FE77
:1010400000ED00E000000000F80B0020000400208C
:10105000F80B0020300F0000540F0000540F000068
:10106000640F0000EFF30880EFF309812DE9F00F22
:101070006B46724600F084FB08B0FFF773FFFEE793
:1010800000BF80B500AFFFF7EDFF80B500AFFFF701
:10109000E9FF80B500AFFFF7E5FF80B500AFFFF7D0
:1010A000E1FF80B500AFFFF7DDFF80B500AFFFF7D0
:1010B000D9FF80B500AFFFF7D5FF80B500AFFFF7D0
:1010C000D1FF80B500AFFFF7CDFF80B500AFFFF7D0
:1010D000C9FF80B500AFFFF7C5FF80B500AFFFF7D0
:1010E000C1FF80B500AFFFF7BDFF80B500AFFFF7D0
:1010F000B9FF80B500AFFFF7B5FF80B500AFFFF7D0
:10110000B1FF80B500AFFFF7ADFF80B500AFFFF7CF
:10111000A9FF80B500AFFFF7A5FF80B500AFFFF7CF
:10112000A1FF80B500AFFFF79DFF80B500AFFFF7CF
:1011300099FF80B500AFFFF795FF80B500AFFFF7CF
:1011400091FF80B500AFFFF78DFF80B500AFFFF7CF
:1011500089FF80B500AFFFF785FF80B500AFFFF7CF
:1011600081FF80B500AFFFF77DFF80B500AFFFF7CF
:1011700079FF80B500AFFFF775FF80B500AFFFF7CF
:1011800071FF80B500AFFFF76DFF80B500AFFFF7CF
:1011900069FF000080B400AFBFF34F8F00BF064B64
:1011A000DB6803F4E0620449044B1343CB60BFF3F4
:1011B0004F8F00BF00BFFDE700ED00E00400FA051F
:1011C00080B483B000AF104B1B68C3F30B037B608C
:1011D0000E4B1B683B60BFF34F8F00BF7B68092B32
:1011E0000CD13B68012B03D03B68022B02D003E0FB
:1011F000012304E0012302E0012300E0002318465C
:101200000C37BD4680BC70473001FF003401FF0041
:1012100080B483B000AF104B1B68C3F30B037B603B
:101220000E4B1B683B60BFF34F8F00BF7B68092BE1
:101230000CD13B68012B03D03B68022B02D003E0AA
:10124000012304E0012302E0012300E0002318460B
:101250000C37BD4680BC70473001FF003401FF00F1
:1012600080B483B000AF104B1B68C3F30B037B60EB
:101270000E4B1B683B60BFF34F8F00BF7B68092B91
:101280000CD13B68012B03D03B68022B02D003E05A
:10129000012304E0002302E0002300E000231846BD
:1012A0000C37BD4680BC70473001FF003401FF00A1
:1012B00080B483B000AF104B1B68C3F30B037B609B
:1012C0000E4B1B683B60BFF34F8F00BF7B68092B41
:1012D0000CD13B68012B03D03B68022B02D003E00A
:1012E000002304E0012302E0012300E0002318466C
:1012F0000C37BD4680BC70473001FF003401FF0051
:1013000080B483B000AF104B1B68C3F30B037B604A
:101310000E4B1B683B60BFF34F8F00BF7B68092BF0
:101320000CD13B68012B03D03B68022B02D003E0B9
:10133000012304E0002302E0002300E0002318461C
:101340000C37BD4680BC70473001FF003401FF0000
:1013500080B483B000AF104B1B68C3F30B037B60FA
:101360000E4B1B683B60BFF34F8F00BF7B68092BA0
:101370000CD13B68012B03D03B68022B02D003E069
:10138000012304E0012302E0012300E000231846CA
:101390000C37BD4680BC70473001FF003401FF00B0
:1013A00080B586B000AF784B1B68774A43F00203E4
:1013B0001360FFF705FF0346002B09D04FF05023C1
:1013C0000022C3F814214FF050230022C3F8182143
:1013D000FFF746FF0346002B06D06C4B01221A6034
:1013E0006B4B0122C3F87825FFF762FF0346002B01
:1013F00003D0674B0122C3F87825FFF781FF03462E
:10140000002B02D0634B0E221A60FFF7A1FF0346A8
:10141000002B05D0604B00221A60604B01221A603D
:1014200000237B6111E04FF47F024FF47F017B6961
:10143000603351F8333019467B696033DB00134465
:101440005B680B607B6901337B617B69FF2B0ED886
:101450007B69DB0003F57F0303F54073184602F058
:1014600078FC034683F00103DBB2002BDBD1EFF302
:1014700010837B607B68012B0CBF01230023FB746E
:1014800000F0C6F80346002B04D100F08FF80346A5
:10149000002B6AD0BFF34F8F00BF00BF404BD3F883
:1014A0000034012BFAD13E4B0122C3F8042500BFC2
:1014B0003B4BD3F80034012BFAD1FB7C83F00103C2
:1014C000DBB2002B06D0FFF7A3FE0346002B01D0B2
:1014D00072B600BF00F09CF80346002B12D0314BCF
:1014E000DB69FB60FB6823F00103BB602D4ABB682E
:1014F000D361BFF34F8F00BF00BF294BD3F8003437
:10150000012BFAD100F052F80346002B14D0254BE2
:101510001B6AFB60FB6823F0FF0343F02003BB6002
:10152000204ABB681362BFF34F8F00BF00BF1C4B44
:10153000D3F80034012BFAD1FB7C83F00103DBB23A
:10154000002B06D0FFF764FE0346002B01D062B6E5
:1015500000BF134B0022C3F8042500BF104BD3F883
:101560000034012BFAD1FFF715FE0F4BD3F88C3066
:101570000D4A43F44063C2F88C3002F0E0FB00BF38
:101580001837BD4680BD00BFD0ED00E0384A00509E
:1015900000400050E4AE03500C470050104700508C
:1015A000009003500080FF0000ED00E080B582B0A5
:1015B00000AFEFF310833B603B68012B0CBF0123AE
:1015C0000023FB71FB7983F00103DBB2002B06D013
:1015D000FFF71EFE0346002B01D072B600BF0B487A
:1015E00002F0B7FB0346BB71FB7983F00103DBB26A
:1015F000002B06D0FFF70CFE0346002B01D062B68D
:1016000000BFBB7918460837BD4680BD2080FF006B
:1016100080B584B000AFEFF310833B603B68012BD3
:101620000CBF01230023FB73FB7B83F00103DBB2C0
:10163000002B06D0FFF7ECFD0346002B01D072B65D
:1016400000BF104BDB69BB60BFF34F8F00BFBB68AF
:1016500003F00103002B14BF01230023FB71FB7B6C
:1016600083F00103DBB2002B06D0FFF7D1FD034668
:10167000002B01D062B600BFFB7918461037BD467B
:1016800080BD00BF0080FF0080B584B000AF7860EF
:101690000023FB730E212A4802F071FB7B681B6854
:1016A000033B042B2BD801A252F823F0C1160000F3
:1016B000CB160000D9160000E7160000F516000052
:1016C0000C21204802F05BFB30E012211E4802F0A2
:1016D00056FB0123FB7329E00B211C4802F04FFB52
:1016E0000123FB7322E00D21194802F048FB01237E
:1016F000FB731BE00E21174802F041FB16E07B68EC
:101700001B680F2B07D87B681B681A4614211248E8
:1017100006F054FA07E07B681B68103B1A46252147
:101720000E4806F04BFA0123FB7300BFFB7B796880
:10173000184602F0B7FB00BF1037BD4680BD00BFA2
:1017400098860000A8860000B4860000C8860000C5
:10175000D4860000E4860000F486000008870000BC
:1017600080B582B000AF78607C220449786809F0C7
:101770008CFE00BF0837BD4680BD00BF5C2900203D
:1017800080B586B000AFF860B9607A603B60394BD5
:101790007B61394B5B68C3F308027B691A60EFF326
:1017A00003833B613A697B695A657B697A685A6051
:1017B0007B69FA689A607B69BA68DA607B69586805
:1017C0007B6999687B69DB681A4602F043FB024635
:1017D0007B691A617B6903F114007B691B69202214
:1017E000194609F052FE3B68002B06D07B69343362
:1017F00020223968184609F048FE1F4B9A6A7B6917
:101800009A651D4BDA6A7B69DA651B4B9A6B7B69BB
:101810001A667B699B6D03F400427B695A66164B1E
:101820005A6B7B699A667B699B6D03F080027B69CA
:10183000DA66114A7B699B6D93620F4A7B69DB6DA7
:10184000D3620E4B5A697B691A670C4B9A697B69A4
:101850005A677B691B6F03F040027B699A67074AEE
:101860007B691B6F53617869FFF70EFF00BF183764
:10187000BD4680BD5C29002000ED00E0D0ED00E019
:1018800080B584B000AF786039600F4B5B69396810
:1018900078689847F860FB68002B01D000230EE0C1
:1018A00000BF094BDB6A98470346DBB203F0010334
:1018B000DBB2002BF5D1044B1B6A98470346184650
:1018C0001037BD4680BD00BF5C87000080B582B088
:1018D00000AF4FF0FF337B60304B9B680020984790
:1018E00078607B68002B0DD008212D4802F047FA64
:1018F0000B212C4802F043FA842202212A4806F0E8
:101900005DF9FEE7254B1B690220984778607B68EC
:10191000002B0DD00821224802F031FA0B2121487A
:1019200002F02DFA8A2202211F4806F047F9FEE74D
:101930001A4B9B6A4FF4E1310120984778607B682D
:10194000002B0DD00821164802F019FA0B2115487A
:1019500002F015FA90220221134806F02FF9FEE753
:101960000E4B9B6A01211520984778607B68002BFD
:101970000DD008210A4802F002FA0B21094802F0B2
:10198000FEF996220221084806F018F9FEE7074BF7
:1019900001221A700837BD4680BD00BF5C87000079
:1019A000308700003C87000038870000DC380020CA
:1019B00080B487B000AFF860B9607A6000237B61C3
:1019C00035E07B699B00BA6813441B68C3F30803C6
:1019D0003B613B6940F2FF12934202D14FF0FF336B
:1019E0003B617B699B00BA6813441B685B0C032B4B
:1019F0001AD801A252F823F0091A0000111A0000A7
:101A0000191A0000211A0000FB683A691A600BE0FD
:101A1000FB683A695A6007E0FB683A699A6003E03C
:101A2000FB683A69DA6000BF7B6901337B617A69E0
:101A30007B689A42C5D300BF00BF1C37BD4680BC3F
:101A4000704700BF80B483B000AF074B1B687B605A
:101A50000023BA8862F30F03FA8862F31F43184623
:101A60000C37BD4680BC70474887000080B586B003
:101A700000AFF860B9607A607B68D3F88C307B6126
:101A80007A6807F110039032126811461980023308
:101A9000120C1A70BB689C4A934200F0D680BB6857
:101AA000994A934200F2D580BB68B3F5612F00F0EC
:101AB000C880BB68B3F5612F00F2CB80BB68B3F57B
:101AC000E12F00F0BA80BB68B3F5E12F00F2C180CE
:101AD000BB688E4A934200F0AC80BB688B4A93424D
:101AE00000F2B780BB68B3F5613F00F09E80BB6831
:101AF000B3F5613F00F2AD80BB68B3F5E13F00F0A4
:101B00009080BB68B3F5E13F00F2A380BB68B3F5FA
:101B1000963F00F08380BB68B3F5963F00F2998052
:101B2000BB68B3F5614F75D0BB68B3F5614F00F288
:101B30009080BB684DF6C022934267D0BB684DF6DB
:101B4000C022934200F28580BB68B3F5164F59D08E
:101B5000BB68B3F5164F7CD8BB6847F61222934298
:101B60004CD0BB6847F61222934272D8BB68B3F5DB
:101B7000E14F40D0BB68B3F5E14F6AD8BB68B3F51D
:101B8000964F35D0BB68B3F5964F62D8BB68B3F5B6
:101B9000615F2AD0BB68B3F5615F5AD8BB68B3F503
:101BA000165F1FD0BB68B3F5165F52D8BB68B3F59C
:101BB000965F14D0BB68B3F5965F4AD8BB68B3F59F
:101BC000966F04D0BB68B3F5166F04D041E04FF4B4
:101BD0009E237B6140E04FF41D237B613CE04C4B36
:101BE0007B6139E04B4B7B6136E04B4B7B6133E0F3
:101BF0004A4B7B6130E04A4B7B612DE04FF40003A0
:101C00007B6129E04FF41D037B6125E04FF4650300
:101C10007B6121E04FF46B037B611DE0414B7B61F5
:101C20001AE04FF0EB737B6116E04FF06C737B6151
:101C300012E04FF080637B610EE04FF0E8637B6160
:101C40000AE04FF070637B6106E04FF080537B61E8
:101C500002E06FF0070353E0FB6803F4E063002B3E
:101C600002D06FF008034BE0FB6803F44043002B05
:101C700003D0B3F5804F03D005E00023BB7405E02B
:101C80001023BB7402E06FF00A0339E0FB6803F431
:101C90004053002B03D0B3F5805F03D005E0002351
:101CA0007B7405E00E237B7402E06FF0090327E0EC
:101CB000FB6803F44033002B03D0B3F5403F03D05F
:101CC00005E000233B7405E001233B7402E06FF064
:101CD0000B0315E07B687A69C3F88C207B6890332E
:101CE00007F110021268114619800233120C1A70A3
:101CF0007A687B6864331946104600F03BFB00238A
:101D000018461837BD4680BD40420F0090D00300F2
:101D100000B013000050270000F03A0000A04E0071
:101D200000C0750000903A0180B582B000AF7860C5
:101D30000449786802F0EBF8034618460837BD46B8
:101D400080BD00BF8420002080B500AF024802F0B3
:101D500006F90346184680BD8420002080B582B075
:101D600000AF0346FB71FB790449184602F004F901
:101D7000034618460837BD4680BD00BF84200020BA
:101D800080B582B000AF78603960054A39687868FC
:101D900002F004F9034618460837BD4680BD00BF6F
:101DA0008420002080B582B000AF78603960054A99
:101DB0003968786802F052F9034618460837BD467C
:101DC00080BD00BF8420002080B500AF024802F033
:101DD000BCF90346184680BD8420002080B500AFC2
:101DE000024802F0BDF90346184680BD8420002059
:101DF00080B582B000AF78603960054A396878688C
:101E000002F0E3F9034618460837BD4680BD00BF1F
:101E10008420002080B483B000AF0346FB7197F9A3
:101E20000730002B0BDBFB7903F01F02064997F903
:101E300007305B09012000FA02F241F8232000BFBD
:101E40000C37BD4680BC704700E100E080B483B031
:101E500000AF0346FB7197F90730002B12DBFB79CB
:101E600003F01F020A4997F907305B09012000FAC5
:101E700002F2203341F82320BFF34F8F00BFBFF39E
:101E80006F8F00BF00BF0C37BD4680BC704700BFDE
:101E900000E100E080B483B000AF03463960FB711D
:101EA00097F90730002B0ADB3B68DAB20C4997F947
:101EB00007305201D2B20B4483F800230AE03B689A
:101EC000DAB20849FB7903F00F03043B5201D2B2A6
:101ED0000B441A7600BF0C37BD4680BC704700BF6C
:101EE00000E100E000ED00E080B483B000AF134BF0
:101EF0001B68C3F30B037B60BFF34F8F00BF104B16
:101F00001B683B60BFF34F8F00BFBFF34F8F00BF15
:101F10007B68092B0CD13B68012B03D03B68022B5B
:101F200002D003E0012304E0012302E0012300E0EA
:101F3000002318460C37BD4680BC70473001FF00B7
:101F40003401FF0080B584B000AF78607B68002B5F
:101F500011D00B4B43F00103FB600A4B1B680A4A8C
:101F6000A2FB03239A0C7B6802FB03F3BB60FB68B4
:101F7000B868984700E000BF1037BD4680BD00BF7D
:101F8000C08700008020002083DE1B4380B584B022
:101F900000AF78607B681B68184602F047FE034676
:101FA00083F00103DBB2002B0ED00821164801F0AC
:101FB000E6FE1921154801F0E2FE4FF47472022189
:101FC000134805F0FBFDFEE70023FB60786802F094
:101FD00052FE0346002B02D10E4BFB600EE008219F
:101FE000094801F0CCFE1921084801F0C8FE40F272
:101FF000D9320221064805F0E1FDFEE7FB681846EC
:102000001037BD4680BD00BF94870000A087000048
:102010009C8700000025845080B586B000AF7860B2
:10202000084611461A460346FB700B46BB70134622
:102030007B703B1D1846FFF7A9FF78617A687B69C2
:10204000803253F822303B61114BFB60FB68DB436D
:102050003A6913403B61FA78BB785B001A437B789E
:102060009B001A4397F820301B021A4397F824303C
:102070001B0413433A6913433B617A687B698032DE
:10208000396943F8221000BF1837BD4680BD00BF34
:102090000F07030080B58AB000AF786039607B68B5
:1020A00004337B623B6893F8303083F00103DBB28A
:1020B000002B20D07B6ADB6C43F000731A467B6AEE
:1020C000DA643B681B68B3F1FF3F09D03B681B68CB
:1020D000184602F00EFE3B681B68184602F0DEFD53
:1020E0003B685B68B3F1FF3F05D03B685B6800214C
:1020F000184602F0E0FD3B6893F82C30012B28D104
:102100003B6893F8303083F00103DBB2002B20D022
:102110007B6ADB6C43F000631A467B6ADA643B68D7
:10212000DB68B3F1FF3F05D03B68DB680021184650
:1021300002F0C1FD3B689B68B3F1FF3F09D03B68EB
:102140009B68184602F0D5FD3B689B68184602F074
:10215000A5FD3B6893F82F3083F00103DBB2002B21
:1021600006D07B6ADB6C43F080731A467B6ADA64C4
:1021700007F10C0300221A605A609A60DA601A6153
:102180005A613B681B68FB603B685B683B613B686E
:102190009B687B613B68DB68BB613B6893F82F30D1
:1021A00087F823303A6807F120032C321268114671
:1021B00019800233120C1A703B689B6AFB617B68C2
:1021C0001B6807F10C021146184602F09AFAFFF755
:1021D0008BFE0346002B02D0786802F0E1FD7B689D
:1021E00018683B6893F832200023034902F0C2FAD2
:1021F00000BF2837BD4680BD1003420080B588B0BF
:1022000000AFF860B9607A60FB68002B0ED108213E
:10221000544801F0B4FD1021534801F0B0FD40F2E4
:102220008D120221514805F0C9FCFEE7BB68002B66
:102230000ED108214B4801F0A2FD10214A4801F0BF
:102240009EFD4FF4C7720221484805F0B7FCFEE737
:10225000FB680433FB61FB6993F84830002B04D022
:102260006FF077033B613B6978E050220021F86909
:1022700009F051F9BB681A69FB691A60BB685A69B1
:10228000FB699A63BB689B69002B03D1FB69002241
:10229000DA6304E0BB689B695A1EFB69DA63BB68BA
:1022A0001B6A042B06D9BB68DA69FB699A61FB6972
:1022B0000022DA617B68002B04D0BB6893F83130D0
:1022C000002B01D0002301E04FF48073BB61BB6899
:1022D00093F83130002B06D0FB69DB6C43F001032F
:1022E0001A46FB69DA64FB697A685A60FB69012265
:1022F00083F84820FB681B68184602F0E1FD03469E
:1023000083F00103DBB2002B02D06FF08B0325E0DA
:10231000B968F868FFF7BEFEFB681A68BB6893F8F7
:1023200031301946104602F017FE034683F00103D0
:10233000DBB2002B02D06FF08B030FE07B68002B29
:1023400001D00B4A00E00022BB6913437B61FB68AC
:102350001B687969184602F018FB002318462037DD
:10236000BD4680BD94870000C88700009C870000A0
:1023700010020A0080B584B000AF786039607B68D5
:10238000002B0ED108212F4801F0F9FC17212E480F
:1023900001F0F5FC4FF4FE7202212C4805F00EFC12
:1023A000FEE73B68002B0ED10821264801F0E7FC30
:1023B0001721254801F0E3FC40F2FD1202212348D9
:1023C00005F0FCFBFEE77B680433FB60FB6893F8D9
:1023D0004830002B02D16FF076032FE0786800F0D0
:1023E0009BFA0346002B02D06FF00F0326E07B68B8
:1023F0001B68184602F01EFBFB685B68002B03D0CD
:102400003B681A69FB681A6039687868FFF742FE12
:102410007B681A68FB68DB6C03F00103002B14BFB8
:1024200001230023DBB21946104602F095FD034656
:10243000002B01D0002301E06FF08B03184610370A
:10244000BD4680BD94870000D88700009C870000AF
:1024500080B586B000AF78607B68002B0ED1082174
:10246000254801F08CFC1221244801F088FC4FF42F
:1024700007720221224805F0A1FBFEE77B680433C6
:102480007B617B681B683B617B6993F84830002B5C
:102490000ED10821184801F072FC1221174801F0F2
:1024A0006EFC40F222220221154805F087FBFEE770
:1024B0001449386902F08BFA386902F0C8F9012230
:1024C0000121786800F0CAFCF8600121786800F00A
:1024D00061FAF860786802F019FC7B690022DA641E
:1024E0007B69002283F848207B6900225A6000BF84
:1024F0001837BD4680BD00BF94870000F0870000FC
:102500009C87000010034A0080B582B000AF78605D
:102510007B68002B0ED108210C4801F030FC1621FD
:102520000B4801F02CFC40F245220221094805F03D
:1025300045FBFEE77B6893F84C30002B14BF01236A
:102540000023DBB218460837BD4680BD94870000E3
:10255000048800009C87000080B58AB000AFF86056
:10256000B9601346FB71FB680433BB61FB681B68F1
:102570007B61BB6993F84830012B0ED00821464897
:1025800001F0FDFB0921454801F0F9FB40F2B722BB
:102590000221434805F012FBFEE76FF00F033B6298
:1025A000BB699B6B002B10D1B968786901F090FE74
:1025B000034683F00103DBB2002B02D06FF015035A
:1025C00065E0002387F8273002E0012387F82730F1
:1025D00000F0F6FCBB69DB6C03F00103002B14BFB9
:1025E00001230023DBB21946786902F043FC03465D
:1025F000FB74FB7C002B27D0BB695B6C002B06DADD
:10260000786902F06CFA03461A46BB695A6497F877
:102610002730002B0ED0BB699A6BBB69DB6B134470
:10262000BA6812781A70BB699A6BBB69DB6B13448A
:10263000FB6101E0BB68FB61FB790122F969786904
:1026400002F0D0FC00233B6200F0CAFC3B6A002B86
:102650001CD1FB7983F00103DBB2002B16D0BB69E0
:10266000DB6C03F00103002B14BF01230023DBB25A
:102670000122F969786902F06CFD386200F0A0FC73
:10268000B969786902F0EFFC00F0AAFC3B6A1846D1
:102690002837BD4680BD00BF948700001C8800001D
:1026A0009C87000080B58AB000AFF860B9607A609E
:1026B0003B60FB68002B0ED10821944801F05FFBC2
:1026C0000E21934801F05BFB40F23B32022191481E
:1026D00005F074FAFEE7FB680433BB61FB681B6816
:1026E0007B61BB6993F84830012B0ED008218748E5
:1026F00001F045FB0E21864801F041FB4FF450727A
:102700000221844805F05AFAFEE7BB68002B0ED17F
:1027100008217E4801F033FB0E217D4801F02FFB9C
:1027200040F2413202217B4805F048FAFEE77B681F
:10273000002B0ED10821754801F021FB0E217448B1
:1027400001F01DFB40F242320221724805F036FAD8
:10275000FEE700237B627B68002B02D16FF006034B
:10276000D0E0BB695B68002B18D13B68002B15D10A
:10277000BB69DB6A002B0ED1BB697A68DA62002381
:102780007A68B968F86802F07DFD7862BB6900225A
:10279000DA627B6AB6E06FF00F03B3E03B6803F0E8
:1027A0000303002B07D03B687A68B968F86802F029
:1027B00069FD0346A6E0B968786901F089FD034622
:1027C00083F00103DBB2002B0FD0BB699B6B002BA6
:1027D00004D03B6803F00403002B02D06FF00C031D
:1027E0007B62012387F8233010E0BB69DB6C03F0C8
:1027F0000103002B07D03B6803F00403002B02D039
:102800004FF0FF337B62002387F823307B6A002B75
:1028100001D07B6A76E000F0D3FBBB69DB6A002B5A
:1028200018D1BB697A68DA62BB69BA689A6297F8AC
:102830002330002B06D0BB69DB6C43F002031A4641
:10284000BB69DA6497F823301A46B969786902F0EF
:10285000BDFC54E0BB695B6B002B4DD13B6803F0C2
:102860000403002B48D0BB699B6A1946786901F0C4
:102870002FFD0346002B3BD0BB69DB6C43F01003FC
:102880001A46BB69DA64BB69BA681A63BB697A68BD
:102890005A63002387F822300A23FB614FF4A871A2
:1028A000786902F02BF80346002B03D0012387F848
:1028B000223008E00120FFF745FBFB69013BFB618B
:1028C000FB69002BEAD197F82230002B0CD04FF493
:1028D000A871786902F001F87A68B968786902F03D
:1028E000D9F800237B620AE06FF08B037B6206E07D
:1028F0004FF0FF337B6202E06FF00F037B6200F06A
:102900006FFB7B6A18462837BD4680BD9487000060
:10291000288800009C87000080B584B000AF7860F4
:102920007B68002B0ED10821174801F028FA1A21E4
:10293000164801F024FA40F2CB320221144805F087
:102940003DF9FEE77B680433FB60FB6893F8483091
:10295000002B0ED108210C4801F011FA1A210B4866
:1029600001F00DFA40F2CF320221094805F026F9B4
:10297000FEE7FB68DB6A002B14BF01230023DBB2F8
:1029800018461037BD4680BD948700003888000087
:102990009C87000080B586B000AF78600B46FB7066
:1029A0007B68002B0ED10821244801F0E8F914219E
:1029B000234801F0E4F940F2D6320221214805F023
:1029C000FDF8FEE77B6804337B617B681B683B6135
:1029D000386902F02FFAF8607B69DB6A002B06D1B8
:1029E000F968386902F039FA6FF0760321E07B6903
:1029F0004C33D3E8EF1F41F00801C3E8E21F002A7F
:102A0000F7D10C21386902F034F8FB78002B0BD099
:102A10007969386902F044FB4FF49071386901F02C
:102A20005CFF7B690022DA62F968386902F015FA06
:102A3000002318461837BD4680BD00BF94870000AC
:102A4000548800009C87000080B584B000AFF86017
:102A5000B9607A604FF48471F86801F03EFF20217C
:102A6000F86801F083FF0C4B1946F86801F0AFFFDE
:102A7000F86802F0FAFCBB6800229A60BB6800228A
:102A80001A61B86802F0BBFC7968B86802F07CFC97
:102A900000BF1037BD4680BD10020A0080B586B069
:102AA00000AF786039607B68002B0ED10821634845
:102AB00001F065F91521624801F061F940F2D34255
:102AC0000221604805F07AF8FEE77B6804337B61F9
:102AD0007B681B683B617B694C33D3E8EF2F42F482
:102AE0008051C3E8E01F0028F7D1FA60FB6803F4C7
:102AF0008053002B02D06FF00F039BE03B6803F084
:102B00000403002B06D07B699B69002B02D14FF098
:102B1000FF338FE04C4B1946386901F058FF386994
:102B200001F07BFF4FF48871386901F0D6FE4FF455
:102B3000A671386901F0D1FE4FF4A271386901F035
:102B4000CCFE3B689B0303F480423B681B0303F409
:102B500000531A433B685B0303F400431343BB6019
:102B60007B694C33BA68D3E8EF0F40EA0200C3E850
:102B7000E10F0029F7D17B699B68002B07D17B69A6
:102B80005B68002B03D00321786902F0E2FB7B69CC
:102B90009B68002B10D1786902F052FA034683F04B
:102BA0000103DBB2002B01D0002343E0786902F07F
:102BB00026FC6FF00B033DE00421386901F0F4FEC0
:102BC0000346002B17D07B695B68002B13D07B6911
:102BD000DB6C03F40023002B0DD07B694C33D3E86E
:102BE000EF1F21F40021C3E8E21F002AF7D10621DC
:102BF000786902F0AEFB7B69DB6C03F48053002B39
:102C000017D04FF4A671386901F078FE034683F0BF
:102C10000103DBB2002B03D00021386901F029FF4A
:102C20007B695B68002B04D0074B1946386901F0BB
:102C3000ACFE002318461837BD4680BD94870000BF
:102C4000688800009C87000010020A0080B58AB0E6
:102C500000AFF860B9607A60FB68002B0ED10821E4
:102C6000414801F08CF81921404801F088F840F201
:102C7000755202213E4804F0A1FFFEE7FB680433D1
:102C80007B627B6A93F84830012B0ED008213648CE
:102C900001F075F81921354801F071F840F27952C8
:102CA0000221334804F08AFFFEE7BB68002B0ED1F7
:102CB00008212D4801F063F819212C4801F05FF834
:102CC00040F27A5202212A4804F078FFFEE77B683E
:102CD000002B0ED10821244801F051F81921234876
:102CE00001F04DF840F27B520221214804F066FFCA
:102CF000FEE7FB681B68BB61002387F823300023D5
:102D0000FB61B86902F096F878617B6ADB6C03F4CA
:102D10008023002B03D06FF07603FB6110E0B968CD
:102D2000B86901F0D5FA034683F00103DBB2002B4A
:102D300003D06FF00C03FB6102E0012387F823301E
:102D400097F82330002B06D07B68BA68796AB86997
:102D500002F088FCF8617969B86902F07EF8FB69D5
:102D600018462837BD4680BD948700008088000043
:102D70009C87000080B588B000AF78600B46FB7080
:102D80001346BB707B681B687B617B6804333B61C7
:102D90002021786901F0C8FD0346002B14BF0123F0
:102DA0000023FB733B69DB6C03F48223B3F5805F84
:102DB00008D0FB78002B02D03B690022DA616FF06B
:102DC000760345E0786902F035F8B861FB78002BAE
:102DD00005D1FB7B83F00103DBB2002B07D0202160
:102DE000786901F0C3FD4FF4A113FB6102E04FF4D9
:102DF0008033FB613B694C33FA69D3E8EF0F40EA5B
:102E00000200C3E8E10F0029F7D1BB78002B03D102
:102E10003B695B68002B12D10F4B1946786901F0B2
:102E2000D6FD0421786901F024FE3969786902F041
:102E3000E9FC094BDB43BA691340BB6103E00421A1
:102E4000786901F016FEB969786902F006F8002386
:102E500018462037BD4680BD10020A0080B582B0FA
:102E600000AF78600B46FB701346BB707B68002B8D
:102E70000ED10821164800F082FF1421154800F0F9
:102E80007EFF40F23C620221134804F097FEFEE709
:102E90007B6893F84C30012B0ED008210C4800F0D1
:102EA0006EFF14210B4800F06AFF40F23D620221E0
:102EB000094804F083FEFEE7BA78FB781946786883
:102EC000FFF758FF034618460837BD4680BD00BFD0
:102ED000948700009C8800009C87000080B584B027
:102EE00000AF786039607B68002B0ED10821314833
:102EF00000F045FF1421304800F041FF40F24462E9
:102F000002212E4804F05AFEFEE77B680433FB6082
:102F1000FB6893F84830012B0ED00821254800F0BB
:102F20002EFF1421244800F02AFF4FF4C962022129
:102F3000224804F043FEFEE7FB685B68002B02D0EA
:102F40004FF0FF3331E07B681B68184601F07FFDCE
:102F5000034683F00103DBB2002B0DD03B68002B4E
:102F600007D07B681B68184601F0DBFD02463B6812
:102F70001A606FF0770318E07B681B684FF4887164
:102F8000184601F0BBFC0346002B0CD03B68002B1D
:102F900007D07B681B68184601F0C3FD02463B68FA
:102FA0001A60002301E06FF00F0318461037BD468A
:102FB00080BD00BF94870000B08800009C8700009F
:102FC00080B400AF72B600BF044B1B680133034AE4
:102FD000136000BFBD4680BC704700BFD8290020E9
:102FE00080B500AF0F4B1B68002B0DD108210E4898
:102FF00000F0C5FE1B210D4800F0C1FE2C2202216D
:103000000B4804F0DBFDFEE7064B1B68013B054A5D
:103010001360044B1B68002B01D162B600BF00BFD8
:1030200080BD00BFD8290020C4880000D0880000DF
:10303000CC88000080B487B000AFF860B9607A60D7
:10304000FB681B687B617B69114A1A63BB68002BB4
:1030500001D0042200E000227B68002B01D0022373
:1030600000E000231A437B695A607B695B6843F088
:1030700001027B695A60BFF34F8F00BFBFF36F8FB0
:1030800000BF002318461C37BD4680BC704700BFF8
:1030900004AAFF0080B582B000AF786008461146F0
:1030A0001A460346FB700B46BB7013467B70FA78DA
:1030B0007B68A03253F8323003F48073002B0ED0BB
:1030C0000821244800F05BFE1521234800F057FE3C
:1030D0004FF46C720221214804F070FDFEE7FB788A
:1030E0007A68A033DB0013445B6803F48073002B21
:1030F0000ED00821174800F042FE1521164800F0B6
:103100003EFE40F2B1320221144804F057FDFEE7C2
:103110007B783A7C002A02D04FF4807100E00021D5
:10312000FA7819437B68A03243F83210BA783B7CB6
:10313000002B02D04FF4807100E00021FB780A439D
:103140007968A033DB000B445A6000BF0837BD46E6
:1031500080BD00BFEC88000058890000F4880000A2
:1031600080B584B000AFF8607B600B46FB721346FD
:10317000BB72FA7AFB6802F5C07253F8223003F48E
:103180008073002B0ED00821134800F0F8FD1821A1
:10319000124800F0F4FD40F2CE320221104804F053
:1031A0000DFDFEE7BB7A002B01D0102200E00022CB
:1031B0007B6813433A7E002A02D04FF4807100E00E
:1031C0000021FA7A1943FB6802F5C07243F8221015
:1031D00000BF1037BD4680BDEC880000F8880000B5
:1031E000F488000080B584B000AFF8607B600B46C7
:1031F000FB721346BB72FA7AFB6802F5E07253F871
:10320000223003F48073002B0ED00821134800F005
:10321000B6FD1621124800F0B2FD40F2DB32022169
:10322000104804F0CBFCFEE7BB7A002B01D0102243
:1032300000E000227B6813433A7E002A02D04FF45C
:10324000807100E00021FA7A1943FB6802F5E07210
:1032500043F8221000BF1037BD4680BDEC88000047
:1032600010890000F488000080B584B000AFF860D9
:10327000B96011461A460B46FB711346BB71FB68D9
:10328000BA6802F5007253F82230002B0EDB0821D9
:10329000234800F074FD1721224800F070FD4FF420
:1032A0007A720221204804F089FCFEE7FB68BA68C4
:1032B00002F5007253F8223003F48073002B0ED015
:1032C0000821174800F05BFD1721164800F057FD54
:1032D00040F2E9320221144804F070FCFEE7FB7969
:1032E000002B01D0102200E00022BB79002B01D07E
:1032F000202300E0002313433A7E002A02D04FF43B
:10330000807200E0002242EA0301FB68BA6802F51D
:10331000007243F8221000BF1037BD4680BD00BFC9
:10332000EC88000090890000F488000080B582B02D
:1033300000AF00233B603B6843F001033B603B6808
:1033400043F002033B603B6843F004033B6000230F
:103350007B600AE0094A7B6852F8233039681846D6
:1033600002F075FB7B6801337B607B68002BF1D03A
:1033700000BF00BF0837BD4680BD00BF5C210020F4
:1033800080B582B000AF00237B6000233B6032E059
:103390001D4A3B6852F823304FF48471184602F0FE
:1033A00046FB0346002B03D07B6843F004037B609D
:1033B000154A3B6852F823304FF48071184602F0EA
:1033C00036FB0346002B03D07B6843F001037B6090
:1033D0000D4A3B6852F823304FF48271184602F0D0
:1033E00026FB0346002B03D07B6843F002037B607F
:1033F0003B6801333B603B68002BC9D07B681846B3
:103400000837BD4680BD00BF5C21002080B582B07A
:1034100000AF00237B601DE0124A7B6852F8233026
:103420004FF48071184602F0EDFA0E4A7B6852F8AC
:1034300023304FF48271184602F0E4FA094A7B689F
:1034400052F823304FF48471184602F0DBFA7B689F
:1034500001337B607B68002BDED000BF00BF0837E4
:10346000BD4680BD5C21002080B584B002AF002342
:103470007B6017E07B68DBB21946174802F0F5FA6B
:10348000034683F00103DBB2002B08D07B68D9B27E
:1034900000230093072301220F48FFF761FE7B689A
:1034A00001337B607B681F2BE4D900233B600BE07A
:1034B0003B68D9B200230093072301220648FFF797
:1034C00091FE3B6801333B603B681F2BF0D900BF86
:1034D00000BF0837BD4680BD0030005080B58AB0BF
:1034E00002AFF860B9603B601346FB71FB68DB0B11
:1034F000BB61BB68DB0B7B61BB69FB610CE0FB69FB
:10350000D9B2FA7997F8283000933B680748FFF75B
:1035100027FEFB690133FB61FA697B699A42EED9A8
:1035200000BF00BF2037BD4680BD00BF0030005047
:1035300080B58AB002AFF860B9603B601346FB719A
:10354000FB6803F160435B0BBB61BB6803F1604345
:103550005B0B7B61BB69FB610CE0FB69D9B2FA795B
:1035600097F8283000933B680748FFF73BFEFB695C
:103570000133FB61FA697B699A42EED900BF00BF53
:103580002037BD4680BD00BF0030005080B586B0FA
:1035900002AF786039603A687B68D31A0133FB6008
:1035A0007B68C3F30E03C3F50043BB60FA68BB68D6
:1035B0009A420DD90821304800F0E1FB2D212F4817
:1035C00000F0DDFBF82202212D4804F0F7FAFEE7B7
:1035D0007A68BB681344C3F30E03002B0DD0082197
:1035E000254800F0CCFB2D21244800F0C8FBFB222D
:1035F0000221234804F0E2FAFEE7BB685A1EBB68CA
:103600001340002B0DD008211B4800F0B8FB2D21E2
:103610001A4800F0B4FBFF220221194804F0CEFA48
:10362000FEE7BB681F2B03D9BB68B3F5805F0ED9DB
:103630000821114800F0A3FB2D21104800F09FFB4A
:103640004FF4817202210E4804F0B8FAFEE7BB681D
:10365000B3FA83F3DBB2C3F11B03DAB27B68DB0B93
:10366000DBB20121009100210648FFF713FD00BFE6
:103670001037BD4680BD00BFEC88000028890000DF
:10368000F48800000030005080B586B002AF78604A
:103690000B46FB707B681B0BFB73124AFB7B03F52D
:1036A000007352F8233003F00303002B0ED10821DE
:1036B0000D4800F064FB1D210C4800F060FB4FF446
:1036C000A77202210A4804F079FAFEE7F97BFB7839
:1036D0000093012301220348FFF7C6FD00BF103706
:1036E000BD4680BD00300050EC88000070890000AD
:1036F000F488000080B586B002AF78600B46FB709E
:103700007B681B0BFB73124AFB7B03F5007352F8BB
:10371000233003F00303012B0ED108210D4800F0E4
:103720002EFB21210C4800F02AFB4FF4B672022137
:103730000A4804F043FAFEE7F97BFB780093002384
:1037400000220348FFF790FD00BF1037BD4680BD43
:1037500000300050EC880000A8890000F4880000C8
:1037600080B582B000AF78601621034800F007FBF7
:1037700000BF0837BD4680BDCC89000080B500AFD2
:10378000FFF7FEFD0346034A13600248FFF7E8FF18
:1037900000BF80BD1030002080B582B000AF7860DF
:1037A0000C220449786807F070FE00BF0837BD4658
:1037B00080BD00BF1030002080B483B000AF0C4B40
:1037C000DB687B607B689BB27B607B6823F00803CF
:1037D0007B607B6843F0BF6343F400337B60044A43
:1037E0007B68D36000BF0C37BD4680BC704700BF0C
:1037F00000ED00E080B500AF2E21024800F0BFFAD6
:1038000000BF80BDE489000080B483B000AF786061
:103810003960064A7B681360054A3B6813600023E1
:1038200018460C37BD4680BC704700BF1C300020D6
:103830002030002090B589B000AF7860544B1B68F1
:103840007A6852695A62524B1B687A6892699A6226
:103850004F4B1B687A68D269DA624D4B1B687A68F5
:10386000126A1A634A4B1B687A68526A5A63484B59
:103870001B687A68926A9A63454B1B687A68D26AB9
:10388000DA63434B1B687A68126B1A64404B1B68FF
:103890007A68526B5A603E4B1B687A68926B9A60EA
:1038A0003B4B1B687A68D26BDA60394B1B687A68CD
:1038B000126C1A61364B1B687A68526C5A61344B31
:1038C0001B687A68926C9A61314B1B687A68D26C7B
:1038D000DA612F4B1B687A68126D1A622C4B1B68D9
:1038E0007A68926D5A652A4B1B687A68D26D9A6520
:1038F000274B1B687A68126FDA65254B1B687A685C
:10390000126E1A66224B1B687A68926E5A66204BBA
:103910001B687A68526F9A661D4B1B68EFF38882AA
:103920007A617A695A641A4B1B68EFF38982BA612B
:10393000BA699A64164B1B687A685268DA64144B49
:103940001B68EFF39482FA61FA691A65104B1B68E1
:103950007A6812681A6707F108031846FFF71CFF18
:103960000B4B1B68BA68DA66094B1B6801221A7098
:10397000084B1B681C46640864002046214622460A
:10398000234607F02EFF00BF2437BD4690BD00BF81
:103990001C3000202030002080B5A0B000AF3B4696
:1039A0001846FDF7DDFE7B68002B14BF01230023C2
:1039B00087F87F3097F87F3083F00103DBB2002B6C
:1039C00015D17B68184602F01DF90346002B0ED175
:1039D0003B68052B01D0072B0BD100BF074B1B68A1
:1039E000002B07D03B461846FFF724FF02E000BF3C
:1039F00000E000BF8037BD4680BD00BF2030002002
:103A000080B400AFBFF34F8F00BF064BDB6803F4F9
:103A1000E0620449044B1343CB60BFF34F8F00BFF8
:103A200000BFFDE700ED00E00400FA0580B483B0BC
:103A300000AF134B1B68C3F30B037B60BFF34F8FC7
:103A400000BF104B1B683B60BFF34F8F00BFBFF33D
:103A50004F8F00BF7B68092B0CD13B68012B03D033
:103A60003B68022B02D003E0012304E0012302E0C3
:103A7000012300E0002318460C37BD4680BC704788
:103A80003001FF003401FF0090B58FB000AF7860C7
:103A9000396001237B6206233B627B685B680C2BE9
:103AA00003D13B685B68042B01D0022397E07B685D
:103AB0001B68FB613B681B68BB61BB694FF0FF3251
:103AC0001A6002237B63FB691B68002B03D0FB6930
:103AD0009B68002B01D1022381E0FB691B6819461A
:103AE000FB699A683B6A786A04F073FC78617B69C9
:103AF000002B01D0022372E000233B636BE03A4AC3
:103B00003B6B52F833303B61374A3B6BDB0013446D
:103B10005B68FB60FB695B683A699A4258D8FB694D
:103B20005A68FB699B681A443969FB680B449A42DE
:103B30004ED83B692D4A93423AD93B692C4A93426D
:103B400036D8FB695B68FB62FB691B68BB62294B6B
:103B5000BB60FB6A03F00303002B0DD1FB699B687C
:103B600003F00303002B07D1FB695A68FB699B68CC
:103B70001344BA689A4211D2032330E0FB6A1A1D3B
:103B8000FA62BC6A221DBA62184602F0DCF80346EB
:103B90002360FB699B681A1FFB699A60FB699B683D
:103BA000002BEBD1BB6900221A6000237B6315E078
:103BB000FB691868FB695B681946FB699B681A46D4
:103BC00007F063FCBB6900221A6000237B6305E0F9
:103BD0003B6B01333B633B6B032B90D97B6B1846EC
:103BE0003C37BD4690BD00BF148A0000FF7FFF0038
:103BF000FF8FFF000090FF0080B48FB000AF7860AF
:103C000039607B685B680C2B03D13B685B68042BD5
:103C100001D0022384E07B681B687B623B681B68E1
:103C20003B623B6A01221A6002237B6300233B63F1
:103C300072E03E4A3B6B1B0113441B68FB613B4A2D
:103C40003B6B1B01134404331B68BB6100237B6186
:103C50007B6A1B68FA699A425BD13B6A02221A604E
:103C60007B6A9B68BA699A4253D17B69002B36D034
:103C70002E4A3B6B1B01134408331B68002B2ED0CC
:103C8000002387F82F300023BB6219E0274A3B6BE3
:103C90001B01134408331A68BB6A9B0013441B685A
:103CA0003B617B6A5A687B6A9B6813403A699A4217
:103CB00003D1012387F82F3006E0BB6A0133BB62D2
:103CC000BB6A7A699A42E1D897F82F3083F00103F2
:103CD000DBB2002B03D03B6A03221A601FE0FB69B2
:103CE0001B68FB607B6A9B68DB43FA681340FB60E0
:103CF0007B6A5A687B6A9B681340FA681343FB60CF
:103D0000FB69FA681A603B6A00221A6000237B6331
:103D100005E03B6B01333B633B6B002B89D07B6B36
:103D200018463C37BD4680BC704700BF348A00004F
:103D300080B400AF00231846BD4680BC704780B5F4
:103D400000AFFFF7F5FF034683F00103DBB2002B62
:103D500080BD80B485B000AF78607B681B68FB6075
:103D6000BFF34F8F00BFFB68B3F1FF3F0CBF0123D0
:103D70000023DBB218461437BD4680BC704780B5BF
:103D800082B000AF7860396039687868FDF778FDF7
:103D9000034618460837BD4680BD80B483B000AFE7
:103DA00078607B689B0903F00103002B14BF01239B
:103DB0000023DBB218460C37BD4680BC704780B488
:103DC00083B000AF78607B6803F00803002B14BF5A
:103DD00001230023DBB218460C37BD4680BC704778
:103DE00080B584B000AF78607868FFF7D6FF0346EF
:103DF000002B11D07B6803F00403002B07D07868F8
:103E0000FFF7DDFF0346002B01D0012300E0002374
:103E100003F00103DBB219E0EFF39483BB60BB68EE
:103E200003F00203002B14BF01230023FB73FB7B71
:103E3000002B07D07868FFF7C2FF0346002B01D0A4
:103E4000012300E0002303F00103DBB21846103722
:103E5000BD4680BD80B588B000AFF860B9607A60BB
:103E6000F868FFF7BDFF0346FB77F868FFF795FF9B
:103E70000346002B06D0FB7F002B01D07B680DE0B2
:103E8000BB680BE0FB7F002B04D0EFF38983BB61A1
:103E9000BB6903E0EFF388837B617B6918462037B9
:103EA000BD4680BD80B584B000AF03463960FB716C
:103EB0003B685B681846FFF770FF3B685B68184615
:103EC000FFF77DFFEFF38883BB60EFF38983FB602F
:103ED00000BF1037BD4680BD80B483B000AF7860AE
:103EE0007B6803F06043B3F1005F0CBF0123002344
:103EF000DBB218460C37BD4680BC704780B400AFBB
:103F0000002343F001031846BD4680BC704780B5CE
:103F100084B000AF786039603B6803F164003B68AF
:103F2000596D3B689B6D1A46FDF742FD38683B684A
:103F3000643300221946FEF761F9F860FB68002B34
:103F400002DA6FF0010306E03B680022DA653B68A5
:103F500000221A66002318461037BD4680BD80B582
:103F600082B000AF78607B681846FEF771FA0023D4
:103F700018460837BD4680BD80B483B000AF034605
:103F80003960FB71FB79022B01D1002301E06FF056
:103F9000030318460C37BD4680BC704780B598B007
:103FA00000AFF860B9607A607B681846FEF7ACFA3B
:103FB000034683F00103DBB2002B02D04FF0FF3346
:103FC00048E0F868FFF788FF034683F00103DBB29F
:103FD000002B27D00023FB651FE0BA68FB6DD31AC6
:103FE000402B28BF40237B65FA68FB6DD11807F191
:103FF00010037A6D184607F048FA07F110037A6843
:10400000796D1846FFF7CAFF38653B6D002B01D06C
:104010003B6D1FE0FB6D4033FB65FA6DBB689A4258
:10402000DBD316E078680023BA68F968FEF73AFB3C
:10403000B865BB6D13F1100F02D16FF0010309E0F9
:10404000BB6D002B02DA4FF0FF3303E07B68BA68E8
:10405000DA65002318466037BD4680BD80B588B05C
:1040600000AFF860B9607A607B681846FEF74CFADA
:10407000034683F00103DBB2002B02D04FF0FF3385
:1040800052E07B68BA68F9681846FEF7DFFDF86110
:10409000FB6913F1100F02D16FF0010344E0FB69DB
:1040A000002B02DA4FF0FF333EE00323BB617B6855
:1040B000B9691846FEF7F2FCF861FB6913F1100FBD
:1040C00002D16FF001032FE0FB69002B02DA4FF001
:1040D000FF3329E000237B617B6807F1140211465E
:1040E0001846FEF7FBFEF861FB6913F1100FF3D0E1
:1040F000FB6913F1780F03D07B69BA689A4202D941
:104100004FF0FF3310E07B68012201211846FEF7D3
:10411000A5FEF861FB69002B02DA4FF0FF3303E0E4
:104120007B68BA681A66002318462037BD4680BDF2
:1041300080B485B000AFF860B9607A606FF00303B7
:1041400018461437BD4680BC704780B483B000AFBA
:1041500078607B68DB6D18460C37BD4680BC7047C5
:1041600080B483B000AF78607B681B6E18460C3754
:10417000BD4680BC704780B582B000AF78603960C2
:104180007B68152B0FD07B68162B19D13B684FF03D
:10419000FF329A663A683B68643319461046FEF768
:1041A000E9F803460DE03B684FF0FF325A663A6883
:1041B0003B68643319461046FEF7DCF8034600E01E
:1041C000002318460837BD4680BD80B586B000AFD5
:1041D000F860B9607A60FB68DBB27B617B69012BB8
:1041E00007D07B69002B22D07B69153B012B1ED8A1
:1041F00006E07A68B968F868FDF738FC034618E00D
:10420000BB68002B11D179687869FFF7B4FF38617A
:104210003B6913F1100F02D16FF0010309E03B6914
:10422000002B02DA4FF0FF3303E0002301E06FF0D0
:10423000030318461837BD4680BD80B483B000AF75
:1042400000237B607B6818460C37BD4680BC7047F6
:1042500080B483B000AF0346FB716FF003031846D0
:104260000C37BD4680BC704780B483B000AF0023DC
:104270007B607B6818460C37BD4680BC704780B4B5
:1042800083B000AF78607B681B0B5BB218460C37BD
:10429000BD4680BC704780B483B000AF78607B6857
:1042A0001B6800BF0C37BD4680BC704780B400AFB0
:1042B00000BFBD4680BC704780B400AF00BFBD46A4
:1042C00080BC704780B400AF00BFBD4680BC704763
:1042D00080B483B000AF786039603B6803F060431E
:1042E000B3F1005F0CBF01230023DBB218460C378B
:1042F000BD4680BC704780B483B000AF7860396041
:104300007A683B6813441B68002B14BF0123002309
:10431000DBB218460C37BD4680BC704780B582B012
:1043200000AF78600B467B807B887A68134400225C
:104330001A607B887A6813441846FFF7ACFF00BF09
:104340000837BD4680BD80B582B000AF78600B46AF
:104350007B807B8819467868FFF7CDFF03461846B7
:104360000837BD4680BD80B483B000AF7860396047
:104370007B68D3F800223B68134018460C37BD46D3
:1043800080BC704780B483B000AF786039607B68D0
:10439000D3F800223B681A437B68C3F8002200BFB1
:1043A0000C37BD4680BC704780B483B000AF7860E6
:1043B00039607B68D3F800223B68DB431A407B6896
:1043C000C3F8002200BF0C37BD4680BC704780B4E4
:1043D00083B000AF786039607B683A68C3F8042323
:1043E00000BF0C37BD4680BC704780B483B000AFBF
:1043F000786039607B68D3F804233B681340184623
:104400000C37BD4680BC704780B483B000AF786085
:1044100039607B683A68C3F8082300BF0C37BD4693
:1044200080BC704780B483B000AF78607B68D3F8FD
:10443000803418460C37BD4680BC704780B483B0CA
:1044400000AF786039607B683A68C3F8802400BFA9
:104450000C37BD4680BC704780B483B000AF786035
:104460007B680822C3F8002500BF0C37BD4680BC1E
:10447000704780B483B000AF78607B680022C3F8D7
:10448000002500BF0C37BD4680BC704780B483B0A8
:1044900000AF78607B68D3F80035082B0CBF012390
:1044A0000023DBB218460C37BD4680BC704780B491
:1044B00085B000AFF860B9607A60FB68BA68C3F88D
:1044C0000C25FB687A68C3F8142500BF1437BD4675
:1044D00080BC704780B582B000AF78604FF0FF328B
:1044E0004FF0FF317868FFF7E2FF00BF0837BD46A5
:1044F00080BD80B483B000AF78607B68D3F80C35A2
:1045000018460C37BD4680BC704780B483B000AFFE
:1045100078607B68D3F8143518460C37BD4680BCEC
:10452000704780B483B000AF78607B68D3F80835FB
:1045300018460C37BD4680BC704780B483B000AFCE
:1045400078607B68D3F8103518460C37BD4680BCC0
:10455000704780B485B000AFF860B9607A60FB68DE
:10456000BA68C3F80825FB687A68C3F8102500BF4D
:104570001437BD4680BC704780B582B000AF78600C
:104580004FF0FF324FF0FF317868FFF7E2FF00BFD6
:104590000837BD4680BD80B483B000AF78600B465D
:1045A000FB70FB787A68134401221A6000BF0C3755
:1045B000BD4680BC704780B483B000AF786039607E
:1045C0003B685A783B689B781343DAB23B681B78A8
:1045D0001343DBB21A467B68C3F86C2500BF0C3767
:1045E000BD4680BC704780B483B000AF786039604E
:1045F0007B683A68C3F8242500BF0C37BD4680BCF1
:10460000704780B483B000AF786039607B683A68E7
:10461000C3F8482500BF0C37BD4680BC704780B446
:1046200083B000AF786039603A687B68C3F844258E
:1046300000BF0C37BD4680BC704780B584B000AF6A
:10464000F860B9607A60B968F868FFF7E8FF7968E0
:10465000F868FFF7D6FF00BF1037BD4680BD80B4B5
:1046600083B000AF78607B68D3F8443518460C37C8
:10467000BD4680BC704780B483B000AF78607B6873
:10468000D3F84C3518460C37BD4680BC704780B413
:1046900083B000AF786039607B683A68C3F838252A
:1046A00000BF0C37BD4680BC704780B483B000AFFC
:1046B000786039603A687B68C3F8342500BF0C37EE
:1046C000BD4680BC704780B584B000AFF860B9606B
:1046D0007A60B968F868FFF7E8FF7968F868FFF76B
:1046E000D6FF00BF1037BD4680BD80B483B000AF99
:1046F00078607B68D3F83C3518460C37BD4680BCE3
:10470000704780B582B000AF786039603B681B6944
:1047100019467868FFF767FF3B68143319467868D5
:10472000FFF749FF3B68DB7D83F00103DBB2002B21
:1047300007D03B6819683B685B681A467868FFF7E2
:10474000B6FE3B681B7D012B0ED13B68DB7D83F001
:104750000103DBB2002B07D03B6899683B68DB683C
:104760001A467868FFF7F5FEFFF7A0FD00BF08378F
:10477000BD4680BD80B584B000AFF860B960114619
:104780001A460B46FB711346BB714FF48072B96831
:10479000F86800F0D7F94FF48272B968F86800F051
:1047A000D1F94FF48472B968F86800F0CBF94FF48E
:1047B0008872B968F86800F0C5F94FF48E72B9686C
:1047C000F86800F0BFF94FF49072B968F86800F02B
:1047D000B9F94FF49272B968F86800F0B3F94FF480
:1047E000A272B968F86800F0ADF94FF4A672B96822
:1047F000F86800F0A7F94FF4A872B968F86800F0FB
:10480000A1F94FF4AC72B968F86800F09BF9FFF7B2
:104810004DFDF868FFF733FD03461A46FB7919464C
:104820001046FDF737FBF868FFF729FD03461846E9
:10483000FDF7F0FABB79002B03D0B968F868FFF7F1
:10484000C6FDFFF733FD00BF1037BD4680BD80B504
:1048500082B000AF78607868FFF711FD0346184614
:10486000FDF7F4FAFFF722FD00BF0837BD4680BD13
:1048700080B582B000AF78603960FFF723FD7868BB
:10488000FFF737FE02463B681A607868FFF73DFE87
:1048900002463B685A607868FFF743FE02463B6871
:1048A0009A607868FFF749FE02463B68DA60FFF7D6
:1048B00003FD00BF0837BD4680BD80B582B000AFA4
:1048C00078607868FFF706FE7868FFF755FEFFF717
:1048D000EDFC00BF0837BD4680BD80B582B000AF9B
:1048E00078600B467B807B8819467868FFF716FD59
:1048F000FFF7DCFC00BF0837BD4680BD80B584B043
:1049000000AF78600B467B80FFF7D6FC7B881946AA
:104910007868FFF718FD0346FB73FFF7CDFCFB7BC0
:1049200018461037BD4680BD80B584B000AF7860B2
:104930003960FFF7C7FC39687868FFF714FDF86045
:10494000FFF7BAFCFB6818461037BD4680BD80B53E
:1049500082B000AF7860396039687868FFF712FD7F
:10496000FFF7A4FC00BF0837BD4680BD80B582B00C
:1049700000AF7860396039687868FFF715FDFFF798
:1049800095FC00BF0837BD4680BD80B582B000AF42
:104990007860396039687868FFF719FDFFF786FCA1
:1049A00000BF0837BD4680BD80B584B000AF7860D9
:1049B0003960FFF787FC39687868FFF716FDF86003
:1049C000FFF77AFCFB6818461037BD4680BD80B5FE
:1049D00082B000AF7860396039687868FFF714FDFD
:1049E000FFF764FC00BF0837BD4680BD80B584B0CA
:1049F00000AF7860FFF766FC7868FFF713FDF8609A
:104A0000FFF760FCF9687868FFF718FDFFF75AFCBC
:104A1000FB6818461037BD4680BD80B582B000AF38
:104A200078607868FFF718FDFFF740FC00BF083793
:104A3000BD4680BD80B582B000AF78607868FFF772
:104A400018FDFFF733FC00BF0837BD4680BD80B5B9
:104A500084B000AF7860FFF735FC7868FFF716FD8B
:104A60000346FB73FFF728FCFB7B18461037BD4657
:104A700080BD80B582B000AF78600B46FB70FB78DC
:104A800019467868FFF787FDFFF710FC00BF08376D
:104A9000BD4680BD80B584B000AFF860B9607A6073
:104AA000BB68002B06D07A68B968F868FFF7C5FDC7
:104AB000FFF7FCFB00BF1037BD4680BD80B584B05A
:104AC00000AF7860FFF7F8FB7868FFF7C8FDF86083
:104AD000FFF7F2FBFB6818461037BD4680BD80B576
:104AE00084B000AF7860FFF7E7FB7868FFF7C3FD9D
:104AF000F860FFF7E1FBFB6818461037BD4680BD44
:104B000080B584B000AFF860B9607A607A68B9683F
:104B1000F868FFF7D8FDFFF7C9FB00BF1037BD46A7
:104B200080BD80B584B000AF7860FFF7C5FB7868C2
:104B3000FFF7DBFDF860FFF7BFFBFB681846103797
:104B4000BD4680BD80B584B000AFF860B960134643
:104B5000FB80FB88A3F580739B0801229A40BB6809
:104B60001340002B04D0FB881946F868FFF7D6FBEA
:104B700000BF1037BD4680BD80B584B002AF7860FD
:104B80000023019300230093002301220121786870
:104B9000FDF742FA00BF0837BD4680BD80B584B03E
:104BA00002AF78600B46FB70FB7800220192002276
:104BB0000092002200217868FDF72EFA00BF083726
:104BC000BD4680BD80B584B002AF786000230193FC
:104BD000002300930023012200217868FDF71CFACE
:104BE00000BF0837BD4680BD80B584B000AF786097
:104BF0003B1D1846FDF7CAF9F8607B68012202FAEE
:104C000003F31946F86800F004F800BF1037BD46FA
:104C100080BD80B483B000AF786039607B683A684B
:104C20009A6000BF0C37BD4680BC704780B485B029
:104C300000AF78607B685B09FB600023BB60FB68AA
:104C4000002B12D14FF0FF33BB607B6803F01F03D2
:104C50007B60BA687B6822FA03F303F00103002B40
:104C600014BF01230023DBB200E0002318461437F1
:104C7000BD4680BC704780B485B000AF78607B686B
:104C80001B68FB60FB6803F01F027B681A60FB680F
:104C90005B0918461437BD4680BC704780B582B0AA
:104CA00000AF78607868FFF767FFFFF7FFFA00BF93
:104CB0000837BD4680BD80B582B000AF78600B4636
:104CC000FB70FB7819467868FFF768FFFFF7EEFA8C
:104CD00000BF0837BD4680BD80B582B000AF7860A8
:104CE0007868FFF76FFFFFF7E1FA00BF0837BD46AE
:104CF00080BD80B582B000AF78607868FFF774FF40
:104D0000FFF7D4FA00BF0837BD4680BD80B588B034
:104D100000AF78607B680433FB617B681B6807F138
:104D20000C0211461846FFF7A3FDFB69DB6C03F08C
:104D30008073002B04D07B681B681846FFF7BDFD0D
:104D4000FB69DB6C03F00073002B25D0FB68B3F12B
:104D5000FF3F03D0FB681846FFF7BEFF3B69B3F186
:104D6000FF3F03D03B691846FFF7B6FFFB69DB6CDA
:104D700003F00063002B0FD0BB69B3F1FF3F03D0FA
:104D8000BB691846FFF7A8FF7B69B3F1FF3F03D06B
:104D90007B691846FFF7A0FF00BF2037BD4680BDE6
:104DA00080B586B000AF78607B681B6803F26453FF
:104DB000FB607B681B6803F5AD63BB60BB681B6869
:104DC000012B05D17B681B680C211846FFF751FEAB
:104DD000FB681B68012B29D17B681B681846FFF70D
:104DE0001CFE7B681B6804211846FFF742FE002367
:104DF000FB7549F640433B61FB681B68002B02D101
:104E00000123FB7508E00120FDF79CF83B69013B9D
:104E10003B613B69002BEFD17B681B681846FFF7AD
:104E2000E5FD7B681B681846FFF704FE00BF1837D6
:104E3000BD4680BD80B584B000AF78604FF0FF31D3
:104E40007868FFF7B1FDF860F9687868FFF7BFFD93
:104E5000FB6818461037BD4680BD80B582B000AFF4
:104E60007860396039687868FFF78FFD00BF0837D0
:104E7000BD4680BD80B582B000AF78600B46FB7048
:104E80004FF4AC717868FFF739FD0346002B0DD164
:104E9000FB7883F00103DBB2002B09D04FF4907153
:104EA0007868FFF72BFD0346002B01D0012300E0BB
:104EB000002303F00103DBB218460837BD4680BD6E
:104EC00080B584B000AF78604FF4A6717868FFF7C2
:104ED00015FD0346002B3AD07868FFF79EFD0421AC
:104EE0007868FFF7C6FD0023FB736423BB604FF4B3
:104EF000A2717868FFF702FD0346002B07D14FF43B
:104F000092717868FFF7FAFC0346002B02D0012368
:104F1000FB7308E00A20FDF715F8BB68013BBB6096
:104F2000BB68002BE3D14FF4A6717868FFF7D5FC7E
:104F30004FF488717868FFF7D0FC4FF4A27178685D
:104F4000FFF7CBFC7868FFF775FDFB7B00E00123E2
:104F500018461037BD4680BD80B586B000AF78607A
:104F60000B46FB700023FB737868FFF756FD07F1D3
:104F70000F03002219467868FFF78CFD0821786836
:104F8000FFF777FD0C217868FFF773FD0023FB75B1
:104F90000A233B6101217868FFF76CFF0346002B71
:104FA00002D00123FB7508E00120FCF7CBFF3B6931
:104FB000013B3B613B69002BECD1FB7D83F001039E
:104FC000DBB2002B01D0002308E04FF49071786829
:104FD000FFF783FC7868FFF72DFD0123184618378B
:104FE000BD4680BD80B584B000AFF860B9607A601E
:104FF000FB707A68B968F868FFF74CFD4FF4907160
:10500000F868FFF76AFC4FF4AC71F868FFF765FCCD
:105010004FF4A871F868FFF760FCF868FFF7FDFC33
:10502000FB78002B04D04FF48001F868FFF7ADFC4B
:105030000821F868FFF71DFD00BF1037BD4680BD91
:1050400080B483B000AF78607B68DB6C1B0B03F02F
:105050000103002B14BF01230023DBB218460C37D9
:10506000BD4680BC704780B582B000AF78603960C3
:105070004FF4AC717868FFF741FC0346002B0BD06E
:105080003868FFF7DDFF034683F00103DBB2002B36
:1050900002D07868FFF7CEFC00BF0837BD4680BD60
:1050A00080B584B000AF786039603B68DB6C03F09A
:1050B0000103002B14BF01230023BB730123FB73E7
:1050C00000BFBB7B19467868FFF7D4FE034683F028
:1050D0000103DBB2002BF4D1FDF772FFBB7B83F041
:1050E0000103DBB2002B1AD04FF490717868FFF700
:1050F00005FC0346002B0FD00C217868FFF7B9FCA4
:1051000000BF01217868FFF7B5FE034683F0010375
:10511000DBB2002BF5D10FE00023FB730CE04FF462
:10512000AC717868FFF7EAFB034683F00103DBB25A
:10513000002B01D00023FB73FB7B002B03D03968CD
:105140007868FFF790FFFDF74BFF00BF1037BD46B3
:1051500080BD80B588B000AFF860B9607A60FB7040
:10516000FB781946F868FFF785FE0346FB77F86879
:10517000FFF7B5FCB861F868FFF7A0FC7861FB7F2A
:10518000002B04D17A69BB689A4200D1E8E77A69BA
:10519000BB689A4206D17A68BB699A4202D94FF03D
:1051A000FF3300E000233B613B69002B09D1FB7812
:1051B00083F00103DBB2002B03D00C21F868FFF76A
:1051C00058FC3B6918462037BD4680BD80B588B085
:1051D00000AFF860B9601346FB71BB68DB6C03F08D
:1051E0000103002B14BF01230023DBB21946F8682A
:1051F000FFF740FE034683F00103DBB2002B0DD026
:10520000BB68DB6C43F004031A46BB68DA644FF4F6
:105210008001F868FFF7B9FB00232FE0FB79002B32
:105220001BD0BB68DA6ABB681B6CD21ABB68DB6B2D
:10523000934228BF13467B61BB68986BBB689A6A30
:10524000BB681B6C13447A69194606F01EF9BB68EB
:105250009B6BFB617B69BB6105E0BB689B6AFB6183
:10526000BB68DB6ABB61BB684FF0FF325A64012345
:10527000BA69F969F868FFF7B5FE012318462037C7
:10528000BD4680BD80B588B000AFF860B9607A6077
:105290003B60FB6804337B617B695B68002B06D055
:1052A0003B6803F00203002B01D0012300E0002340
:1052B000FB74FB7C03F00103FB740023FB61FB7CAC
:1052C000002B03D07B699B6B002B05D07B69DB6CCB
:1052D00003F01003002B02D04FF0FF3335E0002322
:1052E000BB612DE0BA68BB691344FA7C1946F868C3
:1052F000FDF732F9F861FB69002B05D0FB6913F16A
:10530000100FEFD0FB6920E000BF7B695B68002BCA
:1053100013D17B69DB6C03F00803002B0DD07B6994
:105320004C33D3E8EF1F21F00801C3E8E21F002A45
:10533000F7D14FF0FF33FB6106E0BB690133BB617E
:10534000BA697B689A42CDD3FB6918462037BD46BF
:1053500080BD80B586B000AF78600B46FB7007F16A
:10536000080300221A605A609A60DA60FB783B7288
:105370007B685B687A68116807F1080210469847F5
:1053800000BF1837BD4680BD80B586B000AF7860DD
:10539000396007F1080300221A605A609A60DA60E7
:1053A00004233B723B68FB607B685B687A6811682A
:1053B00007F108021046984700BF1837BD4680BD68
:1053C00080B588B000AFF860B9607A6007F110036B
:1053D00000221A605A609A60DA6001233B74BB684D
:1053E0007B617B68BB61FB685B68FA68116807F1E9
:1053F00010021046984700BF2037BD4680BD80B4DC
:1054000083B000AF78607B684C33D3E8EF1F21F4A2
:105410007F0121F47041C3E8E21F002AF5D100BFEB
:105420000C37BD4680BC704780B582B000AF786055
:105430004FF4AC717868FFF761FA034683F001031B
:10544000DBB2002B07D14FF480017868FFF7ACFA8C
:105450000346002B01D0012300E0002303F00103E9
:10546000DBB218460837BD4680BD80B582B000AFBC
:105470007860FDF7A5FD7868FFF7D6FF034683F057
:105480000103DBB2002B02D07868FFF7D3FAFDF7F7
:10549000A7FD00BF0837BD4680BD80B58CB000AF0A
:1054A000F860B9607A60FB70002387F82F30FB68E2
:1054B0001B6ABB6297F82F3083F00103DBB2002B2D
:1054C00005D07A68B968F868FFF77AFF49E0BB6AE7
:1054D0001B68002B44D0BB6A1A68BB6A9B6A1344E2
:1054E0007A68B968184605F0D0FFBB6A9A6A7B688B
:1054F0001A44BB6A9A62BB6A5A68BB6A9B6A9A4240
:105500000CBF0123002387F8273097F82730002BA2
:1055100002D1FB78002B24D0BB6A1B683B62BB6ABC
:105520009B6AFB61BB6A00229A62BA6ABB6A083353
:1055300093E8030082E80300BB6A00229A60BB6A1A
:105540000022DA60BB6A5B68002B03D0BB6A0122D1
:1055500083F82D20FA69396AF868FFF731FF00E017
:1055600000BF3037BD4680BD80B586B000AF7860E3
:1055700039603B68DB69002B01D101236EE03B6899
:10558000DA693B68DB689A424DD33B689B687B6174
:105590003B68DB683B613B6800229A603B68002205
:1055A000DA603B689B693A691946786905F06DFFD6
:1055B0003B68DA693B69D21A3B68DA613B689869F3
:1055C0003B689A693B69D1183B68DB691A4605F06C
:1055D00041FF3B685B68002B23D03B68DB6C03F426
:1055E0000053002B14BF01230023FB73FB7B002B14
:1055F00009D03B684C33D3E8EF1F41F48021C3E866
:10560000E21F002AF7D100233A6979693868FFF769
:1056100044FFFB7B002B04D0002239687868FDF73B
:1056200013FA00231AE03B6898683B6899693B6865
:10563000DB691A4605F029FF3B68DA693B685A6264
:105640003B680022DA613B684C33D3E8EF1F41F43A
:105650000021C3E8E21F002AF7D1012318461837BA
:10566000BD4680BD80B586B000AFF860B9607A6095
:105670003B6000237B61BB689B68002B0BD0BB6841
:105680005B68002B4DD14FF48871F868FFF736F94D
:105690000346002B45D0BB689B68002B04D04FF419
:1056A0008871F868FFF719F9BB687A689A60BB6877
:1056B0003A68DA60B968F868FFF756FF0346002BCE
:1056C0004DD0BB689A68BB685B6AD118BB68DA6862
:1056D000BB685B6AD31A1A46F868FFF711FABB6811
:1056E000DB6C03F48053002B39D0BB684C33D3E818
:1056F000EF1F21F48021C3E8E21F002AF7D1002127
:10570000F868FFF7B6F94FF4A271F868FFF7F6F8FA
:105710000346002B23D04FF4A271F868FFF7DDF8A1
:105720001DE0BB681B69002B15D1BB687A681A6144
:10573000BB683A685A613A687968F868FFF7E0F937
:10574000BB68DB6C03F48043002B09D02021F86890
:10575000FFF7FDF804E06FF00F037B6100E000BF8E
:105760007B6918461837BD4680BD80B582B000AF52
:10577000786039603B68DB6C03F40043002B03D195
:105780003B680022DA613AE04FF4A6717868FFF7CF
:10579000A4F83B689B69052219467868FFF7B0F9C1
:1057A0004FF488717868FFF798F82C217868FFF734
:1057B00060F900BF4FF488717868FFF79FF80346DF
:1057C00083F00103DBB2002BF4D14FF488717868C9
:1057D000FFF783F84FF4A6717868FFF78FF8034658
:1057E000002B04D07868FFF79CF9034600E0002303
:1057F0003A68D3614FF4A6717868FFF76EF80837FE
:10580000BD4680BD80B582B000AF7860396000BF12
:105810004FF4A2717868FFF771F8034683F0010333
:10582000DBB2002BF4D14FF4A6717868FFF755F87E
:105830004FF488717868FFF750F84FF4A2717868D8
:10584000FFF74BF839687868FFF78FFF7868FFF744
:105850000CFE3B6800229A603B6800221A6138689F
:10586000FFF7CDFD00BF0837BD4680BD80B489B0CD
:1058700000AF786039607B681B68FB610023FB76B2
:105880003B685B6803F01F03002B01D0012354E049
:10589000FB691B681B0ADBB27B613B681B687A698A
:1058A0009A4201D8012348E0FB695B683B61FB69D0
:1058B00000225A603B681B68DAB2FB699A603B6859
:1058C0005B6823F01F03FB603B689B7CDB0003F0FD
:1058D0001803FA681343FB603B685B7C5B0003F0D2
:1058E0000603FA681343FB603B681B7C03F001036B
:1058F000FA681343FB60FB69FA68DA603B689B68EF
:10590000013B23F01F03BB603B68DB685B0003F0D7
:105910000E03BA681343BB60BB6843F00103BB606E
:10592000FB69BA681A61FB693A695A60BFF34F8F25
:1059300000BFBFF36F8F00BFFB7E18462437BD4604
:1059400080BC704780B487B000AF786039607B68F6
:105950001B687B610023FB747B695B68FB607B6970
:1059600000225A603B68DAB27B699A607B69002248
:10597000DA607B6900221A617B69FA685A60FB7CF5
:1059800018461C37BD4680BC704780B586B000AF56
:1059900078607B681B683B613B691B681B0ADBB254
:1059A000FB6000237B6106E079697868FFF7CAFF36
:1059B0007B6901337B617A69FB689A42F4D30023E7
:1059C00018461837BD4680BD80B483B000AF7860FC
:1059D0007B681B6800BF0C37BD4680BC704780B435
:1059E00083B000AF786039607A683B6813441B6805
:1059F000002B14BF01230023DBB218460C37BD4631
:105A000080BC704780B582B000AF78600B467B8069
:105A10007B887A68134400221A607B887A68134472
:105A20001846FFF7D1FF00BF0837BD4680BD80B5DF
:105A300082B000AF78600B467B807B88194678681F
:105A4000FFF7CDFF034618460837BD4680BD80B43A
:105A500083B000AF786039607B683A68C3F804238C
:105A600000BF0C37BD4680BC704780B485B000AF26
:105A700078600B46FB700023FB73FB7B18461437E2
:105A8000BD4680BC704780B483B000AF78607B684F
:105A9000DB0318460C37BD4680BC704780B483B02A
:105AA00000AF78607B680133DB03013B18460C379D
:105AB000BD4680BC704780B400AF00231846BD4689
:105AC00080BC704780B400AF1F231846BD4680BC21
:105AD000704780B400AF4FF400431846BD4680BC09
:105AE000704780B483B000AF78607B6803F57F4374
:105AF000C0335B0318460C37BD4680BC704780B48A
:105B000083B000AF78607B6803F57F43C1335B03EC
:105B1000013B18460C37BD4680BC704780B400AFCF
:105B200040231846BD4680BC704780B400AF5F2359
:105B30001846BD4680BC704780B400AF4FF4005398
:105B40001846BD4680BC704780B582B000AF0023C8
:105B50007B6003F0D1FC78607B68002B02D045F2BB
:105B6000235300E0002318460837BD4680BD80B5AA
:105B700082B000AF02F0CEFC78607B68002B01D0D1
:105B80007B680CE0FFF7E0FF78607B68002B01D0BA
:105B90007B6804E0FDF710FEFDF72CFE002318469D
:105BA0000837BD4680BD80B400AF00231846BD460F
:105BB00080BC704780B500AFFDF7EEFE72B600BF47
:105BC00020BFFDE780B483B000AF78607B68002B16
:105BD00002D14AF2C53303E07B6800221A70002329
:105BE00018460C37BD4680BC704780B400AF002318
:105BF0001846BD4680BC704780B400AF00BFBD46AC
:105C000080BC704780B483B000AF78607B689B092C
:105C100003F00103002B14BF01230023DBB218465D
:105C20000C37BD4680BC704780B500AFFDF7E8FE7D
:105C300080B588B000AF786039602623FB612323EC
:105C4000BB6101237B617B685B68082B03D13B68E8
:105C50005B68042B01D002233CE07B681B683B613E
:105C60003B681B68FB60FB684FF0FF321A603B69C2
:105C70001B68002B03D03B695B68002B01D102231A
:105C800028E03B691B681946FB697422786902F0B9
:105C9000A0FBB860BB68002B01D002231AE03B696F
:105CA0005B681946BB690422786902F092FBB86010
:105CB000BB68002B01D002230CE03B691A683B69EA
:105CC0005B6819461046FDF79FFD03461A46FB68C0
:105CD0001A60002318462037BD4680BD80B584B0C9
:105CE00000AFF860B9607A60FB68042B15D0FB68E0
:105CF000042B18DCFB68002B03D0FB68012B06D0BB
:105D000011E07968B868FDF7BFFE03460CE07968DA
:105D1000B868FDF771FF034606E07968B868FFF7D9
:105D200087FF034600E0032318461037BD4680BDB9
:105D300080B483B000AF78607B681B6818460C376E
:105D4000BD4680BC704780B586B000AF7860EFF389
:105D50001083FB60FB68012B0CBF01230023FB7544
:105D6000FDF764FE0346002B07D0FB7D83F00103A3
:105D7000DBB2002B01D072B600BF7B681846FFF77C
:105D8000D7FF3861FDF752FE0346002B0AD0BFF360
:105D90004F8F00BFFB7D83F00103DBB2002B01D0EE
:105DA00062B600BF3B6918461837BD4680BD00008B
:105DB00080B485B000AF786039600B23FB60FB686E
:105DC0005A1EFA601A463B6813440A221A70FB688E
:105DD0005A1EFA601A463B6813440D221A700EE0F0
:105DE0007B6803F00F02FB6839680B4410498A5C3A
:105DF0001A70FB68013BFB607B681B097B60FB68DA
:105E0000012BEDDCFB685A1EFA601A463B6813440E
:105E100078221A70FB685A1EFA601A463B681344CF
:105E200030221A7000BF1437BD4680BC704700BFD7
:105E3000448A000080B584B000AF43F65C23FB6069
:105E40004FF0FF33BB60234802F0D2F9B860BB6863
:105E5000002B02D06FF0FC0337E0FFF788FEB8603C
:105E6000BB68002B02D06FF0FC032EE021211A4802
:105E7000FDF785FFFFF797FEF860FB68002B02D067
:105E80006FF0FC0321E0FB1D1846FFF79BFEF86056
:105E9000FB68002B02D06FF0FC0316E0FB79002BAF
:105EA00008D0FFF7A2FEF860FB68002B02D06FF06D
:105EB000FC030AE0FFF7A0FE02F094F93521074841
:105EC000FDF75DFF01F028FD002318461037BD46A1
:105ED00080BD00BFDC290020548A0000788A0000C1
:105EE00080B582B000AF4FF0FF337B6001F0A6FEBB
:105EF0000A4B184601F093FEFFF79CFF78607B6821
:105F0000002B01D001F054FE01F014F800F0DAF992
:105F1000002318460837BD4680BD00BF000400209E
:105F200080B485B000AF78600023FB60134B5B68E2
:105F3000BB601AE0BB681B685B687A689A420FD145
:105F4000FB68002B0AD0BB689A68FB689A600B4B11
:105F50005A68BB689A60094ABB685360BB6808E02E
:105F6000BB68FB60FB689B68BB60BB68002BE1D132
:105F7000002318461437BD4680BC7047E029002036
:105F800080B582B000AF786039607B68002B0DD19E
:105F900008211A48FDF7F3FE1D211948FDF7EFFE11
:105FA0009B220221174801F009FEFEE77B681B686F
:105FB0009B6803F48063002B03D0B3F5806F09D096
:105FC00011E07B681B68DB683A689A420ED96FF073
:105FD000FA030FE07B681B68DB683A689A4207D0D7
:105FE0006FF0FA0306E06FF0FA0303E000BF00E091
:105FF00000BF002318460837BD4680BDB08A0000A8
:10600000BC8A0000B88A000080B588B000AFF86094
:10601000B9601346FB710023BB61BB68002B0DD137
:1060200008212548FDF7ABFE1C212448FDF7A7FEFB
:10603000B6220221224801F0C1FDFEE7FB79002BC8
:1060400009D0BB681B689B6803F48073002B2DD1BB
:106050006FF0FC032BE01B4B1B68BB61BB69002B83
:1060600001D101F0A5FDBB691B6838337B610023BA
:10607000FB610AE0FB699B007A6913441B68FA68BC
:106080009A4209D0FB690133FB61BB691B689A69BD
:10609000FB699A42EED800E000BFBB691B689A69B1
:1060A000FB699A4202D16FF0FC0300E0002318461E
:1060B0002037BD4680BD00BFB08A0000DC8A0000EA
:1060C000B88A0000702A002080B58CB000AFF8605C
:1060D000B9607A60FB68002B0DD108213248FDF7CA
:1060E0004EFE18213148FDF74AFEDB2202213048DE
:1060F00001F064FDFEE7BB68002B02D16FF0800366
:106100004DE0BB6803F08043002B46D0BB6803F032
:106110001F03FB62274AFB6A52F82330BB62BB6A4B
:10612000002B02D16FF0800339E0BB6A1B685B680B
:106130007B6200F0ABF8034687F8233097F82330F2
:106140001A46B96A786AFFF75FFFF861FB69002BAE
:1061500002D06FF0810322E0BB681B12DBB2BB618F
:10616000B969B86AFFF70CFF0346002B02D06FF045
:10617000800314E002F025F878617B69002B02D1DE
:106180006FF082030BE07A68B96A786900F014F85E
:10619000FB687A691A60002301E06FF080031846FB
:1061A0003037BD4680BD00BFB08A0000F88A0000CD
:1061B000B88A0000E829002080B584B000AFF860FC
:1061C000B9607A60FB68002B0ED108211E48FDF7EC
:1061D000D6FD19211D48FDF7D2FD40F24F120221D4
:1061E0001B4801F0EBFCFEE7BB68002B0ED1082139
:1061F0001548FDF7C4FD19211448FDF7C0FD4FF403
:10620000A8720221124801F0D9FCFEE7FB680C33AA
:1062100030220021184605F07EF9FB68BA689A60C2
:106220000C4B1A68FB685A60FB687A685A61F86818
:1062300001F0A2FF0246FB681A61FB6800221A60A7
:1062400000BF1037BD4680BDB08A0000108B000033
:10625000B88A0000702A002080B483B000AF0A4BD7
:106260001B687B607B68002B07D07B681B68002B5A
:1062700003D07B681B685B6800E0002318460C377E
:10628000BD4680BC704700BF702A002080B582B038
:1062900000AF0B4B1B687B607B68002B01D101F0CA
:1062A00087FC7B681B689B6803F44063002B14BF6A
:1062B00001230023DBB218460837BD4680BD00BF6E
:1062C000702A002080B584B000AF4FF0FF33FB6030
:1062D00001F071FF194B00225A60194B00225A60DD
:1062E00000F08EFD154800F073F8B860BB68002B15
:1062F0001CD08023134A1249B86801F0E3FC78608F
:10630000B86801F083FDBB681A68BB68043319469E
:10631000104600F05BFEF860FB68002B01D001F036
:1063200047FC7968B86800F0A3FCDBE700BF00F029
:10633000CDFC034618461037BD4680BD682A0020B4
:10634000E0290020E829002080B582B000AF0A4B88
:106350001B687B60084B1B682033074A1360064BA1
:106360001A68064B1B689A4201D901F021FC7B6830
:1063700018460837BD4680BD242100202821002072
:1063800080B584B000AF78600F4B1B68FB607B6802
:10639000002B01D1002313E07A6813465B001344FD
:1063A0009B001A46084B1B681344074A1360064BB0
:1063B0001A68064B1B689A4201D901F0F9FBFB6889
:1063C00018461037BD4680BD2C210020302100200A
:1063D00080B586B000AF78607B68002B01D101F0FA
:1063E000E7FB6A4B1B6813F1310F07D8674B1B683B
:1063F00003F13002664B1B689A4201D30023C1E0CF
:10640000624B1B683B61614B1B68D9433B699869D0
:106410003B69DA6913469B00134418443B691A6AC6
:1064200013465B00134418443B695A6A1346DB0069
:106430009B1A03440E339B0099421CD33B69996914
:106440003B69DA6913469B00134419443B691A6A95
:1064500013465B00134419443B695A6A1346DB0038
:106460009B1A0B440E339A00484B1B681A44484B46
:106470001B689A4201D901F09BFB3B691B681B0C0E
:106480001B04444A934201D001F092FB3B691B6814
:106490009BB2B3F5817F01D301F08AFB3B695B6856
:1064A000002B01DA01F084FB3B699A6A3B69DB6AE5
:1064B0009A4201DD01F07CFB3B699B6803F4406379
:1064C000002B36D03B699B6A002B09DA3B69DB6AFB
:1064D000002B05DA3B699A6A3B69DB6A9A4201DD67
:1064E00001F066FB7B685B687B611FE07B691B6872
:1064F0009B6803F44063002B14D07B691B689B6A84
:10650000FB607B691B68DB6ABB603B69DB6AFA681E
:106510009A4208DC3B699B6ABA689A4203DB01F045
:1065200047FB00E000BF7B69DB697B617B69002B77
:10653000DCD1FFF709FF78617B693A691A603B6932
:1065400099693B69DA6913469B00134419443B6916
:106550001A6A13465B00134419443B695A6A13468E
:10656000DB009B1A0B440E339A00084B1B68134444
:10657000064A13607B685A687B69DA617B687A69CE
:106580005A607B6918461837BD4680BD1C21002023
:106590002021002000005F5F80B584B000AF7860EC
:1065A0000023FB6034E07A68FB680A339B001344E5
:1065B0005B68002B28D07B68DA6FFB68DB00134434
:1065C0001A687968FB6816339B000B445B689A4233
:1065D0000DD008211248FDF7D2FB19211148FDF713
:1065E000CEFBD1220221104801F0E8FAFEE77B68D9
:1065F000DA6FFB68DB001A447968FB681A339B008A
:106600000B445B68536000E000BFFB680133FB6034
:10661000FB68032BC7D900BF00BF1037BD4680BD44
:106620002C8B0000388B0000348B000080B59CB0B0
:1066300000AFF860B9607A603B604FF0FF333B66B3
:1066400000237B66BB681B0E03F00703FB65BB687A
:106650001B0C03F00703BB65984B1B687B65BB688D
:106660001BB23B653B6D002B02DA6FF0800351E1FA
:10667000FB683A6DDA60BB681BB21A46BB6893428E
:1066800001D1002346E1BB6DDB43FA6D9A4204D889
:10669000FA6DBB6D1344042B02D96FF0800339E10E
:1066A000BB68002B01DA20237B667B6D5868796814
:1066B000FB6DDA007B6E43F0020301F08AFE386660
:1066C0003B6E002B02D06FF0800323E107F1300313
:1066D00020220021184604F01EFFFB6DDA0007F1AE
:1066E00030037968184604F0D0FE7B6D586839682D
:1066F000BB6DDA007B6E43F0060301F06AFE38667C
:106700003B6E002B02D06FF0800303E107F1100312
:1067100020220021184604F0FEFEBB6DDA0007F1CE
:1067200010033968184604F0B0FE0023FB663AE017
:10673000FB6E0133BB662FE0BB6EDB0070333B4466
:1067400053F8402CBB6EDB0070333B4453F83C3CA9
:106750001A44FB6EDB0070333B4453F8403C9A42D2
:1067600017D9BB6EDB0070333B4453F8402CFB6EF3
:10677000DB0070333B4453F8401CFB6EDB0070338E
:106780003B4453F83C3C0B449A4202D26FF08003E6
:10679000C0E0BB6E0133BB66BB6EFA6D9A42CBD8CC
:1067A000FB6E0133FB66FB6E01331A46FB6D9342B1
:1067B000BED8BB6803F00063002B01D020237B66AA
:1067C000FB681C3310220021184604F0A4FEFB686D
:1067D0002C3310220021184604F09DFE0023FB6696
:1067E0003CE07B6D5868FB6EDB0070333B4453F834
:1067F000403C1946FB6EDB0070333B4453F83C2CA5
:106800007B6E43F0020301F0E4FD38663B6E002B23
:1068100002D06FF080037DE0FB6EDB0070333B4401
:1068200053F83C2CF968FB6E06339B000B445A600E
:10683000FB6EDB0070333B4453F8402CF968FB6E71
:106840000E339B000B445A60FA68FB6E12339B00B8
:10685000134400225A60FB6E0133FB66FB6EFA6D37
:106860009A42BED87B6E202B09D1BB68002B06DB79
:10687000BB6803F40023002B01D100237B660023B7
:10688000FB663FE07B6D5868FB6EDB0070333B447A
:1068900053F8603C1946FB6EDB0070333B4453F801
:1068A0005C2C7B6E43F0060301F093FD38663B6E73
:1068B000002B05D06FF080032CE000BF702A002071
:1068C000FB6EDB0070333B4453F85C2CF968FB6EC5
:1068D0000A339B000B445A60FB6EDB0070333B4471
:1068E00053F8602CF968FB6E16339B000B445A601A
:1068F000FA68FB6E1A339B00134400225A60FB6E49
:106900000133FB66FB6EBA6D9A42BBD8FB683A68EE
:10691000DA67002318467037BD4680BD80B58AB05F
:1069200000AFF860B9607A603B6000237B62324B55
:106930001B683B624FF0FF33FB61F86801F084F99C
:1069400078627B6A002B01D101F032F97B6ADB6847
:10695000002B01DA01F02CF9BB68032B01D901F0FF
:1069600027F97A6ABB6806339B0013445A68796A30
:10697000BB6812339B000B445B68D31ABB61BB69D5
:10698000002B01D1002333E03B6A58687968062365
:106990003A6801F01EFDF861FB69002B01D001F09F
:1069A00007F9BA693B68934228BF13467B617A6A4C
:1069B000BB680E339B0013445A68796ABB68123374
:1069C0009B000B445B6813447A691946786804F0AD
:1069D0005CFD7A6ABB6812339B0013445A687B697A
:1069E0001A44796ABB6812339B000B445A607B6976
:1069F00018462837BD4680BD702A002080B588B073
:106A000000AFF860B9607A603B600023FB612F4BF8
:106A10001B68BB614FF0FF337B61F86801F014F92C
:106A2000F861FB69002B01D101F0C2F8FB69DB685A
:106A3000002B01DA01F0BCF8BB68032B01D901F08F
:106A4000B7F8FA69BB680A339B0013445A68F969BE
:106A5000BB681A339B000B445B68D31A3A689A42AE
:106A600001D901F0A5F8BB695868796802233A6832
:106A700001F0AFFC78617B69002B01D001F098F840
:106A8000FA69BB6816339B0013445A68F969BB68FE
:106A90001A339B000B445B6813443A6879681846C4
:106AA00004F0F3FCFA69BB681A339B0013445A687C
:106AB0003B681A44F969BB681A339B000B445A605F
:106AC000002318462037BD4680BD00BF702A002035
:106AD00080B582B000AF78607B6803F00703002BBD
:106AE0000DD008210E48FDF74AF917210D48FDF792
:106AF00046F9942202210C4801F060F8FEE77B6819
:106B0000083B7B607B68094A1A607B6804331A463D
:106B1000064B13607B6818460837BD4680BD00BF32
:106B2000548B0000748B00005C8B0000A5EDF5FE1B
:106B300080B584B000AF78607B68002B0DD07B6897
:106B40009B68002B09D07B689B681B68002B04D0D6
:106B50007B689B685B68002B02D16FF080032CE0A0
:106B60007B689B685B68FB60FB687A689A61154A82
:106B7000FB681360FB685B69002B13D1FB681B6823
:106B8000DB68002B0BD0FB681B68DB680020984794
:106B9000B860BB68002B02DA6FF080030DE0FB6881
:106BA00001225A617B689B681B681B691A467B68D7
:106BB0000C3318469047B860BB6818461037BD467E
:106BC00080BD00BF702A002080B483B000AF786021
:106BD00039607B685B68044A13603B6818460C3771
:106BE000BD4680BC704700BF702A002080B586B0CB
:106BF00000AF78601C4B1B683B611C4B5B687B6182
:106C000027E07B691B689B6803F40073002B1AD193
:106C10007B695B69012B18D0134A7B6913607B6920
:106C20001B68DB68002B0AD07B691B68DB680020CF
:106C30009847F860FB68002B01DA00F0B9FF7B6928
:106C400001225A6102E000BF00E000BF7B69DB69FE
:106C50007B617B69002BD4D1034A3B6913607B685D
:106C600018461837BD4680BD702A0020682A0020CB
:106C700080B584B000AF786039607B681B68FB60CA
:106C80007B6800229A617B6800225A61FB689B68DE
:106C900003F44063002B12D0FB689B6803F400638D
:106CA000002B09D07B681B689A6A7B681B68DB6ACB
:106CB0001946104600F060F8034A7B68136000BF75
:106CC0001037BD4680BD00BF702A002080B586B059
:106CD00000AF234B1B687B617B69002B0DD1082122
:106CE0002048FDF74CF813211F48FDF748F89E2275
:106CF00002211E4800F062FFFEE77B691B683B61D2
:106D00003B699B6803F44063002B01D100F050FF06
:106D100000F0DAFA0346FB603B6930331A683B69DE
:106D20001B69134423F007031846FFF7D1FEB86030
:106D30003B6930331B68073323F007037B607968B6
:106D4000B86801F0B1F90A493B69DA68094BF8689B
:106D500001F070FC002318461837BD4680BD00BF07
:106D6000702A0020548B0000608B00005C8B0000B8
:106D7000ED6B0000F80B002080B483B000AF7860AA
:106D80003960054A7B681360034A3B68536000BF63
:106D90000C37BD4680BC7047742A002080B487B091
:106DA00000AF786039603B68002B02D14FF0FF33B1
:106DB0001EE07B68002B02DB4FF0FF3318E00F4B27
:106DC0001B687B610D4B5B683B617A693B69D31A39
:106DD000013BFB607A68FB689A4202DA4FF0FF33AE
:106DE00006E03B695A1C7B681A443B681A60002322
:106DF00018461C37BD4680BC704700BF742A00206F
:106E000090B583B000AF084C00F048FA0346A36089
:106E100000F04EFA03467B607B6883F3888800BFEE
:106E200000BF0C37BD4690BD00ED02E080B582B0DA
:106E300000AF78607B68002B0DD108210A48FCF771
:106E40009EFF14210948FCF79AFF6122022108489D
:106E500000F0B4FEFEE77B6803221A6001F07DF9C2
:106E600000BF0837BD4680BD8C8B0000988B0000AA
:106E7000948B000080B483B000AF03463960FB718F
:106E800097F90730002B0ADB3B68DAB20C4997F917
:106E900007305201D2B20B4483F800230AE03B686A
:106EA000DAB20849FB7903F00F03043B5201D2B276
:106EB0000B441A7600BF0C37BD4680BC704700BF3C
:106EC00000E100E000ED00E0EFF308807146EFF331
:106ED0000982EFF30B830CB406B400F003FE864680
:106EE000009900F0080001F00801401A02DC12DBF2
:106EF00004B070471EF020031CBF2DE9F00FBDF158
:106F0000080D0B4C254626462746A046A146A2461C
:106F1000A34630B4704704B030BC1EF020031CBF41
:106F20001DF1080DBDE8F00F04B0704700BF000070
:106F3000A5EDF5FE80B584B000AF174BFB60FB6894
:106F4000DB68BB60BB68DB431B0C1B047B60BB685E
:106F50009AB27B68134343F48042FB68DA600021F5
:106F60006FF00B00FFF786FF00216FF00A00FFF7BC
:106F700081FF00216FF00800FFF77CFF00216FF018
:106F80000400FFF777FF03216FF00100FFF772FFA6
:106F900000BF1037BD4680BD00ED00E0009A0A4BEF
:106FA0009A420FD10122904301460246034604460D
:106FB0000546064607468046814682468346844605
:106FC00086460447FEE700BFA5EDF5FE80B590B00C
:106FD00000AF786039607B68002B02D03B68002BE3
:106FE00002D143F6DA33AFE000233B63012387F895
:106FF0002F307B689B6803F44063002B14BF012390
:10700000002387F82E3097F82F305B0003F002033F
:107010003B6397F82E303A6B13433B633B683A6B04
:107020001A600023FB6388E07B689B699A007B6899
:10703000D1187B68DA6913469B0013449B000B440C
:107040003833BB62FA6B13465B0013449B001A464D
:10705000BB6A13449B6803F00803002B67D000232E
:1070600087F83B3000237B6315E0394A7B6B52F88D
:107070002310FA6B13465B0013449B001A46BB6A4D
:1070800013441B68994203D1012387F83B3005E084
:107090007B6B01337B637B6B012BE6D997F83B302D
:1070A00083F00103DBB2002B02D043F6DA334BE06E
:1070B000FA6B13465B0013449B001A46BB6A1344E9
:1070C0001B687B627B6A1B68002B32D07B6A1B6863
:1070D00001211846FCF7D8FA97F82F3083F0010306
:1070E000DBB2002B26D01B4B1B685A1C19490A60C7
:1070F000FB607B6A1B683B617B6A5B687B6100238A
:10710000BB6101237B770023BB7701233B7707F12A
:107110000C0319461048FEF7A9FB034687F82330F5
:1071200097F82330002B05D043F6DA330CE000BF8C
:1071300000E000BFFB6B0133FB637B681B6AFA6BEB
:107140009A42FFF471AF002318464037BD4680BD18
:10715000AC8B00007C2A00203421002080B586B052
:1071600000AF4548FEF711FC444B1B685A1C4349CD
:107170000A603B60424BDB687B60414B1B69BB6034
:107180000123FB6003237B740023BB7400233B7447
:107190003B4619463848FEF769FB0346FB75FB7D05
:1071A000002B02D043F6DA3362E0344B1B685A1CE2
:1071B00032490A603B60334B7B60334BBB60012339
:1071C000FB6003237B740023BB7400233B743B46AA
:1071D00019462948FEF74AFB0346FB75FB7D002B49
:1071E00002D043F6DA3343E0244B1B685A1C234990
:1071F0000A603B60254B7B60254BBB600123FB6035
:1072000003237B740023BB7400233B743B46194665
:107210001948FEF72BFB0346FB75FB7D002B02D0C4
:1072200043F6DA3324E0154B1B685A1C13490A60F5
:107230003B60184B7B60184BBB600223FB60012353
:107240007B740023BB7401233B743B4619460A48F8
:10725000FEF70CFB0346FB75FB7D002B02D043F6CB
:10726000DA3305E0012201210348FBF7E3FE0023A6
:1072700018461837BD4680BD342100207C2A0020E6
:10728000B48B0000008D000020BA0000200F000029
:10729000200F0000001C0020201C002080B400AF44
:1072A000024B1B681846BD4680BC7047B48B00007B
:1072B00080B400AF034B1B681B681846BD4680BCFA
:1072C000704700BFB48B000080B400AF034B1B6855
:1072D00004331B681846BD4680BC7047B48B000061
:1072E00080B483B000AF0346FB7197F90730002BE1
:1072F0000CDBFB7903F01F02074997F907305B09A4
:10730000012000FA02F2603341F8232000BF0C375D
:10731000BD4680BC704700BF00E100E080B500AF13
:10732000FCF72CFAFCF772F8064B5B68DBB2103BFB
:10733000DBB25BB21846FFF7D3FF00F039FC00BFA9
:1073400080BD00BF00ED00E080B483B000AF034615
:107350003960FB7197F90730002B0ADB3B68DAB222
:107360000C4997F907305201D2B20B4483F800233D
:107370000AE03B68DAB20849FB7903F00F03043BEB
:107380005201D2B20B441A7600BF0C37BD4680BC06
:10739000704700BF00E100E000ED00E080B500AF05
:1073A00000216FF00800FFF7CFFF044B5B6A034A30
:1073B00043F4702353620023184680BD00ED00E0C3
:1073C00080B483B000AF094BDB687B607B689BB205
:1073D0007B607A68064B13437B60044A7B68D3600A
:1073E000002318460C37BD4680BC704700ED00E016
:1073F0000800FA0580B483B000AF0346FB7197F92B
:107400000730002B0BDBFB7903F01F02064997F9CD
:1074100007305B09012000FA02F241F8232000BF87
:107420000C37BD4680BC704700E100E080B483B0FB
:1074300000AF0346FB7197F90730002B0CDBFB799B
:1074400003F01F02074997F907305B09012000FA92
:1074500002F2603341F8232000BF0C37BD4680BCE8
:10746000704700BF00E100E080B483B000AF034686
:10747000FB7197F90730002B24DB154A97F9073089
:107480005B09A03352F82310FB7903F01F0301229C
:1074900002FA03F3DA430E4897F907305B090A4012
:1074A000A03340F823200A4A97F907305B09A0333C
:1074B00052F82320FB7903F01F0322FA03F303F0B1
:1074C000010300E0002318460C37BD4680BC70471E
:1074D00000E100E080B400AF044B1B68034A23F0D6
:1074E0000103136000BFBD4680BC7047D0ED00E0D3
:1074F00080B483B000AF134B1B68C3F30B037B60F6
:10750000BFF34F8F00BF104B1B683B60BFF34F8F23
:1075100000BFBFF34F8F00BF7B68092B0CD13B68C6
:10752000012B03D03B68022B02D003E0012304E0CF
:10753000012302E0012300E0002318460C37BD467A
:1075400080BC70473001FF003401FF0080B584B07B
:1075500000AFF8607A601A460B46FB721346BB72A6
:10756000FB7AFA689033DB0013445B6803F0010395
:10757000002B0ED008211148FCF701FC18211048FF
:10758000FCF7FDFB40F2913202210E4800F016FBA1
:10759000FEE7FA7AFB689032796843F83210BB7ADA
:1075A000002B06D0FB7AFA689033DB0013440122EB
:1075B0005A6000BF1037BD4680BD00BFD08B0000B1
:1075C000DC8B0000D88B000080B584B000AFF86081
:1075D0007A601A460B46FB721346BB72FB7AFA6856
:1075E0009833DB0013445B6803F00103002B0ED0DB
:1075F00008211148FCF7C3FB18211048FCF7BFFB1A
:107600004FF4687202210E4800F0D8FAFEE7FA7AC9
:10761000FB689832796843F83210BB7A002B06D0A9
:10762000FB7AFA689833DB00134401225A6000BFEA
:107630001037BD4680BD00BFD08B0000F48B00002A
:10764000D88B000080B500AF40F20111024800F075
:10765000ACFF00BF80BD00BF0090035080B500AFFD
:10766000FFF738FF034B1B68024A43F00203136025
:1076700000BF80BDD0ED00E080B584B002AFFBF765
:10768000F3FE00237B607B6843F004037B607B6830
:1076900043F001037B60012300937B6801224FF6D6
:1076A000FF710020FBF71AFF00237B607B6843F02B
:1076B00004037B607B6843F002037B607B6843F0DC
:1076C00001037B60012300937B68012223494FF073
:1076D0000050FBF72DFF00237B607B6843F0040321
:1076E0007B607B6843F002037B607B6843F00103AF
:1076F0007B601B4B58681A4B9968012300937B6889
:107700000022FBF7EBFE012300937B680022154962
:107710001548FBF70DFF124BDA68114B1B69013B53
:1077200019461046FBF732FF00237B607B6843F06D
:1077300004037B607B6843F002037B60084B58695D
:10774000074B9969012300937B680022FBF7C6FE73
:10775000002318460837BD4680BD00BFFF7F0020CC
:10776000B48B0000FFFF03200080002080B582B0B2
:1077700000AF0023FB71F979012300220348FFF7D2
:10778000E5FE00BF0837BD4680BD00BF0030005099
:1077900080B582B000AF00233B6000237B600EE029
:1077A0007B68D9B27B689B0008333B4453F8082CB4
:1077B00001230748FFF708FF7B6801337B607B6884
:1077C000002BEDD000BF00BF0837BD4680BD00BF15
:1077D0000030005080B582B000AF00237B600AE02B
:1077E000094A7B6852F8233000211846FBF782FFD4
:1077F0007B6801337B607B681C2BF1D900BF00BF25
:107800000837BD4680BD00BF0C8C000080B582B03B
:1078100000AF0023FB7109E0134AFB79A0334FF05E
:10782000FF3142F82310FB790133FB71FB790F2BF9
:10783000F2D900233B600BE00C4A3B6852F823303E
:107840001B0B5BB21846FFF70FFE3B6801333B6032
:107850003B68002BF0D00920FFF706FE00231846F6
:107860000837BD4680BD00BF00E100E038210020A0
:1078700080B582B000AFFBF759FD00237B6014E0B8
:107880000E4A7B6852F823301B0B5BB21846FFF799
:10789000CDFD0A4A7B6852F823301B0B5BB21846B9
:1078A000FFF7A8FD7B6801337B607B68002BE7D086
:1078B000002318460837BD4680BD00BF3821002090
:1078C00080B586B000AF0346FB714FF0FF333B61DC
:1078D0000123FB60FEF7C0FCB86001237B6110E070
:1078E0000C4A7B6952F83330BA689A4206D1FB7968
:1078F0000F22934202D100233B6106E07B690133F2
:107900007B617A69FB689A42EAD33B69184618376B
:10791000BD4680BD808C000080B400AF034B0122C7
:107920001A6000BFBD4680BC704700BF802A00209F
:1079300080B588B000AF78607B681B68FB777B6898
:1079400004331B68BB617B6808331B68FB82214BD7
:107950001B683B614FF0FF33FB603B695868B969B6
:10796000FA8A062300F035FDF860FB68002B04D08E
:107970007B686FF086021A6029E0174B1B68012BA9
:1079800004D07B686FF086021A6020E0FB7F184607
:10799000FFF796FF0346002B04D07B686FF086024A
:1079A0001A6014E0FB8A032B04D87B686FF0860210
:1079B0001A600CE0BB69BB60BB6842F216021A8019
:1079C000BB6804225A807B6800221A6000BF2037FF
:1079D000BD4680BD702A0020802A002080B500AFFF
:1079E0000C4BD3E900230C480B498B4208BF824261
:1079F0000DD008210948FCF7C2F91B210848FCF703
:107A0000BEF9A7220221074800F0D8F8FEE700BF20
:107A100080BD00BFF80B0020A5EDF5FE888C0000AE
:107A2000D08C0000908C000080B586B000AFF8606C
:107A3000B9607A603B604FF0FF337B61FB68032BDA
:107A400014D0FB68032B38D8FB68002B03D0FB68ED
:107A5000022B0FD031E0FEF735FCB860FFF7BEFF18
:107A60001D4BB968184600F0E0FD2FE07868FFF77D
:107A70005FFF2BE0194B1B683B613B6958687B68D3
:107A800019687B6804331A68022300F0A2FC78614D
:107A90007B69002B0ED17B681B681A467B68043318
:107AA0001B6819461046FCF76AF903461A467B68BC
:107AB0001A600BE000F07CF808E0FA681C21084826
:107AC00000F07CF87B686FF083021A60BB68184690
:107AD0001837BD4680BD00BFF80B0020702A00207B
:107AE000948C000080B586B000AFF860B9607A6011
:107AF0002023FB75FB683B61BB6803F00803002B88
:107B000006D0BB6803F00403002B01D07B683B6107
:107B1000B86800F09CFD0346002B12D0B86800F056
:107B2000A8FD034683F00103DBB2002B02D03B69C2
:107B300028333B613B6918331B68023B1B78FB759C
:107B400001E000F035F8BB6803F00803002B0CBF20
:107B500001230023DAB2FB7D03F04003002B14BFA6
:107B600001230023DBB25340DBB2002B01D000F035
:107B70001FF8FB7D03F0A003002B07D1F87DFB6805
:107B80003A69B968FFF750FF03460AE0FB7D1A46E1
:107B90001F21064800F012F83B696FF083021A605B
:107BA000BB6818461837BD4680BD00BFB08C0000CA
:107BB00080B500AFFDF7FEFF00BF80BD80B58AB085
:107BC00000AFF860B9607A6000237B62FB68002B2D
:107BD0000CD0BB68002B09D0B968F868FCF7CFF867
:107BE00078627B6A002B01DA7B6A14E007F11403E8
:107BF00019467868FEF7DCF807F114030C211846E3
:107C0000FCF7BDF838623B6A002B01DA3B6A02E000
:107C10007A6A3B6A134418462837BD4680BD80B453
:107C200085B000AF78607B68FB60FB6883F30A88EF
:107C300000BF00BF1437BD4680BC704780B400AFA2
:107C400000BFBD4680BC704780B584B000AF78608F
:107C5000786800F09CFAF860F86800F0B9FA03461A
:107C6000002B01D000230DE0FEF7F6FAB860FB68A8
:107C70009B685B681B685B68BA689A4201D0002306
:107C800000E0FB6818461037BD4680BD80B584B063
:107C900000AF0346FB71FB79002B03D000F01DFA07
:107CA000F86002E0FEF7D8FAF860FB79FA68D20FC4
:107CB000D2B2934201D0FFF77BFFFB681846103722
:107CC000BD4680BD80B58CB000AFF860B9607A6009
:107CD0003B600023BB62FB68002B02D0BB68002B1B
:107CE00001D1FFF765FFFB681B687B627B6A9B69BC
:107CF0009A007B6A134438333B627B6ADB6918461F
:107D0000FEF73EFBF8610023FB6272E0FA6A13465D
:107D10009B0013449B001946FA6A13465B00134408
:107D20009B001A46FB6913443A6A0A441A60FA6ACD
:107D300013465B0013449B001A46FB691344FA6820
:107D40005A60FA6A13465B0013449B001A46FB69AB
:107D5000134400229A60FA6A13469B0013449B0066
:107D60001A463B6A13449B68BB61BB6903F400730A
:107D7000002B26D07B68002B05D03B68002B02D05F
:107D80003B68802B01D0FFF713FFBB69DBB27B613F
:107D90007B691F2B06D87B699B007A6813441B689C
:107DA000002B01D0FFF704FFFA6A13465B0013446F
:107DB0009B0019467B699B007A681344FA690A4460
:107DC0001A60FA6A13465B0013449B001A46FB696B
:107DD0001344BA6852689A60FA6A13465B00134407
:107DE0009B001A46FB691A44BB685A60FB6A013360
:107DF000FB627B6ADB69FA6A9A4202D2FB69002B5A
:107E000084D1BB6A18463037BD4680BD80B483B08C
:107E100000AF786000BF0C37BD4680BC704780B4AF
:107E200083B000AFEFF3108372B67B607B681846B7
:107E30000C37BD4680BC704780B483B000AF78601B
:107E40007B6883F3108800BF0C37BD4680BC704749
:107E500080B582B000AF78607B6813F1810F03D0EA
:107E60007B6813F1820F09D1FEF710FA034683F005
:107E70000103DBB2002B01D0FFF79AFE00BF0837E9
:107E8000BD4680BD80B485B000AFF860B9607A604F
:107E90007B6801221A70FB6802221A60BB681846D0
:107EA0001437BD4680BC704780B588B000AF78609D
:107EB00039600023FB6100233B610023FB7378687A
:107EC000FFF7C2FEB861BB69002B01D1FFF770FE5E
:107ED000BB699B687B617B69002B01D1FFF768FE62
:107EE000BB69DB6813F1020F25D0B3F1FF3F25D149
:107EF0003B68002B02D17B68FB6137E03B6813F1E4
:107F0000820F08D107F10F031A463968B869FFF7E5
:107F1000B9FFF8612AE03B6813F1830F08D107F13C
:107F20000F031A463968B869FFF7ACFFF8611DE026
:107F3000FFF73EFE1AE00123FB7317E0BB69DB6825
:107F4000002B11DB3B68FB61B869FEF725FB7B6901
:107F50001B689B6803F40073002B07D0BB690222E7
:107F60001A600123FB7301E0FFF722FEFB6913F1A6
:107F7000810F05D1BB695B69002B01DBFFF718FEA0
:107F8000FFF74DFF03463B61F969B869FEF71CFE38
:107F9000F8613B691846FFF74FFFBB691B68022B6E
:107FA00002D0BB6900221A60FB7B002B05D0BB69A5
:107FB00000221A60B869FEF739FFFB6918462037BE
:107FC000BD4680BD80B500AFFDF7F4FD6FF08303C3
:107FD000184680BD80B588B000AFF860B9607A609F
:107FE0003B60FEF753F90346FB77FB7F1846FFF72C
:107FF0004DFEB86107F11003BA69F9681846FEF73B
:1080000063F878617B69002B01D07B691DE03869DA
:108010003B687A68B968FEF709FB78617B69002BD9
:108020000AD0FB6803F08043002B03D03B6918465D
:10803000FEF7FCFE7B6908E03B691846FEF778FD19
:1080400078613B6901221A607B6918462037BD467A
:1080500080BD80B400AF40F201131846BD4680BC1D
:10806000704780B584B000AF7860FEF70FF9034623
:10807000FB737868FDF754FFB860BB68002B01D133
:1080800000230DE0FB7B1A46B9687868FDF7BCFF5A
:108090000346002B01D0002302E0BB681B68DB68AD
:1080A00018461037BD4680BD80B485B000AF7860FB
:1080B00039607B68BB60BB6883F3098800BF3B689D
:1080C000FB60FB6883F30B8800BFBFF36F8F00BFBB
:1080D00000BF1437BD4680BC704780B582B000AF8A
:1080E0004FF0FF337B603B4619467868FEF756FE3B
:1080F0000346002B01D0002300E03B6818460837F8
:10810000BD4680BD80B483B000AFEFF30B837B60CE
:108110007B6818460C37BD4680BC704780B485B07C
:1081200000AF78607B68FB60FB6883F30B8800BF5F
:1081300000BF1437BD4680BC704780B582B000AF29
:10814000FFF7E0FF78607B6880331846FFF7E6FFB3
:108150007B6818460837BD4680BD80B582B000AF49
:10816000FFF7D0FF78607B68803B1846FFF7D6FFAB
:1081700000BF0837BD4680BD80B483B000AF7860D3
:108180004FF4805318460C37BD4680BC704780B50D
:1081900084B000AF78607B68B3F5805F01D00023C6
:1081A00005E0FFF7AFFF0346803BFB60FB68184626
:1081B0001037BD4680BD80B400AF00BFBD4680BC57
:1081C000704780B500AFFFF7B8FF0346184680BD83
:1081D00080B483B000AF7860002318460C37BD46EA
:1081E00080BC704780B400AF00BFBD4680BC704704
:1081F00080B582B000AF7860FFF730FAFFF73CFA45
:108200000346002B02D043F6DA3313E000F000FA05
:108210000346002B02D043F6DA330BE0FEF79EFF55
:108220000346002B02D043F6DA3303E07B680222D8
:108230001A60002318460837BD4680BD90B591B03E
:1082400000AFF860B9607A60FB687B627B6A43E8E4
:1082500000F3BB61BB693B62FA68BB681344013B36
:10826000BB62BB6A43E800F37B617B69FB6197F803
:108270002330BB63FB7F7B63FB683B63FDF71BFC29
:108280000246BB6B93424BD3FDF71CFC02467B6B53
:10829000934245D8B86BFDF701FC02463B6BD31AFD
:1082A0000133FB623B6B7A68F96A184602F076FF8D
:1082B0000346002B01D1002387E0BB6B0133FB6336
:1082C00015E0FB6B1846FDF7DEFB38633C6BFDF7F2
:1082D00000FC03467A681946204602F05FFF034619
:1082E000002B01D1002370E0FB6B0133FB63FB6BC0
:1082F0007A6B9A42E5D8786BFDF7C5FB3863FA686C
:10830000BB681A443B6BD31AFB623B6B7A68F96A11
:10831000184602F043FF0346002B55D1002354E0DA
:10832000FDF7FCFB0246BB6B93424BD3FDF7FDFB15
:1083300002467B6B934245D8B86BFDF7E0FB0246E3
:108340003B6BD31A0133FB623B6B7A68F96A1846C0
:1083500002F024FF0346002B01D1002335E0BB6B64
:108360000133FB6315E0FB6B1846FDF7BAFB38637E
:108370003C6BFDF7E1FB03467A681946204602F0A4
:108380000DFF0346002B01D100231EE0FB6B0133E0
:10839000FB63FB6B7A6B9A42E5D8786BFDF7A1FB28
:1083A0003863FA68BB681A443B6BD31AFB623B6BB9
:1083B0007A68F96A184602F0F1FE0346002B03D1F1
:1083C000002302E0002300E0012318464437BD46A5
:1083D00090BD80B58EB000AFF860B9607A603B6048
:1083E00000237B637B68002B01D100238EE0BB68F8
:1083F000002B02D14CF2DA2388E03B6803F006033D
:10840000062B04D17B6B43F001037B630CE03B68DC
:1084100003F00203002B04D07B6B43F008037B6363
:1084200002E04CF2DA2371E03B6803F02003002BFA
:1084300003D07B6B43F012037B63FB6803F0020302
:10844000002B03D17B6B43F004037B63FB6803F0D9
:108450000103002B18D0EFF39483FB62FB6A3B62AD
:1084600097F8203003F00103DBB2002B04D07B6BC4
:1084700043F004037B6303E07B6B23F004037B6323
:108480007B6B43F012037B63BB687A6B7968184699
:1084900002F084FE0346002B14BF01230023DBB24D
:1084A0003B633B6B002B2AD1BB687B627B6A43E852
:1084B00000F37B617B69FB61BA687B681344013B15
:1084C000BB62BB6A43E800F33B613B69BB61BB7FB6
:1084D00023F07F03DBB2002B11D0BB7E23F07F03A0
:1084E000DBB2002B0BD0FA7FFB7E9A4207D0BB6831
:1084F0007A6B79681846FFF7A1FE03463B633B6B36
:10850000002B01D0002301E06FF07F0318463837BD
:10851000BD4680BD80B582B000AF43F65C237B6072
:10852000FEF73CFF78607B68002B02D043F6DA331D
:1085300028E0FEF745FF78607B68002B02D043F609
:10854000DA331FE000F057F878607B68002B02D028
:1085500043F6DA3316E062B600BFF9F7B7F9FFF772
:1085600055F978607B68002B02D043F6DA3309E0D6
:10857000FFF77EF978607B68002B02D043F6DA3390
:1085800000E0002318460837BD4680BDEFF30880A1
:10859000EFF309812DE9F00F6B467246F9F7F0F819
:1085A00008B0FEF7BBFEFEE700BF80B582B000AFAB
:1085B00078600B467B80FEF79BFF0346002B11D0B3
:1085C0007B88002B0ED1FAF7FBFCBFF36F8F00BF47
:1085D0007B680022C3F84025BFF36F8F00BFFAF716
:1085E000FFFC04E07A887B68C3F8402500BF00BF29
:1085F0000837BD4680BD80B400AF00BF1846BD46F9
:1086000080BC704780B500AFFFF71CF800BF80BD8D
:1086100080B500AFFFF7DEF8FFF7A8F8FFF7B8F86E
:10862000FFF7F0FF0023184680BD04460D46A5461F
:10863000284700BF83F3088896460222EFF314838D
:10864000134383F31488BFF36F8F084700BF80B4D0
:1086500083B000AF78607B689B0903F00103002BB7
:1086600014BF01230023DBB218460C37BD4680BC83
:10867000704780B483B000AF78607B685B0903F01B
:108680000103002B14BF01230023DBB218460C3773
:10869000BD4680BC70470000464154414C204552C5
:1086A000524F523A20000000486172644661756C76
:1086B000740D0A004D656D4D616E616765206661E0
:1086C000756C740D0A0000004275734661756C7418
:1086D0000D0A000055736167654661756C740D0A7B
:1086E000000000005365637572654661756C740D1A
:1086F0000A000000526573657276656420457863F0
:10870000657074696F6E2000506C6174666F726D75
:108710002065787465726E616C20696E7465727222
:1087200075707420284952516E293A2000000000CB
:108730004173736572743A002C00000073746469AD
:108740006F5F696E6974000004020202010000009C
:108750000E000002000000010F000003451A000097
:10876000FD3E0000291D0000491D00005D1D0000A8
:10877000811D0000A51D000031410000C91D000041
:10878000DD1D0000F11D00003B42000051420000D1
:10879000694200004173736572743A002C00000056
:1087A0006E72665F6770696F5F70696E5F706F721F
:1087B000745F6465636F6465000000000000000082
:1087C0000338FDD8704700006E7266785F7561727D
:1087D00074655F696E6974006E7266785F75617248
:1087E00074655F7265636F6E6669677572650000B8
:1087F0006E7266785F75617274655F756E696E69B9
:10880000740000006E7266785F75617274655F69EE
:108810006E69745F636865636B000000706F6C6CF9
:108820005F6F7574000000006E7266785F7561722C
:1088300074655F74780000006E7266785F756172AF
:1088400074655F74785F696E5F70726F677265736D
:10885000730000006E7266785F75617274655F7494
:10886000785F61626F7274006E7266785F756172B4
:1088700074655F72785F656E61626C650000000010
:108880006E7266785F75617274655F72785F62752B
:10889000666665725F736574000000006E726678CC
:1088A0005F75617274655F72785F61626F72740088
:1088B0006E7266785F75617274655F72785F7265FB
:1088C000616479004173736572743A002C00000092
:1088D0006E7266785F637269746963616C5F7365F9
:1088E0006374696F6E5F65786974000041737365C6
:1088F00072743A002C0000006E72665F7370755FD0
:10890000666C617368726567696F6E5F736574002A
:108910006E72665F7370755F72616D726567696FA5
:108920006E5F7365740000007370755F72656769D0
:108930006F6E735F666C6173685F636F6E666967A5
:108940005F6E6F6E5F7365637572655F63616C6C9C
:1089500061626C65000000006E72665F7370755F27
:10896000666C6173686E73635F736574000000000A
:108970007370755F7065726970686572616C5F6352
:108980006F6E6669675F73656375726500000000EE
:108990006E72665F7370755F70657269706865721C
:1089A000616C5F73657400007370755F70657269E8
:1089B00070686572616C5F636F6E6669675F6E6F2A
:1089C0006E5F73656375726500000000506C6174C2
:1089D000666F726D20457863657074696F6E3A0DCD
:1089E0000A000000416C6C2070696E73206861762B
:1089F00065206265656E20636F6E66696775726576
:108A000064206173206E6F6E2D7365637572650DE2
:108A10000A0000000002FF002C0000003001FF00EF
:108A2000080000004001FF000C0000000881FF006A
:108A3000F8020000FFFFFFFF000000000000000040
:108A40000000000030313233343536373839414296
:108A5000434445461B5B313B33346D426F6F746951
:108A60006E672054462D4D2076322E322E301B5B01
:108A7000306D0D0A000000001B5B313B33346D5B31
:108A8000536563205468726561645D205365637546
:108A9000726520696D61676520696E697469616CD2
:108AA000697A696E67211B5B306D0D0A000000005A
:108AB0004173736572743A002C00000074666D5F38
:108AC00073706D5F636865636B5F636C69656E741B
:108AD0005F76657273696F6E0000000074666D5F8B
:108AE00073706D5F636865636B5F617574686F72E7
:108AF000697A6174696F6E0073706D5F6765745F2A
:108B000069646C655F636F6E6E656374696F6E0038
:108B100073706D5F696E69745F69646C655F636FC4
:108B20006E6E656374696F6E00000000417373655B
:108B300072743A002C0000007570646174655F63A4
:108B4000616C6C65725F6F75747665635F6C656E82
:108B5000000000004173736572743A002C0000003D
:108B60006261636B656E645F73797374656D5F7268
:108B7000756E0000617263685F7365616C5F746835
:108B8000726561645F737461636B00004173736548
:108B900072743A002C00000073706D5F6672656538
:108BA0005F636F6E6E656374696F6E003C210020B9
:108BB000442100200000010000000100FF7F0F00A1
:108BC00000FC00000000010000800F00FFDF0F002C
:108BD0004173736572743A002C0000006E72665F18
:108BE0007370755F647070695F636F6E6669675FED
:108BF000736574006E72665F7370755F6770696F1E
:108C00005F636F6E6669675F736574000040005054
:108C1000005000500080005000A0005000B00050F4
:108C200000E0005000F00050000001500010015022
:108C30000040015000500150007001500080015070
:108C400000B0015000C0015000D0015000E00150C0
:108C500000F00150000002500010025000200250AD
:108C6000003002500040025000600250008002506C
:108C700000A00250009003500025845000A0035033
:108C8000000000000F0000004173736572743A0029
:108C90002C000000556E6B6E6F776E2053504D2088
:108CA000535643207265717565737465643A20008C
:108CB000556E6B6E6F776E20535643206E756D62E6
:108CC0006572207265717565737465643A20000081
:108CD00074666D5F617263685F636865636B5F6D27
:0B8CE00073705F7365616C696E670064
:108D00000348044B834202D0034B03B1184770471A
:108D10002C2200202C220020000000000548064BD9
:108D20001B1AD90F01EBA301491002D0034B03B169
:108D3000184770472C2200202C2200200000000041
:108D400010B5064C237843B9FFF7DAFF044B13B193
:108D50000448AFF300800123237010BD4029002098
:108D6000000000000CBA000008B5044B1BB1044918
:108D70000448AFF30080BDE80840CFE700000000E2
:108D8000442900200CBA0000A3F5803A704700BFC8
:108D9000174B002B08BF134B9D46FFF7F5FF002133
:108DA0008B460F461348144A121A02F0B4FB0E4BBE
:108DB000002B00D098470D4B002B00D09847002087
:108DC000002104000D000D48002802D00C48AFF32C
:108DD000008002F05BFA20002900FDF781F802F024
:108DE00041FA00BF00000800000000000000000081
:108DF000F80B00202C220020E038002000000000AA
:108E000000000000009A084B9A4208D110B502F009
:108E1000C5FB02F061FA06BC96460C46744702F0A8
:108E20002AFC00BF18460000A5EDF5FE009A084B8D
:108E30009A4208D110B502F0C8FB02F04DFA06BC08
:108E400096460C46744702F016FC00BF1846000018
:108E5000A5EDF5FE0CB4029A094B9A420CD14FF0E5
:108E6000004319430CBC10B500F026F802F034FAA8
:108E700006BC96460C46744702F0FDFB00BF184640
:108E8000A5EDF5FE009A054B9A4202D10449086807
:108E9000744702F0F0FB00BF18460000A5EDF5FE98
:108EA00034B80000009A034B9A4200D1744702F094
:108EB000E2FB00BFA5EDF5FE80B58AB000AFF8601B
:108EC000B9607A603B60EFF30583BB61BB697B618E
:108ED000BB8AC3F308039BB2002B01D0FEF768FEE8
:108EE000104B1B683B623B687A68B968F868FFF70B
:108EF00071F878620B4B1B68FB613A6AFB699A4216
:108F000008D0FB699B691B69796A1846FEF7CCFF9C
:108F1000786202E0786AFEF79BFF7B6A1846283782
:108F2000BD4680BD702A002080B58AB000AFF860D1
:108F3000B9601346FB7100237B6200233B6107F19C
:108F4000140300221A605A60BB683B620023FB6175
:108F5000FB79642B0CD1BB68002B09DA2D21F86852
:108F600002F09FFB7B6A01337B62BB685B423B6222
:108F7000396A1A4BA3FB0123DA0813469B001344FA
:108F80005B00CA1AD2B2FB69591CF9613032D2B205
:108F900028333B4403F8182C3B6A104AA2FB0323F6
:108FA000DB083B623B6A002BE2D10EE0FB69013B30
:108FB000FB6107F11002FB6913441B781946F8683E
:108FC00002F06FFB7B6A01337B62FB69002BEDD102
:108FD0007B6A18462837BD4680BD00BFCDCCCCCCBF
:108FE00080B58EB000AF7860396000237B630023CA
:108FF000FB607B68002B40F040814CF2DA2351E1AA
:109000007B681B78252B40F02B817B6801337B60CC
:109010007B681B78302B40D17B6801331B78322B67
:109020003BD17B6802331B78782B04D07B680233FA
:109030001B78582B31D13B681A1D3A601B683B6383
:109040003B6B1B0903F00F017B6802331B78782B05
:1090500001D1964A00E0964A07F10C03184602F047
:109060005CFB02467B6B13447B633B6B03F00F019D
:109070007B6802331B78782B01D18C4A00E08C4A44
:1090800007F10C03184602F048FB02467B6B1344C1
:109090007B637B6803337B60EFE07B681B78252B69
:1090A00000F0C580252BC0F2CC80782B00F3C9805E
:1090B000582BC0F2C680583B202B00F2C28001A280
:1090C00052F823F0A3910000439200004392000065
:1090D000439200004392000043920000439200003C
:1090E000439200004392000043920000439200002C
:1090F0001192000049910000439200004392000049
:109100004392000043920000499100004392000006
:1091100043920000439200004392000043920000FB
:1091200043920000C191000043920000439200006E
:10913000F391000043920000679100004392000009
:1091400043920000859100003B681A1D3A6019683F
:1091500007F10C0364221846FFF7E6FE02467B6B1C
:1091600013447B6378E03B681A1D3A60196807F185
:109170000C0375221846FFF7D7FE02467B6B13449B
:109180007B6369E03B681A1D3A60196807F10C03BC
:10919000464A184602F0C1FA02467B6B13447B63D1
:1091A0005AE03B681A1D3A60196807F10C03404AFF
:1091B000184602F0B2FA02467B6B13447B634BE025
:1091C00007F10C033B49184602F08BFA02467B6B11
:1091D00013447B633B681A1D3A60196807F10C035E
:1091E000324A184602F099FA02467B6B13447B63BD
:1091F00032E03B681A1D3A601A6807F10C03114609
:10920000184602F06EFA02467B6B13447B6323E040
:109210003B681A1D3A601B68DAB207F10C0311466D
:10922000184602F03EFA7B6B01337B6314E007F1D2
:109230000C032521184602F034FA7B6B01337B6363
:109240000AE007F10C031C49184602F04AFA0246EC
:109250007B6B13447B6310E07B6801337B600CE025
:109260007B685A1C7A601A7807F10C03114618467D
:1092700002F017FA7B6B01337B637B681B78002B52
:109280007FF4BEAEFB68002B0BD0FA6807F10C032D
:1092900004331146184602F096FA02467B6B1344DB
:1092A0007B637B6B18463837BD4680BD5CB80000D9
:1092B0006CB800007CB8000080B800000020704747
:1092C000704700BF014B1B68184700BF50210020AA
:1092D00010B40446034A044B00201460196010BC0B
:1092E000704700BF54210020502100200246024B4D
:1092F00000201A60704700BF4C21002039B1044B98
:109300000A4610B500211B680446984710BD7047F7
:109310005821002010B5044628B121B1044B0A465B
:109320001B68002198472046BDE81040FFF7CABFE0
:109330005821002038B50446406A10B1A16AFFF7F1
:10934000E9FF0022237FC4E90922012B0FD0023B51
:10935000012B13D8236A012B0CBF15466FF096051D
:109360002C220021204602F0D6F8284638BD236A78
:10937000002B0CBF00256FF09605F1E76FF0960506
:10938000EEE700BF074B5A78022A02D06FF0880040
:1093900070471A78072AF9D10A460146181D00F0CD
:1093A00097B800BF842A002010B5134C23785907C2
:1093B00044BF03F0FB0323709A0716D4637883B984
:1093C000002304210D486370FFF798FF2378DB0723
:1093D00000D410BD00F078F8237823F00103237047
:1093E00010BD064800F086F8EAE700F053F823784D
:1093F00023F002032370E1E7842A0020882A00205A
:1094000038B51E4C62782378022A1AD0DD071CD5A5
:10941000980725D562783AB15A075CBF43F0040338
:1094200023700025284638BDD907F5D5144800F02B
:109430004DF8022305466370F0B1FFF7B5FF2846EB
:1094400038BD072BEDD0DD07E2D400F03BF82378E0
:10945000054643F0010323700028EED19807D9D4C4
:1094600000F010F82378054643F00203237000282B
:10947000D0D0FFF799FFE2E72378CDE7842A0020D8
:10948000882A00200122024B002083F880257047A3
:109490008C2A00202DE9F041DFF824800127444682
:1094A000032608F5B0652762267720462C34FFF79F
:1094B00041FFAC42F7D1002388F88035BDE8F08148
:1094C0008C2A002000207047704700BF00207047A2
:1094D00010B582B0002001AB144600F05FF830B93F
:1094E000019BA34218BF6FF0930002B010BD6FF054
:1094F0009200FAE70020704710B50C4C236813B1B6
:109500000B4B1B682BB900F089FC30B90122084BCA
:109510001A6001232360002010BD0138062801D9FC
:10952000044810BD044B53F8200010BD2830002023
:1095300024300020FE8FFFFF94B80000144B2DE96B
:10954000F043002814BF04461C46124F236883B022
:10955000BB4219D016460D4620464FF4147104F153
:10956000040900F047F804F58E78484600F0CEF87C
:10957000404600F019FA2B464A46404606490096F6
:1095800000F034FB08B92760002003B0BDE8F08389
:109590002C300020A5BCC95A9197000070B50D4C25
:1095A0001D46002814BF064626460B4B306882B085
:1095B00098420DD106F58E7000263346009614466B
:1095C00000F03EFB002818BF34462C6002B070BD8E
:1095D0000248FBE72C300020A5BCC95AE88FFFFFEA
:1095E00038B131B1002201440346013081421A7082
:1095F000FAD1704738B131B100220144034601303D
:1096000088421A70FAD170472DE9F043202B1D468D
:109610000646884691468BB026D8DBB202AF8DF85D
:109620000480B04658F8041B8DF8053021B9404637
:1096300001F038F9044640B9012302224046336064
:1096400001A901F043F9044638B138462021FFF75B
:10965000D1FF20460BB0BDE8F0832A46494640467C
:1096600001F034F90446F0E702AF19461046002332
:109670003A4601F0B1FA04460028E6D12023B94663
:109680001D46CCE72DE9F041D0F8F830A6B0002B0C
:10969000D8BF02AE31DD05460027D0F80C4102AE3E
:1096A000A4F101089022D5F8FC403146D0F8000121
:1096B00001AB0197B8FA88F8A0474FEA581804465A
:1096C00020B9019B53B9B8F1000F16D03046902154
:1096D000FFF790FF204626B0BDE8F08101463246F4
:1096E0002846FFF791FF58B9D5F80431019A134481
:1096F000C5F80431B8F1000FE8D16FF03C04E5E79C
:109700000446204626B0BDE8F08100BF70B50025B4
:109710000446142204F588762946C0F8F850FC3037
:1097200001F0F9FE08222946304601F0F4FE144B00
:1097300030461B689847204640F8045B01F098F8D3
:10974000104B30461B689847C8B9D4F8F830AB4284
:109750000FDC03EB830204EB82022021C2F800013C
:109760000120C2E9421008490133C2F8FC10C4F8D4
:10977000F830064B3046BDE870401B68184770BD96
:109780007C2100207821002075A700007421002092
:109790002DE9F047202A88B07AD83F4B00F5887928
:1097A00004461B6848461746884698470546F8B958
:1097B00040F20116D4F8F830002B65D02046FFF7B0
:1097C00061FF054638B9D4F8F830002B14DC013EAF
:1097D000F2D16FF03B056E4620213046FFF70AFFBD
:1097E0002E4B48461B689847002818BF6FF01D0590
:1097F000284608B0BDE8F087D4E94132934203D34C
:10980000D4F80C21012A02D0013ED7D1E1E71F2B69
:10981000FAD96E4601462022304604F1040A01F0CE
:109820007AFE3146504601F07BF805460028D3D138
:10983000504601F031F8504601F01AF829465046DA
:1098400001F030F805460028C6D1504620223146A6
:1098500001F03CF805460028BED1034632462021DF
:10986000304601F0B9F905460028B5D1D4F8F830F2
:109870003A46002BC8BF002340463146C8BFC4F853
:10988000043101F002FEA7E76FF03F056E46A3E743
:109890006FF03B05ACE700BF782100207421002069
:1098A00070B590B000287AD03E4C0D46402236214B
:1098B0000646204601F02FFE40225C21A01801F050
:1098C0002AFE2B1DA34203D904F144039D4252D327
:1098D0002B682268534023602B68226C534023641A
:1098E0006B686268534063606B68626C534063648A
:1098F000AB68A2685340A360AB68A26C5340A364FA
:10990000EB68E2685340E360EB68E26C5340E36469
:109910002B69226953402361226D2B6953402365D3
:1099200062696B69534063616B69626D5340636543
:10993000AB69A2695340A361AB69A26D5340A365B3
:10994000EB69E2695340E361EB69E26D5340E36523
:109950000021304600F0A6FF044628B940223046D8
:10996000104900F0B3FF044640216846FFF742FE6D
:10997000204610B070BD631E04F13F01013D1F344D
:1099800015F8010F13F8012F42401A7011F8012F3A
:109990002878A34282EA00020A70F1D1D8E76FF07A
:1099A0007304E5E77C32002010B54FF49A72002171
:1099B000044601F0B0FD42F21072044BC4F82021BD
:1099C00004F596701B68BDE8104018477C21002004
:1099D0002DE9F04F04468846914695B0002900F0E5
:1099E000A780002A0CBF0126022600238DF80C3028
:1099F000002C00F09F80DFF844A104AF0AF1400B77
:109A00000021204600F04EFF034648B13846202191
:109A10000193FFF7EFFD019B184615B0BDE8F08FED
:109A200040225146204600F051FF03460028EDD168
:109A300004F1F40520222946204600F047FF0346A2
:109A40000028E3D10122204603A900F03FFF03468E
:109A50000028DBD1022E62D020460CA900F060FF66
:109A600003460028D2D10146204600F01BFF0346E2
:109A70000028CBD140225946204600F027FF03465C
:109A80000028C3D1202220460CA900F01FFF034666
:109A90000028BBD13946204600F042FF034600288B
:109AA000B4D139462046FFF7FBFE03460028ADD16E
:109AB00020222946204600F009FF03460028A5D1B0
:109AC00020460CA900F02CFF034600289ED1014639
:109AD000204600F0E7FE0346002897D14022594671
:109AE000204600F0F3FE034600288FD120222046B6
:109AF0000CA900F0EBFE0346002887D1294620463A
:109B000000F00EFF0346002880D19DF80C200132A2
:109B1000D2B2B2428DF80C20FFF472AF76E74A461B
:109B20004146204600F0D2FE0346002894D06DE75F
:109B300001265AE76FF0730304AF67E77C32002019
:109B40002DE9F0410446884615461F46D0F8180115
:109B5000E0B013B100EB40004008B5F5807F3ED87F
:109B60002844B0F5C07F3AD84FF4C072002168464F
:109B700001F0D1FC6946D4F82431D4F81821D4F886
:109B80002801984770BBD4F8186157B1D4E949301F
:109B900072080DEB0601984720BBD4F8183106EB8C
:109BA0005306B8F1000F00D08DB932466946204601
:109BB000FFF70EFF054610B90123C4F814313146F2
:109BC0006846FFF717FD284660B0BDE8F0810DEB51
:109BD000060041462A462E4401F057FCE5E76FF0A7
:109BE0000405F0E76FF00805EDE700BF2DE9F04749
:109BF000044604F1F4050F4691461E46DDF8208028
:109C000000F036FE29462046FFF74AFE08B1BDE8BF
:109C1000F08728462022012101F07DFCD4F818317C
:109C2000C4F82471C4F8289113B92023C4F818315A
:109C3000424631462046BDE8F0470123FFF780BF8A
:109C4000B2F5806F00F295802DE9F04F89B09A4609
:109C5000129BB3F5807F00F29080D0F82431164635
:109C600004460F464BB3D0F81C31012B05D0D0F879
:109C70001421D0F820319A421FDD5146002320469E
:109C8000129AFFF75DFF014698B900231293002E48
:109C90005ED0DFF8EC9009F1400B0021204600F087
:109CA00001FE202E3546014628BF202504F1F40888
:109CB00090B1084609B0BDE8F08FBAF1000FE6D0C8
:109CC000129B002BE1D051461A462046FFF780FE3A
:109CD00001460028DBD0ECE749464022204600F050
:109CE000F5FD01460028E4D141462022204600F03F
:109CF000EDFD01460028DCD16946204600F010FE4B
:109D000001460028D5D1204600F0CCFD01460028B0
:109D1000CFD159464022204600F0D8FD0146002808
:109D2000C7D169462022204600F0D0FD0146002818
:109D3000BFD14146204600F0F3FD01460028B8D1CE
:109D400038462A46414601F0A0FB761B2F44A4D199
:109D500051462046129AFFF73BFE01460028A8D143
:109D60000846D4F814310133C4F8143109B0BDE801
:109D7000F08F6FF00201084670476FF0040198E71A
:109D80007C320020002130B58DB0282202A801913C
:109D900001F0C1FB02A800F047FF044610B12046C5
:109DA0000DB030BD174D4FF0FF31286800F042F97B
:109DB000044620B1144800F0D3F9012C18D000203B
:109DC00000F068F9D0B9114A02A901A800F0C4FC5A
:109DD0000446012000F05EF960B9286800F032F90D
:109DE0000028DCD00A4800F0BBF920460DB030BD99
:109DF0000524F2E7074800F0B3F9EEE7064800F063
:109E0000AFF9E0E760210020B0B80000FC3200208C
:109E100008B90000E8B80000C8B8000030B583B049
:109E200000F05CF828B100F0ABF80324204603B042
:109E300030BD00F077F8D8B900F02CF9E0B9224C29
:109E4000D4F828391B0EF02B0AD1D4F8242A1F4B42
:109E50009A4231D000F044F8072400F091F8E5E789
:109E6000062400F03DF800F08BF8204603B030BD2A
:109E70000424204603B030BD00F032F800F080F832
:109E8000FFF780FF044698B9114D2B68002BCDD108
:109E900002460146FFF752FB50B968220D4901AB5B
:109EA000FFF77CFB20B920460B4B2B6003B030BD85
:109EB0000524204603B030BD012000F0EBF8002857
:109EC000DAD1C4F80C0ADBE7001084500000E0206F
:109ED0001C350020203500205AEA5A5A00207047CD
:109EE00000207047430504D54FF0FF32034BC3F801
:109EF0000821024BC3F8080A704700BF00108450C5
:109F0000014BC3F8040A70470010845008B100F0F8
:109F10006BB84FF47500704708B100F04FB84FF4BC
:109F20007500704710B5114800F070F800B110BD11
:109F30000F4800F06BF80028F9D10E4C204600F0D5
:109F400065F80028F3D10C4B0C481C6000F05EF85B
:109F500001460028EBD100F02DF8044608B1204658
:109F600010BD00F079F82046FAE700BF702100200C
:109F70006C21002068210020602100206421002045
:109F800008B5084800F04CF8074800F049F80748C1
:109F900000F046F8064800F043F8BDE8084000F03D
:109FA0000BB800BF702100206C2100206821002028
:109FB0006421002000207047704700BF024610B4A3
:109FC000084CD4F8003A1342FBD021B1D4F8043144
:109FD0000B60C4F80831034B0020C3F8082A10BCFA
:109FE000704700BF00108450044AD2F8003A18426B
:109FF000FBD0C2F8080A0020704700BF0010845050
:10A0000001F028BA0A46002101F085BA08B5034BD1
:10A0100002681B6810689847002008BD9C2100203A
:10A0200008B5034B02685B6810689847002008BDBC
:10A030009C210020024B02689B681068184700BFF3
:10A040009C21002008B5034B0268DB681068984724
:10A05000002008BD9C21002070B5094C094D2069E5
:10A06000AB68984718B1084B08485B6898470021CF
:10A07000074AEB6811602069BDE87040184700BFCF
:10A08000882100209C2100208021002020B9000090
:10A0900088350020F8B51A4D1A4E0446B268286972
:10A0A0009047E8B9184F3B684CB1A3B1012B19D0C8
:10A0B000013B3B602869F36898470020F8BD43B92D
:10A0C0000121124AC2F800151149D1F81029002ABD
:10A0D000FBD101333B60F368286998470020F8BD45
:10A0E0000C48F8BD0A4AD2F81039002BFBD1074AB8
:10A0F0006FF07E40C2F80035FFF702FF3B68D7E7FC
:10A10000882100209C2100208835002000008450F8
:10A1100000108450E98FFFFF014B1B68184700BFF8
:10A120009C210020014B9B68184700BF9C21002008
:10A13000014BDB68184700BF9C210020BFF34F8F05
:10A140000549064BCA6802F4E0621343CB60BFF3D3
:10A150004F8F00BFFDE700BF00ED00E00400FA05EF
:10A1600030B44FF0FE320025074B084C08494968CF
:10A17000C3F80024C3F80424C3F80824C3F80C244B
:10A18000C4F8005530BC08470010845000008450CB
:10A190008021002010B5044650B1636813F0685F59
:10A1A00005D0064A934202D000236260236010BDAE
:10A1B000034B04485B689847EFE700BF2C5F5CA93E
:10A1C0008021002040B90000C8B143680D4A934285
:10A1D00013D013F0685F0ED0012350E8002F19460A
:10A1E00040E8001C9CF0000FF7D1012AF5D0BFF326
:10A1F0005F8F0020704704487047044870476FF431
:10A20000E04070472C5F5CA9E98FFFFFEA8FFFFFFA
:10A21000034680B1426809498A420AD012F0685F59
:10A2200005D0BFF35F8F002210461A6070470448C4
:10A230007047044870476FF4E04070472C5F5CA99A
:10A24000E98FFFFFEA8FFFFF10B5044620B100231E
:10A25000034A2360626010BD0248FFF781FFF6E702
:10A260003A00003A68B900002DE9F047002878D09C
:10A270000C46002975D01D46002B72D007461AB136
:10A28000012200232A6003602B68002B64D029463A
:10A29000204600F0B7FD804600285FD1214628689F
:10A2A00000F096FD8046002858D12B68082B6CD012
:10A2B000042B6DD0A3F10209B9FA89F94FEA5919B3
:10A2C0000121354EC6F8C411C6F84011C6F8C411B4
:10A2D000636AC6F83031D6F830219342F6D14FF098
:10A2E000000A4FF0FF30C6F82CA1FFF7FBFD6FF01E
:10A2F0001B035046C6F80031FFF702FEC6F80C916A
:10A30000D6F8040A40F48060FFF7FAFD0A23C6F885
:10A310003831089B012B29D02369204AA2FB032353
:10A320001B09626A404602FB03F303EB43031A4A2C
:10A33000DB039B09C2F8D8310123C2F82C313B68FA
:10A340002A6823F07F4343EA02633B602A6843EABA
:10A3500002233B60BDE8F087DFF844804046BDE85B
:10A36000F087DFF840804046BDE8F0874FF47F0378
:10A37000D3F80C2C013206D0D3F80C3C074AA2FBD0
:10A3800003231B09CDE71623CBE74FF0030997E71B
:10A390004FF0020994E700BF00108450ABAAAAAAAC
:10A3A000310CF100350CF10058B34B1EB3F5047FAE
:10A3B00027D230B54FF0000ECD00744671464B09E0
:10A3C00001F01F0C50F82330BCF11F0F23FA0CF3DF
:10A3D00006D003F0010319B901211C468E46EEE7B1
:10A3E0009C4201F1010106D01C464FF0010EA9422A
:10A3F000E5D1002030BD0EF1010E9645F7D102489F
:10A4000030BD0148704700BF360CF100C0B32DE9E4
:10A41000F0434C1EB4F5047F1DD2E3B1DAB1002540
:10A420002E46A8462C46CF0003F1FF394FEA541CB4
:10A4300004F01F0E50F82C10BEF11F0F21FA0EFC75
:10A440000CD00CF0010C4CB90126E04634463546E0
:10A45000ECE7964216D90C48BDE8F083AB420BD02E
:10A46000C44508BF0136A945F3D001350134BC42CB
:10A47000DCD10020BDE8F0830125E0462E46F5E75B
:10A48000014870471D46F1E7370CF1002DE9F04F08
:10A4900091B08346DDE91B460D46002E6ED10F6953
:10A4A0001C6000231A990B60002A00F02F819D4B3D
:10A4B0006A6AD3F83811D3F830319A4269D10A293F
:10A4C00067D19BF80330089304F108030793042332
:10A4D0000593954B934CA3FB07239B0803EB430386
:10A4E000A7EB4303039306971A9B069E1E60002E5C
:10A4F00000F0EA8000F096FC00230993BBF1000F06
:10A5000000F0D58098464FF0010ADDF81C90002D30
:10A5100000F0CD80089B002B3DD0284608A900F014
:10A5200071FC002839D0814B984220D0089B082B21
:10A5300000F0E48000225B000893294608AB5846EF
:10A540000092FFF791FE7A4B984200F0D38070B9E9
:10A55000DBF80020130A03F47F03134323F07F4347
:10A56000CBF80030059B013B0593BDD10020039043
:10A5700000F058FC039811B0BDE8F08F4FF47F0154
:10A58000D1F80C0C01300CBF4FF40477D1F80C7CDF
:10A5900086E76848EBE76648C5E72946089800F073
:10A5A00017FC0028BFD1089B082B00F0A980042BC2
:10A5B00000F0A980A3F10203B3FA83F35B090493CB
:10A5C000C4F8C4A1C4F840A1C4F8C4A16B6AC4F81B
:10A5D0003031D4F830219342F6D100234FF0FF30D0
:10A5E000C4F82C31FFF77EFC002318466FF01B03E4
:10A5F000C4F80031FFF784FC049B4B4FC4F80C31C6
:10A60000D4F8040A40F48060FFF77AFC0A23C4F807
:10A6100038312B6909A8A7FB03236A6A1B0902FBCF
:10A6200003F303EB4303DB039B09C4F8D831C4F8FD
:10A630002CA1DBF80030089923F07F420B0243EA9B
:10A6400001631343CBF8003000F0B2FB099B03F029
:10A650001A0303437FF46AAFA7FB0637D4F814311B
:10A66000B8EB970F0A93D4F818310B93D4F81C3138
:10A670000C93D4F820310D93D4F824310E93D4F8F0
:10A6800028310F9301D1039B9BB9484618220AA990
:10A69000183EFFF7B5FC09F1180908F101089EB151
:10A6A00000F0C0FB00230993002D7FF433AF224854
:10A6B00039E748461A46F61A0AA9994408F10108EA
:10A6C000FFF79EFC002EEBD1069F079E6A69394674
:10A6D0003046FFF769FEAA6940B94FF480633946F6
:10A6E0003046FFF793FE00283FF440AF00231A9A4C
:10A6F000136018E72B6A002B3FF439AF0F4836E799
:10A70000032304935CE70223049359E701222946BB
:10A710005846009608ABFFF7A7FD00283FF4D4AEDB
:10A7200025E700BF00108450ABAAAAAA020CF100D2
:10A73000310CF100300CF100350CF100320CF1005D
:10A7400010B4DDE9013401940024DDF80CC0CDE93A
:10A7500002C410BCFFF79ABE30B51546012487B07D
:10A7600005AB00930022CDE9015404ABFFF78EFE48
:10A7700007B030BDF0B587B0002966D01E46002B6B
:10A7800063D01446002A60D0314F0D4638684FF030
:10A79000FF31FFF74FFC00284DD10020FFF77AFC76
:10A7A000002844D12B4800F03FFAD8B101204FF0E7
:10A7B000FF35FFF76FFC002835D14FF408712648AC
:10A7C000FEF70EFF04212548FEF70AFF2148282145
:10A7D000FEF706FF3868FFF735FC00282FD1284622
:10A7E00007B0F0BD1C4A0346029205AA019204AAD2
:10A7F00003900092174902461848FFF7A1FF03464D
:10A800000028D3D128461D46059B22469C4228BFDE
:10A810001A46049932600831FFF7F2FB0120FFF776
:10A8200039FC0028C9D00E48FFF79AFCC5E70D484F
:10A83000FFF796FCB6E70C48FFF792FCADE70B4834
:10A84000FFF78EFC284607B0F0BD4FF0FF35C6E796
:10A8500060210020A0350020C83500209C35002054
:10A86000E8B80000C8B80000B0B800008CB900001B
:10A8700010B5044628B12046BDE81040F421FFF78A
:10A88000C1BB0448FFF76CFC2046BDE81040F42132
:10A89000FFF7B8BBA4B9000010B1F421FEF7A0BEC9
:10A8A000704700BF08B521B1012908D06FF036000C
:10A8B00008BD012100F058F80028F7D108BD022199
:10A8C00000F052F80028F9D0F0E700BF30B5054697
:10A8D0008818B0F5801F0B461446A1B001D8802A15
:10A8E0000CD9B3F5801F17D922461946284600F027
:10A8F0007DF8044684B9204621B030BD6846FFF794
:10A900007FFB22466946284600F070F88021044605
:10A910006846FFF777FBEDE76FF03604EBE700BF23
:10A9200070B5E8B10E46D9B1044600F031F80546DD
:10A93000B0B92368012B0BD0022B01D0284670BD83
:10A940001C22304604F10801FFF75AFB284670BD6F
:10A950002022304604F10801FFF752FB284670BD63
:10A960006FF03605EAE700BF78B138B50D46F02143
:10A970000446FFF747FB402320462560E36500F0CF
:10A9800091FA003818BF012038BD0120704700BF80
:10A99000F0B5056EA5B0044604AEE5B90023012765
:10A9A000019330466760294602AA009300F046FAF8
:10A9B00010B1012025B0F0BD2A46204602A900F0C2
:10A9C00099FA0028F5D1204600F0AAFB0028F0D122
:10A9D000206625B0F0BD802D2A46304628BF802253
:10A9E00004F16401FFF70CFB256ED7E7002800F0A7
:10A9F000AE802DE9F04F1446A5B0002A3DD00F4699
:10AA0000002949D0B2F5803F0546006E20D34FF6AD
:10AA1000FF7805F1640AEB6D1A1AB2FBF3F103FB40
:10AA20001122002A65D18342B9464FF6FF7672D0D3
:10AA3000B6FBF3FB03FB0BFBBBF1000F30D1002E89
:10AA400045D1A4F57F44FF3CB4F5803F4744E2D2B2
:10AA5000EA6D161AB6FBF2F302FB1366A64228BF94
:10AA60002646002E75D1824200F08D80B4FBF2F6AE
:10AA700002FB06F62EB9002C79D1002025B0BDE8E6
:10AA8000F08F002331463846CDE9003302AA00F0AA
:10AA9000D5F9002800F09580012025B0BDE8F08FA1
:10AAA000002359464846CDE9003302AA00F0C6F912
:10AAB0000028F1D15A46284602A900F01BFA0028C6
:10AAC000EAD1A6EB0B06286ED944002EB9D0193076
:10AAD0004946324605EB8000FFF792FAA4F57F4421
:10AAE000286EFF3C3044B4F5803F4744286692D23C
:10AAF000AEE7424528BF4246164639465044FFF766
:10AB00007FFA286EEB6D3044834207EB0609286616
:10AB1000A8EB06068CD1802B28BF802351461A460D
:10AB200004A8FFF76DFA0023E96D02AACDE900330E
:10AB300004A800F083F90028AED12846EA6D02A9E6
:10AB400000F0D8F90028A7D1EB6D286670E7012046
:10AB5000704705F16403394632461844FFF750FA4E
:10AB6000286EEA6D3044A41B374428667BE72B6EC1
:10AB70002246193305EB83003946FFF741FA2B6E65
:10AB800023442B6679E7802A28BF802205F16401DF
:10AB900004A8FFF735FA0023E96D04A8CDE90033D6
:10ABA00002AA00F04BF900287FF476AF2846EA6D40
:10ABB00002A900F09FF900287FF46EAFEA6D2866C5
:10ABC00054E73246284602A900F094F900287FF4A1
:10ABD00063AF3744A41B4EE7F8B51C460546114841
:10ABE00016460F46FFF744FE21460E48FFF75AFE71
:10ABF000044620B10B48FFF74FFE2046F8BD3A4609
:10AC000029460848FFF762FE04460028F2D1314683
:10AC10000448FFF785FE04460248FFF73DFE204644
:10AC2000F8BD00BFE83700201C2370B582B001A931
:10AC30000546019300F032F8044638B9019B1C2BFD
:10AC400007D0144C1C212846FFF7DCF9204602B03F
:10AC500070BDD5E90112131E18BF0123003918BFBA
:10AC60000121012628689B00EA6843EA4103002885
:10AC700018BF43F00103EE612AB9C5E90834002B7F
:10AC8000E4D1054CDEE7204643F00803C5E908346B
:10AC900002B070BD370CF0000E0CF0000346002827
:10ACA00066D0002964D00A681C2A61D14FF47F0263
:10ACB0003B49D2F8100C88425CD0D2F8101C01310C
:10ACC00058D0D2F8101C4FF47F021960D2F8140C3F
:10ACD0003449884260D0D2F8141C01315CD0D2F8DB
:10ACE000141C4FF47F025960D2F8181C11F5947FA0
:10ACF0004FD0D2F8181C01314BD0D2F8181C4FF4A9
:10AD00007F029960D2F81C0C274988423ED0D2F8C5
:10AD10001C1C01313AD0D2F81C1C4FF47F02D960C0
:10AD2000D2F8001C70312FD0D2F8001C01312BD08A
:10AD3000D2F8001C4FF47F021961D2F8041CAF3125
:10AD400020D0D2F8041C01311CD0D2F8041C4FF4DE
:10AD50007F025961D2F8080C144988420DD0D2F80C
:10AD6000081C013109D0D2F8082C00209A617047E4
:10AD70000120704740F6FC01A5E740F23732002081
:10AD80009A6170475121E2E79021D3E742F604111E
:10AD9000C3E740F6D861B2E742F2D001A1E700BFB5
:10ADA000FCF8FFFFD020FFFF0429FFFF37F3FFFF70
:10ADB000014608B54FF48060FFF7AEF80022034B60
:10ADC000C3F8C821C3F82C2108BD00BF001084506F
:10ADD0000138072805D8DFE800F0100E040A040443
:10ADE000040607487047CB6800204B6270478B68A9
:10ADF00000204B6270474B68F6E70B68F4E700BF32
:10AE0000310CF1000B6802E0082B0B6006D8026AD7
:10AE100013424FEA4303F7D00020704700487047C1
:10AE2000310CF1000022044B4FF48060C3F82C2158
:10AE3000C3F8C421FFF756B800108450F0B50024C1
:10AE400083B0B0F1005F8DF8074025D38C46844471
:10AE5000BCF1804F04461FD817461D4601220DF154
:10AE6000070300F097F90646B0B99DF80730099A34
:10AE70003C603B7192B14DB10246089928460DF1F4
:10AE8000070300F087F938B99DF807303046099A72
:10AE90001560137103B0F0BD4FF47506304603B072
:10AEA000F0BD00BFD8B108B50368012B04D0022B58
:10AEB0000FD043B10B4808BD20220B490830FFF7E3
:10AEC0009FF8002008BD142208490830FFF798F8C1
:10AED000F7E7202206490830FFF792F8F1E74FF430
:10AEE000730070470100F300B4B90000F4B900002A
:10AEF000D4B900002DE9F843002900F0F980044698
:10AF0000002800F0F98003680F469046002B00F0FF
:10AF1000C380013B012B00F2D7804FF0FF3178480E
:10AF20004FF00209FFF786F8002840F0BF800020AC
:10AF3000FFF7B0F80646002840F0C280714AD2F808
:10AF40001C39002BFBD16F4DD5F8203C002BFBD1D9
:10AF50004FF0FF30FEF7C6FFD5F8040A20F040009E
:10AF6000FEF7CEFF01230722C5F81838C5F80029DF
:10AF7000C5F8C437A36CC5F8CC37E36CC5F8D03737
:10AF8000C5F8C09723685BB1013B012B18D8636AF1
:10AF9000C5F85C36236AC5F85836E369C5F85436F7
:10AFA000A269584BC3F850266269C3F84C2622693F
:10AFB000C3F84826E268C3F84426A268C3F84026CE
:10AFC000504AD2F81039002BFBD1B8F1000F5FD0F6
:10AFD00063684020012B08BFC2F884363A68494BA9
:10AFE000C3F8282CC3F82C8CFEF790FF0646454A80
:10AFF000D2F81039002BFBD1424AD2F8203C002B6A
:10B00000FBD123685BB1013B012B18D8D2F85C3629
:10B010006362D2F858362362D2F85436E361394B72
:10B02000D3F85026A261D3F84C266261D3F84826A3
:10B030002261D3F84426E260D3F84036A3600023AF
:10B040000121304AD2F8CC07A064D2F8D007E064DE
:10B05000C2F8C417C2F88436C2F8C837D2F810391B
:10B06000002BFBD1C2F81838002E3BD1254BD3F86A
:10B07000040A40F04000FEF743FF0120FFF70AF802
:10B0800060BB1F48FEF7DEFF10BB3046BDE8F8830B
:10B090000423C2F8C837AAE74FF0FF3118484FF031
:10B0A0000109FEF7C7FF00283FF441AF1648FFF73C
:10B0B00057F80020FEF7EEFF064600283FF43EAFAB
:10B0C0001248FFF74DF839E7114E3046BDE8F883D6
:10B0D0001048FFF745F83046BDE8F8830E48FFF703
:10B0E0003FF8CEE7102104F10800FEF78BFFBDE723
:10B0F0000A4E3046BDE8F8834FF47306C5E700BF3B
:10B100007021002000108450B0B80000C8B80000C2
:10B110000100F30008B90000E8B800000300F300E4
:10B12000A0B3034670B4D0E90240D3E9041226BAB2
:10B1300005BA0CBA10BAC3E90440D3E90612986AFA
:10B1400009BAC3E9026512BA996100BAD3E90841A4
:10B1500025BA0CBAC3E90725D3E90B12C3E90940A4
:10B1600009BAD86B12BAD962D3E90D4125BAC3E93D
:10B170000C250CBA00BAD3E9101209BA12BAC3E905
:10B180000E40196400205A6470BC70474FF473007D
:10B19000704700BF00201870704700BF431810B5FB
:10B1A00001D21F2A01D9002010BD013902F0140379
:10B1B0000144102B80EA01043CD009DC8BB1042B44
:10B1C000F1D11F2C40E840F315D941E840F10EE0E1
:10B1D000142BE8D11F2C40E8C0F30CD941E8C0F192
:10B1E00005E01F2C40E800F305D941E800F11C46BA
:10B1F0000B468C42D7D122F01402013A0A2AD2D847
:10B2000001A151F822F000BF57B2000051B2000076
:10B2100043B20000A7B10000A7B10000A7B1000031
:10B22000A7B100005DB2000057B200004BB20000B1
:10B2300043B200001F2C40E880F3DCD941E880F1E4
:10B24000D5E713F4001FAFD1ADE713F4801FFAE781
:10B250005B02A9D5A7E713F4002FF4E713F4802FBE
:10B26000F1E700BF08B5074B044613B10021AFF367
:10B270000080054B1868836A03B19847204600F0A8
:10B2800029F800BF0000000008BA000070B50D4D9D
:10B2900000260D4C641BA410A64209D10B4D0026BC
:10B2A0000B4C00F0BBFA641BA410A64205D170BD84
:10B2B00055F8043B01369847EEE755F8043B013654
:10B2C0009847F2E7280F0000280F0000280F000021
:10B2D0002C0F0000FEE700BF002383F300887047B7
:10B2E00000BF80B500AFFCF763FC00BF80BDEFF38B
:10B2F0000880EFF309812DE9F00F6B467246F6F7EF
:10B300003FFA08B0FFF7EDFFFEE700BF80B500AFE2
:10B31000FCF74EFC00BF80BDEFF30880EFF309811E
:10B320002DE9F00F6B467246F6F72AFA08B0FFF7E0
:10B33000EDFFFEE700BF80B500AFFCF739FC00BFB2
:10B3400080BDEFF30880EFF309812DE9F00F6B4624
:10B350007246F6F715FA08B0FFF7EDFFFEE700BFFB
:10B3600080B500AFFCF724FC00BF80BDEFF3088080
:10B37000EFF309812DE9F00F6B467246F6F700FAFC
:10B3800008B0FFF7EDFFFEE700BF80B500AFFCF7A8
:10B390000FFC00BF80BDEFF30880EFF309812DE9BA
:10B3A000F00F6B467246F6F7EBF908B0FFF7EDFFCA
:10B3B000FEE700BF80B487B000AFF860B9607A6084
:10B3C000FA687B6813447B61BA687B6813443B610D
:10B3D0000CE03B69013B3B613A697B69013B7B6166
:10B3E0007B6912781A707B68013B7B607B68002B5D
:10B3F00017D07B6903F00303002BEAD13B6903F00C
:10B400000303002BE5D10CE03B69043B3B613A6947
:10B410007B69043B7B617B6912681A607B68043B33
:10B420007B607B68032BEFD809E03B69013B3B6104
:10B430003A697B69013B7B617B6912781A707B6892
:10B440005A1E7A60002BF0D1FB6818461C37BD46A7
:10B4500080BC704780B584B000AFF860B9607A6096
:10B46000BA68FB689A4206D37A68B968F86800F04F
:10B470000CF8034605E07A68B968F868FFF79AFFA8
:10B48000034618461037BD4680BD80B487B000AF74
:10B49000F860B9607A60FB687B61BB683B610AE079
:10B4A0003A69531C3B617B69591C796112781A70A7
:10B4B0007B68013B7B607B68002B15D07B6903F0C8
:10B4C0000303002BECD13B6903F00303002BE7D10E
:10B4D0000AE03A69131D3B617B69191D79611268A5
:10B4E0001A607B68043B7B607B68032BF1D807E024
:10B4F0003A69531C3B617B69591C796112781A7057
:10B500007B685A1E7A60002BF2D1FB6818461C3704
:10B51000BD4680BC704780B487B000AFF860B960AA
:10B520007A60FB683B61BB681A06BB681B041A4360
:10B53000BB681B021A43BB6813437B6108E03B698D
:10B540005A1C3A61BA68D2B21A707B68013B7B60C0
:10B550007B68002B0DD03B6903F00303002BEED179
:10B5600007E03B691A1D3A617A691A607B68043BFF
:10B570007B607B68032BF4D805E03B695A1C3A6179
:10B58000BA68D2B21A707B685A1E7A60002BF4D166
:10B59000FB6818461C37BD4680BC704780B582B03A
:10B5A00000AFEFF305837B607B683B603B88C3F3B0
:10B5B00008039BB2002B01D0FCF7FAFAFCF749FD17
:10B5C000034618460837BD4680BD80B584B000AF3D
:10B5D0007860EFF30583FB60FB68BB603B89C3F3D6
:10B5E00008039BB2002B01D0FCF7E2FA7868FCF765
:10B5F00038FD034618461037BD4680BD80B586B07D
:10B6000000AFF860B9607A603B60EFF305837B615F
:10B610007B693B613B8AC3F308039BB2002B01D0DB
:10B62000FCF7C6FA3B687A68B968F868FBF776F900
:10B63000034618461837BD4680BD80B586B000AFBA
:10B64000F860B9607A603B60EFF305837B617B69EA
:10B650003B613B8AC3F308039BB2002B01D0FCF78C
:10B66000A7FA3B687A68B968F868FBF7C7F900BFC2
:10B670001837BD4680BD80B582B000AFEFF30583BB
:10B680007B607B683B603B88C3F308039BB2002B65
:10B6900001D0FCF78DFAFCF795FC00BF0837BD46DA
:10B6A00080BD80B582B000AF78600B46FB707B68D0
:10B6B0001B68591C7A6811607A681344FA781A7109
:10B6C0007B681B681F2B08D97B6800221A607B6887
:10B6D00004332021184600F076F800BF0837BD4635
:10B6E00080BD80B584B000AF786039600023FB6016
:10B6F0000AE03B685A1C3A601B7819467868FFF7E5
:10B70000D0FFFB680133FB603B681B78002BF0D156
:10B71000FB6818461037BD4680BD80B58AB000AFC3
:10B72000F860B9607A6000237B6200237B6107F1D7
:10B73000180300221A605A6000233B62BB6803F0C2
:10B740000F037A681A443B6A591C3962127828330D
:10B750003B4403F8142CBB681B09BB60BB68002B7F
:10B76000ECD10EE03B6A013B3B6207F114023B6AFD
:10B7700013441B781946F868FFF793FF7B6A01337F
:10B780007B623B6A002BEDD17B6A18462837BD46A9
:10B7900080BD0FB480B582B000AF00237B6007F19D
:10B7A00014033B6039683869FDF71AFC78607B68E0
:10B7B00018460837BD46BDE8804004B0704702DF38
:10B7C000704700BF184680B582B000AF786039601E
:10B7D00039687868FFF7F3FF034618460837BD4617
:10B7E00080BD2DE9E04F2746A046A146A246A346CC
:10B7F000A446A2B02DEC000A84F300882546264614
:10B80000A447EFF3148515F0080F18BFB0EE400AF7
:10B810003DEC000A22B0BDE8E08F0000F8B500BFA3
:10B82000F8BC08BC9E467047F8B500BFF8BC08BC21
:10B830009E4670477AFFFFFF54464D5F4352595072
:10B84000544F000054464D5F504C4154464F524DAA
:10B850005F534552564943450000000030313233B2
:10B860003435363738396162636465663031323376
:10B870003435363738394142434445463078000044
:10B880005B556E737570706F727465642054616778
:10B890005D000000FF8FFFFFFF8FFFFFFE8FFFFFA8
:10B8A000FE8FFFFFFD8FFFFFFC8FFFFFFC8FFFFF71
:10B8B0004661696C20746F206163717569726520DF
:10B8C0006D757465780A00004661696C20746F209C
:10B8D000696E63726561736520504D20636F756E8C
:10B8E0007465720A000000004661696C20746F2064
:10B8F000646563726561736520504D20636F756E7A
:10B900007465720A000000004661696C20746F2043
:10B9100072656C65617365206D757465780A0000E9
:10B92000436F756C64206E6F74206C6F636B207056
:10B930006F7765722073617665206D757465780028
:10B940006D757465785F667265652063616C6C65A2
:10B95000642077697468204E554C4C207061726188
:10B960006D6574657200000043616E277420696E16
:10B97000697469616C697A65206D757465782C20CD
:10B98000776173204E554C4C0D0A00004661696C7E
:10B9900020746F20756E6C6F636B206D75746578A5
:10B9A0000A0000000A637478206973204E554C4CDD
:10B9B0000A00000067E6096A85AE67BB72F36E3C59
:10B9C0003AF54FA57F520E518C68059BABD9831F6A
:10B9D00019CDE05BD89E05C107D57C3617DD7030E8
:10B9E00039590EF7310BC0FF11155868A78FF9644C
:10B9F000A44FFABE0123456789ABCDEFFEDCBA98B0
:10BA000076543210F0E1D2C3CC21002000000000B7
:10BA10000000000000000000000000000000000026
:10FC00007FE97FE9F9F7FEB87FE97FE9F9F70EB9F7
:10FC10007FE97FE9F9F746B97FE97FE9F9F732B97A
:10FC20007FE97FE9F9F716B9000000000000000045
:10FC300000000000000000000000000000000000C4
:10FC40000090D00300900050000000000000000071
:10FC500000000000000000000000000000000000A4
:10FC60000000000000000000000000000000000094
:10FC70000000000000000000000000000000000084
:10FC80000000000000000000000000000000000074
:10FC900000000000000000004C870000040000008D
:10FCA0000000000000000000FFFFFFFFFFFFFFFF5C
:10FCB000FFFFFFFFFFFFFFFF00000000000000004C
:10FCC0000000000000000000000000000000000034
:10FCD0000000D60100000000000007004401000001
:10FCE000180200002C2200208C2200208C220020F0
:10FCF000A422002090ED00E0003000500090005061
:10FD00006F95005000A003507FA6035093B70000EA
:10FD1000C1920000BD92000017B5000000300050F5
:10FD20006821002098210020902100208C210020B3
:10FD30008821002031A1000025A1000019A10000A8
:10FD4000000000003DA10000C4210020BC210020D3
:10FD5000B421002000000000AC21002049A20000D6
:10FD600095A10000C9A1000011A200008C3500205F
:10FD70003A00003A903500203A00003A94350020CD
:10FD80003A00003A983500203A00003A000000009E
:10FD90000000000000000000000000000000000063
:10FDA0000000000000000000000000000000000053
:10FDB0000000000000000000000000000000000043
:10FDC0000000000000000000000000000000000033
:10FDD0000000000000000000000000000000000023
:0CFDE00000000000000000000000000017
:020000040001F9
:10000000A88E0120AD920100AF83020099920100F9
:100010009992010099920100999201009992010030
:100020000000000000000000000000007D940100BE
:100030009992010000000000F993010099920100DB
:100040003D9601003D9601003D9601003D96010060
:100050003D9601003D9601003D9601003D96010050
:100060003D9601003D9601003D9601003D96010040
:100070003D9601003D9601003D9601003D96010030
:100080003D9601003D9601003D9601003D96010020
:100090003D9601003D9601003D9601003D96010010
:1000A0003D9601003D9601003D9601003D96010000
:1000B0003D9601003D9601003D9601003D960100F0
:1000C0003D9601003D9601003D9601003D960100E0
:1000D0003D9601003D9601003D9601003D960100D0
:1000E0003D9601003D9601003D9601003D960100C0
:1000F0003D9601003D9601003D9601003D960100B0
:100100003D9601003D9601003D9601003D9601009F
:100110003D9601003D9601003D9601003D9601008F
:100120003D9601003D9601003D9601003D9601007F
:100130003D9601003D9601003D9601003D9601006F
:040140003D960100E7
:1001480081F0004102E000BF83F0004330B54FEA80
:1001580041044FEA430594EA050F08BF90EA020FED
:100168001FBF54EA000C55EA020C7FEA645C7FEA80
:10017800655C00F0E2804FEA5454D4EB5555B8BFA3
:100188006D420CDD2C4480EA020281EA030382EA14
:10019800000083EA010180EA020281EA0303362DA6
:1001A80088BF30BD11F0004F4FEA01314FF4801C79
:1001B8004CEA113102D0404261EB410113F0004F8B
:1001C8004FEA03334CEA133302D0524263EB430342
:1001D80094EA050F00F0A780A4F10104D5F1200EE0
:1001E8000DDB02FA0EFC22FA05F2801841F100013B
:1001F80003FA0EF2801843FA05F359410EE0A5F10F
:1002080020050EF1200E012A03FA0EFC28BF4CF03F
:10021800020C43FA05F3C01851EBE37101F00045F5
:1002280007D54FF0000EDCF1000C7EEB00006EEB02
:100238000101B1F5801F1BD3B1F5001F0CD349088C
:100248005FEA30004FEA3C0C04F101044FEA4452E3
:1002580012F5800F80F09A80BCF1004F08BF5FEA6A
:10026800500C50F1000041EB045141EA050130BD4A
:100278005FEA4C0C404141EB0101013C28BFB1F55C
:10028800801FE9D291F0000F04BF01460020B1FAA7
:1002980081F308BF2033A3F10B03B3F120020CDA7A
:1002A8000C3208DD02F1140CC2F10C0201FA0CF058
:1002B80021FA02F10CE002F11402D8BFC2F1200CBD
:1002C80001FA02F120FA0CFCDCBF41EA0C01904073
:1002D800E41AA2BF01EB0451294330BD6FEA0404BC
:1002E8001F3C1CDA0C340EDC04F11404C4F12002A7
:1002F80020FA04F001FA02F340EA030021FA04F3B9
:1003080045EA030130BDC4F10C04C4F1200220FA0F
:1003180002F001FA04F340EA0300294630BD21FA4D
:1003280004F0294630BD94F0000F83F4801306BF13
:1003380081F480110134013D4EE77FEA645C18BF07
:100348007FEA655C29D094EA050F08BF90EA020F9E
:1003580005D054EA000C04BF1946104630BD91EA96
:10036800030F1EBF0021002030BD5FEA545C05D199
:100378004000494128BF41F0004130BD14F58004D8
:100388003CBF01F5801130BD01F0004545F0FE414C
:1003980041F470014FF0000030BD7FEA645C1ABF81
:1003A800194610467FEA655C1CBF0B46024650EAB8
:1003B800013406BF52EA033591EA030F41F40021E4
:1003C80030BD00BF90F0000F04BF0021704730B56A
:1003D8004FF4806404F132044FF000054FF000013F
:1003E80050E700BF90F0000F04BF0021704730B500
:1003F8004FF4806404F1320410F0004548BF4042D5
:100408004FF000013EE700BF42004FEAE2014FEA29
:1004180031014FEA02701FBF12F07F4393F07F4F04
:1004280081F06051704732F07F4208BF704793F007
:100438007F4F04BF41F40021704730B54FF460741A
:1004480001F0004521F000411CE700BF50EA01021D
:1004580008BF704730B54FF000050AE050EA0102C6
:1004680008BF704730B511F0004502D5404261EB36
:1004780041014FF4806404F132045FEA915C3FF477
:10048800D8AE4FF003025FEADC0C18BF03325FEA14
:10049800DC0C18BF033202EBDC02C2F1200300FAC5
:1004A80003FC20FA02F001FA03FE40EA0E0021FAEA
:1004B80002F11444BDE600BF70B54FF0FF0C4CF4D8
:1004C800E06C1CEA11541DBF1CEA135594EA0C0F8A
:1004D80095EA0C0F00F0DEF82C4481EA030621EAC5
:1004E8004C5123EA4C5350EA013518BF52EA033500
:1004F80041F4801143F4801338D0A0FB02CE4FF0B2
:100508000005E1FB02E506F00042E0FB03E54FF0E1
:100518000006E1FB03569CF0000F18BF4EF0010ED9
:10052800A4F1FF04B6F5007F64F5407404D25FEAD5
:100538004E0E6D4146EB060642EAC62141EA555188
:100548004FEAC52040EA5E504FEACE2EB4F1FD0CCA
:1005580088BFBCF5E06F1ED8BEF1004F08BF5FEA48
:10056800500E50F1000041EB045170BD06F00046FA
:1005780046EA010140EA020081EA0301B4EB5C04A7
:10058800C2BFD4EB0C0541EA045170BD41F480119F
:100598004FF0000E013C00F3AB8014F1360FDEBFC4
:1005A800002001F0004170BDC4F10004203C35DAA0
:1005B8000C341BDC04F11404C4F1200500FA05F323
:1005C80020FA04F001FA05F240EA020001F00042C4
:1005D80021F0004110EBD37021FA04F642EB06013A
:1005E8005EEA430E08BF20EAD37070BDC4F10C0464
:1005F800C4F1200500FA04F320FA05F001FA04F228
:1006080040EA020001F0004110EBD37041F1000113
:100618005EEA430E08BF20EAD37070BDC4F120051E
:1006280000FA05F24EEA020E20FA04F301FA05F286
:1006380043EA020321FA04F001F0004121FA04F22E
:1006480020EA020000EBD3705EEA430E08BF20EAFE
:10065800D37070BD94F0000F0FD101F00046400038
:1006680041EB010111F4801F08BF013CF7D041EABA
:10067800060195F0000F18BF704703F000465200BE
:1006880043EB030313F4801F08BF013DF7D043EA8F
:100698000603704794EA0C0F0CEA135518BF95EA45
:1006A8000C0F0CD050EA410618BF52EA4306D1D1CC
:1006B80081EA030101F000414FF0000070BD50EAEB
:1006C800410606BF1046194652EA430619D094EA75
:1006D8000C0F02D150EA013613D195EA0C0F05D15F
:1006E80052EA03361CBF104619460AD181EA0301B3
:1006F80001F0004141F0FE4141F470014FF000006B
:1007080070BD41F0FE4141F4780170BD70B54FF005
:10071800FF0C4CF4E06C1CEA11541DBF1CEA135585
:1007280094EA0C0F95EA0C0F00F0A7F8A4EB050467
:1007380081EA030E52EA03354FEA013100F088805E
:100748004FEA03334FF0805545EA131343EA126327
:100758004FEA022245EA111545EA10654FEA0026DC
:100768000EF000419D4208BF964244F1FD0404F595
:10077800407402D25B084FEA3202B61A65EB0305F1
:100788005B084FEA32024FF480104FF4002CB6EBAE
:10079800020E75EB030E22BFB61A754640EA0C002E
:1007A8005B084FEA3202B6EB020E75EB030E22BF6E
:1007B800B61A754640EA5C005B084FEA3202B6EBAF
:1007C800020E75EB030E22BFB61A754640EA9C006E
:1007D8005B084FEA3202B6EB020E75EB030E22BF3E
:1007E800B61A754640EADC0055EA060E18D04FEAFC
:1007F800051545EA16754FEA06164FEAC30343EA9C
:1008080052734FEAC2025FEA1C1CC0D111F4801F68
:100818000BD141EA00014FF000004FF0004CB6E761
:1008280011F4801F04BF01430020B4F1FD0C88BF00
:10083800BCF5E06F3FF6AFAEB5EB030C04BFB6EB0B
:10084800020C5FEA500C50F1000041EB045170BDFE
:100858000EF0004E4EEA113114EB5C04C2BFD4EB2B
:100868000C0541EA045170BD41F480114FF0000EAF
:10087800013C90E645EA060E8DE60CEA135594EA2B
:100888000C0F08BF95EA0C0F3FF43BAF94EA0C0F2E
:100898000AD150EA01347FF434AF95EA0C0F7FF4A3
:1008A80025AF104619462CE795EA0C0F06D152EAF7
:1008B80003353FF4FDAE1046194622E750EA4106DB
:1008C80018BF52EA43067FF4C5AE50EA41047FF4EC
:1008D8000DAF52EA43057FF4EBAE12E74FF0FF3C51
:1008E80006E000BF4FF0010C02E000BF4FF0010C22
:1008F8004DF804CD4FEA410C7FEA6C5C4FEA430C9B
:1009080018BF7FEA6C5C1BD001B050EA410C0CBFE9
:1009180052EA430C91EA030F02BF90EA020F00204B
:10092800704710F1000F91EA030F58BF994208BFB2
:1009380090422CBFD8176FEAE37040F0010070476F
:100948004FEA410C7FEA6C5C02D150EA013C07D1C6
:100958004FEA430C7FEA6C5CD6D152EA033CD3D011
:100968005DF8040B704700BF8446104662468C460B
:100978001946634600E000BF01B5FFF7B7FF00283E
:1009880048BF10F1000F01BD4DF808EDFFF7F4FF67
:100998000CBF012000205DF808FB00BF4DF808EDF2
:1009A800FFF7EAFF34BF012000205DF808FB00BF15
:1009B8004DF808EDFFF7E0FF94BF012000205DF837
:1009C80008FB00BF4DF808EDFFF7CEFF94BF0120EC
:1009D80000205DF808FB00BF4DF808EDFFF7C4FFE5
:1009E80034BF012000205DF808FB00BF4FEA410238
:1009F80012F5001215D211D56FF47873B3EB625269
:100A080012D94FEAC12343F0004343EA505311F08F
:100A1800004F23FA02F018BF404270474FF0000021
:100A2800704750EA013005D111F0004008BF6FF05F
:100A3800004070474FF00000704700BF4FEA410286
:100A4800B2F1E04324BFB3F5001CDCF1FE5C0DD924
:100A580001F0004C4FEAC0024CEA5070B2F1004F6E
:100A680040EB830008BF20F00100704711F0804F71
:100A780021D113F13872BCBF01F00040704741F436
:100A880080114FEA5252C2F11802C2F1200C10FA3A
:100A98000CF320FA02F018BF40F001004FEAC1231E
:100AA8004FEAD32303FA0CFC40EA0C0023FA02F3C2
:100AB8004FEA4303CCE77FEA625307D150EA013398
:100AC8001EBF4FF0FE4040F44000704701F0004068
:100AD80040F0FE4040F40000704700BF7BB972B997
:100AE8000029BEBF00204FF0004106E008BF0028E3
:100AF8001CBF6FF000414FF0FF3000F057B8ADF168
:100B0800080C6DE904CE002909DB002B1ADB00F084
:100B180069F8DDF804E0DDE9022304B070474042DB
:100B280061EB4101002B1BDB00F05CF8DDF804E011
:100B3800DDE9022304B0404261EB4101524263EB1C
:100B480043037047524263EB430300F04BF8DDF870
:100B580004E0DDE9022304B0404261EB4101704743
:100B6800524263EB430300F03DF8DDF804E0DDE9B1
:100B7800022304B0524263EB4303704753B94AB9A6
:100B8800002908BF00281CBF4FF0FF314FF0FF308D
:100B980000F00CB8ADF1080C6DE904CE00F022F8B5
:100BA800DDF804E0DDE9022304B07047704700BFB8
:100BB80010F8012B11F8013B012A28BF9A42F7D0FF
:100BC800D01A7047034611F8012B03F8012B002AAD
:100BD800F9D17047034613F8012B002AFBD1181AE4
:100BE800013870472DE9F04786468C460846089E2E
:100BF800154674461946002B40F0C1808542B2FA6A
:100C080082F245D94AB1C2F1200300FA02FC9540AC
:100C180094402EFA03F343EA0C0C4FEA154EA8B29F
:100C2800230CBCFBFEF80EFB18CC08FB00F943EACA
:100C38000C43994528D9EB1808F1FF3704D2994598
:100C480002D9A8F102072B44A3EB0903A4B2B3FB12
:100C5800FEFC0EFB1C330CFB00F044EA0344A042EC
:100C680014D92C190CF1FF3304D2A04202D9ACF1EB
:100C780002032C44241A43EA07401EB1D44000233F
:100C880034607360BDE8F0874746DDE76346F1E707
:100C980092BB431B01214FEA154EAFB2200CB3FBA8
:100CA800FEFC0EFB1C330CFB07F840EA0343984597
:100CB80061D9EB180CF1FF3004D2984502D9ACF198
:100CC80002002B44A3EB0803A4B2B3FBFEFC0EFB0B
:100CD8001C330CFB07F744EA0344A7424DD92C19EF
:100CE8000CF1FF3304D2A74202D9ACF102032C4421
:100CF800E41B43EA0040C0E7C2F12003954094405A
:100D080020FA03F12EFA03F34FEA154E9040AFB2E2
:100D18000343B1FBFEFC0EFB1C10190C0CFB07F87F
:100D280041EA0041884522D969180CF1FF3004D204
:100D3800884502D9ACF102002944A1EB08019BB215
:100D4800B1FBFEFC0EFB1C110CFB07F743EA014349
:100D58009F420ED9EB180CF1FF3104D29F4202D901
:100D6800ACF102012B44DB1B41EA004193E76046EA
:100D7800E3E76146F7E76046A4E76346B8E78342DE
:100D880006D916B9002108467CE7C6E900E0F9E76C
:100D9800B3FA83F78FB9834201D3724508D8BEEB03
:100DA800020460EB030301209C461EB9002169E799
:100DB8003846FAE7C6E9004CF8E7C7F1200CBB4013
:100DC8000EFA07F522FA0CF42EFA0CF1BA401C437D
:100DD80020FA0CF3B8404FEA144901431FFA84FE85
:100DE800B3FBF9F809FB18300B0C08FB0EFA43EAC1
:100DF80000439A4540D9E31808F1FF3004D29A45D8
:100E080002D9A8F102002344A3EB0A0389B2B3FB79
:100E1800F9F809FB183308FB0EFE41EA03418E4539
:100E28002CD9611808F1FF3304D28E4502D9A8F1F4
:100E38000203214443EA0040A1EB0E01A0FB029803
:100E48004145CE46434602D306D14D4504D201382A
:100E5800B9EB020E68EB0403002EA7D0B5EB0E0227
:100E680061EB030101FA0CFC22FA07F3F9404CEAA2
:100E78000303C6E9003199E74046C5E74346D9E789
:100E88002DE9F04F85B006460F461546984683680B
:100E98005B6802AA984700282FDB029CDDF80C90BB
:100EA800A5FB04AB05FB09BB19A3D3E900235046F6
:100EB8005946FFF763FE05464FF0FF335345164B7F
:100EC80073EB0B031CD3A8FB04A408FB094410A371
:100ED800D3E9002350462146FFF750FE03464FF062
:100EE800FF3252450C4AA2410DD3BDF8382000927A
:100EF8002A463946304615F0B8FD05B0BDE8F08FF2
:100F08006FF08500F9E76FF08500F6E7AFF3008032
:100F180000CA9A3B00000000FFC99A3B10B50D4A71
:100F280003210D4817F019F900F042F840B900F014
:100F38005DF84FF0FF304FF0FF311EF050F8F8E742
:100F480004460346054A0121034817F010F92046D4
:100F580010BD00BFF80803000C05030020090300BA
:100F68000378032B00D0704700B5A9B004F074FED5
:100F780003460B4AA021684613F0E4F902469F286D
:100F880006D86946074804F0E7FF29B05DF804FB76
:100F98000346054A0121054817F0E9F8F5E700BFBF
:100FA80044090300AC0903008C090300740403001E
:100FB80008B50A4A03210A4817F0CFF800F0E4FF01
:100FC80001F0C6F801F0E0FC05F032F901F062FE2C
:100FD8000449054800F0C2F8002008BDB409030020
:100FE80074040300690F0100C809030000B5ADF5DA
:100FF800077D3B4A03213B4817F0AFF803F052FE48
:10100800002833D100F0F8FE0346002835D104F05B
:10101800FFFC0346002839D101F02EFA03460028C8
:101028003AD101F041FE034600283BD102F0AAFA6A
:10103800034600283CD102F071FE034600283DD14A
:1010480003F09EFC034600283ED103F01DFD034635
:1010580000283FD14FF0FF324FF0FF336946224856
:1010680011F060FB684600F055F9F3E703461F4AA4
:1010780001211C4817F07BF8C4E71D4A01211948D3
:1010880017F075F80DF5077D5DF804FB194A012185
:10109800144817F06CF8F5E7174A0121114817F0C2
:1010A80066F8EFE7154A01210E4817F060F8E9E7FE
:1010B800134A01210B4817F05AF8BCE7114A0121DD
:1010C800084817F054F8BBE70F4A0121054817F004
:1010D8004EF8BAE70D4A0121024817F048F8B9E777
:1010E800CC0903007404030068CE0020F009030053
:1010F8000C0A0300280A0300480A0300640A0300D4
:10110800840A03009C0A0300B80A0300D00A0300FB
:10111800D0B138B504460022002301460C481DF022
:10112800F0FA00B938BD23780A4A02210A4817F0B4
:101138001EF8074D28461DF0ECFA00220023214630
:1011480028461DF0DEFAEDE76FF01500704700BF86
:1011580068CE0020F80A03006C040300002900F0A0
:10116800CB8090B583B000AF654B1B680F2B2FD891
:10117800644A42F8330002EBC30251600133604A0B
:1011880013606C4600223A7102227A718AB0EC46EA
:101198001CF1100276D04FF0120E2AB1BEF1040FE6
:1011A80002DD5949CCF814100021397002217970F8
:1011B800002A74D07146BEF1080F01DDCCF8180082
:1011C8000C2901DDCCF81C300CF12003002164E06F
:1011D8006C4600233B7102237B7188B0EC461CF1FE
:1011E800100216D04FF00E0E2AB1BEF1040F02DD28
:1011F800464BCCF8143000233B7002237B70AAB115
:10120800BEF1080F01DDCCF818000CF11C03002119
:101218000AE06FF0004EE7E701F10800384410F8E3
:10122800080C03F8010B01310129F5D9BEF10D0FA6
:1012380025DD0E234AB10321397100217971B97175
:101248000121F9717868CCF8100000216FF30001D2
:101258006FF341016FF382016FF3C501012060F361
:101268008811C3F30A0363F353216FF31F5100235B
:10127800274806F0BFFDA5466FF00B0036E06FF07B
:101288001B03D7E76FF0004E87E701F108003844E9
:1012980010F8080C03F8010B01310129F5D9BEF14A
:1012A800110F26DD12234AB1042139710021797109
:1012B800B9710121F9717868CCF8100000216FF339
:1012C80000016FF341016FF382016FF3C501032041
:1012D80060F38811C3F30A0363F353216FF31F51BB
:1012E80000230B4806F086FDA54600200C37BD46B6
:1012F80090BD6FF01B03D6E76FF01500704700BF75
:1013080088E400208CE40020580B03002C0B030019
:101318006C04030038B50546002406E0054B03EBD2
:10132800C4035B68284698470134034B1B68A342F3
:10133800F4D838BD8CE4002088E40020B0B592B021
:1013480000AF05460846402207F108010CF090FF5F
:10135800002863DD6C4600233B7102237B71012367
:10136800BB710323FB718AB0EC461CF1100222D03A
:101378004FF0140E2AB1BEF1040F02DD2A4BCCF84F
:10138800143000233B7002237B7022B1BEF1080F9A
:1013980001DDCCF818500123BB700323FB70BAB1F0
:1013A800BEF10C0F03DD07F10803CCF81C300CF17B
:1013B800200300210AE06FF0004EDBE701F148004E
:1013C800384410F8480C03F8010B01310329F5D90A
:1013D800BEF1130F25DD14234AB104213971002110
:1013E8007971B9710221F9717868CCF8100000217F
:1013F8006FF300016FF341016FF382016FF3C501D1
:10140800032060F38811C3F30A0363F353216FF3D6
:101418001F510023054806F0EDFCA5464837BD4698
:10142800B0BD6FF01B03D7E7880B0300040503006A
:10143800F0B587B000AF102207F1080100200CF0CA
:1014480017FF002859DD07F108001EF088F9FF286A
:1014580001D0002857D16C4600233B7102237B71D1
:1014680088B0EC461CF1100214D00E2022B10428DA
:1014780002DD544BCCF8143000233B7002237B7000
:10148800B2B1082802DD504BCCF818300CF11C031F
:1014980000210BE06FF00040E8E701F1180505EBCB
:1014A800070E1EF818EC03F801EB01310129F4D9F5
:1014B8000D2825DD0E234AB10321397100217971E8
:1014C800B9710121F9717868CCF8100000216FF327
:1014D80000016FF341016FF382016FF3C501022030
:1014E80060F38811C3F30A0363F353216FF31F51A9
:1014F8000023364806F07EFCA5461C37BD46F0BDE5
:101508006FF01B03D7E7A0F18C016D4600233B71F8
:1015180002237B718AB06C4614F110021CD04FF084
:10152800160C22B1BCF1040F01DD294B63610023C5
:101538003B7002237B70E2B16346BCF1080F01DD0A
:10154800214EA6610C2B00DDE161102B00DD20622D
:1015580004F1240300210AE06FF0004CE1E701F1F7
:101568001800384410F8180C03F8010B0131012950
:10157800F5D9BCF1150F22DD162342B105213971C9
:1015880000217971B9710121F97178682061002110
:101598006FF300016FF341016FF382016FF3C5012F
:1015A800032060F38811C3F30A0363F353216FF335
:1015B8001F510023054806F01DFCAD469DE76FF05E
:1015C8001B03DAE7940B0300C80B030004050300B0
:1015D800D00B030008B503491EF02DF908B100220D
:1015E800027008BDE80B030090B5A3B000AF3B4AFA
:1015F800802107F108000FF0E3F910B18C37BD46E0
:1016080090BD07F10800FFF7E5FF6C4600233B712A
:1016180002237B710123BB710323FB718AB0EC4663
:101628001CF1100223D04FF0140E2AB1BEF1040FA2
:1016380002DD2B4BCCF8143000233B7002237B7067
:101648002AB1BEF1080F02DD264BCCF81830012371
:10165800BB700323FB70BAB1BEF10C0F03DD07F1B9
:101668000803CCF81C300CF1200300210AE06FF0CD
:10167800004EDAE701F18800384410F8880C03F8C6
:10168800010B01310329F5D9BEF1130F23DD142312
:101698004AB10421397100217971B9710221F971B6
:1016A8007868CCF8100000216FF300016FF3410156
:1016B8006FF382016FF3C501032060F38811C3F350
:1016C8000A0363F353216FF31F510023064806F002
:1016D80091FBA54692E76FF01B03D9E7EC0B0300DB
:1016E800880B0300F40B03000405030090B5A3B0B6
:1016F80000AF3B4A802107F108000FF061F910B1F3
:101708008C37BD4690BD07F10800FFF763FF6C46B4
:1017180000233B7102237B710123BB710323FB71FF
:101728008AB0EC461CF1100223D04FF0140E2AB1F7
:10173800BEF1040F02DD2B4BCCF8143000233B70B4
:1017480002237B702AB1BEF1080F02DD264BCCF8CC
:1017580018300123BB700323FB70BAB1BEF10C0F24
:1017680003DD07F10803CCF81C300CF1200300213D
:101778000AE06FF0004EDAE701F18800384410F80B
:10178800880C03F8010B01310329F5D9BEF1130FB9
:1017980023DD14234AB10421397100217971B9710B
:1017A8000221F9717868CCF8100000216FF300016C
:1017B8006FF341016FF382016FF3C501032060F3FA
:1017C8008811C3F30A0363F353216FF31F510023F6
:1017D800064806F00FFBA54692E76FF01B03D9E712
:1017E800FC0B0300880B0300080C0300040503002E
:1017F800404BD3E8AF3F002B7AD0B0B582B000AFF2
:101808000C466D4600233B7102237B7188B0694604
:1018180011F1100214D04FF00E0C22B1BCF1040FDC
:1018280001DD354B4B6100233B7002237B70A2B175
:10183800BCF1080F00DD886101F11C0300200AE0FB
:101848006FF0004CE9E700F1080EBE441EF808EC02
:1018580003F801EB01300128F5D9BCF10D0F3FDD8C
:101868000E2342B10320387100207871B87101202D
:10187800F8717868086100216FF300016FF3410186
:101888006FF382016FF3C501032060F38811C3F37E
:101898000A0363F353216FF31F510023174806F01F
:1018A800A9FAAD46FFF7C4FD01211548FFF746FD2B
:1018B80004211448FFF742FD0A211348FFF73EFDB3
:1018C8008CB105211148FFF739FD08211048FFF7B1
:1018D80035FD03210F48FFF731FD0837BD46B0BD80
:1018E8006FF01B03BDE7FFF77FFEFFF7FFFEF4E78E
:1018F800704700BF0CE50020100C0300040503002E
:101908002C0C0300BC4E0300340C03003C0C0300F9
:10191800480C0300500C0300D0B582B00AF080FBDD
:1019280038B10346344A0121344816F020FC02B08D
:10193800D0BD04F01BF81AF00FFC034628B1304A5A
:1019480002212E4816F013FC07E02E4B0122D3E8A3
:10195800EF1FC3E8E02F0028F9D12B480BF00CFC4F
:101968002A4A0321254816F0F8FB0BE00A220092C8
:10197800274A0121214816F005FC4FF4A020002138
:101988001DF02DFB234A03211C4816F0E6FB00201E
:101998000BF002FC03460028E8D14FF47022002324
:1019A8001D4811F06BFA4FF0FF364FF0FF37324603
:1019B8003B461A4811F090F8104C194A032120466A
:1019C80016F0CBFB01211748FFF712FF0022114642
:1019D800012014F054FF32463B46134811F07CF8BE
:1019E800124A0221204616F0B8FB002211460220B6
:1019F80014F045FFC6E700BF580C030004050300B8
:101A08008C0C03000CE500202D1C0100C40C030005
:101A1800180D0300DC0C030040CA002040CF002052
:101A2800480D0300540D030028CF0020600D03006B
:101A380008B50A4BD3E8AF3F03B108BD084A0321F4
:101A4800084816F08AFB00210748FFF7D1FE4FF43B
:101A580070220023054811F011FAEEE710E5002086
:101A6800840D030004050300C40D030040CA0020D0
:101A780090B583B000AF05280CD843B2002B00F016
:101A8800A480431E042B00F2A080DFE803F01A8232
:101A9800889E1A005A2840F09880564A01215648D4
:101AA80016F05BFB554B0021D3E8EF2FC3E8E01F8E
:101AB8000028F9D1012A40F08180514810F0C4FF74
:101AC8007CE001281ED04F496C4600233B7102235D
:101AD8007B7188B0EC461CF1100215D00E2022B1A3
:101AE800042802DD484BCCF8143000233B70022355
:101AF8007B70B2B1082801DDCCF818100CF11C037A
:101B080000210CE04149DFE76FF00040E7E701F111
:101B1800080EBE441EF808EC03F801EB0131012958
:101B2800F5D90D2832DD0E234AB103213971002180
:101B38007971B9710121F9717868CCF81000002128
:101B48006FF300016FF341016FF382016FF3C50179
:101B5800032060F38811C3F30A0363F353216FF37F
:101B68001F510023244806F045F9A546234B0121BF
:101B7800D3E8EF2FC3E8E01F0028F9D1F2B92448D1
:101B88001DF039F8234810F05FFF17E06FF01B03D2
:101B9800CAE7214A0321184816F0DFFA0EE01F4A67
:101BA8000121154816F0D9FA144B0021D3E8EF2F7C
:101BB800C3E8E01F0028F9D1012A02D00C37BD463E
:101BC80090BD0F4810F040FFF8E70346144A022181
:101BD800094816F0CCFA094B0021D3E8EF2FC3E8E7
:101BE800E01F0028F9D1012AE8D1054810F02CFFA0
:101BF800E4E700BF5C0E03000405030010E50020C5
:101C080028CF0020D80D0300E00D0300D00D0300FD
:101C180040CA002040CF0020000E0300200E030021
:101C2800700E030090B583B000AF037823B1052B85
:101C380006D00C37BD4690BD007AFFF719FFF8E7CC
:101C4800037A072B22D0092B1ED02C496C4600237F
:101C58003B7102237B7188B0EC461CF1100217D04F
:101C68000E2022B1042802DD254BCCF814300023C5
:101C78003B7002237B70C2B1082801DDCCF8181034
:101C88000CF11C0300210EE01E49DFE71E49DDE7C9
:101C98006FF00040E5E701F1080EBE441EF808ECBD
:101CA80003F801EB01310129F5D90D2823DD0E23B5
:101CB8004AB10321397100217971B9710121F97192
:101CC8007868CCF8100000216FF300016FF3410130
:101CD8006FF382016FF3C501032060F38811C3F32A
:101CE8000A0363F353216FF31F510023074806F0DB
:101CF80081F8A5469DE76FF01B03D9E78C0E03001A
:101D0800A40E03009C0E0300940E030004050300B8
:101D1800F0B583B000AF0446056828460AF0AEFE69
:101D280061686C4601233B7103237B718AB0EC46E2
:101D38001CF1100220D04FF0160E52B17346BEF1BE
:101D4800040F02DD2A4ECCF81460082B01DDCCF814
:101D5800185001233B7003237B70D2B17346BEF148
:101D68000C0F01DDCCF81C00102B01DDCCF8201085
:101D78000CF1240300210AE06FF0004EDDE701F1C9
:101D88000800384410F8080C03F8010B0131012948
:101D9800F5D9BEF1150F27DD16234AB10521397192
:101DA80000217971B9710121F9717868CCF81000B6
:101DB80000216FF300016FF341016FF382016FF3AC
:101DC800C501012565F38811C3F30A0363F35321A1
:101DD8006FF31F510023074806F00CF8A54605F0DD
:101DE80029FF284605F0FCF86FF01B03D5E700BF74
:101DF800B80E03000405030000B589B000220023D3
:101E0800CDE906230023049307220392029301934A
:101E18000093094B4FF40062084909481CF02FFF52
:101E280030B1084911F040F8002009B05DF804FB12
:101E38006FF00B00F9E700BF21190100681F0120AE
:101E480048D00020EC0E0300012806D0022806D056
:101E580008B104487047044870470448704704486C
:101E6800704700BF040C0300F80E0300000F0300C6
:101E7800080F0300B0B582B000AF04463B4BD3E86F
:101E8800EF0FC3E8E24F002AF9D1C0B2844267D00D
:101E9800FFF7DAFF05462046FFF7D6FF6C4600221B
:101EA8003A7102227A710122BA710322FA718AB058
:101EB800EC461CF1100220D04FF0140E2AB1BEF1EE
:101EC800040F02DD2A49CCF81410002139700221D0
:101ED800797022B1BEF1080F01DDCCF8185001214C
:101EE800B9700321F970AAB1BEF10C0F01DDCCF86D
:101EF8001C000CF1200300210AE06FF0004EDDE722
:101F080001F10800384410F8080C03F8010B0131FE
:101F18000329F5D9BEF1130F25DD14234AB1042195
:101F2800397100217971B9710221F9717868CCF899
:101F3800100000216FF300016FF341016FF382017C
:101F48006FF3C501032060F38811C3F30A0363F339
:101F580053216FF31F510023064805F04BFFA54698
:101F68000837BD46B0BD6FF01B03D7E714E5002066
:101F7800100F0300AC040300024BD3E8AF0FC0B24C
:101F8800704700BF14E5002008B502490248FFF772
:101F9800E5F808BD01690200200F030018B10278B6
:101FA8001AB902487047014870477047300F03005C
:101FB8002DE9F04FFBB008AF07F5C67003F0ECFF52
:101FC800D7F88C01FFF7EAFF05461DF0EBF84B0147
:101FD80043EAD0634401241A63EB01039B0043EAFC
:101FE8009473A400241843EB0103DB0043EA547301
:101FF800C4F3103444EA4344DE0BD7F89001FFF7EA
:10200800CDFF8046D7F89401FFF7C8FF8146D7F87F
:102018009801FFF7C3FF824607F5CE70FFF7BEFFB2
:10202800834607F5D870FFF7B9FF0790CDF818B0C9
:10203800CDF814A0CDF81090CDF80C803D4B02934C
:10204800009401962B463C4A4FF4C07107F10C00EE
:1020580012F078F90446B0F5C07F28D2024607F19D
:102068000C01364803F078FF034638BB6E46002360
:102078003B7202237B728AB008AD15F1100223D09F
:1020880012201AB1042801DD2D4B6B6100233B712E
:1020980002237B7112B30346082801DD2749A96191
:1020A8000C2B00DDEC6105F12003002114E0034650
:1020B800244A0121244816F05AF833E0234A012122
:1020C800214816F054F82DE06FF00040D9E73C1D88
:1020D800645C03F8014B01310129F8D9112826DD88
:1020E800122342B10421397200217972B972012197
:1020F800F972B868286100216FF300016FF341019C
:102108006FF382016FF3C501032060F38811C3F3F5
:102118000A0363F353216FF31F5100230A4805F0A4
:1021280069FEB54607F5E677BD46BDE8F08F6FF066
:102138001B03D6E7E00F0300380F03000C10030061
:1021480034100300E40F03007405030014100300A7
:1021580008B502490248FFF701F808BD43690200C3
:102168006010030038B50C46154600230B700CF0C0
:102178007FF8002800DD38BD024A2946204612F0C3
:10218800E1F8F8E7300F030000B585B001A905486C
:1021980015F096F818B9029805B05DF804FB4FF0F1
:1021A800FF30F9E778CD00202DE9F04186B0684688
:1021B8001CF0B6FD002836D1009FDDF804801B4DC9
:1021C8002A686B68BA1A68EB0303029EDDF80CC034
:1021D80017494C68D1F800E0B6EB0E0E6CEB04041E
:1021E8002F60C5F804800E60C1F804C052EA0301EC
:1021F80016D01EEB0E0C44EB04011CEB0E0C44EB4A
:102208000101480140EADC604FEA4C151CEB050C63
:1022180041EB00011CEB0E0044EB0101FEF7AEFCA4
:1022280006B0BDE8F0814FF0FF30F9E718D1002083
:1022380010D100202DE9F04FF9B00EAF102207F5AC
:10224800CC710020FFF78EFF14F07FFB3860FFF79A
:102258009BFFB860FFF7A8FF7860FFF78DFE814607
:1022680001F00CFA002800F08780DFF8ACB103F029
:10227800F3FCF8601CF096FF4E0146EAD066440174
:10228800241A66EB0106B60046EA9476A4002418E0
:1022980046EB0106F60046EA5476C4F3103444EAE5
:1022A8004644F60B1CF07EFF4FEA411848EAD06816
:1022B80045012D1A68EB01084FEA880848EA957825
:1022C800AD002D1848EB01084FEAC80848EA5578D0
:1022D800C5F3103545EA48454FEAD83803F0B2FC53
:1022E800002852D0DFF834A14846FFF7ADFDCDF8FD
:1022F80030B00B907B680A93BB680993CDF820A097
:1023080007F5CC7307933B6806930495CDF81480C2
:10231800434B029300940196FB68424A4FF4C07104
:1023280007F1180012F00EF80246B0F5C07F2FD260
:1023380007F118013C4803F00FFE034678BB6D46D1
:1023480000233B7502237B7588B00EAC14F1100294
:102358002BD00E201AB1042801DD344B6361002311
:102368003B7402237B745AB3082801DD2E4BA3610A
:1023780004F11C03002121E001F076F910B1DFF827
:10238800B0B074E7DFF8ACB071E7DFF8ACA0ABE74A
:1023980003462A4A01212A4815F0E9FE34E0294A71
:1023A8000221274815F0E3FE2EE06FF00040D1E748
:1023B80007F11006765C03F8016B01310129F7D9A2
:1023C8000D2826DD0E2342B10321397500217975C8
:1023D800B9750121F9757869206100216FF3000151
:1023E8006FF341016FF382016FF3C501032060F3BE
:1023F8008811C3F30A0363F353216FF31F510023BA
:102408000F4805F0F7FCAD4607F5D677BD46BDE8A1
:10241800F08F6FF01B03D6E7B8590300540D030083
:10242800E00F0300901003009C110300C811030083
:102438007810030070100300801003007811030067
:10244800D4040300A811030008B51E23084A032179
:10245800084815F08CFE4FF4702000211CF0BFFDD9
:1024680003F0F0FB0028F6D0FFF7E4FEF3E700BF27
:10247800E8110300D404030000B589B0002200234A
:10248800CDE90623002304930922039202930193C2
:102498000093094B4FF40062084909481CF0EFFB10
:1024A80030B1084910F000FD002009B05DF804FBC8
:1024B8006FF00B00F9E700BF5124010068270120E5
:1024C80020D100209C11030010B588B004460B46AB
:1024D800114A2021684611F035FF694620461DF053
:1024E800D1F9044698B16846FEF774FB3A212044B6
:1024F8001DF049F9044650B1013000E0013003787D
:10250800202BFBD0092BF9D0222B03D1441C2046C9
:1025180008B010BD0024FAE7101203002DE9F041BD
:1025280082B080460E4617461D46089C00230B7055
:102538002B7023462A46274914F01EFA3B4632469A
:102548002549404614F018FAC0B133788BB998F889
:1025580000307B2B0DD04046FEF73CFB013FB842D4
:1025680000D207463A46414630461DF0C9F80023D6
:10257800F3552B784BB102B0BDE8F0813B463246AB
:102588001649404614F0F8F9DFE71CF00BFE4B0142
:1025980043EAD0634FEA401CBCEB000C63EB010339
:1025A8009B0043EA9C734FEA8C0C1CEB000C43EB3A
:1025B8000103DB0043EA5C73CCF3103141EA434189
:1025C800DB0B00910193064A2146284611F0BAFE1A
:1025D800D1E700BF18120300485103001C12030082
:1025E800201203002DE9F043E9B006460F46904655
:1025F800994603F031FB05461CF0D4FD4B0143EA34
:10260800D0634401241A63EB01039B0043EA9473EB
:10261800A400241843EB0101C90041EA5471C4F332
:10262800103444EA4144C90BCDF81890CDF8148011
:10263800049703960C4B0293009401912B460B4A86
:102648004FF4C07108A811F07DFEB0F5C07F07D225
:10265800024608A9064803F07FFC69B0BDE8F0838C
:102668006FF01B00F9E700BFE00F0300281203001A
:10267800B812030070B5E6B005460E4603F0ECFA52
:1026880004461CF08FFD4B0143EAD0634201121A45
:1026980063EB01039B0043EA92739200121843EB29
:1026A8000103DB0043EA5273C2F3103242EA4342A9
:1026B800DB0B049603950C49029100920193234683
:1026C8000A4A4FF4C07106A811F03CFEB0F5C07F6D
:1026D80006D2024606A9064803F03EFC66B070BD65
:1026E8006FF01B00FAE700BFE00F0300C4120300FD
:1026F8004813030038B505460C46FFF7BBFF002812
:102708003BD139492046FEF753FA00283CD03749D7
:102718002046FEF74DFA002842D035492046FEF7FC
:1027280047FA002843D033492046FEF741FAC0B1A2
:1027380031492046FEF73CFA98B130492046FEF769
:1027480037FA70B12E492046FEF732FA48B12D49C2
:102758002046FEF72DFA20B12B492046FEF728FA2D
:1027680070BB2A4A2A49022003F0DCFC294B2A4A7A
:1027780021462846FFF736FF10E00346274A022184
:10278800274815F0F4FCBCE7FFF7F6FBFFF75CFB06
:102798000346244A21462846FFF724FFE0B938BDFE
:1027A800214B204A21462846FFF71CFFF6E701F097
:1027B80007FB1E4B1B4A21462846FFF713FFEDE790
:1027C8001B4A1349022003F0ADFC1A4B1A4A214652
:1027D8002846FFF707FFE1E70346184A0221104899
:1027E80015F0C5FCDBE700BF70130300801303007E
:1027F80090130300A8130300B0130300BC130300D5
:10280800C8130300D4130300E0130300F0130300FC
:102818004851030010140300201403005013030050
:10282800940403007C130300881303009C13030023
:102838002C14030048140300B8590300581403006B
:102848000378082B00D07047B0B5ADF51A7D02AFFC
:10285800048AB4F5007F28BF4FF4007407F15C05C3
:10286800224600F1120128461CF04AFF00232B558E
:102878003023009307F10C03202207F13C0128467E
:10288800FFF74CFE97F83C307BB36C4600233B7255
:1028980002237B720123BB720323FB728AB00DF102
:1028A800080C1CF1100228D0142522B1042D02DDD9
:1028B800304BCCF8143000233B7102237B712AB1D2
:1028C800082D03DD07F10C03CCF818300123BB7188
:1028D8000323FB71DAB10C2D03DD07F13C03CCF8BF
:1028E8001C300CF1200300210FE0234B234A24491C
:1028F80007F10C00FFF776FE34E06FF00045D4E7EF
:10290800381D405C03F8010B01310329F8D9132D58
:102918002CDD14234AB10421397200217972B9726D
:102928000221F972B868CCF8100000216FF3000199
:102938006FF341016FF382016FF3C501032060F368
:102948008811C3F30A0363F353216FF31F51002364
:102958000C4805F04FFAA54607F13C0107F10C00B9
:10296800FFF7C8FE07F51877BD46B0BD6FF01B032B
:10297800D0E700BF8C1403007C140300B85903008F
:10298800300F03009404030008B502490248FEF71B
:10299800E5FB08BD492801004851030005280ED869
:1029A800DFE800F0030F0507090B074870470748E1
:1029B80070470748704707487047074870470548F9
:1029C80070470648704700BFB4140300C40D0300E5
:1029D800D4140300300F0300DC140300C4140300F4
:1029E80008B5024A11F0AEFC08BD00BF300F030065
:1029F80008B51346014A11F0A5FC08BDF83A0300D2
:102A080008B51346014A11F09DFC08BD6C2303006C
:102A18002DE9F041ADF5447D0CAF042387F8DF3292
:102A2800182107F52770FFF7DBFF182107F521703C
:102A3800FFF7D6FF182107F51B70FFF7D1FF182104
:102A480007F51570FFF7CCFF182107F50F70FFF792
:102A5800C7FF182107F50970FFF7C2FF182107F50E
:102A68000370FFF7BDFF07F2DF2019F039FB0646B8
:102A780007F52D7019F03CFB10B303F0EDF805468F
:102A88001CF090FB4B0143EAD0634401241A63EB2A
:102A980001039B0043EA9473A400241843EB010349
:102AA800DB0043EA5473C4F3103444EA43444FEA66
:102AB800D33886BB97F8DF623046FFF76FFF2DE00B
:102AC800B7F9BE22182107F52770FFF799FFB7F964
:102AD800C022182107F52170FFF792FFD7F8D822F6
:102AE800182107F51570FFF783FFD7F8D0221821B2
:102AF80007F50F70FFF784FFD7F8D422182107F5E0
:102B08000970FFF77DFFB7F9C822182107F5037090
:102B1800FFF776FFB1E749484FF0FF3607F5037234
:102B28000B9207F509720A9207F50F72099207F5D9
:102B38001572089207F51B72079207F52172069223
:102B480007F527720592049603903D4B0293009473
:102B5800CDF804802B463B4A4FF4007107F10C0076
:102B680011F0F0FB0246B0F5007F23D207F10C010B
:102B7800354803F0F1F9034618BB6D4600233B7254
:102B880002237B7288B00CAC14F110021FD00E2007
:102B98001AB1042801DD2D4B636100233B71022328
:102BA8007B71F2B1082801DD274BA36104F11C03F6
:102BB800002114E00346264A0121264815F0D7FAD9
:102BC80033E0254A0221234815F0D1FA2DE06FF0B1
:102BD8000040DDE73E1D765C03F8016B01310129F9
:102BE800F8D90D2826DD0E2342B1032139720021C0
:102BF8007972B9720121F972B868206100216FF306
:102C080000016FF341016FF382016FF3C5010320E7
:102C180060F38811C3F30A0363F353216FF31F5161
:102C280000230C4805F0E6F8AD4607F53877BD46B1
:102C3800BDE8F0816FF01B03D6E700BF300F03003B
:102C4800E00F0300F0140300DC1503000C1603006A
:102C5800B815030054050300E415030008B53C2328
:102C68000A4A03210A4815F082FA4FF4F0100021AD
:102C78001CF0B5F9FFF780F90228F6D102F0E2FF5F
:102C88000028F2D0FFF7C4FEEFE700BF34160300B8
:102C98005405030008B502490248FEF75FFA08BD6B
:102CA800C96902006816030000B589B00022002334
:102CB800CDE906230023049309220392029301938A
:102CC8000093094B4FF40062084909481BF0D7FFED
:102CD80030B1084910F0E8F8002009B05DF804FBAD
:102CE8006FF00B00F9E700BF652C0100682F012089
:102CF800E8D100206816030010F0040F10D110F07E
:102D0800020F0FD110F0010F0ED110F0080F0DD1E6
:102D180010F0200F0CD110F0100F0BD1064870479F
:102D28000648704706487047064870470648704787
:102D38000648704706487047300F030078160300AE
:102D480080160300881603009016030098160300E7
:102D5800A01603000378242B24D110B504462A2199
:102D68001CF011FD0346F8B1427812498A5C12F052
:102D7800440F1BD082788A5C12F0440F18D0601C74
:102D8800002402E010F8012B54409842FAD3102294
:102D98000021581C11F0E2FDC0B2844214BF00208B
:102DA800012010BD002070470020FAE70020F8E756
:102DB8000020F6E7825B03002DE9D0430C46002192
:102DC80011F00CFB804689460022134BFDF79EFC50
:102DD800FDF70CFEFDF706FB06460F4600220E4BDC
:102DE800FDF76AFB02460B4640464946FDF7ACF93B
:102DF80000220A4BFDF78AFC02460B46304639464C
:102E0800FDF7A4F92378532B01D0572B02D101F1F8
:102E180000431946BDE8D0830000594000004E40E9
:102E280010B588B00446042307AA062113F0D0FD84
:102E3800042306AA0721204613F0CAFD0C230DEB34
:102E480003020821204613F0C3FD0C236A4609211A
:102E5800204613F0BDFD4FF0FF324FF0FF33194805
:102E68000FF0E2FC0A22002107A811F077FDC0B29A
:102E7800154B83F8380008B101221A700A22002184
:102E880006A811F06BFD104B83F839009DF80C3043
:102E98003BB99DF8003063B90A480FF045FD08B00A
:102EA80010BD002103A811F099FA074BC3E90C01E2
:102EB800EFE70021684611F091FA034BC3E90601D8
:102EC800EAE700BFDCCD0020B8D2002010B596B0EC
:102ED80004460C236A46012113F07AFD022315AA41
:102EE8001946204613F074FD102311AA0321204629
:102EF80013F06EFD022310AA0421204613F068FD8A
:102F080010230CAA0521204613F062FD02230BAA08
:102F18000621204613F05CFD0C2308AA0721204651
:102F280013F056FD0C2305AA0821204613F050FD86
:102F3800082303AA0921204613F04AFD4FF0FF3267
:102F48004FF0FF3322480FF06FFC9DF85430412BAF
:102F580014BF002301231F4C204600F83A3B0B22E4
:102F680069461CF04CFC072203A904F146001CF03A
:102F780046FC9DF8443013B19DF8303053B99DF8A4
:102F88002030A3B99DF81430CBB911480FF0CCFC10
:102F980016B010BD10A911A8FFF70EFFC4E9020171
:102FA8000BA90CA8FFF708FFC4E90401E7E7002113
:102FB80008A811F013FA074BC3E90801E2E700215A
:102FC80005A811F00BFA034BC3E90A01DDE700BFBE
:102FD800DCCD0020B8D200200D2830D00A2809D036
:102FE800174B1B68522B26D8591C154A1160154AD5
:102FF800D054704710B596B0114B1C6824B9104BCB
:1030080000221A6016B010BD532C28BF5324224644
:103018000C4968461CF074FB04F158036B44002209
:1030280003F8582CADF8544000220023694606489E
:103038001BF067FBE3E7024B00221A6070477047FA
:103048002CE5002030E50020C8CE0020F0B5ADF515
:10305800097D464C4FF0FF324FF0FF3320460FF00A
:10306800E3FB5022424974A81CF04AFB20460FF0AB
:103078005BFC02F0F1FD04461CF094F84B0143EAB6
:10308800D0634201121A63EB01039B0043EA927377
:103098009200121843EB0103DB0043EA5273C2F3B8
:1030A800103242EA4342DB0B9DF8D011002946D08A
:1030B800304D9DF808629DF809720DF216211391A2
:1030C8000DF20A211291DDE97E01CDE91001DDE959
:1030D8007C01CDE90E01DDE98001CDE90C01DDE9D6
:1030E8007A01CDE90A01DDE97801CDE90801DDE9D8
:1030F8007601CDE906010597049603951E490291CC
:103108000092019323461D4A4FF4C07114A811F090
:1031180019F90446B0F5C07F13D2024614A9062057
:1031280013F0ADFB224614A9154802F015FF03461B
:1031380080B1144A0221144815F019F807E0134D1C
:10314800B7E70346124A01210F4815F010F80DF5AC
:10315800097DF0BD9DF8D0319DF8092200920D4AF5
:103168000321094815F00EF8F1E700BFDCCD002077
:10317800B8D20020AC160300E00F0300BC16030011
:10318800C8170300D4170300CC040300B4160300C7
:10319800A4170300F017030038B50446FFF7DAFD5B
:1031A80000286ED0464A136801331360012B08D0FB
:1031B800444AA2FB03125209C2EB0212B3EB820F7C
:1031C80004D1414A0321414814F0D1FF404B012169
:1031D800D3E8EF2FC3E8E01F0028F9D1002A65D013
:1031E8003C4B0022D3E8EF1FC3E8E02F0028F9D1B9
:1031F8002046FDF7EFFC052857D9E51C0322364980
:1032080028461CF0EAFA002856D0032233492846FB
:103218001CF0E3FA002848D12046FFF757FE1BF0C0
:10322800C1FF02464B0143EAD0634001801A63EBB9
:1032380001039B0043EA90738000801843EB01036D
:10324800DB0043EA5073C0F3103444EA4344DD0B17
:10325800FEF792FE022828D102F0F4FC28B3204B96
:103268001A685B68A21A65EB030341F288318A4247
:1032780073F1000319DB1A4B1C605D60FFF7E6FE73
:1032880013E0184A136801331360012B08D00D4A64
:10329800A2FB03125209C2EB0212B3EB820F04D154
:1032A800114A0221094814F062FF38BD0F4A032170
:1032B800064814F052FF93E72046FFF7B1FDF4E704
:1032C80028E500208988888838180300CC04030082
:1032D8001CE5002018E50020781803007C1803007E
:1032E800B0D2002024E50020181803006418030059
:1032F80000B597B005231C4A03211C4814F037FF7A
:1033080002E06846FFF748FF4FF420320023694681
:1033180017480FF007FA0028F3D0164B0021D3E81E
:10332800EF2FC3E8E01F0028F9D1012A14D0124B6F
:103338000122D3E8EF1FC3E8E02F0028F9D10F4896
:1033480083685B6998470028DED04FF480420023E9
:103358000B480FF08BFDD7E705230A4A02210348E3
:1033680014F005FFE3E700BF80180300CC04030056
:10337800C8CE00201CE5002018E50020AC000300A2
:10338800D0D30020BC18030010B50C4B01221A60E2
:103398000B488368DC684CF2503380220949A04707
:1033A80030B10346084A0121084814F0E0FE10BD78
:1033B800074A0221054814F0D0FEF8E784E500200A
:1033C800AC00030088E50020EC180300CC040300DF
:1033D8000C1903002DE9F04182B000AF0C460B78C0
:1033E800023B042B0ED8DFE803F011130D2A31003D
:1033F8006268A3682B44D05CFFF7EEFD0135E368F3
:10340800AB42F5D80837BD46BDE8F0810025F6E7A0
:10341800534B1C6883681B698022524901EBC41115
:103428009847034628B94E4A136883F0010313608E
:10343800E8E74D4A02214D4814F099FEF3E74FF4AE
:10344800804200234A480FF011FDDBE7494B1A6818
:1034580001321A60484A0121D2E8EF0FC2E8E51F9D
:10346800002DF9D11D688D4208D0444BA3FB0523DC
:10347800DB0803EB8303B5EB430F61D194F80480B9
:103488004046FFF739FC6E4600233B7102237B71EF
:103498008AB0EC461CF110021FD04FF0160E2AB16C
:1034A800BEF1040F02DD364BCCF8143000233B701C
:1034B80002237B70F2B17346BEF1080F01DDCCF830
:1034C80018000C2B01DDCCF81C80102B01DDCCF88A
:1034D80020500CF1240300210AE06FF0004EDEE7D3
:1034E80001F10800384410F8080C03F8010B013109
:1034F8000129F5D9BEF1150F24DD16234AB105219E
:10350800397100217971B9710121F9717868CCF8A4
:10351800100000216FF300016FF341016FF3820186
:103528006FF3C501022060F38811C3F30A0363F344
:1035380053216FF31F5100230C4804F05BFCB54680
:10354800002509E06FF01B03D8E7A268E3682B4465
:10355800D05CFFF741FD013523699D42F5D351E762
:1035680084E5002088E5002024190300CC0403002A
:10357800D0D3002020E5002018E50020CDCCCCCC0D
:103588004C19030010B588B029481BF022F890B1F7
:10359800274B9B681B68B3B10022264924489847EB
:1035A800044698B12346244A0121244814F0DFFD3B
:1035B800204608B010BD224A0121204814F0CDFD54
:1035C8006FF01204F4E76FF05704EBE71D491E484B
:1035D8001BF0D0FA1D4B01221A6015488368DC687D
:1035E8004CF2503380221A49A0470446B0B9002251
:1035F8000023CDE9062300230493092203920293B2
:1036080001930093134B4FF44062134913481BF086
:1036180036FB50B112490FF047FCC9E70346114A7F
:103628000121064814F0A3FDC2E76FF00B04BFE7C1
:10363800AC000300DD33010088190300CC0403004B
:103648007419030091330100D0D3002084E50020D1
:1036580088E50020F93201006837012008D30020EE
:10366800C4190300A8190300034BD3E8AF0F0038AF
:1036780018BF0120704700BF1CE50020034BD3E8AA
:10368800AF0F003818BF0120704700BF18E50020B1
:1036980038B5074C4FF0FF324FF0FF3320460FF09C
:1036A800C3F8044B1D7820460FF03EF9284638BD74
:1036B800DCCD0020B8D200200023034A1370034A4F
:1036C8001360034A13607047401F012098EE0020E2
:1036D80094EE002000B5B1B02A4B1B78032B3ED8DE
:1036E800DFE803F0020C1B33AA2838D1264B1870E8
:1036F8000123264A1360234A137030E0552804D06A
:10370800AA282CD0FFF7D8FF29E01F4B58700223B6
:103718001E4A13601B4A137021E01C490A68531C97
:103728000B6019498854052B19D1CB780A7943EADB
:103738000223B22B06D80733154A1360114B032214
:103748001A700CE0FFF7B8FF09E010490B685A1C23
:103758000A600D49C8540E4B1B689A4202D231B018
:103768005DF804FBADF804200DF106001BF0C8FF5E
:103778000022002301A907481AF0C3FFFFF79CFFA6
:10378800EDE700BF401F01209CEE002098EE0020CE
:1037980094EE002098CE0020062952D92DE9F04158
:1037A800044616461D460378AA2B4DD14378552B5F
:1037B8004DD190F80280C378027943EA0223DA1DDA
:1037C8008A4247D15A1D875C9A1D825C47EA0227C4
:1037D800D91C023013F028F9B8420CD1B8F1810F86
:1037E8003BD163793360A079E21D069B984200DDE6
:1037F8001846002421E01A4A02211A4814F0ADFCA8
:103808004FF0FF301BE004EB440C05EB8C01136810
:1038180045F82C3093888B8092F906308B71D379D8
:10382800CB7192F908300B7292F809C0937A4CEA7E
:10383800032CA1F80AC00B320134A042E3DCBDE836
:10384800F0814FF0FF3070474FF0FF30F7E74FF04F
:10385800FF30F4E74FF0FF30F1E74FF0FF30EEE7CD
:10386800C8190300AC05030038B51C4CAA23237003
:10387800552363700123A3700223E370002323718F
:103888006071A3710521A01C13F0CEF8E071C0F39C
:10389800072020720022002311480FF01DF911485B
:1038A80083685D68104B09222146A847044640B941
:1038B8004FF4804200230A480FF00EF940B9204621
:1038C80038BD0346094A0221094814F050FCF6E7BE
:1038D800084A0221064814F040FCF0E788EE002070
:1038E80088CF00208C000300A0860100E0190300A7
:1038F800AC050300F81903002DE9F04F91B0054617
:1039080089460D9202F0A8F904461BF04BFC4B01C6
:1039180043EAD0634201121A63EB01039B0043EAB6
:1039280092739200121843EB0101C90041EA5271E7
:10393800C2F3103242EA4142C90BADB14A4B0D986D
:1039480004900393494B0293009201912346484AFD
:103958004FF40061474810F0F5FC8046B0F5006F61
:1039680004D200240F9539E0434BE8E7434A01218C
:10397800434814F0F2FB56E0424B0C930E9404EBD0
:10398800440209EB820319F822200B925A789D7899
:10399800DE781F7993F805C093F906E093F807A03D
:1039A80093F908B05B890993CDF820B0CDF81CA035
:1039B800CDF818E0CDF814C004970396029501924B
:1039C8000B9A00920C9B304A10F0BCFC002811DBCB
:1039D800C8F5006383420DDD804401340D9BA3428A
:1039E80024DD24484044C8F50061002CC4D0274B8E
:1039F8000C93C3E70F9D0E9B254A0221204814F023
:103A0800B6FB244AC8F500611A48404410F09AFCF5
:103A1800002803DBC8F50063834209DC1E4A012144
:103A2800174814F09AFB11B0BDE8F08F0F9DE8E736
:103A380008EB000400221146072012F020FF22465E
:103A48000C49164802F088FA034628B1144A0221A4
:103A58000B4814F08CFBE6E700950D9B114A0321F7
:103A6800074814F08FFBDEE7AC160300E00F0300F5
:103A7800101A030088E60020B4160300901A030009
:103A8800AC050300B4420300B41A03000C1A030087
:103A9800281B0300481B03004C1B0300681B030082
:103AA800701B0300881B030010B5E2B04FF4A0227E
:103AB800002333A92D480EF035FE60BB2C4B0122A4
:103AC800D3E8EF1FC3E8E02F0028F9D1BDF8CC10E8
:103AD800052903D99DF8D030822B32D000233293A8
:103AE8001023009302AB32AA0DF1CE00FFF754FE6B
:103AF800041E2EDB1F4B0122D3E8EF1FC3E8E02F83
:103B08000028F9D102F09EF848B3224602A932985B
:103B1800FFF7F2FE13E0184B1A6801321A60144AD4
:103B28000021D2E8EF0FC2E8E41F002CF9D11B688E
:103B380000930A23114A0221114814F023FB62B0B2
:103B480010BD9DF8D3300F4A02210D4814F00FFB29
:103B5800F5E70D4A02210A4814F0FFFAEFE7234679
:103B68000A4A0321064814F002FBE8E798CE002031
:103B7800F0EF0020F4EF0020E0EF0020B01B03007E
:103B8800AC050300E01B03000C1C0300301C030001
:103B980010B5244A1368013313600022224B1A60BF
:103BA800224BD3E8EF1FC3E8E02F0028F9D1FFF735
:103BB80083FD1F481AF0ADFD1E4B01221A601E48F6
:103BC8008368DC6844F6206340221C49A04703460A
:103BD800C0B91B4B0122D3E8EF1FC3E8E02F002830
:103BE800F9D10A20FFF740FE90B1154BD3E8AF3F5B
:103BF8001BB1114883685B6998470B4B1B68012B05
:103C080009D810BD0F4A02210F4814F0B0FAF8E79E
:103C1800FFF74AFFE9E70D4A02210B4814F0A7FA1B
:103C2800EFE700BFE4EF0020DCEF0020E8EF002022
:103C380098CE002058EF00208C0003005CEF002095
:103C4800ECEF0020641C0300AC050300841C030097
:103C580038B50C460B78062B35D8DFE803F004049A
:103C68001315342C350024480EF0EEFE2BE0626864
:103C7800A3682B44D05CFFF72DFD0135E368AB4208
:103C8800F5D820E00025F9E71C4B1C6883681B6900
:103C980040221B4901EB84119847034628B9174A6B
:103CA800136883F0010313600DE0164A02211648D9
:103CB80014F05DFAF3E7154B0022D3E8EF1FC3E8D1
:103CC800E02F0028F9D138BD114A13680133136079
:103CD800104B0121D3E8EF2FC3E8E01F0028F9D1EA
:103CE80012B1FFF7E9FCEEE723790B4A02210648F7
:103CF80014F03DFAF5E700BF88CF002058EF002008
:103D08005CEF0020BC1C0300AC050300ECEF0020B6
:103D1800DCEF0020E8EF0020E41C030010B588B0B9
:103D28001E481AF056FC90B11C4B9B681B68B3B137
:103D380000221B4919489847044698B12346194A56
:103D48000121194814F013FA204608B010BD174A8B
:103D58000121154814F001FA6FF01204F4E76FF02E
:103D68005704EBE7FFF7A8FC00220023CDE9062360
:103D780000230493092203920293019300930C4BAE
:103D88004FF440620B490C481AF079FF18B10B49FF
:103D98000FF08AF8D8E76FF00B04D5E78C00030022
:103DA800593C010088190300AC050300181D0300E5
:103DB800ED3D01006843012000D400202C1D0300C4
:103DC80008B502480EF040FE08BD00BF70CF0020C5
:103DD800034BD3E8AF0F003818BF0120704700BF6E
:103DE800F0EF002010B582B00A2300933C23264A46
:103DF8000321264814F0C6F93C201BE001F022FFFD
:103E080008B1012331E000232FE0214A03211F4894
:103E180014F0A3F9FFF7BCFEFFF7DAFF08B13C2066
:103E280008E00F231B4A0321184814F0A0F90F20BB
:103E380000E03C204FF47A7303FB00F0C00340F22B
:103E4800E733C0182CBF012100214FF47A720023F8
:103E5800FCF794FE02460B460F480EF03DFE044662
:103E6800FEF78AF80228C9D00023002CCDD0002BF9
:103E7800DFD0FFF70DFC0028DBD1084A03210348F7
:103E880014F06BF9C6E700BF381D0300AC0503004A
:103E9800BC1D0300DC1D030070CF00208C1D030037
:103EA800031E03DBB42B02DDB42300E000234FF430
:103EB8007A7000FB03F39B08034AA2FB03239B08C9
:103EC800034403FB00F07047176CC11630B587B088
:103ED80004460B461546124A1821684610F032FA75
:103EE800694620461BF0CEFCB0B104466846FCF794
:103EF80071FE3A2120441BF046FC78B1013000E005
:103F080001300378202BFBD0092BF9D01BF027FCBC
:103F18002860012007B030BD0020FBE70020F9E74A
:103F28001012030070B504460D460E4E4FF0FF32D6
:103F38004FF0FF3330460EF077FC0B4800EB0410CF
:103F4800846830460EF0F0FC3DB1A4F15A00002818
:103F580006DDB428A8BFB42070BD04F15A00F6E706
:103F68000020F9E7A0CD0020D0CA00202DE9F041BB
:103F7800CEB005460F4690462A4C4FF0FF324FF020
:103F8800FF3320460EF050FC274B03EB05130FCBF5
:103F98004EAE06E90F0020460EF0C6FC01F05CFEAE
:103FA80006461BF0FFF84B0143EAD0634401241A8C
:103FB80063EB01039B0043EA9473A400241843EBCA
:103FC8000101C90041EA5471C4F3103444EA414480
:103FD800C90B4D9B09934C9B08934B9B07934A9B9A
:103FE8000693CDF814800497013503950F4B02937F
:103FF8000094019133460E4A4FF480710AA810F0DC
:10400800A1F90246FF2806D80AA90A4801F0A4FF28
:104018004EB0BDE8F0810346074A0121074814F075
:10402800A6F8F5E7A0CD0020D0CA0020E00F0300D5
:10403800041E0300D41E0300B41E03007C05030005
:1040480090B583B000AF0446304B1870304B002257
:104058001A60002200232F480EF010FFECB12E4901
:1040680000233B7102237B7188B0EC461CF11002DF
:1040780015D00E2022B1042802DD284BCCF81430CC
:1040880000233B7002237B70B2B1082801DDCCF815
:1040980018100CF11C0300210CE02149E0E76FF037
:1040A8000040E7E701F108043C4414F8084C03F821
:1040B800014B01310129F5D90D2824DD0E234AB120
:1040C8000321397100217971B9710121F971786879
:1040D800CCF8100000216FF300016FF341016FF37A
:1040E80082016FF3C501032060F38811C3F30A034B
:1040F80063F353216FF31F5100230A4803F07AFE3C
:104108000C37BD4690BD6FF01B03D8E7411F012057
:10411800F8EF0020C8D40020E41E0300F41E0300BA
:10412800EC1E03007C050300F0B585B002AF044621
:104138002B4B53F820500846FFF7B2FE03460022E7
:104148000092284A29462848FCF79AFE00283DD0C4
:10415800844601346E468AB002AB13F1100238D09F
:10416800142182B10846042903DDDFF880E0C3F892
:1041780014E0082800DD9C610C2800DDDD611028B2
:1041880001DDC3F820C0132926DD14243AB1052126
:10419800397100217971B971F97178681861002154
:1041A8006FF300016FF341016FF382016FF3C501F3
:1041B800012363F38811C4F30A0464F353216FF3F2
:1041C8001F5100230A4803F015FEB5460C37BD46BB
:1041D800F0BD6FF00041C4E76FF01B04D6E700BFE5
:1041E800DC200300002D31012C010300101F030007
:1041F8007C05030070B5002413E00B4D4FF0FF322F
:104208004FF0FF3328460EF00FFB084B03EB041367
:104218009E6828460EF088FB31462046FFF784FF4B
:104228000134012CE9DD70BDA0CD0020D0CA0020EA
:104238002DE9F04786B000AF04460D464FF0FF3237
:104248004FF0FF335B480EF0EFFA5B4B03EB0413C0
:104258000FCB07F1180606E90F003A1D5749284603
:10426800FFF734FE38B17B68002B40F39480B42B01
:10427800A8BFB423BB603A1D51492846FFF726FE64
:1042880038B17B68002B40F38880B42BA8BFB423D7
:10429800FB603A1D4B492846FFF718FE30B17B6892
:1042A800002B7CDDB42BA8BFB4233B613A1D4649E3
:1042B8002846FFF70BFE30B17B68012B71DD3C2BE4
:1042C800A8BF3C237B613C4B03EB041C07F118039C
:1042D80013E90F008CE80F0036480EF025FB04F1B7
:1042E8000109D7F80880D7F80CE0D7F810C07D6925
:1042F8006E468CB06B4613F1100254D01C20CAB124
:104308000146042803DDDFF8C4A0C3F814A0082977
:1043180001DDC3F818900C2901DDC3F81C801029B1
:1043280001DDC3F820E0142901DDC3F824C01829F1
:1043380000DD9D621B2839DD1C253AB10721397043
:1043480000217970B970F9703868186100216FF32D
:1043580000016FF341016FF382016FF3C50103237D
:1043680063F38811C5F30A0565F353216FF31F51F1
:104378000023174803F03EFDB5463D69294620460F
:10438800FFF7D2FE2A4613492046FFF7EFFD1837FC
:10439800BD46BDE8F08700236CE7002378E70023DB
:1043A80083E701238EE76FF00040A8E76FF01B0555
:1043B800C3E700BFA0CD0020D0CA0020341F0300EF
:1043C8003C1F0300D00D0300481F0300501F0300CB
:1043D8007C050300801F0300F0B583B000AF0446DE
:1043E8000D46164632492846FCF7E2FB18B301345D
:1043F8006E4601233B7103237B718AB0EC461CF1A6
:1044080010021DD012204AB10346042802DD2949B2
:10441800CCF81410082B01DDCCF8184001233B70B0
:1044280003237B70CAB10C2801DDCCF81C500CF1B9
:10443800200300210FE031462046FFF7F9FE31E066
:104448006FF00040DFE701F108043C4414F8084C21
:1044580003F8014B01310129F5D9112825DD122373
:104468004AB10421397100217971B9710121F971B9
:104478007868CCF8100000216FF300016FF3410158
:104488006FF382016FF3C501022060F38811C3F353
:104498000A0363F353216FF31F510023064803F007
:1044A800A9FCB5460C37BD46F0BD6FF01B03D7E736
:1044B800801F0300881F03007C05030003780A2B74
:1044C80000D070472DE9F041ADF5047D00AF048AB6
:1044D800B4F5007F28BF4FF4007407F10C0522469D
:1044E80000F1120128461BF00BF900232B550A2175
:1044F80028461BF048F9044678B3002304F8013B2A
:104508003E7B0A2120461BF03EF9054658B300239E
:1045180005F8013BE84601233B7203237B728AB00E
:10452800EC461CF1100220D012204AB103460428A0
:1045380002DD4049CCF81410082B01DDCCF81860D6
:1045480001233B7103237B71DAB10C2801DDCCF820
:104558001C400CF12003002111E0374A02213748A2
:1045680013F0FBFD4AE0364DD4E76FF00040DCE77E
:1045780007F1040E1EF801E003F801EB01310129EF
:10458800F6D911283FDD12234AB1042139720021DE
:104598007972B9720121F972B868CCF8100000215B
:1045A8006FF300016FF341016FF382016FF3C501EF
:1045B800032060F38811C3F30A0363F353216FF3F5
:1045C8001F5100231D4803F015FCC5461D49204610
:1045D800FCF7EEFAD0B11C492046FCF7E9FAC8B15D
:1045E800312E1AD0322E1ED02A4621460020FFF73F
:1045F800F3FE2A4621460120FFF7EEFE07F5047771
:10460800BD46BDE8F0816FF01B03BDE70120FFF751
:1046180017FDF3E7FFF714FDF0E72A4621460020CF
:10462800FFF7DAFEEAE72A4621460120FFF7D4FE23
:10463800E4E700BFC41F0300A81F03007C050300B4
:10464800B4420300E41E0300EC1E03002DE9F04110
:1046580082B000AFBE4B1978002942D0BD4DBE4B89
:104668001B68002B3FD0012B00F0AC80BB4C4FF0F7
:10467800FF324FF0FF3320460EF0D6F8B84BD3F890
:10468800088020460EF050F941460020FFF74CFD07
:104698004246B4490020FFF769FC6E4600233B718F
:1046A80002237B718AB06C4614F1100200F01A8163
:1046B80012201AB1042801DDAB4B636100233B7063
:1046C80002237B70002A00F01A810346082800DDC7
:1046D800A5610C2B01DDC4F81C8004F12003002126
:1046E8000BE1A24DBBE70120FFF71CFC8046014609
:1046F8000120FFF719FD424629460120FFF736FC45
:104708006E4600233B7102237B718AB06C4614F11C
:10471800100216D012201AB1042801DD944B6361EF
:1047280000233B7002237B70C2B10346082800DDDA
:10473800A5610C2B01DDC4F81C8004F120030021C5
:104748000AE06FF00040E6E701F108053D4415F87E
:10475800085C03F8015B01310129F5D911282EDD28
:10476800122342B10421397100217971B9710121F3
:10477800F9717868206100216FF300016FF341013E
:104788006FF382016FF3C501032060F38811C3F34F
:104798000A0363F353216FF31F510023754803F095
:1047A80029FBB5466C4B01221A604FF400420023E6
:1047B80071480EF063FB0837BD46BDE8F0816FF025
:1047C8001B03CEE70020FFF7ADFB8046634E4FF09A
:1047D800FF324FF0FF3330460EF026F8604BDC68AE
:1047E80030460EF0A1F841460020FFF79DFC4246F6
:1047F80029460020FFF7BAFB6E4600233B710223CF
:104808007B718AB0EC461CF110021CD0162022B134
:10481800042802DD594BCCF8143000233B700223E6
:104828007B70EAB10346082801DDCCF818500C2B40
:1048380001DDCCF81C80102B01DDCCF820400CF1F8
:10484800240300210AE06FF00040E0E701F10805C9
:104858003D4415F8085C03F8015B01310129F5D9DD
:1048680015283CDD16234AB10521397100217971DB
:10487800B9710121F9717868CCF8100000216FF343
:1048880000016FF341016FF382016FF3C50103204B
:1048980060F38811C3F30A0363F353216FF31F51C5
:1048A8000023344803F0A6FAB5462B4B02221A60BF
:1048B8004FF47A7303FB04F0410CC00340F2E73372
:1048C800C0184FF47A724FF0000341F10001FCF771
:1048D80055F902460B4628480EF0D0FA6BE76FF000
:1048E8001B03C0E76FF00040E3E601F108053D4413
:1048F80015F8085C03F8015B01310129F5D9112885
:1049080022DD122342B10421397100217971B97174
:104918000121F9717868206100216FF300016FF3BC
:1049280041016FF382016FF3C501032060F3881121
:10493800C3F30A0363F353216FF31F5100230D4898
:1049480003F058FAB54636E76FF01B03DAE700BF05
:10495800411F0120E41E0300F8EF0020A0CD002035
:10496800D0CA0020D00D030034200300EC1E030041
:10497800E81F03007C050300C8D400200C200300B6
:10498800F0B583B000AF304819F023FE00284CD0B2
:104998002E492F481AF0EEF8FFF72CFC2D492E4827
:1049A800FCF7DCFB2D4B9D686C468AB06B4613F117
:1049B800100242D0142182B10846042901DD284E94
:1049C8005E61082801DD02269E610C2800DDDD619C
:1049D800102802DD4FF47A701862132930DD4FF089
:1049E800140C3AB10521397100217971B971F97145
:1049F8007868186100216FF300016FF341016FF3CC
:104A080082016FF3C501032363F38811CCF30A0312
:104A180063F353216FF31F510023124803F0EAF99F
:104A2800A54600200C37BD46F0BD0F4A01210D48B0
:104A380013F093FB6FF01200F4E76FF00041BAE750
:104A48006FF01B0CCDE700BF2C0103005546010099
:104A5800C8D40020C544010080200300D0CA00202B
:104A6800882003007C0503006420030008B50A467B
:104A7800044B03EBC00C9CF8041053F8300012F000
:104A880046F808BDC4210300F0B58BB008AF002478
:104A9800022C21DC614B53F8340019F09AFD50B117
:104AA8004FF4B0115D4800EBC40012F015F805464C
:104AB80050B90134ECE72346594A0121594813F00B
:104AC80056FB6FF01205A1E000902346564A0121DB
:104AD800544813F057FB99E000252CE0534831E087
:104AE80053482FE06FF0004C38E0BCF1080F00DDB0
:104AF800886101F11C03002007E000F1080EBE44A4
:104B08001EF808EC03F801EB01300128F5D931E073
:104B18006FF01B0332E0AC4214BF00210121E0B268
:104B2800FFF7A4FF0134022CF5DD43F234300021F5
:104B38001AF055FA0135022D43DC002DD0D0012D95
:104B4800CCD03C486C4600233B7102237B7188B073
:104B5800214614F11002C5D04FF00E0C22B1BCF161
:104B6800040F01DD344B4B6100233B7002237B7043
:104B7800002ABAD1BCF10D0FCADD0E2342B10320C1
:104B8800387100207871B8710120F871786808616F
:104B98006FF300066FF341066FF382066FF3C506E5
:104BA800032161F38816C3F30A0363F353266FF3F3
:104BB8001F56002331461B4803F01CF9A546002464
:104BC800B1E7002404E00021E0B2FFF74FFF013411
:104BD800022CF8DD00220023CDE9062300230493EC
:104BE8000A220392029301930093144B4FF44072EC
:104BF800134914481AF043F860B113490EF054F9F8
:104C0800124A0321074813F0A8FA002528460C3752
:104C1800BD46F0BD6FF00B05F8E700BFC4210300E7
:104C280010210300DC0403003021030004210300E9
:104C3800F4200300E420030054210300316B020038
:104C4800684F0120F8D400206C210300782103006C
:104C580038B500240BE02B460D4A03210D4813F00C
:104C680086FA4FF4A02000211AF0B9F92C460A4B15
:104C780019680A488368DB689847651C084BA3FBDA
:104C880004239B0803EB43035A009442E3D0E8E76C
:104C9800DC2103009C050300F0CA0020EC0003009F
:104CA800ABAAAAAA10B58CB02C4819F092FC00281F
:104CB80039D02B4B0DF1200C0FCB8CE80F00274877
:104CC80083689B6861469847264B1860002832DB4A
:104CD800224883681B68022198470446002833D17C
:104CE80000220023CDE90623002304930A2203921D
:104CF8000293019300931C4B4FF400721B491C480C
:104D080019F0BDFF38B31B490EF0CEF842F210730C
:104D1800009347F23053184A0321184813F032FA27
:104D280020460CB010BD164A0121144813F015FA9C
:104D38006FF01204F4E70346124A01210F4813F0FA
:104D480016FA084B1C68EBE703460F4A01210B488B
:104D580013F00DFAE4E76FF00B04E1E7EC00030051
:104D680010060300F0CA0020594C010068520120C7
:104D7800C0D50020502203005C2203009C050300DC
:104D8800FC210300182203003822030076300E2885
:104D980011D8DFE800F00C1008100A1010121010DB
:104DA800101010100E000648704706487047064855
:104DB800704706487047064870470648704700BF66
:104DC80088220300D4220300E8220300FC22030007
:104DD8001C230300B422030005490A88531C9BB214
:104DE8000B800BB902320A80014B1888704700BF4C
:104DF800381F0120B0B586B002AF0021F97307F162
:104E08000F022A2009F012FC38BBFB7B6BB3344934
:104E18006C4601233B7203237B728AB00DF1080CA8
:104E28001CF1100223D0122052B10346042802DDDF
:104E38002C4DCCF81450082B02DD2A23CCF818305E
:104E480001233B7103237B71FAB10C2801DDCCF8F7
:104E58001C100CF12003002115E000902A23224A9F
:104E68000221224813F08EF934E02149D0E76FF08F
:104E78000040D9E701F1100505EB070E1EF80CEC10
:104E880003F801EB01310129F4D9112825DD12239A
:104E98004AB10421397200217972B9720121F9727B
:104EA800B868CCF8100000216FF300016FF34101DE
:104EB8006FF382016FF3C501032060F38811C3F318
:104EC8000A0363F353216FF31F510023074802F0CD
:104ED80091FFA5461037BD46B0BD6FF01B03D7E75D
:104EE8003423030070230300482303003C05030018
:104EF80040230300F0B59DB000AF5422002107F114
:104F080018001AF024FC01233B627B6207F16C0352
:104F180007F118020021744813F068FC05460028C0
:104F28004CD1FB6EDB69714C93E8030084E8030005
:104F3800012626804BF222336380102307F10802F2
:104F4800211D304613F060FE6C4600233B7102239E
:104F58007B71BE710323FB718AB0EC461CF1100211
:104F680000F084804FF0180E2AB1BEF1040F02DD64
:104F78005F4BCCF8143000233B7002237B702AB1BE
:104F8800BEF1080F02DD584BCCF818300123BB7076
:104F98000323FB70002A76D07346BEF10C0F03DDA5
:104FA80007F10801CCF81C10102B03DD42F2B323E3
:104FB800CCF820300CF12403002162E06E46002377
:104FC8003B7102237B718AB06C4614F1100216D033
:104FD80012201AB1042801DD464B636100233B709F
:104FE80002237B70C2B10346082801DD3E49A16156
:104FF8000C2B00DDE56104F1200300210AE06FF0CD
:105008000040E6E701F170053D4415F8705C03F8CF
:10501800015B01310129F5D9112824DD122342B1A0
:105028000421397100217971B9710121F971786808
:10503800206100216FF300016FF341016FF38201DA
:105048006FF3C501012060F38811C3F30A0363F30A
:1050580053216FF31F510023274802F0CBFEB546BA
:105068006FF0040538E06FF01B03D8E76FF0004ECF
:105078007AE701F17000384410F8700C03F8010B5E
:1050880001310329F5D9BEF1170F29DD18234AB1DB
:105098000521397100217971B9710221F971786896
:1050A800CCF8100000216FF300016FF341016FF39A
:1050B80082016FF3C501032060F38811C3F30A036B
:1050C80063F353216FF31F5100230B4802F092FE44
:1050D800A546F86E13F0B3FB28467437BD46F0BDFD
:1050E8006FF01B03D3E700BF8823030000000120F3
:1050F800BC230300A02303003C05030010B50446AD
:1051080014F06AFC174BE365174B2367174B63656D
:105118000E23A365164B2366164B5B6803B3154B2A
:105128006366042384F886307823A4F88430124B0D
:1051380063674FF40073A367104AE267C4F88030CE
:10514800012284F824200223236300236363A363DA
:10515800E2630B4A22640B4AA26484F8503010BD03
:105168000023DDE700000120715E0100D823030061
:10517800FCCA0020F4CA002000FE002000FC002029
:105188009C2903008823030070B590B006460C469E
:1051980000E0641B84B12546402C28BF40252A46E0
:1051A8006946304614F0BAFD03460028F1D0034A98
:1051B8000221034812F0DBFF10B070BDE8230300A2
:1051C8003C0503002DE9F84306468846174618486B
:1051D800FBF700FD7568854224D30446D6F8009095
:1051E8000246134948461AF0BEFAF0B9A54205D05E
:1051F80019F804302F2B07D0002014E00023C8F83A
:1052080000303B6001200EE0631C9D4201D8002065
:1052180009E04B44C8F8003073681B1B013B3B6036
:10522800012000E00020BDE8F8830020FBE700BF74
:10523800C0F000200B7A012B00D0704700B583B076
:105248008B8AADF8043001A914F042FC034610B96A
:1052580003B05DF804FB034A0221034812F087FFFC
:10526800F6E700BF042403003C0503002DE9F04FD6
:10527800ADF5077D04AF80460D460E69B6F5007F93
:1052880026D291461C4696BB6D4B00229A55B9F121
:10529800000F47D0012C3BD03023694A9B46A246D9
:1052A8000292CDF804900094664A4FF4007107F119
:1052B80008000FF047F8431EB3F5FF7F5AD9294677
:1052C8004046FFF7B7FF07F50377BD46BDE8F08F07
:1052D80033465D4A02215D4812F049FF3146404697
:1052E800FFF752FF29464046FFF7A4FFEBE7324697
:1052F800534914F013FD03460028C5D0544A012130
:10530800524812F034FF29464046FFF793FFDAE788
:1053180099F80030A3F13102D2B2012A03D930231F
:10532800474ABBE730232EB1454A12787B2A18D06A
:10533800344606E0344604E0644602E0644600E091
:1053480064469CB104F1FF3C3D4A12F80C200A2A3D
:10535800F2D00D2AF2D0202AF2D03E4ADFF8E090AF
:105368009CE7374A0724DFF8F09097E7394ADFF8D7
:10537800D09093E7024607F108010A2011F07FFA5E
:105388006C4602233B7104237B718CB00DF1100C29
:105398001CF1100221D01A206AB10346042802DD4C
:1053A8002E49CCF81410082B01DDCCF818B00C2BC2
:1053B80001DDCCF81CA002233B7004237B70AAB14A
:1053C8000346102801DDCCF82090142B01DDCCF821
:1053D80024600CF12803002106E06FF00040DBE7B1
:1053E8007E5C03F8016B01310129F9D9192823DD05
:1053F8001A234AB10621397100217971B971012145
:10540800F9717868CCF8100000216FF300016FF390
:1054180041016FF382016FF3C501032060F3881126
:10542800C3F30A0363F353216FF31F5100230748A3
:1054380002F0E0FCA54642E76FF01B03D9E700BF86
:1054480000F2002054240300182403003C05030044
:1054580034240300B4420300801F030060240300C7
:105468002DE9F04385B000AF05460C460E695E494C
:10547800204611F0A6FB20B3B6F5007F80F093809C
:1054880032465A49284614F049FC0346002840F0A1
:105498009980564900238B553246082011F0EFF9C0
:1054A8000346002800F09880514A0121514812F023
:1054B8005EFE21462846FFF7BDFE1437BD46BDE80F
:1054C800F0833A1D39462046FFF77CFE30BBD4F8FE
:1054D80004E02168E84601233B7303237B738AB009
:1054E800EC461CF1100220D0122052B103460428C9
:1054F80003DDDFF80491CCF81490082B01DDCCF81B
:1055080018E001233B7203237B72DAB10C2801DD1A
:10551800CCF81C100CF12003002111E07B683A68DC
:1055280021462846FFF7A2FEC7E76FF00040DCE7F8
:1055380001F1100EBE441EF808EC03F801EB01312E
:105548000129F5D911282BDD12234AB10421397319
:1055580000217973B9730121F973F868CCF8100048
:1055680000216FF300016FF341016FF382016FF3C4
:10557800C501022060F38811C3F30A0363F35321C2
:105588006FF31F5100231B4802F034FCC546314617
:105598002846FFF7F9FD21462846FFF74BFE8CE722
:1055A8006FF01B03D1E73346144A0221114812F069
:1055B800DEFD31462846FFF7E7FD21462846FFF77E
:1055C80039FE7AE70E4A01210A4812F0D0FD214639
:1055D8002846FFF72FFE70E733460A4A032105489D
:1055E80012F0C5FD65E700BF60F1002000F2002061
:1055F800F02403003C05030090240300B0240300BA
:10560800D024030010250300F0B585B000AFFFF7E4
:1056180071FC0646002840F00181AF48FFF76EFD97
:10562800AE4B0024D3E8EF2FC3E8E14F0029F9D1AE
:10563800FFF7E0FB6D463C7102237B718CB06C4632
:1056480014F1100220D01A201AB1042801DDA44B4D
:10565800636100233B7002237B7012B30346082862
:1056680001DDA049A1610C2B02DD42F2B321E16109
:10567800102B01DD2A212162142B01DD0223636234
:1056880004F1280300210AE06FF00040DCE701F193
:1056980010063E4416F8106C03F8016B013101291D
:1056A800F5D919282FDD1A2342B1062139710021B5
:1056B8007971B9710121F9717868206100216FF35E
:1056C80000016FF341016FF382016FF3C5010320FD
:1056D80060F38811C3F30A0363F353216FF31F5177
:1056E8000023814802F086FBAD467B4814F08CF914
:1056F800064658B90023BB60FB60774BDB6ABB608A
:105708000123BB81A3E06FF01B03CDE7FFF73EFB4E
:105718006D4601233B7103237B718AB06C4614F1FB
:10572800100218D04FF0120C42B16346BCF1040FBE
:1057380001DD6E496161082B00DDA66101233B7024
:1057480003237B70A2B1BCF10C0F00DDE06104F112
:10575800200300210AE06FF0004CE5E701F110009A
:10576800384410F8100C03F8010B01310129F5D960
:10577800BCF1110F30DD122342B10421397100212F
:105788007971B9710121F9717868206100216FF38D
:1057980000016FF341016FF382016FF3C50101202E
:1057A80060F38811C3F30A0363F353216FF31F51A6
:1057B80000234D4802F01EFBAD464D4C4FF0FF3222
:1057C8004FF0FF3320460DF02FF8434814F02EFA1F
:1057D80020460DF0A9F821E06FF01B03CCE71AF082
:1057E8009BFB444B1B58444A01213F4812F0BFFC25
:1057F8003F4C4FF0FF324FF0FF3320460DF014F8C6
:105808003E4B0021D3E8EF2FC3E8E01F0028F9D171
:10581800314814F088F920460DF086F830461437E0
:10582800BD46F0BD3446B7F90E3013F0010F3BD139
:105838002F480DF079F8002C3BD1284BD3E8AF3F27
:10584800002B3DD1B7F90E3013F0380F3ED12C4B59
:10585800D3E8AF3F002BCBD0254D4FF0FF324FF0B0
:10586800FF3328460CF0E0FF1B4814F021FA0446E9
:1058780028460DF059F82246012107F1080012F0D8
:10588800FCFE0028ABDB4FF0FF324FF0FF33184827
:105898000CF0CAFF104814F0DFF9044610F10B0FA2
:1058A800C0D00028C4D1BEE70B4814F01AFA044649
:1058B800BEE72346134A01210B4812F058FC97E72C
:1058C800114A0221084812F048FC91E70F4A0221C8
:1058D800054812F04CFC8BE71800012014F000205A
:1058E8002C250300882303003C05030070250300D2
:1058F8002CCE00200C000000902503001CF0002096
:1059080018F00020A0250300BC250300F0250300A3
:1059180008B5114A0321114812F01FFC4FF0FF325D
:105928004FF0FF330E480DF0D7F80E4BD3E8AF3FDA
:10593800002BF3D0FFF768FE0A4BD3E8AF3F002BEC
:10594800F3D0094A0321054812F007FC40F6CD4080
:10595800002119F044FBE8E7102603003C0503008A
:1059680058CF002018F000203826030010B584B066
:1059780000218DF80F100DF10F022A2008F056FEB5
:10598800A0B99DF80F30CBB940F29373194A0021A2
:105998002A2008F0E7FD044620BB2A23164A0221E4
:1059A800164812F0E4FB204604B010BD00902A23EC
:1059B800134A0221114812F0E5FBE5E72A23114AB0
:1059C80003210E4812F0D3FB00212A2008F002FE22
:1059D8000028D9D000902A230B4A0221074812F048
:1059E800D1FBD1E700902A23084A0121034812F08D
:1059F800C9FBD8E7A02903005C2703003C05030086
:105A08006C260300A8260300E026030004270300F1
:105A180000B589B000220023CDE9062300230493B2
:105A280008220392029301930093094B4FF480528A
:105A38000849094819F023F930B108490DF034FA3A
:105A4800002009B05DF804FB6FF00B00F9E700BF18
:105A5800195901006854012088D60020C427030082
:105A680008B5064B0122D3E8EF1FC3E8E02F002852
:105A7800F9D103480CF0E8FF08BD00BF18F000207A
:105A880058CF0020044B0022D3E8EF1FC3E8E02FD3
:105A98000028F9D1704700BF18F000202DE9F04127
:105AA80088B000AF002800F0B0800D46144680464C
:105AB800002900F0AD80002A00F0AD80B2F5006F3B
:105AC80000F2AC80584BD3E8AF3F002B00F0A98020
:105AD8004FF0FF324FF0FF3354480CF0A5FE524B05
:105AE800D3E8AF3F73BB6FF07F0550480CF01CFF45
:105AF80015F1800F00F08180002D45D16E460123FD
:105B08003B7103237B718AB0EC461CF1100242D032
:105B180012204AB10346042802DD4549CCF8141086
:105B2800082B01DDCCF8184001233B7003237B7060
:105B3800002A3DD00C2801DDCCF81C800CF1200394
:105B4800002133E03B4E22462946304619F0D8FD65
:105B5800C7F808804046FBF73DF8F86001233B741E
:105B68007E61BC61FFF738F9B883BB7F6FF3000330
:105B7800BB77DBB26FF34103BB7707F108012E480F
:105B880013F066FF0546B0E72B462C4A01212C4846
:105B980012F0EDFA31E06FF00040BAE701F12004AD
:105BA8003C4414F8204C03F8014B01310129F5D984
:105BB800112827DD12234AB1042139710021797196
:105BC800B9710121F9717868CCF8100000216FF3E0
:105BD80000016FF341016FF382016FF3C5010320E8
:105BE80060F38811C3F30A0363F353216FF31F5162
:105BF8000023134802F0FEF8B54628462037BD4674
:105C0800BDE8F0816FF01B03D5E76FF01505F4E7E9
:105C18006FF01505F1E76FF01505EEE76FF0150564
:105C2800EBE76FF07F05E8E71CF000202CCE0020A2
:105C3800E827030000F4002018000120D027030003
:105C48003C050300034BD3E8AF0F003818BF012011
:105C5800704700BF1CF0002000487047D82303009D
:105C6800A0B110B582B00C4699B1AAB11378B3B1FE
:105C780001920E4B00930E4B0E4A0EF063FB002868
:105C880002DBA0420ED2002002B010BD6FF015005A
:105C980070476FF01500F7E76FF01500F4E76FF045
:105CA8001500F1E76FF01B00EEE700BFD8230300F3
:105CB800042803000C280300F0B585B000AF0546A2
:105CC8005C4AA0215C48FFF7CBFF002861D15B4A02
:105CD800A0215B48FFF7C4FF5A4AA0215A48FFF7A2
:105CE800BFFF044600285FD1584C53482060FAF79C
:105CF80071FF6060012626725348E060FAF76AFF78
:105D080020612675BC600223BB81FFF765F8F88126
:105D18004F4A108007F10801284613F031FF044666
:105D2800002848D1F9896D4600233B7102237B7115
:105D38000123BB710323FB718AB0EC461CF11002EE
:105D480040D04FF0180E2AB1BEF1040F02DD414BCE
:105D5800CCF8143000233B7002237B702AB1BEF1CB
:105D6800080F02DD344BCCF818300123BB70032335
:105D7800FB70A2B37346BEF10C0F02DD3248CCF8BB
:105D88001C00102B01DDCCF820100CF1240300219D
:105D980023E004460346304A0121304812F0E7F96F
:105DA80020461437BD46F0BD03462D4A01212B4835
:105DB80012F0DDF9F4E703462A4A3146274812F083
:105DC800D6F9EDE76FF0004EBDE701F11000384459
:105DD80010F8100C03F8010B01310329F5D9BEF1B5
:105DE800170F23DD18234AB1052139710021797174
:105DF800B9710221F9717868CCF8100000216FF3AD
:105E080000016FF341016FF382016FF3C5010320B5
:105E180060F38811C3F30A0363F353216FF31F512F
:105E280000230E4801F0E6FFAD46B9E76FF01B030B
:105E3800D9E700BF1C12030060F100208020030096
:105E4800C0F000203828030020F00020FCEF0020DC
:105E58003A1F01207C280300182803003C05030092
:105E6800402803006028030030B583B005460C467F
:105E78000B78072B45D8DFE803F0042A594444443B
:105E88004446CB696BB12B4A01212B4812F06FF9BC
:105E98002A4B0122D3E8EF1FC3E8E02F002830D0B7
:105EA800F8E7274A0321244812F057F9254B012225
:105EB800D3E8EF1FC3E8E02F0028F9D12846FFF701
:105EC800FBFE00221146032010F0D9FC19E0CB6933
:105ED8001D4A0221184812F04AF91A4B0021D3E84A
:105EE800EF2FC3E8E01F0028F9D1144B0122D3E8B3
:105EF800EF0FC3E8E42F002CF9D10A46042010F074
:105F0800BEFC03B030BD8B88CA6900920F4A0321DA
:105F1800094812F037F9A3880D4A12889342F0D045
:105F28000C4A0221044812F022F9EAE70431FFF78B
:105F380097FAE6E7A02803003C05030014F00020C8
:105F4800E42803001CF00020042903001C29030096
:105F58003A1F01203429030070B5A8B00D46164633
:105F68000246A0216846FFF77BFE40B93246294623
:105F78006846FFF793FD0446204628B070BD0446E6
:105F88000346034A0121034812F0F1F8F4E700BF81
:105F98004C2903003C050300B8B110B504460C4B6E
:105FA80003600C4B43600C4B83600C4BC3601422A2
:105FB80000F11001132010F019FE182204F1240139
:105FC8000E2010F013FE002010BD6FF01500704772
:105FD800D823030034310300E00F030040310300ED
:105FE800032809D8DFE800F0020A040604487047CD
:105FF800044870470448704704487047044870478D
:1060080054310300643103006C3103007431030020
:106018005C31030000286BD030B5054600296AD0F2
:10602800002A6BD0002084460DE0394C02E05C2B3E
:106038004CD1384C0CF10203934265D2248821F8E4
:106048000C409C4601302B5C002B4DD0222BEED807
:10605800092B3BD3A3F1090EBEF1190F36D801A4C1
:1060680054F82EF033600100E5600100D5600100AE
:10607800D5600100ED600100D5600100D560010028
:10608800D5600100D5600100D5600100D560010030
:10609800D5600100D5600100D5600100D560010020
:1060A800D5600100D5600100D5600100D560010010
:1060B800D5600100D5600100D5600100D560010000
:1060C800D5600100D5600100E96001000CF1010410
:1060D800944216D201F80C30A446B3E70E4CA9E757
:1060E8000E4CA7E70E4CA5E7002001F80C0030BDC8
:1060F8006FF0150070476FF01500F8E76FF01500A6
:10610800F5E76FF01B00F2E76FF01B00EFE700BF49
:1061180084310300803103008C3103007C3103009B
:1061280088310300F0B5ADF5677D06460C46154687
:1061380010F068FD18B900200DF5677DF0BDFFF778
:1061480081FD00284CD0002C46D0C022B6A920469C
:10615800FFF760FF0028EFD1002D3FD0C02286A9AD
:106168002846FFF757FF0028E6D1FFF775FD0746D9
:1061780019F018F84A0142EAD0624401241A62EB85
:106188000102920042EA9472A400241842EB010230
:10619800D20042EA5472C4F3103444EA4244D50BA4
:1061A8003046FFF71DFF86AB05930490B6AB03930B
:1061B8000E4B0293009401953B460D4A4FF4007133
:1061C80006A80EF0BFF80246B0F5007F0BD206A96C
:1061D8000848FFF7C1FEAFE7074CB6E7074DBDE734
:1061E8006FF07F00A8E76FF01B00A5E7E00F030042
:1061F8009031030008320300C8090300B4420300C9
:1062080008B50378012B07D0032B04D1054A0649AA
:106218000120FFF787FF08BD024A04490120FFF764
:1062280081FFF8E7540D0300143203000C32030019
:1062380008B502490248FAF791FF08BD0962010052
:10624800103203002DE9F04F91B0059202931346E6
:1062580002F004020092C3F3C20210F00303019398
:1062680040F02B8280468A460132041D00284FD018
:10627800B8F1000F05D0A4EB08030433534500F22E
:106288001F82029B5D1E019B0493069303930026C5
:106298004FF0FF3B0427B946B8F1000F01D0029B2D
:1062A8002360531E0793002A40F35D81059B13F07A
:1062B800020228D00120A4EB08018B081AB1B1F51D
:1062C800007F80F0038203990F2900F20282B8F15F
:1062D800000F00F06081DBB201F140026A4402F86D
:1062E800103C02F820BC002800F0518163F07F03C5
:1062F80001F140026A4402F8103C049B0133049304
:10630800039B0133039304340022CC4640463DE00E
:1063180001F0070A5444CAF1080AA9E7002634E044
:10632800002632E0002630E00827BC462DE025296B
:106338002BD10BF1010B01260427BC4625E0472988
:10634800EED82A2914D32A39C9B24FF0010E0EFA11
:1063580001F14FF6DA7E11EA0E0F16D111F0625FE5
:1063680040F0C08011F0010F40F08C8000260CE056
:10637800252903D10BF1FF3B002606E001D90026B1
:1063880003E0202901D02329CCD11D466B1C697854
:10639800002900F01981002EC9D07A29BED84C29CD
:1063A800CDD34C392E2961D80FF2040E5EF821F0B6
:1063B8009363010075640100756401007564010050
:1063C800756401007564010075640100756401005D
:1063D800756401007564010075640100756401004D
:1063E800856401007564010075640100756401002D
:1063F800756401007564010075640100756401002D
:1064080075640100ED640100756401008564010094
:1064180085640100ED640100ED640100ED64010094
:106428009363010085640100316301007564010014
:1064380093630100756401004965010085640100EA
:10644800496501007564010075640100516501002A
:106458007F640100856401007564010075640100B2
:1064680085640100756401007964010000268CE7E9
:106478000427BC4689E70427BC4686E729786C29A7
:1064880024D000263C44013CB4FBF7F407FB04F499
:1064980020B1211A6144514500F21581002A58D1D2
:1064A800BCF1040F00F08880BCF1080F40F01481A3
:1064B8001A99073121F0070101F108051A95D1E968
:1064C800008908B1C4E9008908345EE713F8021CA2
:1064D8006C2903D000260427BC46D3E700260827EA
:1064E800BC46CFE729784C291AD01A99073121F0F0
:1064F800070101F108061A96D1E90067073424F06C
:10650800070440B1211A0831514513D829784C297C
:1065180013D0C4E90067083400260827BC4634E7CE
:106528001A99073121F0070101F108061A96D1E9F5
:106538000067E3E76FF01B00BCE0C4E90067EAE727
:1065480000260427BC469DE7324600260427BC46A1
:1065580098E7E14680461A9A111D1A91126802922C
:10656800079A1D4698E6624B029A9A4204D3614BF9
:106578009A420AD3002300E00023002B7FF496AE52
:10658800059B03F00202002095E60123F5E7069B30
:1065980001330693B4E610B10AF1010AB0E6009B94
:1065A80013B10AF1020AABE60298FAF713FB0AEBF9
:1065B800000303F1020AA3E61A990D1D1A9509684A
:1065C80000B121600434E0E68046231AB3F5806FF9
:1065D80080F0858090B1002202609B080370009BC8
:1065E80083B1069BC370049B88F802301BBB019DD6
:1065F800DDF80C90DDF810B0029F3DE05344A3F1A4
:10660800080057E0069B4370EDE701339842EED946
:1066180003F140026A4412F8101C12F9102C002AE7
:10662800F3DA01F07F01A4EB08020132524559D890
:1066380004F8011BE9E7019B0398E7E7009B43B3D4
:1066480005F140036B4413F8203C04F8013B019E1C
:10665800A4EB080333440133534546D805F14003FE
:106668006B4413F8103C04F8013B32463946204687
:1066780019F046F834440135A94519D9BBF1000F82
:10668800DCD005F140036B4413F9103C002BD5DA3C
:10669800F1E705F140036B4413F8103C58F82370F8
:1066A800002248F823203846FAF794FA461CCFE728
:1066B800A4EB080011B0BDE8F08F6FF00D00F9E70A
:1066C8006FF01B00F6E76FF01B00F3E76FF01500A3
:1066D800F0E76FF01500EDE76FF01500EAE76FF0EF
:1066E8001500E7E76FF01B00E4E76FF01B00E1E738
:1066F80034FF0200E45C03002DE9F04F97B000AFCF
:106708008346BA613B61D7F88030C3F3C0033B626C
:10671800F96011B910F0F5FDF8609BF80260B14618
:1067280036B1D7F8803013F0010F0DD1002300E007
:1067380000239BF803207A6242B1D7F8802012F038
:10674800020F22D1002202E00123F2E7002202B95F
:10675800EBB19BF80050AA00BA60DBF804207A611C
:106768000BEB8505BA69F2B1002B40F00481B9F151
:10677800000F00F00F81D7F8803013F0040F40F0BD
:106788000D810020F8610646F9E00122DFE7BB69C8
:106798001BB13A69F96858469847FC6820465C3747
:1067A800BD46BDE8F08FFC68E3B94D4400233B616A
:1067B80023E00444013501364E451AD22A780023D5
:1067C8005BF822201946B86910F0B0FDBAF1000F45
:1067D800EFD0D7F888309845EBD22AF8180008F19E
:1067E8000108E6E70026C7F81C80B046D7F884A061
:1067F800E2E7C7F81080D7F81C80D7F8803003F09C
:106808000503FB604FF0000AA146C7F81CB09CE0E6
:1068180000253B6A7BB9002D79D0D7F8803013F07A
:10682800010F79D1FB68002B6FD10223A9EB030973
:1068380088E00125EDE75946786910F0BDFD00288C
:10684800E9D06C46002387F82C30022387F82D30D6
:106858008AB0694611F1100237D012251AB1042DF9
:1068680001DDB34B4B61002387F82830022387F8FA
:1068780029306ABB112D45DD122362B1042087F847
:106888002C00002087F82D0087F82E00012087F8BB
:106898002F00F86A08616FF300086FF341086FF37F
:1068A80082086FF3C508022161F38818C3F30A034D
:1068B80063F353286FF31F58002341469D4801F0A6
:1068C80099FAA546A9F102093CE06FF00045C5E731
:1068D8002B46082D01DD786988610C2B01DDC1F894
:1068E8001CB001F12003002009E000F1300C07F191
:1068F800280EF4441CF830CC03F801CB01300128F1
:10690800F3D9B7E76FF01B03B7E701238EE7D7F892
:10691800803013F0020F15D0002322461946B869BB
:1069280010F004FDD7F8843053B13B69D7F88820BC
:10693800934205D2D7F8842022F8130001333B6133
:10694800013881440AF1010A35467B6A9A4510D21A
:106958002E4616F802BB6B78FA6952F82340764B3C
:106968009C42FFF455AF754B9C42FFF462AF002583
:106978004FE74C4612E707F144000023FB6118B1CA
:106988004A46294618F0BCFE4D444FF00008C7F8A7
:1069980004901EE00020F8610646F0E7FE6107F16A
:1069A80034000026EBE700253B6A33BB002D3BD0C3
:1069B800D7F8803013F0010F26D0731C06F130028F
:1069C80007F12801561806F8149CDEB208F10108F0
:1069D80025467B6A98454AD22C4614F802AB95F8AE
:1069E80001905BF82930544A9342DCD3534A9342CE
:1069F80001D30025D8E70125D6E75146786910F07C
:106A0800DBFC0028D2D0E1E7D7F8803013F0040F80
:106A1800DCD0FA69531C303207F128010A4402F825
:106A2800249CDBB2FB61D1E7D7F8803013F0020F6A
:106A380009D0731C06F1300207F12801561806F830
:106A4800149CDEB2C2E7F869431C00F1300107F17B
:106A580028028A1802F824AC02460232D2B2FA613D
:106A680007F1580252FA83F303F8249CAEE7D7F8EB
:106A780004909BF8003087F854309BF80130334479
:106A880087F85530D7F8803013F0020F0ED1FB6924
:106A9800C3F3470387F85730D7F8803013F0010F56
:106AA80006D113F0040F3ED1002302E00023F1E7E2
:106AB800002387F85630DBF800003863786DCBF890
:106AC8000000D7F810804246B9685846D7F818A091
:106AD800D047041EFFF662AE386BCBF80000C7F84B
:106AE80010804246F96907F13400D04700285EDB80
:106AF80004EB0008B96849447B6A01EB4301D7F805
:106B080010904A46FB68591A2846D047041EFFF6DB
:106B180045AE08EB04054FF00008C7F824B0B346AB
:106B28005446CA4621E0FB69C3E74FF0000909E073
:106B38001C3203008404030034FF0200E45C0300F9
:106B48004FF000095246012107F12C00A047002808
:106B58002FDB05444B4632465146204610F0E6FBF3
:106B6800002828DB054408F10108D84518D208F1A7
:106B7800300307F12802134413F8143C87F82C302B
:106B88007A6A52F82360D7F88430002BCDD0D7F832
:106B980088309845D4D2D7F8843033F81890D1E7A4
:106BA8003A6900210846BB6998472C46F6E5044631
:106BB800F4E50446F2E50446F0E500BF30B4836826
:106BC8002E4A93422FDD2E4981FB0321DA17C2EBAF
:106BD8002172002B33DB29498B4213DD046841689D
:106BE800012C71F100050DDBE443C1F1FF4101F512
:106BF800FF0101F5FF417F314FEAE27C9442644690
:106C0800A14139DB1D498B4225DD016844685118D3
:106C180044EBE274016044601A4901FB023383606B
:106C2800012030BC7047002B01DB0022D1E7134A5A
:106C3800D21A520A1449A1FB0212D209C9E70568FF
:106C480041680029C7DA01F10041D4179542A141F2
:106C5800C1DA0020E5E7002B01DB0120E1E701684C
:106C68004468891A64EBE27401604460074901FBD7
:106C7800023383600120D4E70020D2E7FFC99A3BA2
:106C8800A12FB844003665C4834B040000CA9A3B60
:106C980010B4C40B44EA4144C90BC0F30E00054BC1
:106CA800A0FB030CC00B40EA4C401460516090609C
:106CB80010BC704700CA9A3B01282BD110B584B08C
:106CC8000C468A68164B9A4227D818F06BFA6A461F
:106CD800FFF7DEFF684610F0CFFB2146684610F04C
:106CE80092FB0023EFF3118C202282F31288BFF36A
:106CF8006F8F0AE00B4C04AB13E90F0084E80F0018
:106D08008CF31188BFF36F8F0123002BF2D0002082
:106D180004B010BD6FF0150070476FF01500F7E76D
:106D2800FFC99A3B50D70020014B1860704700BF3D
:106D380004CB002080B505460E46174698460CF051
:106D480009FD034619F0E8F80446DFF8189049F8F9
:106D58000030424639463046A84754F8090002F048
:106D68002DFB00BF0800000000B503280BD800EB7E
:106D78004000000108300C4B1844D0E8AF3F53B135
:106D880000205DF804FB19F0C7F8084B09221A50D7
:106D98004FF0FF30F5E719F0BFF8044B09221A50FD
:106DA8004FF0FF30EDE700BFA80001200C00000005
:106DB800002003280AD800EB40031B010833094AC6
:106DC8001344D3E8AF3F5BB10130F2E700B519F0E7
:106DD800A3F8054B17221A504FF0FF305DF804FB5B
:106DE800704700BFA80001200C00000000B5024653
:106DF80002EB42031B01083310490B44D3E8AF1FD1
:106E0800C9B1481ED3E8EFCF8C4504D1C3E8EE0FD3
:106E1800BEF1000FF6D1EBD101290AD1074B02EBE5
:106E2800420109010020585002EB420203EB021311
:106E380058605DF804FB0846FBE700BFA800012086
:106E480000EB400003010833044A1344D3E8EF0F72
:106E58000130C3E8E20F002AF8D17047A8000120EA
:106E680070B504460E461546FFF77EFF002813DB73
:106E780004EB4402094B03EB02135B6833602DB14A
:106E880013010833054A134404332B6004EB44040C
:106E98002401024B185970BD0020FCE7A80001200E
:106EA80070B54FF0FF324FF0FF3313480BF0BCFCC6
:106EB800FFF77EFF041E04DA0F480BF035FD20466D
:106EC80070BD2046FFF7BCFF0C4E650004EB440381
:106ED800190106EB0313002272505A609A620846A1
:106EE80008303044043017F080FC281900012030A5
:106EF800304417F08FFEDFE7C8CD0020A80001203E
:106F080070B504461546154804EB44024FEA021CC6
:106F180000EB021240F80C105560D362CDB1EB685B
:106F2800BBB118F0F9FF0E4B1E5804EB44031B01CC
:106F380008330A4A1344043340F20512284610F075
:106F4800C4FA5F2E05D018F0E7FF054B1B585F2BDE
:106F580000D070BD024B1E50FBE700BFA800012007
:106F68000C000000F8B50446FFF7FEFE002832DBEF
:106F7800660004EB44052D010835184F3D440435DF
:106F88004FF0FF324FF0FF3328460BF04DFC2644FC
:106F980007EB06177B689E68DEB104EB4402FB6AC8
:106FA80013F4404F0DD0130121460C4AD058B04776
:106FB800064628460BF0B8FC204610F096FA3046F4
:106FC800F8BD04EB44031B01044AD058B0470646F9
:106FD800EFE70026EDE74FF0FF36F0E7A8000120C5
:106FE80008B50446EFF31183202383F31288BFF317
:106FF8006F8F04F093FF204611F002FA024810F058
:1070080056FA11F025FAFCE7D432030070B596461B
:10701800022A8CBF00220122801A61F10001002996
:1070280078DBCC1704F02105C0F3130C020D42EAFB
:107038000132C2F313029444C1F3132294440CEBBB
:10704800117CAC44554AA2FB0C52D20802EB8202D6
:1070580002EB8202ACEB020C24F01704A444B0EB60
:107068000C0261EBEC714E4C4E4D02FB05F504FB36
:107078000155A2FB042129448C460029C0F28780CF
:10708800120942EA0C714FEA2C1C474A02FB010024
:10709800BEF1020F7FD96FF00202724402EBC20206
:1070A80002EB02120232414CA4FB024203EB9202B1
:1070B800830840F26D1404FB0033384CA4FB0040F5
:1070C800A3EB501083184FEACC0040EA5170CA0075
:1070D80052184CEB0000000140EA127012015218DD
:1070E8004CEB0000000140EA12701201521A60EBEA
:1070F8000C00810141EA92614FEA821CBCEB02025A
:1071080061EB0001D01841F10001294BC01861F171
:10711800000170BD6FF4C772821861F10001CD17CC
:1071280005F0210CC2F31304160D46EA0136C6F326
:1071380013063444C1F31326344404EB1174644435
:10714800164EA6FB046C4FEADC0C0CEB8C0C0CEB1B
:107158008C0CA4EB0C0425F017052C44121B61EBD6
:10716800E4710F4C0F4D02FB05F504FB0151A2FB26
:1071780004240C44A446002C05DB120942EA0C71D5
:107188004FEA2C1C81E70F3244F1000CF5E70F326F
:1071980041F1000C74E709227FE700BF1F85EB511E
:1071A800295C8FC2F5285C8F70FEFFFFCDCCCCCC5C
:1071B8009405F5FF2DE9F04383B0044608461546CB
:1071C800238B13F0080F05D103F007060023009363
:1071D800019354E0012909D043F02003238385F368
:1071E8001188BFF36F8F03B0BDE8F08343F010033D
:1071F8002383F4E7204610F05FFD42E0D4F81490B2
:107208004A466946204610F070FD4FF00008238B6F
:1072180003F00707B74269D0A268002A66D00122A6
:1072280043F00803238385F31188BFF36F8F002A87
:1072380064D1009B2BB14B463A466946204610F074
:10724800CDFDB8F1000F02D034492046C047EFF316
:107258001185202383F31288BFF36F8F238B23F0CC
:1072680008032383238B13F0100F4DD023F0100352
:1072780023830120268B06F007060028AFD00228BA
:10728800B8D00028ABD0013804282BD801A353F874
:1072980020F000BF05720100ED720100B17201001B
:1072A800C5720100D97201002369D3F80080062154
:1072B800204610F0D7FC4FF00009A8E72369D3F85F
:1072C80004800421204610F0CDFC4FF000099EE711
:1072D8002369D3F808800521204610F0C3FC4FF03D
:1072E800000994E74FF00008C14690E7009A0AB1F8
:1072F800002295E7B8F1000F92D1B3E74A46394624
:10730800204610F0B7FC94E713F0200F04D023F0C8
:10731800200323830220ADE70020ABE7137E0200A1
:107328002DE9F04397B000AF0446D0F8AC800E6862
:1073380017F098FC10B10546037843B923464F4A25
:107348000B2107F10C000CF0FDFF07F10C0507F10C
:107358000801204617F0CAFC0346002856D0E94623
:1073680000223A7102227A718AB0EC461CF11002AE
:1073780018D0122022B1042802DD4149CCF814109B
:107388000021397002217970CAB10146082801DD4F
:10739800CCF818500C2901DDCCF81C300CF1200376
:1073A80000210AE06FF00040E4E701F1580EBE4406
:1073B8001EF858EC03F801EB01310129F5D9112821
:1073C80058DD12234AB10421397100217971B9714C
:1073D8000121F9717868CCF8100000216FF30001E1
:1073E8006FF341016FF382016FF3C501032060F36E
:1073F8008811C3F30A0363F353216FF31F5100236A
:10740800204800F0F7FCCD460023BB60BD61C7F8FB
:107418001C80BB68A8EB03033B6207F128012046E8
:1074280017F071FC044600B1012407F1400017F081
:1074380077FC00B10134B4B9BA6AFC6A931844EB1A
:1074480004009B1844EB0000410141EAD3615D014F
:107458005B1940EB01019818D7E9102344EB0101AF
:10746800F9F78CFB786207F11800B0475C37BD4626
:10747800BDE8F0836FF01B03A4E700BF00330300EF
:10748800043303008C0503002DE9F04782B000AFF8
:107498000446D0F808E0642303FB0EF34668B3FB08
:1074A800F6F1D0F800A0A6EB0E09D0F80C806D46D6
:1074B80000233B7102237B718EB0EC461CF1100255
:1074C80028D0222022B1042802DD694BCCF81430E0
:1074D80000233B7002237B704AB30346082801DD72
:1074E800CCF818A00C2B01DDCCF81C90102B01DD7A
:1074F800CCF820E0142B01DDCCF82460182B01DD3A
:10750800CCF828101C2B01DDCCF82C800CF13003B2
:1075180000210AE06FF00040D4E701F108063E447C
:1075280016F8086C03F8016B01310129F5D92128F7
:107538005EDD22234AB10821397100217971B971C0
:107548000121F9717868CCF8100000216FF300016F
:107558006FF341016FF382016FF3C501032060F3FC
:107568008811C3F30A0363F353216FF31F510023F8
:10757800404800F03FFCAD46D4E9060100233B71CA
:1075880002237B711C220C2312F0070F33D103F165
:107598000A042546213323F00703ADEB030D6A46A1
:1075A800002C4BD002F11006032C45D91EB1042C37
:1075B80001DD314B536100233B7002237B701EB108
:1075C800082C01DD2D4B93611C234FF00C0C13F09C
:1075D800070F13D1654626B1A44502DA7319C3E92A
:1075E800000105F108000A35B6B13318002111E091
:1075F8006FF01B039EE704330432C5E70CF1040C5B
:107608000433E4E701F1080CBC441CF808CC03F887
:1076180001CB01310129F5D9AC4201DA6FF01B0524
:1076280066B1C0F38700387100237B71BB710123F9
:10763800FB717868106101E06FF01B0500216FF3A2
:1076480000016FF341016FF382016FF3C50103235A
:1076580063F3881165F353216FF31F511032002330
:10766800044800F0C7FB0837BD46BDE8F08700BFF7
:107678002C3303008C0503006C330300E43403004F
:107688002DE9F04184B000AF044607F10C024FF435
:1076980000613F4800EBC42017F013FB002870D1AD
:1076A800D7F80CE0CEF50066642306FB03F3D90A8D
:1076B8006D4600233B7202237B728EB0EC461CF1B0
:1076C80010022CD0222022B1042802DD314BCCF844
:1076D800143000233B7102237B716AB303460828E8
:1076E80003DDDFF8B480CCF818800C2B01DDCCF872
:1076F8001C40102B01DDCCF820E0142B01DDCCF868
:107708002460182B03DD4FF40064CCF828401C2BB0
:1077180001DDCCF82C100CF1300300210AE06FF0E9
:107728000040D0E701F110043C4414F80C4C03F875
:10773800014B01310129F5D9212826DD22234AB13F
:107748000821397200217972B9720121F972B86879
:10775800CCF8100000216FF300016FF341016FF3C3
:1077680082016FF3C501032060F38811C3F30A0394
:1077780063F353216FF31F510023084800F03AFBCD
:10778800AD461037BD46BDE8F0816FF01B03D6E764
:107798006875012090330300C83303008C0503008B
:1077A80000B583B0009001916946044817F08BFC3E
:1077B80010F0EEFB03B05DF804FB00BF2973010075
:1077C80010B50446044A0321044810F0C6FC2146BB
:1077D8000348FFF7E5FF10BDCC3303008C05030019
:1077E8009174010038B505460B4C00E010340B4B82
:1077F8009C420FD263685B79002BF7D0294620465C
:1078080010F0F5FB0028F1D023681B6829462046B4
:107818009847EBE738BD00BFB4050300C405030073
:1078280070B506460D46084C04E02A463146204607
:1078380098471034054B9C4204D223689B69002B5F
:10784800F3D1F6E770BD00BFB4050300C40503001B
:107858002DE9F041074605460AE007EA0807144BF8
:1078680003EB06135B6804221968204610F009FC34
:10787800D5B195FAA5F6B6FA86F60D4C04EB0614C2
:107888000123B3406FEA030825EA0305237B002B95
:10789800EED03301064AD3581B69002BDDD02046B1
:1078A80098470028E4D1D8E73846BDE8F08100BF02
:1078B800B40503002DE9F04180460F461D4BD3E87F
:1078C800EF5F6A1CC3E8E12F0029F8D16DBB1A4CA1
:1078D800002607E0636804221968204610F0D1FBEF
:1078E80001361034154B9C4211D2237B002BF7D064
:1078F800204610F070FB23681B69002BEAD0204655
:1079080098470028E6D00123B3401D43E8E7B8F1C3
:10791800000F0BD055B12846FFF79AFF0546002FF8
:10792800F8D00A2010F069FBF4E700252846BDE8E6
:10793800F08100BF7C010120B4050300C4050300E9
:1079480008B5064B186018B1054B1B68092B00DCFD
:1079580008BD04480BF078F8FAE700BF7001012071
:107968007801012010CF002008B502480BF06CF810
:1079780008BD00BF10CF002030B589B000220F49E4
:107988000F4817F07EFC0F4D00220023CDE9062397
:10799800002404940E2303930294019400940A4B48
:1079A8004FF440720949284617F069F908492846F2
:1079B8000BF07AFA204609B030BD00BF717901009A
:1079C800F8DC002028D80020257D01006868012007
:1079D800F4330300014B53F82000704710340300C0
:1079E80048B108B5054A1060054B1960084600F013
:1079F800F5FC002008BD6FF01500704708CB00208B
:107A08006C01012008B5054B1B781BB1034B012203
:107A18001A7008BD02480BF017F8F7E7421F01205B
:107A280010CF002008B50C4BD3E8EF1F0131C3E895
:107A3800E21F002AF8D130B9084817F02EFC084890
:107A48000BF002F808BD074BD3E8EF1F0139C3E874
:107A5800E21F002AF0D0F7E774010120F8DC0020CB
:107A680010CF002078010120044B00200146D3E804
:107A7800EF0FC3E8E21F002AF9D170477401012013
:107A880038B5FFF7F1FF0546094C00E01034094B03
:107A98009C420BD263685B79002BF7D023685B6844
:107AA800002BF3D0294620469847EFE738BD00BFA2
:107AB800B4050300C4050300034B18680028D4BFAD
:107AC80000200120704700BF7401012010B5044C4C
:107AD800044920460FF066FE034B1C6010BD00BF32
:107AE80034CD0020FC3303006801012008B50023D1
:107AF8000C4A13700C4A13600C4A13604FF400418F
:107B08000B48FFF76DFFFFF7E1FF0A4A06E0094B54
:107B1800D31A1B11013351680B711032064B9A426C
:107B2800F5D308BD431F012074010120780101200D
:107B3800FB7F0200B4050300C405030008B5014635
:107B4800014810F070FA08BD34CD002008B502488D
:107B58000FF00BFF08BD00BF34CD002008B501466B
:107B6800024B186810F065FA08BD00BF68010120D3
:107B780008B5024810F061FA08BD00BF34CD0020F6
:107B880010B582B000220023CDE90023264B1878D7
:107B980008B902B010BD684610F067FA044660B133
:107BA800FFF720FE2046FFF7D9FF204BD3E8EF1F51
:107BB8000139C3E8E21F002AF8D1FFF77DFF58B961
:107BC8001B4A1368516813F57A7341F10001136079
:107BD8005160FFF7CDFFDCE717F0E4FA4A0142EA0B
:107BE800D06243011B1A62EB0102920042EA9372CF
:107BF8009B001B1842EB0102D20042EA5372C3F306
:107C0800103343EA4243D20B0948016840685B1AC3
:107C180062EB000240F2E9318B4272F10002CFD3ED
:107C2800FFF72EFFCCE700BF421F0120780101209B
:107C3800F0DC00200F4B1B7803B1704710B5002112
:107C48000120FFF737FE0C4C00E010340B4B9C4230
:107C580008D263685B79002BF7D023689B682046BD
:107C68009847F2E7FFF78CFF0028FBD1014B012270
:107C78001A7010BD431F0120B4050300C40503009A
:107C880010B582B0184BD3E8EF2F511CC3E8E01FA2
:107C98000028F8D1154B1B7863B9154B1B68B3B195
:107CA800BAB1092A13D1134817F0F7FA12480AF0A3
:107CB800CBFE0CE0EFF31184202383F31288BFF38B
:107CC8006F8FFFF75DFF84F31188BFF36F8F02B0EA
:107CD80010BD00220023CDE900234FF40042002309
:107CE80004480CF0BDF8F2E778010120431F012099
:107CF80070010120F8DC002010CF002010B50446E8
:107D0800044B1B689847A0602146034810F0B1F95E
:107D180010BD00BF08CB002034CD00202DE9F04174
:107D280000210846FFF7C6FD804650B140F267665D
:107D3800002718F0F1F8154B1858FFF701FE002539
:107D480015E04FF0FF364FF0FF37F2E74046FFF7F8
:107D58007FFD804670B94FF0FF364FF0FF3709E0DE
:107D68002C4632463B460A480AF0B6FE2546B8F18C
:107D7800000FEBD1FFF704FF04460028F6D1002DD1
:107D8800EED000210846FFF74BFDEAE708000000A7
:107D980010CF00200248034BC01AC008704700BF2C
:107DA800B40503006C04030010B50C46FFF7F2FF9E
:107DB800A04203D9024B53F8340010BD0020FCE761
:107DC8006C04030000B589B005920693002307935D
:107DD80062B1074A0C9B02930B9B01930A9B009389
:107DE80005ABFEF789FC09B05DF804FB0022F1E75A
:107DF800A18002002DE9F04F8BB004AF05461E4666
:107E08008846C1F34A24002C00F08980914600225C
:107E1800FA603A617A6104230293FB1801930A23FA
:107E2800009307F10C0321464846FEF765FCB0F5C0
:107E3800006F58D3D9F804106D4600233B73022312
:107E48007B738AB004AC14F1100217D012201AB157
:107E5800042801DD3B4B636100233B7002237B70E8
:107E6800CAB10346082800DDA1610C2B02DD40F2EF
:107E7800FF73E36104F1200300210AE06FF0004082
:107E8800E5E701F118063E4416F8186C03F8016B93
:107E980001310129F5D9112822DD122342B104212B
:107EA800397300217973B9730121F973F868206176
:107EB80000216FF300016FF341016FF382016FF34B
:107EC800C501022060F38811C3F30A0363F3532149
:107ED8000023C1F313011C4810F061F9AD462DE0F1
:107EE8006FF01B03DAE760F35328C0F30A0A0AEBC2
:107EF8001850173020F007008008FFF71FFE834650
:107F0800B0B104230293FB1801930A23009353464C
:107F180000F1100221464846FFF754FF08E004EB41
:107F28001154173424F00704A008FFF707FE83460E
:107F3800334642462946584610F0C7F81C37BD4616
:107F4800BDE8F08F2C340300E40403002DE9F04F62
:107F580085B080460D4617461E46DDF838B0DDF878
:107F68004090B9F1000F41D0119B039300934B4609
:107F78000F9A10210020FEF765F9B0F5006F2DD299
:107F880082460BEB0003173323F0070300246FF33B
:107F980000046FF341046FF3820468F3C50467F3C8
:107FA800881460F353246BF31F549808FFF7C6FD39
:107FB800074650B11030B9F1000F06D0119B00935D
:107FC8004B460F9A5146FEF73DF93346224629465D
:107FD800384610F07AF805B0BDE8F08F40F2FF732C
:107FE800034A0221034810F0C2F8F4E70020C7E76B
:107FF8006C340300E4040300406820B1034BC01A4A
:1080080040F3CF0070474FF0FF3070476C04030017
:108018000EB400B582B0014603AB53F8042B0193AC
:10802800034801F0EFFC02B05DF804EB03B07047C1
:10803800DD81020010B584B011F0440F05D01A4B51
:108048001B6833B9002004B010BD1849FFF7E0FFE2
:10805800F9E717490968B2FBF1F2B2FBF3FC03FB3D
:108068001C224FF47A7E0EFB02F2B2FBF3F403FB00
:1080780014210EFB01F1B1FBF3F10E4AA2FB0C3205
:10808800D20A4FF4616303FB12CC0B4BA3FB0CE346
:108098005B0902910194C3EB0311ACEB81010091E0
:1080A8000649FFF7B5FFCEE784010120A434030099
:1080B80080010120C5B3A29189888888B034030063
:1080C80061B108B52AB1064A52F8232012B9054A07
:1080D80000E0044A0449FFF79BFF08BD704700BF52
:1080E8004C350300CC3403005C2403002DE9F04137
:1080F80005461746069EDDF81C8081B900242EB17E
:10810800324611492846FFF783FF0444B8F1000FAF
:1081180014D06FB1099B042B13D00C4909E00C4B08
:10812800099A53F822200B49FFF772FF0446E6E745
:10813800064942462846FFF76BFF04442046BDE83F
:10814800F0810549F5E700BFE8340300D83403009F
:1081580060350300E0340300D43403002DE9F04F08
:1081680087B005460C46049205939DF84C7001F0C3
:10817800020B01F0010AC1F3C00801F480790FF085
:108188007EFF18B3024616492846FFF741FF064608
:10819800BBF1000F1CD13A465146284610F041F871
:1081A800B9F1000F01D0002311930397129B02939A
:1081B800119B0193109B00930023049A4146284683
:1081C800FFF794FF304407B0BDE8F08F0026DFE7E3
:1081D800059A21462846FFF72DFF0644DBE700BF36
:1081E800EC34030011F0100F0BD108B511F0200F7B
:1081F80003D00449FFF70CFF08BD0349FFF708FF48
:10820800FAE77047A0480300E80B03002DE9F041A6
:1082180005460F46164698460699FFF7E3FF0024E1
:10822800444505DA24492846FFF7F2FE0134F7E70A
:10823800002409E020492846FFF7EAFE0BE01F4921
:108248002846FFF7E5FE01340F2C0CDC002C02DD7C
:1082580014F0070FEED0B442F1D23A5D184928461F
:10826800FFF7D6FEEFE717492846FFF7D1FE0024AF
:1082780009E011492846FFF7CBFE0BE012492846D2
:10828800FFF7C6FE01340F2C13DC002C02DD14F0BE
:10829800070FEED0B44207D23A5D0C4B9B5C13F04B
:1082A800970FEBD12E22E9E703492846FFF7B0FEE6
:1082B800E8E7BDE8F08100BFE4340300F8340300C8
:1082C800F0340300FC34030000350300825B030034
:1082D8002DE9F04184B004469DF82C500C9F0E9E69
:1082E80095B9012B1ED019484FF0000827B13B461D
:1082F800224617490FF030F8C6B905BB20460FF0E3
:1083080052FF04B0BDE8F08103950A9802900193EA
:1083180000920B4600220F992046FFF71FFF804668
:108328000C48E3E70B484FF00008DFE70F9B00938A
:10833800434632460D9920460FF08BFFDDE72A466B
:108348000F9920460FF079FFD8E700BF0D82020091
:108358000D9A0100DD8102002DE9F04383B0064645
:10836800056842F20F738B4228BF0B46184A052155
:1083780068460BF0E7FF04467368D3F804900B27B0
:10838800DFF8508005E04A4639464046A8473F1A7C
:108398008044002FF7D17368D3F804806F4605E056
:1083A800424621463846A847241A0744002CF7D1EC
:1083B80073685F681B24084E05E03A46214630463C
:1083C800A847241A0644002CF7D103B0BDE8F0836F
:1083D8006C2303002035030004350300074B0122FA
:1083E8001A6004E04008054A13685B001360044BF8
:1083F8009842F7D8034B1860704700BF80010120EE
:1084080040420F0084010120034B01221A70034BE4
:10841800034A1A60704700BF441F0120AC010120C5
:10842800B001012008B5034B01221A7002480FF071
:108438005EFF08BD451F0120B8350300014B1960D8
:10844800002070479C01012008B518B9074B00228D
:108458001A7008BD064B1B7823B142F2107016F053
:1084680099F8F6E70A200FF059FFF2E7441F0120B8
:10847800451F012038B504460A4B01221A700A4BE1
:108488001B782BB938BD651E2046FFF7DDFF2C464B
:10849800002007F0C1FD0028F4D0024B1B78002B08
:1084A800F1D1EFE7441F0120451F01202DE9F041DC
:1084B80007460E464FF001080DE0324639460020C7
:1084C80007F0F0FC044616E04046FFF7D3FFF4B986
:1084D800134B1B78DBB1134B1B78002BEDD114F039
:1084E800BAFE054632463946002007F0DBFC044652
:1084F800284614F0B8FE002CE6D1094B1B78002B57
:10850800E5D008F1FF384046FFF79EFFDFE714B9D2
:10851800034B1B7803B934462046BDE8F08100BF01
:10852800441F0120451F01202DE9F041394B1A68ED
:10853800394BD31A012B26D0364B1C680D2204F870
:10854800012C621C1A600A232370344B1E68002E0B
:1085580002DD334B1B68D3B114F07DFE05462D4B6D
:108568001A682D49521A002007F09CFC0446284638
:1085780014F079FE002C47D1284A136801331360A0
:108588000020BDE8F0810132224B1A60D4E7B046E2
:10859800632EA8BF4FF063081F4D521B294605F1F3
:1085A800170017F0BAF81F4F0FCF0FC597E8030051
:1085B80045F8040B25F8021B090C29701834154BD3
:1085C8001C60174B01221A60092E08DC124B20226E
:1085D8005A7508F1300883F81480DA74BCE7124A37
:1085E80082FB08324FEAE873C3EBA203194603EB98
:1085F8008303A8EB43033033074A537501F1300373
:1086080013753E23D374A7E70023044A1360044A72
:108618001360B5E7AC010120B0010120A4010120DD
:10862800A0010120743503006766666608B50A284C
:108638000AD00B4B1B680B4A93420ED2591C084AAE
:1086480011601870002009E0FFF76EFF18B9044B9D
:10865800054A1A6002E0012000E0002008BD00BFC2
:10866800AC0101202F020120B001012070B50546A0
:108678000E46094B1B784BB90446AB19A34208D9DF
:108688002078FFF7D3FF20B90134F6E7FFF70EFF94
:1086980000E0601B70BD00BF451F012008B50248FF
:1086A800FFF75AFE08BD00BFB835030010B50C46E9
:1086B800044B1868FFF78EF903460F22214602483B
:1086C800984710BD9C010120B8350300014B036099
:1086D80000207047C835030030B4D0F818C04FEAFE
:1086E8001C2101F47F4141EA1C614FEA0C2404F487
:1086F8007F04214341EA0C6154681568002C08BFC7
:10870800A94273D1D0F81CC04FEA1C2101F47F4163
:1087180041EA1C614FEA0C2404F47F04214341EA36
:108728000C619268914264D1027802F00702042A2F
:1087380062D14278002A62D0816A0A0A02F47F4232
:1087480042EA11620C0204F47F04224352EA0162F5
:108758000CD1C16A0A0A02F47F4242EA11620C0291
:1087680004F47F04224352EA01624BD0C16A0A0A28
:1087780002F47F4242EA11620C0204F47F042243AD
:1087880042EA01629A60816A0A0A02F47F4242EA76
:1087980011620C0204F47F04224342EA01620024BD
:1087A80094461A605C60816A0A0A02F47F4242EACF
:1087B8001162080200F47F00024352EA016209D400
:1087C800134A1CEB020244F100041A605C600020AA
:1087D80030BC70470F498A4217D90D4A1CEB020278
:1087E80064F100041A605C600020F1E76FF021007A
:1087F800EEE76FF02100EBE76FF01500E8E76FF0A8
:108808000F00E5E76FF01500E2E76FF01500DFE70E
:108818008081557C7F7EAA832DE9F0418EB0044685
:1088280030252A46002102A816F091FF9DF808304D
:10883800032262F3C5038DF80830DBB262F302034A
:108848008DF8083016F0AEFC84464A0142EAD06240
:1088580043011B1A62EB0102520242EAD3525B0245
:108868001B1842EB0100820142EA93629E01F61A4C
:1088780062EB000716EB0C0647EB010716F580467E
:1088880047F10007F60B46EA4746FF0B1C4A002350
:1088980030463946F8F722F9804620616161184A66
:1088A800002330463946F8F719F941F2C60303FBAD
:1088B80002F1A1614FEA182303F47F4343EA1863E6
:1088C8004FEA082202F47F02134343EA08630C9339
:1088D8000A0A02F47F4242EA11620B0203F47F03A0
:1088E8001A4342EA01620D92E06800230193009363
:1088F8002A4602A901F06CFA0EB0BDE8F08100BF6B
:1089080040420F0088B370B50C461646054679B349
:108918002022002116F01BFF20881122022101F0DD
:10892800F7F9E860002811DB3246214601F01EFA0B
:10893800002811DBAB68EA6845F8332005EBC30271
:10894800012191800B44AB60002070BD17F0E4FA60
:10895800094B18584042F8E7E8680FF07DFF17F018
:10896800DBFA054B18584042EFE76FF00D007047EF
:108978006FF00D00E9E700BF0C00000070B58EB085
:1089880004460D4616463022002102A816F0DFFEE6
:10899800A1682A4620460FF070FE002815DB00B3B8
:1089A800E068002301930093302202A901F07CFAC9
:1089B800002810DB302817D1334604F1100230218B
:1089C80002A8FFF789FE0EB070BD17F0A5FA084B94
:1089D80018584042F7E717F09FFA054B18584042DD
:1089E800F1E76FF07300EEE76FF07900EBE700BF97
:1089F8000C00000008B503480EF059FD02480EF0BF
:108A080056FD08BDD03503000836030008B50348F5
:108A1800034A121A00210FF0B8FC08BD48D0002004
:108A2800681F012008B50648064A121A06490FF0C1
:108A3800B0FC0648064A121A06490FF0AAFC08BDFF
:108A480040CA002044D00020FC5C030028CA002053
:108A580040CA0020E45C03002DE9F04182B000AF79
:108A68000446D0F800E0D0F804C085686E468AB0A5
:108A78006B4613F1100200F0888014218AB1084671
:108A8800042903DDDFF81C81C3F81480082801DD00
:108A9800C3F818E00C2801DDC3F81CC0102800DD5D
:108AA8001D62132974DD14253AB10521397100219D
:108AB8007971B971F9717868186100216FF3000153
:108AC8006FF341016FF382016FF3C501012363F373
:108AD8008811C5F30A0565F353216FF31F5100236D
:108AE8003148FFF787F9B546D4F80CC0266965699F
:108AF800E8468AB06B4613F110024CD0142182B1BB
:108B08000846042903DDDFF8A4E0C3F814E00828C8
:108B180001DDC3F818C00C2800DDDE61102800DD77
:108B28001D6213293ADD14253AB105213971002156
:108B38007971B971F9717868186100216FF30001D2
:108B48006FF341016FF382016FF3C501012666F3EC
:108B58008811C5F30A0565F353216FF31F51124DB0
:108B680000232846FFF746F9C546E369104A31460F
:108B780028460FF0FCFAA3690E4A314628460FF042
:108B8800F6FA0837BD46BDE8F0816FF0004175E799
:108B98006FF01B0588E76FF00041B0E76FF01B0529
:108BA800C2E700BF383603006405030068360300D7
:108BB80098360300A836030038B504460D4611B1AF
:108BC8000846FFF749FF012C04D02946204609F042
:108BD800B9FA38BDEFF30583103B034A0121034876
:108BE8000FF0C5FAF1E700BFD836030064050300AB
:108BF80030BFFFF7FDBF00BF38B50446054D2A4614
:108C0800054916F07DFD054A0021601916F09FFD03
:108C180038BD00BF0000000008060300080000007F
:108C280070B50646064D074B1D444C1B2046FFF702
:108C3800E3FF083CC6F8B84005F1080070BD00BF66
:108C4800000000000800000008B5064BDA699B68C0
:108C58009A4204D0044A536843F0805353600AF0A0
:108C680035F908BD78E2002000ED00E081690D4B80
:108C78005A6942F480725A61BFF34F8FBFF36F8F06
:108C880031F8021C5A6922F480725A61BFF34F8F7F
:108C9800BFF36F8F4DF60273994201D000207047E1
:108CA8000120704700ED00E0F8B51D4600232B7049
:108CB80002F07F43B3F17F4F22D106460F46144698
:108CC80012F0010F1ED112F0400F07D10020034609
:108CD800BBB914F0080F0FD0384612E00A4A012138
:108CE8000A480FF03AFA14F0040F02D0384601236C
:108CF800EEE730460123EBE7304601232B7000E016
:108D08000020F8BD0020FCE7EC36030064050300F2
:108D180008B5314A012131480FF01FFA304B9B6AE0
:108D280013F0007F26D11D202D4B9B6A13F0807F06
:108D380027D12B4B9B6A13F4801F29D1284B9B6AA0
:108D480013F4002F2BD1264B9B6A13F4802F2DD1BF
:108D5800234B9B6A13F4003F2FD1214B9B6A13F4DA
:108D6800803F31D11E4A936A6FEA03436FEA134387
:108D7800936208BD1B4A012118480FF0EEF91E2026
:108D8800D2E7194A012115480FF0E7F91F20D0E76B
:108D9800164A012111480FF0E0F90220CEE7144AE3
:108DA80001210E480FF0D9F92120CCE7114A012101
:108DB8000A480FF0D2F92220CAE70F4A01210748D2
:108DC8000FF0CBF92320C8E70C4A012103480FF024
:108DD800C4F92420C6E700BF103703006405030068
:108DE80000ED00E0283703003C3703005837030044
:108DF80084370300A4370300CC370300E8370300A7
:108E080008B500230B70034A012103480FF0A5F9A8
:108E180008BD00BF143803006405030090B583B093
:108E280000AF0F2923DC2F4C103900233B7102239C
:108E38007B718AB0EC461CF110021AD0122022B1C4
:108E4800042802DD284BCCF8143000233B700223A1
:108E58007B70E2B10346082801DDCCF818400C2BE2
:108E680001DDCCF81C100CF1200300210DE01F4C93
:108E7800DAE76FF00040E2E701F1080404EB070EBF
:108E88001EF808EC03F801EB01310129F4D9112887
:108E980024DD12234AB10421397100217971B97195
:108EA8000121F9717868CCF8100000216FF30001F6
:108EB8006FF341016FF382016FF3C501012060F385
:108EC8008811C3F30A0363F353216FF31F5100237F
:108ED8000748FEF78FFF0C37BD4690BD6FF01B03A8
:108EE800D8E700BF383803006C3803005038030057
:108EF80064050300F8B505460F461446394A0121B2
:108F080039480FF02AF9394B9B6A13F0100F31D109
:108F18001026364B9B6A13F0080F32D1334B9B6AED
:108F280013F0020F34D1314B9B6A13F0010F4BD170
:108F38002E4B9B6A13F0200F4DD12C4B9B6A13F0DC
:108F4800100F01D1294B9B6A284B9B6A13F0200F05
:108F580004D0264A536A23F400535362234A936A7F
:108F680043F0FF039362012128460FF022FA207094
:108F78003046F8BD1E4A01211B480FF0EEF81126B5
:108F8800C7E71C4A012118480FF0E7F81226C5E781
:108F9800194A012114480FF0E0F8144A536B926AF9
:108FA80012F0800F01D11326BDE7144A01210E48A3
:108FB8000FF0DDF837B10D4A936A23F0800393620E
:108FC8001326B0E71326AEE70D4A012106480FF035
:108FD800C4F81426ACE70B4A012103480FF0BDF88A
:108FE8001526AAE7803803006405030000ED00E0B9
:108FF80098380300CC380300E0380300F838030041
:109008001039030030390300F8B505460F461446F9
:10901800374A012137480FF0A0F8374B9B6A13F401
:10902800805F25D11626344B9B6A13F4006F26D136
:10903800314B9B6A13F4007F28D12F4B9B6A13F4A2
:10904800806F3FD12C4B9B6A13F4807F41D12A4B10
:109058009B6A13F4005F43D1274A936A43F47F4322
:109068009362012128460FF0A4F920703046F8BD1C
:10907800224A01211F480FF070F81726D3E7204A2B
:1090880001211C480FF069F81826D1E71D4A012173
:1090980018480FF062F8184A936B926A12F4004F5E
:1090A80001D11926C9E7184A012112480FF05FF8C3
:1090B80037B1114A936A23F4004393621926BCE737
:1090C8001926BAE7114A01210A480FF046F81A266C
:1090D800B8E70F4A012107480FF03FF81B26BBE706
:1090E8000C4A012103480FF038F81C26B4E700BFEA
:1090F800603903006405030000ED00E078390300DF
:10910800CC3803008C390300A8390300C0390300A8
:10911800DC3903003039030070B506460D462B4A8A
:1091280001212B480FF019F800232B70294BDC6A1A
:1091380014F002040AD1274BDB6A002B0DDB254B08
:10914800DC6A14F080440ED1204670BD224A012109
:109158001F480FF002F80024F6E7204A01211C48B6
:109168000EF0FBFFF0E71E4A012119480EF0F5FF4B
:109178003046FFF77BFD98B9164B9B6A13F0FF0F3B
:1091880016D1144B9C6A14F47F4418D1114B9B6A76
:10919800B3F5803FD8D33046FFF7BAFD0446D3E78E
:1091A8003368104A01210A480EF0E1FF3468CBE722
:1091B8002A4601213046FFF79DFE0446C4E72A46A9
:1091C80001213046FFF720FF0446BDE7F4390300CC
:1091D8006405030000ED00E00C3A0300303A030098
:1091E800403A0300603A030030B58BB01F4B5D680E
:1091F800C5F30805002383F31188BFF36F8F0DF1C2
:109208002603FFF751FD04460DF1270229460FF00A
:10921800D2F89DF827300BB10BB030BD05460DF1E3
:10922800040C20686168A268E368ACE80F00206954
:109238006169A269E369ACE80F009DF826304BB17B
:10924800089BC3F308025AB96FEA53236FEA432312
:10925800089305E0089B23F4FF7323F001030893A8
:1092680001A92846FFF7A8FCD6E700BF00ED00E0FB
:10927800064B5A6942F010025A615A6942F48062F8
:109288005A615A6922F008025A61704700ED00E0FD
:10929800EFF30880EFF3098101B57246FFF7A4FFE9
:1092A80001BD00BF002080F31488BFF36F8F00203A
:1092B80080F30A8880F30B88144880F3088800201C
:1092C8001349087012F0D9FF002012490860BFF353
:1092D8004F8F00F049F8202080F311880E484FF096
:1092E800AA014FF400620FF050F80B484FF40061E8
:1092F800401880F30988EFF314800221084380F3B3
:109308001488BFF36F8F00F017F90000A88E0120B2
:10931800671F012094ED00E068750120BFF34F8FAF
:109328000549CA6802F4E062044B1343CB60BFF3FB
:109338004F8F00BFFDE700BF00ED00E00400FA0515
:10934800084BD3F89000C0F30720002306E0054A35
:10935800C2F898300021C2F8A01001338342F6DB2E
:10936800704700BF00ED00E010B572B6002484F32A
:109378001388FFF7E5FF234608E003F120010E4AB2
:109388004FF0FF3042F821000133DBB20F2BF4D944
:10939800002308E003F16001074A4FF0FF3042F86C
:1093A80021000133DBB20F2BF4D962B6BFF34F8F24
:1093B800BFF36F8F10BD00BF00E100E008B50A4B96
:1093C8009B68834202D00AF0CBF908BDEFF305830E
:1093D800002BF8D0054B5A6842F080525A605A6AFE
:1093E80022F400425A62EEE778E2002000ED00E045
:1093F80001B515F084FCBDE801401B498A6882F874
:10940800C5E04FF040001044EFF3098C80E8F01FEE
:10941800202080F31288BFF36F8F144F4FF000663F
:10942800CA698A603E60D2F8B800114C206092F98F
:10943800C5E0D2F8BC000023C2F8BC3080F3118824
:1094480002F1400090E8F01F8CF3098802F1000057
:1094580004B50EF0EEFFBDE8044001B509F0BCFD0F
:10946800BDE801407047000078E2002004ED00E00C
:10947800480201201EF0040F0CBFEFF30880EFF341
:109488000980816911F8021C0229FFD001B57246D2
:109498000EF083FF01BD00BF002807DB00F01F02AC
:1094A800400901239340024A42F82030704700BF28
:1094B80000E100E000280CDB00F01F024009012356
:1094C80093402030034A42F82030BFF34F8FBFF358
:1094D8006F8F704700E100E0002808DB4901C9B23E
:1094E80000F1604000F5614080F80013704700F01B
:1094F8000F004901C9B2014B1954704714ED00E03F
:109508004209054B53F8222000F01F00012303FAFB
:1095180000F01040704700BF00E100E0044B23F06A
:109528007F03044A9360BFF34F8FBFF36F8F704779
:109538000000010000ED00E008B5FFF7EFFF074A63
:10954800D2F8883023F47003C2F88830FFF75EFA47
:10955800FFF768FA00F054F808F0FAFF00ED00E0B1
:1095680010B4A2F12004104942F8081C21F00101AE
:1095780042F8081C42F8203C019B42F81C3C029B24
:1095880042F8183C039B42F8143C4FF0807342F8B1
:10959800043C04660023C0F8BC30C0F8C430BC23C7
:1095A80080F8C53010BC70473D6D010008B5044611
:1095B8000E4615460D4B9860D0F8B8200C4B1A6033
:1095C80009F00AFDD4F8A83083F30B882C4686F3FB
:1095D80009880020034B98472046002100220023D9
:1095E800014C20474B8402003D6D010078E20020C9
:1095F80048020120014B10221A61704700ED00E07B
:10960800002206E003F00F030949194420230B76D2
:109618000132402A0ADC53B2002BF3DB03F160432A
:1096280003F56143202183F80013F1E7704700BF79
:10963800FCEC00E008B5EFF30583103B044A02EBAD
:10964800C301496852F833008847FFF7FDFA08BD9F
:109658004C01030010B584B00A4C23460A4A012184
:109668000A480EF0E7FF0023019302930393084B87
:109678000193E41A0294012101A80EF0DFFF04B05F
:1096880010BD00BF0000042080C500207C3A030004
:1096980048D00020024B034AC3F8C020704700BFDF
:1096A80000ED00E0AAFF4400034BC3F89800C3F89C
:1096B8009C10C3F8A020704700ED00E00E4BC3F8E3
:1096C8009800C3F89800D3F89C000A7A60F3040263
:1096D8000A72D3F8A020C2F34202087A62F3471054
:1096E8000872D3F89C2022F01F020A60D3F8A03039
:1096F80023F01F03CB60704700ED00E070B505460E
:109708000E46002400E00134A6421EDD04EB4403AB
:109718009A0005EB830359680029F4D0A8580EF085
:10972800E3FE04EB84030B4A42F8230010F1160F02
:109738000CD0094B1B78984209DA04EB840302EB3E
:1097480083010431FFF7BAFFDDE7002070BD6FF039
:109758001500FBE74C020120461F012010B5044606
:109768000A4BD3F89030C3F30723013B984203D840
:109778000EF094FE204610BD0346054A0121054817
:109788000EF0F5FC6FF01500F5E700BF00ED00E006
:109798008C3A0300340503002DE9F04F87B0814669
:1097A800009101931446002648E03346614A01219E
:1097B80061480EF0DCFC6FF0150407E03B465F4A99
:1097C80001215D480EF0D3FC6FF01504204607B068
:1097D800BDE8F08FD84564D12946C0B20EF095FE99
:1097E8002BE0574AC2F89870D2F89C3003F01F0358
:1097F80021F01F010B43C2F89C302946E0B20EF05D
:1098080084FE044610F1160FE0D0013415E0013B48
:109818004B49C1F89870D1F8A02002F01F0223F03C
:109828001F031343C1F8A0302946E0B20EF06DFEC5
:10983800044610F1160FC9D001340136009B9E4230
:10984800C4DA06EB46054FEA850A09EB85056F6819
:10985800002FF2D0019B23B128460EF033FE0028DA
:10986800A3D0394659F80A000EF03EFE074610F11B
:10987800160FA3D08442A1DD314BC3F89800D3F86A
:109888009C2022F01F02C3F89800D3F8A03043F0C0
:109898001F0859F80A306968194401F1FF3B9342DF
:1098A80098D093429DD0D845B1D0013B2449C1F806
:1098B8009870D1F8A02002F01F0223F01F03134371
:1098C800C1F8A0302946E0B20EF01FFE044610F1A0
:1098D800160F3FF47BAF0130194BC3F89870D3F8DB
:1098E8009C109DF8102061F304028DF81020D3F825
:1098F800A030C3F34203D2B263F347128DF81020AD
:1099080059F80A306A681344029323F01F03A8EB3E
:109918000B084344013B23F01F03059302A9C0B27F
:10992800FFF71CFF044610F1160F3FF44FAF013448
:1099380083E700BFB43A030034050300D83A0300B4
:1099480000ED00E010B5034C01232278FFF724FF57
:10995800207010BD461F0120044B0522C3F8942037
:10996800BFF34F8FBFF36F8F704700BF00ED00E06C
:10997800BFF35F8F024B0022C3F89420704700BFEB
:1099880000ED00E038B51C4B1D681C4BD3F8903037
:10999800C3F307239D422BD8FFF7EAFFFFF77AFEB0
:1099A800002407E0144B596801EB041120460EF01F
:1099B80075FD0134A542F5D8114805700EF0C4FDB7
:1099C80010F1160F13D00E4B1A780C4BD3F89030B9
:1099D800C3F307239A4207DA084BC3F898200021FB
:1099E800C3F8A0100132F0E7FFF7B6FF002038BD3A
:1099F8004FF0FF30FBE700BFFC3A030000ED00E04A
:109A0800461F012030B587B00D461146002400944A
:109A18000194029403940494059402228DF8022080
:109A2800044A0192049005951A4668460BF01CF901
:109A380007B030BD4D86020008B5024B1B68984739
:109A4800002008BD60020120034B1860034A937888
:109A580043F0020393707047600201200CCB002092
:109A680008B5064921F00701C1F1005202F580222C
:109A780003480DF0A3FB002008BD00BF27FF01200D
:109A8800640201202DE9F04F9DB0064606900D4670
:109A980007911746984608A815F088FBDDE90834B1
:109AA800CDE904340DAB0C9334464FF00009CA4697
:109AB800CDF80C9012E00027B8463A463B4608A875
:109AC80015F074FBDDE90823CDE904233D460A9827
:109AD80008F02AFF002D35DB083435466E1E002DB0
:109AE80038D020680028F7DB0AAA0BA9FDF7B8F9D7
:109AF80083460028F0D00A984FF0FF324FF0FF332A
:109B080008F092FE1CAB01930CAB009323464FF474
:109B1800817259460B980EF0A0FD054610F1780F9A
:109B2800C9D010F1120FD2D1BAF1000F03D000251D
:109B380001230393CBE7DDF82CA0D94600250123A8
:109B48000393C4E76D4216F0E7F9594B1D504FF0E7
:109B5800FF3A28E0039B6BB3B8F1FF3F08BFB7F1AA
:109B6800FF3F24D04FEA481242EAD7627B01DB1B51
:109B780062EB0802920042EA93729B00DB1942EB07
:109B88000802D20042EA5372C3F3103343EA424355
:109B98000193079B0093069B4FF4827249465046F7
:109BA8000EF05BFD824650461DB0BDE8F08F4FF0C9
:109BB800FF33EDE7DDE9042308A815F02DFB089F26
:109BC800DDF82480AB4658E00DAB0C93069C079B50
:109BD800DA46039D05E02023E3800AF1010A0834F0
:109BE80033465E1E002B37D00023E380206898425E
:109BF800F5DB0AAA0BA9FDF733F981460028EAD05C
:109C08000A984FF0FF324FF0FF3308F00DFE0CAB0F
:109C18000093234640F2031249460B980EF01DFDAF
:109C280081460A9808F080FE19F10B0F12D0B9F19D
:109C3800000F06D1B4F90630002BD0D00AF1010A82
:109C4800CDE7C9F1000316F067F9194A13504FF030
:109C5800FF3AA8E70125C2E76DB1BAF1000FA2DC0F
:109C6800DDE9042308A815F0D7FA089FDDF8248059
:109C780058EA070397D0002D95D00DA80C9B191A08
:109C880089100C4B03FB01F13A4643460AF03AF9B6
:109C9800002899D010F10B0F96D010F1040F93D033
:109CA800434216F039F9024A13504FF0FF3A7AE767
:109CB8000C000000CDCCCCCC68B108B5064A074BE7
:109CC8001B680749A1FB03139B0C00FB03F042F040
:109CD8000103984708BD70476006030098CC002030
:109CE80083DE1B43024B0122C3F840250020704746
:109CF8000090034008B505484FF6FF7303603F2303
:109D0800436005F055FC002008BD00BF700201202B
:109D1800F8B505460E461746114C124B9C4216D212
:109D28002368AB4200D083B9A3683A463146284637
:109D3800984750B116F0F0F80B4B0022C250E36878
:109D48003A46314628469847F8BD1034E5E716F0FC
:109D5800E3F8054B6A221A504FF0FF30F4E700BFD2
:109D68005C0403006C0403000C00000070B582B0B2
:109D78000D46144601AA6946FDF772F8B8B10646C1
:109D8800009B9B69CBB101984FF0FF324FF0FF3336
:109D980008F04AFD009B9B692246294630469847B1
:109DA8000446019808F0C0FD204602B070BD16F0C8
:109DB800B3F8064B09221A5004E016F0ADF8034B2D
:109DC8005F221A504FF0FF34EEE700BF0C0000008E
:109DD8002DE9F04184B00E4615461C4603AA02A997
:109DE800FDF73EF8F0B10746029B5B6A03B30398A0
:109DF8004FF0FF324FF0FF3308F016FD029BD3F807
:109E080024800B9B01930A9B009323462A463146E4
:109E18003846C0470446039808F086FD204604B03B
:109E2800BDE8F08116F078F8054B09221A5004E0D5
:109E380016F072F8024B5F221A504FF0FF34EDE72C
:109E48000C00000070B582B00D46144601AA6946A0
:109E5800FDF706F8B8B10646009B5B6BCBB10198DD
:109E68004FF0FF324FF0FF3308F0DEFC009B5B6BD6
:109E780022462946304698470446019808F054FD82
:109E8800204602B070BD16F047F8064B09221A505A
:109E980004E016F041F8034B5F221A504FF0FF34EC
:109EA800EEE700BF0C0000002DE9F04184B00E463B
:109EB80015461C4603AA02A9FCF7D2FFF0B10746D3
:109EC800029B9B6A03B303984FF0FF324FF0FF33B6
:109ED80008F0AAFC029BD3F828800B9B01930A9BED
:109EE800009323462A4631463846C047044603981D
:109EF80008F01AFD204604B0BDE8F08116F00CF811
:109F0800054B09221A5004E016F006F8024B5F22AE
:109F18001A504FF0FF34EDE70C0000002DE9F04136
:109F280084B00E4615461C4603AA02A9FCF798FF02
:109F3800E0B10746029B1B6BF3B103984FF0FF3269
:109F48004FF0FF3308F070FC029BD3F830800A9B77
:109F5800009323462A4631463846C04704460398AC
:109F680008F0E2FC204604B0BDE8F08115F0D4FF0B
:109F7800054B09221A5004E015F0CEFF024B5F2270
:109F88001A504FF0FF34EDE70C000000014B187039
:109F9800704700BF471F012008B5034B1860012018
:109FA800FFF7F4FF08BD00BF78020120054B1B68CE
:109FB80023B1054B1B781BB9002070470020704760
:109FC8000120704778020120471F012010B5024C7C
:109FD80024682468A04710BD7802012008B5024B08
:109FE8001B685B68984708BD7802012020B3F8B564
:109FF8000D46074619B30846F6F7ECFD064608284D
:10A0080020D8134C07E02046721C2946083015F06A
:10A01800AAFBD0B144340F4B9C4205D2BC42F9D0C4
:10A02800002CF0D0201DEFE7721C294607F10C0028
:10A0380015F066FB0020F8BD6FF0150070476FF053
:10A048001500F8E76FF05A00F5E76FF07700F2E7D0
:10A05800B8CF0020FCCF002010B584B004460EF025
:10A0680086FD70B10C4A1368591C11600B4A09210E
:10A0780001A80AF067F901A92046FFF7B7FF04B065
:10A0880010BD074A1368591C1160064A092101A826
:10A098000AF058F9EFE700BF80020120503B0300A7
:10A0A8007C020120583B030038B54FF0FF324FF0D7
:10A0B800FF33104808F0B8FB0F4C02E0254606E0D5
:10A0C80044340E4B9C4210D2002CF7D0251D00239F
:10A0D800AB60EB602B7420460EF089FC2B7A002BCA
:10A0E800EED12046FFF7B8FFEAE7024808F01CFC6B
:10A0F80038BD00BF18CE0020B8CF0020FCCF00200C
:10A1080010B5084C00E04434074B9C4209D20321A7
:10A1180020460EF0FBFB0028F5D120460EF0EFFCA0
:10A12800F1E710BDB8CF0020FCCF002010B586465F
:10A13800141E04DB70464FF0090C0F4B0BE0012492
:10A14800F8E7303200F8012B64460CF1FF3C0B4A6B
:10A15800A2FB0323DB08BCF1000F08DBB1FBF3F221
:10A1680003FB12116445ECDC002AEED0E9E700237A
:10A178000370A0EB0E0010BD00CA9A3BCDCCCCCC2E
:10A188002DE9F0410C461546012811D0022840F06F
:10A1980002812E21204615F0F6FA00284BD006261B
:10A1A80023783A2B49D02046F6F714FD00224CE0DC
:10A1B800002111600F460B46084619E02E2A32D0BE
:10A1C800012807D9092B40F2D180022802D9632B34
:10A1D80040F2CF80002800F0CF80FF2B00F2CF8024
:10A1E8006B54237813B30131C9B2002318460134E4
:10A1F80003291BD82278002AE0D02E2ADED0A2F12B
:10A208003006F6B2092E00F2BD800130C0B2032834
:10A2180000F2BB8003EB83035B009BB21A4492B24B
:10A22800303A93B2E3E70137BFB2C9E7032F40F0F2
:10A23800AF80002020E00826B2E70134B3E7613B95
:10A24800DBB2052B00F2AD800132824216DAA35C44
:10A25800A3F13001C9B20929F6D9462BEFD82E2B24
:10A26800C0F09C802E3BDBB2584921FA03F313F06F
:10A27800010FE9D16FF01500BDE8F081002704E077
:10A28800731EBB4200F396800137B7423ADA002CBE
:10A2980000F08A802378002B00F089803A2B1FD0A9
:10A2A8001022002120460AF053FAC0F30728102292
:10A2B800002120460AF04CFA48EA002825F81780C1
:10A2C8003A21204615F05FFA04460028D8D0013418
:10A2D800DAE705EB4702002305F81730537001371A
:10A2E800B742F6DB3A21204615F0B6FA844203D08D
:10A2F800062E0BD0771E11E0062E02D06378002BB5
:10A30800F6D10134062E15D00020B5E70138F1E763
:10A31800002F52DB431E844205D0184603783A2B9F
:10A32800F6D1013FF4E70134AEE7022E1ADC6FF0F4
:10A338001500A1E70026032E16DC002C40D0237858
:10A34800002B40D00A22002120460AF001FA06F12B
:10A358000C03E8542E21204615F015FA044600286F
:10A36800E3D001340136E6E7002085E76FF01500F9
:10A3780082E76FF015007FE76FF015007CE76FF05C
:10A38800150079E76FF0150076E76FF0150073E7B1
:10A398006FF0150070E76FF015006DE76FF01500AE
:10A3A8006AE76FF0150067E76FF0150064E76FF074
:10A3B800150061E76FF015005EE76FF015005BE7C9
:10A3C8006FF0150058E76FF0150055E70110F80118
:10A3D80003684268D21A012A06D9054A128823F866
:10A3E800022B4360002070476FF00B00704700BFDE
:10A3F800603B03002DE9F04105460C4690F8887053
:10A4080007F0020790F88630032B0BD038482668EF
:10A418000536266021460EF0F7FF034620B11846A0
:10A42800BDE8F0813348F2E7214695F886000EF042
:10A4380047FF03460028F2D1D4F8008021460EF0E9
:10A448003FFF03460028EAD12146B5F884000EF004
:10A4580043FF03460028E2D1214605F154000EF0DF
:10A46800D3FF03460028DAD1A86EE0B147F004070D
:10A47800037ADB0003F018033B435BB295F88820AE
:10A4880002F0010243EA4213DFB221460EF0BCFF9C
:10A4980003460028C3D1E86E10B321460EF0B4FF7E
:10A4A80003460028BBD1286E38B147F08007214603
:10A4B8000EF0AAFF03460028B1D1686E38B147F004
:10A4C800400721460EF0A0FF03460028A7D188F8D0
:10A4D80000702246314610200EF034FF03469EE7F6
:10A4E80020460EF058FF03460028DCD097E700BF4F
:10A4F800783B0300803B030003684268D21A012AB4
:10A5080006D9054A128823F8022B436000207047B9
:10A518006FF00B00704700BF643B0300F0B585B0D7
:10A528000446C66D308806220121FFF7F1FBE06280
:10A53800002824DB0546A36AA3B1194A02AF92E8B2
:10A54800030087E8030007221946384615F057F933
:10A55800082300933B46192201212846FFF7DEFC19
:10A56800002814DB3388012B0FD01822E06AE16D34
:10A57800FFF7FCFB00280ADB002005B0F0BD15F052
:10A58800CBFC084B18584042F7E70822EEE7E06A90
:10A598000EF062F915F0C0FC024B18584042ECE787
:10A5A800200603000C000000F0B583B007460E46F5
:10A5B8001546002400E00444AC420FD2F86A311971
:10A5C8002A1B002301930093FFF702FC0028F2DA0C
:10A5D80015F0A2FC034B1858404200E0002003B0DD
:10A5E800F0BD00BF0C000000F8B507460C46002679
:10A5F800334605E0A26802EBC302526816440133F1
:10A60800E2689A42F6D800251AE015F085FC154B49
:10A618001858404223E0401A002159600132E3688B
:10A6280093420DD9A36803EBC20359688142F2D95A
:10A63800091A5960A16851F83230034441F83230A0
:10A64800B5420BD2F86A00222146FFF7FBFB00282F
:10A65800DBDB0544AE4203D90022E0E70020F8BD69
:10A668000020FCE70C00000010B582B053B10023B5
:10A67800C06A002401940094FFF716FC002803DB4D
:10A6880002B010BD4023F3E715F046FC014B185803
:10A698004042F5E70C00000008B5C06A0EF0DCF88F
:10A6A800002801DB002008BD15F036FC014B1858C6
:10A6B8004042F8E70C00000008B590F8243003EB9E
:10A6C8008303024A52F82330984708BD883B0300A9
:10A6D80010B590F8243003EB8303034C04EB830399
:10A6E8005B68984710BD00BF883B030008B590F829
:10A6F800243003EB8303034A02EB83039B689847E8
:10A7080008BD00BF883B030010B590F824C00CEBCF
:10A718008C0C034C04EB8C0CDCF80C40A04710BDEF
:10A72800883B030008B590F8243003EB8303034A01
:10A7380002EB83031B69984708BD00BF883B0300F1
:10A74800F0B585B00446C76D90F85030002B59D14C
:10A75800012138884FF48172FFF7DAFA0546E06282
:10A76800002851DBA36AA3B1484A02AE92E803006D
:10A7780086E8030007221946304615F040F80823FA
:10A7880000933346192201212846FFF7C7FB00280A
:10A798006FDBE06A04F130030422009205224FF4D3
:10A7A8008D71FFF7BBFB002863DBA36B13B1626BF2
:10A7B800002A2FD1236C13B1E26B002A35D1A56C86
:10A7C80075B1E66A2846F6F705FA013000902B467F
:10A7D80002224FF48D713046FFF7A0FB002848DBBA
:10A7E800636C012B2CD0E36C002B36D13B88012BFA
:10A7F80049D01822E06AE16DFFF7B8FA002838DB83
:10A8080000203EE02249A4E715F086FB214B1858AA
:10A81800404236E0E06A9200009203224FF48D71C4
:10A82800FFF77CFB0028C5DA23E0E06A920000927B
:10A8380001224FF48D71FFF771FB0028BFDA18E091
:10A84800E06A04F14403042200920C224FF48D7153
:10A85800FFF764FB0028C6DA0BE0E06A04F14C035A
:10A86800042200920A224FF48D71FFF757FB00284B
:10A87800BCDAE06A0DF0F0FF15F04EFB054B1858F6
:10A88800404205B0F0BD0822B4E700BF2806030027
:10A89800010000400C000000F0B583B007460E46EA
:10A8A8001546002400E00444AC420FD2F86A31197E
:10A8B8002A1B002301930093FFF78AFA0028F2DA93
:10A8C80015F02AFB034B1858404200E0002003B063
:10A8D800F0BD00BF0C000000F8B507460C46002686
:10A8E800334605E0A26802EBC302526816440133FE
:10A8F800E2689A42F6D800251AE015F00DFB154BD0
:10A908001858404223E0401A002159600132E36898
:10A9180093420DD9A36803EBC20359688142F2D967
:10A92800091A5960A16851F83230034441F83230AD
:10A93800B5420BD2F86A00222146FFF783FA0028B5
:10A94800DBDB0544AE4203D90022E0E70020F8BD76
:10A958000020FCE70C00000010B582B053B10023C2
:10A96800C06A002401940094FFF79EFA002803DBD4
:10A9780002B010BD4023F3E715F0CEFA014B18588A
:10A988004042F5E70C00000008B5C06A0DF064FF0E
:10A99800002801DB002008BD15F0BEFA014B18584D
:10A9A8004042F8E70C0000000B4BD3F80C3403F4DA
:10A9B8008033014628B1084AD2F80C2402F001027B
:10A9C800027023B10B78012B03D0002070470020C0
:10A9D80070470120704700BF005000400048704792
:10A9E800D8020120034BC01A8010034B03FB00F070
:10A9F800704700BF98020120B76DDBB638B5054631
:10AA08000C46FFF7EFFF0146402203480FF010FA0B
:10AA180001462846A04738BD2C00030030B583B056
:10AA280005460C46FFF7DEFF014640230093234608
:10AA3800054A06480FF016FA011E01DB03B030BDC7
:10AA48002846A047FAE700BFB59E02002C00030085
:10AA580008B510B101280DD008BD002108480FF035
:10AA680073F9836813F0070FF6D1002104480FF03B
:10AA7800CDF9F1E7012102480FF0C8F9ECE700BF72
:10AA88002C00030010B582B0EFF31184202383F368
:10AA98001288BFF36F8F134A136843F002011160E5
:10AAA80013F0010F09D1002384F31188BFF36F8FCE
:10AAB8009BB90FF003FA02B010BD0DF10700FFF7C4
:10AAC80073FF9DF80730012B01D00023ECE7FFF757
:10AAD80085FF0FF089F90123E6E7002102480FF00E
:10AAE80095F9E8E7E80201202C00030010B5EFF320
:10AAF8001184202383F31288BFF36F8F074A1368EA
:10AB080023F00201116013F0010F04D084F31188BF
:10AB1800BFF36F8F10BD0FF0D6F9F7E7E8020120F9
:10AB280070B50546012806D12C4BD3F81C3403F028
:10AB38000303022B33D014F08FF8044610B9284BC6
:10AB48001B786BB9EFF31186202383F31288BFF3C8
:10AB58006F8F012484B9214B0222C3F808230BE02C
:10AB68000026F7E7E4B130460DF07FFC1B4BD3F825
:10AB78001835DBB2012B17D0184BD3F81824D3F8AB
:10AB8800183403F0030312F4803FEBD0022B01D0FA
:10AB9800012DE7D1ECB186F31188BFF36F8F70BD3B
:10ABA80001200FF095F9E1E70C4BD3F80431002BA5
:10ABB800E2D00A4B0022C3F80421D3F80421022270
:10ABC800C3F81825074A2021C2F8801101229A608B
:10ABD800D2E7024B0222C3F80423E0E7005000400A
:10ABE800671F012000E100E000B587B0CDF800D074
:10ABF800CDF804D0002302930123039304AB0493FC
:10AC080005936B46064A0FF049F9002805DB4FF417
:10AC180080420023684607F05FFF07B05DF804FB39
:10AC2800059F0200F8B506460022012105200DF017
:10AC3800F4FB114804F0E8FCD8B9074604F002FD1B
:10AC4800002403E00123AB601C44E4B2012C0ED8BD
:10AC5800214630460FF078F80546214630460FF079
:10AC680080F806490DF0DFF8031EEBDA1F46384678
:10AC7800F8BD6FF00407FAE759AA0100B03B0300DA
:10AC880010B504460E4B0121D3E8EF2FC3E8E01FAF
:10AC98000028F9D11AB1631E012B0DD910BD09483E
:10ACA8000FF05FF8084900234B608B60CB600123ED
:10ACB8008B600DF0D5F8EEE72046FFF731FFEDE7A2
:10ACC800940201202C0003008402012010B5044CDA
:10ACD8002046FCF729F82046FEF7B6FE002010BDF6
:10ACE800EDAC010030B583B005468DF807000224AD
:10ACF80001220DF10701002005F072F938B9094B5E
:10AD08001B785BB13CB10FF01CF9013CF0E7054B37
:10AD180001221A7002E0034B00221A70284603B081
:10AD280030BD00BF481F0120034BD3F8003413F097
:10AD3800010FF9D0704700BF00900340024B0B6031
:10AD480001231360704700BFEC02012000487047E0
:10AD58008C3C0300F0B583B00E46154611F09AFFFF
:10AD68000446294630460FF01AF950B3B6FBF4F3FF
:10AD780004FB136353B9B5FBF4F304FB13532BB96A
:10AD8800AC420DD90024204603B0F0BD00953346EF
:10AD9800114A012111480DF0F5F96FF01504F2E799
:10ADA8000F4F4FF0FF324FF0FF33384607F094FE55
:10ADB800294630460FF019F90446384607F044FE94
:10ADC800E1E700953346074A012104480DF0DAF916
:10ADD8006FF01504D7E700BF083C0300BC0403006C
:10ADE800F4020120283C03002DE9F04182B00C4612
:10ADF80016461D46194620460FF0D1F850B114F0FA
:10AE0800030711D115F0030F0ED1BDB9384602B0B2
:10AE1800BDE8F08100952346124A012112480DF041
:10AE2800B1F96FF01507F1E7009523460F4A0121A4
:10AE38000D480DF0A7F96FF01507E7E7DFF8308048
:10AE48004FF0FF324FF0FF33404607F045FE2A46E9
:10AE5800314620460FF0EAF80746404607F0F4FD71
:10AE6800D4E700BF283C0300BC040300483C0300AF
:10AE7800F402012070B582B00D4616461C461946EC
:10AE880028460FF08CF858B1D4B1B5F5803F11DBE6
:10AE980022462946304614F033FC002002B070BD2B
:10AEA80000942B46074A012107480DF06BF96FF013
:10AEB8001500F3E72246294630460DF004FCEDE77D
:10AEC8000020EBE7283C0300BC04030010B5012276
:10AED8001146064813F04FFD11F0E0FE044C2060C7
:10AEE80011F0D8FE6060002010BD00BFF402012000
:10AEF800EC020120F0B51C46059F069E00F01F0CD1
:10AF0800400934D1274D0CF1800355F8233081B323
:10AF1800012082B34FF0020E40EA0E0074B34FF0E6
:10AF28000C0E40EA0E0067B34FF4E06E40EA0E00E4
:10AF380056B34FF4403E40EA0E0023EA000031B316
:10AF48000B7832B312785200134324B3227892005C
:10AF5800134317B33A781202134306B33278120434
:10AF6800134303430CF1800C45F82C30F0BD002549
:10AF7800C9E70020CDE74FF0000ECDE74FF0000EF7
:10AF8800CFE74FF0000ED1E74FF0000ED3E70023D4
:10AF9800D7E70022D8E70022DAE70022DCE7002220
:10AFA800DEE700BF0025844008B90248704700204A
:10AFB800704700BF4C0003002DE9F04786B0884673
:10AFC80016469946446801F01F05237C45EA431557
:10AFD80020460FF0AAF8002862D0B6F5001F30D03E
:10AFE8000DF10C0A002703970497494630460FF0E5
:10AFF800D1F88DF80C00009701970297CDF804A0BE
:10B00800E36823FA08F313F0010F02D1B6F1A07F29
:10B018001DD00DF117022946A06811F0E4FD0028A3
:10B0280038D06A462946A06811F0D1FD002805DB12
:10B0380001222946A06811F0F3FD002006B0BDE802
:10B04800F0872946A06811F0EFFD0020F6E705F02B
:10B058001F036A0913D1144A803352F8233013F0BE
:10B06800010FD6D10DF117022946A06811F0BBFDDA
:10B0780010F1160F05D00DF117030493D1E73A46E6
:10B08800EAE70DF11702414620460FF0B4F8002810
:10B09800F1DAD3E79DF81710A06811F0B4FDC0E706
:10B0A8006FF08500CAE700BF0025844038B5044624
:10B0B800456828460FF039F820B90E4920460EF0A9
:10B0C800E3FF38BDA86811F096FD0028F5D10021EE
:10B0D800A86811F08CFD50B900220749A86811F042
:10B0E8007EFD0022052131200DF097F9E5E76FF08C
:10B0F8000400E6E7F3A10200D5A1020070B400F055
:10B108001F0C400917D10D4D0CF1800055F8206037
:10B118000B4C344041EA420141EA83039DF80C207C
:10B1280043EA02239DF8102043EA0243234345F8EB
:10B13800203070BC70470025E6E700BF002584403A
:10B14800F0F8FCFF51B900F01F01400904D1094A89
:10B1580001238B40D36070470022F9E700F01F01FC
:10B16800400904D1034A01238B40936070470022B1
:10B17800F9E700BF002584402DE9F04F85B0074668
:10B188008A460392002423E04FF0FF3638E0039B01
:10B19800C3F80C654FF001084146B6F1FF3F15D0E2
:10B1A800B1F1FF3F40F0A38057F8093013F4004F86
:10B1B80040F0A180454600220192CDF800B0C3F3CB
:10B1C8004123424629463046FFF798FF0134E4B24E
:10B1D800544580F093804FEA840957F82430C3F32C
:10B1E800C725C3F3C322C3F3080615F0080540F0CA
:10B1F8008780474911F802B040F2FF129642C3D047
:10B208001B0E192B7FD801A252F823F097B1010029
:10B218007DB201008BB2010099B201000FB30100A9
:10B228000FB301000FB301000FB301000FB301000A
:10B238000FB301000FB301000FB301000FB30100FA
:10B248000FB301000FB301000FB301000FB30100EA
:10B258000FB301000FB301000FB301000FB30100DA
:10B268000FB30100A7B20100BBB20100CFB20100C9
:10B27800E3B20100039BC3F81465A8464FF0FF3101
:10B288008BE7039BC3F808654FF00108414684E744
:10B29800039BC3F81065A8464FF0FF317DE7039B79
:10B2A800C3F8606557F80910C1F300414FF0010871
:10B2B80073E7039BC3F8646557F80910C1F30041AD
:10B2C8004FF0010869E7039BC3F8686557F8091050
:10B2D800C1F300414FF001085FE7039BC3F86C65B9
:10B2E80057F80910C1F300414FF0010855E73046FF
:10B2F800FFF728FF58E74FF001085CE7002004E05B
:10B308006FF0150001E06FF0850005B0BDE8F08F23
:10B31800B43C030051B900F01F01400904D1094AA7
:10B3280001238B40D36070470022F9E700F01F012A
:10B33800400904D1034A01238B40936070470022DF
:10B34800F9E700BF0025844010B513464468026938
:10B35800906998422CD092F81CC0012000FA01F1A3
:10B368003CEA010C10D118460021B0F5004F12D369
:10B3780040080131C9B20729F7D90E4A01210E4800
:10B388000CF0F5FE002010BD0C4A01460A480CF0EE
:10B39800E4FE0020F7E7936151771368A27DC3F8B4
:10B3A8000C15C3F8042580B2C3F808050120EAE7A4
:10B3B8000120E8E7D43C03006C050300BC3C030013
:10B3C8002DE9F04F85B00E46D0F804A00469BDF809
:10B3D800388003290FD805461F4608F001089AF857
:10B3E8001630012B10D0FFB1BA4210D800230193B8
:10B3F80047F6FF7B1BE00B46394A012139480CF020
:10B40800B6FE6FF0150538E052087F08EBE73146C5
:10B418002846FFF799FF019000285ED0637F27FA3E
:10B4280003F31FFA83FB02E0002301939B46B8F164
:10B43800000F26D04FF0000928460EF0DBFF49EA3E
:10B448000B0920F81690019BF3B1237F0122B2402B
:10B4580013432377237F83B3A37F33B10023A377D9
:10B46800204611F0CFFD0028FAD0102301220AF15E
:10B478002001204611F066FD0025284605B0BDE8EC
:10B48800F08F4FF40049D7E7224603A930460EF063
:10B49800B5FF58B1391E18BF0121B8F1000F02D00D
:10B4A800B7FA87F149090398FFF734FF237F012290
:10B4B800B24023EA02032377CCE728460EF0AEFF1A
:10B4C800051E03DB0123A3770025D6E72B46064A92
:10B4D800012104480CF04BFECFE76FF01505CCE7CF
:10B4E800003D03006C050300183D0300F0B583B070
:10B4F80000AF044600690346304A616811F00FFD49
:10B50800051E08DB2E4920460EF062FF0546284638
:10B518000C37BD46F0BD21686E4600233B710223FF
:10B528007B7188B06C4614F1100211D00E201AB14C
:10B53800042801DD234B636100233B7002237B70E9
:10B548009AB1082800DDA16104F11C0300210AE07A
:10B558006FF00040EBE701F1080CBC441CF808CC84
:10B5680003F801CB01310129F5D90D2822DD0E237D
:10B5780042B10321397100217971B9710121F97141
:10B588007868206100216FF300016FF341016FF3C8
:10B5980082016FF3C501012060F38811C3F30A0328
:10B5A80063F353216FF31F5100230748FCF722FC74
:10B5B800B546ACE76FF01B03DAE700BF03A402004F
:10B5C80069A402002C3D03006C050300F0B583B0AC
:10B5D8000646436807690021186B0EF031FF002406
:10B5E800254604E0002311E02B43DDB20134032C8F
:10B5F80014D83A4601A920460EF000FF0028F5D0DD
:10B60800019B03F01F025B09ECD10F4B5B68D34031
:10B6180013F00103E8D00123A340E5E7002407E085
:10B628004FF4004730460EF0E5FE20F81470013460
:10B63800032C05D80123A3401D42F1D00027F1E7D0
:10B64800002003B0F0BD00BF002584402DE9F84379
:10B6580005460F46466813F0FFFA20B9234B1B78BE
:10B668000BB3002300E00123D5F810906A68D2F8E4
:10B678000080F3B928460FF073FA0446736813F094
:10B68800040F03D04FF48003C8F80433336A1F70E3
:10B698000122316A28460FF001F984F31188BFF3BB
:10B6A8006F8FBDE8F8830123DEE784F31188BFF3C9
:10B6B8006F8FEFF31184202383F31288BFF36F8F0A
:10B6C80028460EF007FF0028EFD0D9F80430002BE9
:10B6D800D4D0D3F8A420002AD0D0D3F8B420002A9C
:10B6E800CCDAD8F84C25C3F8B420C7E7671F012087
:10B6F8002DE9F04F85B09846D0F810B0DBF804403B
:10B70800D0F804A0DAF800509AF80830002B40F07E
:10B71800B58081460F46164694F86130002B40F0FC
:10B72800B08094F86230002B40F0AE806365B8F1C9
:10B73800FF3F44D0B8F1040F16DDA3F1993383FB22
:10B7480008234FEAE870C0EB6300C117C90341EA58
:10B758005041C0034E4BC0184E4A4FF0000341F110
:10B768000001F5F70BFA01E000200146A065E1654C
:10B77800276466640023A364E3642365DAF804306D
:10B7880013F0040F20D1DAF8043013F0040F02D0BC
:10B7980094F8602052BBC5F83475C5F838650020A8
:10B7A800C5F81001D5F81031C5F84C01D5F84C3161
:10B7B800012384F861302B6005B0BDE8F08F0022CA
:10B7C8000023C4E91623D3E7EFF31183039320235F
:10B7D80083F31288BFF36F8F022148460FF052F8A7
:10B7E800039B83F31188BFF36F8FCCE7B24228BF66
:10B7F80032469146DAF81C10384613F081FF4F4460
:10B80800B6EB090614D0B8F1FF3FC4D00023C5F841
:10B818000831D5F8083104F10800D4E916234FF0AF
:10B8280000084FF00009CDE9008908F019FBB2E7DC
:10B8380094F86020A2EB0902D2B284F86020DAF80A
:10B848001C0000EB090113F068FF0BF11C03D3E89F
:10B85800EF1F41F00401C3E8E21F002AF7D145F3C6
:10B868000735002D08DB05F01F026D090123934001
:10B878004035094A42F8253000209DE76FF08500E1
:10B888009AE76FF00F0097E76FF00F0094E700BF9B
:10B898003F420F0040420F0000E100E0F0B583B0E6
:10B8A80004461D460669EFF31187202383F31288A7
:10B8B800BFF36F8F7368D3F8A40000BBC3F8A4204C
:10B8C8007368C3F8A01001F06043B3F1005F1DD1A5
:10B8D8007368C3F8A8107368C3F8AC2031462046D3
:10B8E8000FF02CF887F31188BFF36F8F20460EF006
:10B8F80020FE80B3B5F1FF3F10D100202CE087F384
:10B908001188BFF36F8F6FF00F0025E07368002276
:10B91800C3F8B02020460EF068FFDFE7746868348B
:10B9280025EAE575E917C90341EA5541ED030B48D6
:10B9380028180B4A4FF0000341F10001F5F71EF9F2
:10B9480002460B4600200021CDE90001204608F000
:10B9580087FA002000E0002003B0F0BD3F420F004E
:10B9680040420F0070B50446056943681E68686860
:10B9780000220A49083013F084FC6B68DC636868AD
:10B9880000220749683013F07CFC6B68C3F89C40C0
:10B99800044BC6F80433002070BD00BF75AE02002A
:10B9A800AFAC020014020A0038B50D4601F12002BE
:10B9B80000F10C0100F5907010F0B8FC041E06DBD5
:10B9C80095F8200003F008FE0024204638BD034AFD
:10B9D800012103480CF0C1FBF7E700BFC83D030095
:10B9E8009405030038B5044645680121E8680EF05F
:10B9F8001BFF636819682B69C1F824356A7DA87D27
:10BA08002B7D02431343C1F86C3523695B6823B16E
:10BA18002046FFF7A7FF002803DB20460FF062FA55
:10BA280000B138BD024920460EF023FDF9E700BFFA
:10BA3800ABA9020021F07F4100F5A870014B43F843
:10BA480020107047005001404FF480338340024A71
:10BA5800C2F84433704700BF005001404FF48033B0
:10BA68008340024AC2F84833704700BF0050014083
:10BA7800014BD3F804057047005001402DE9F84305
:10BA8800054689469046FFF7E9FF28460FF07AFBFE
:10BA98004E46032710E0FFF7EBFF044649460FF038
:10BAA80060FBB0F5000F26D928460FF06BFBB8F104
:10BAB800000F22D13E19013731462846FFF7BAFF59
:10BAC8002846FFF7C1FFFFF7D3FF0446C11C3046E5
:10BAD8000FF047FB0A4B98420AD928460FF045FB5E
:10BAE8000028D8D1B8F1000FE4D06FF0150000E0BD
:10BAF8000020BDE8F8830020FBE76FF01500F8E7A9
:10BB0800FDFF7F00034B044AC3F80823C3F848230A
:10BB1800704700BF0050014003000F0010B501231B
:10BB280083406FEA030C0C4AD2E8EF1F01EA0C0EBF
:10BB3800C2E8E4EF002CF7D14FF480328240074886
:10BB4800C0F80823BFF35F8FBFF36F8F0B4214BF9A
:10BB58000120002010BD00BF6403012000500140F7
:10BB68004FF480338340124AD2F80423134201D1A0
:10BB78000020704710B5044601238340DB430D497C
:10BB8800D1E8EF2F02EA0300C1E8EC0FBCF1000F87
:10BB9800F6D122FA04F313F0010F03D120460FF077
:10BBA800E4FA18B120460FF0EDFA012010BD00BFED
:10BBB800005001406003012001B970470123834010
:10BBC8000D4AD2E8EFCF4CEA030CC2E8E1CF0029D6
:10BBD800F7D14FF480338340084AC2F80433084B46
:10BBE800D3E8AF3FC34013F0010FE6D0054B4FF445
:10BBF8000012C3F80021E0E764030120005001406F
:10BC08006003012000E100E038B5144610461946EB
:10BC18000FF0C4FA02460D490B68E01A1B184C686D
:10BC280044F100040B604C60A2F50013B3F5400F1B
:10BC380009D2074B1B68190A1B06D41841F10005E5
:10BC4800044BC3E9004507F0FBFF38BDC0DE002008
:10BC580068030120C8DE002038B50D4B1C68250A92
:10BC68002406BFF35F8FFFF703FF0346001945F172
:10BC78000001B3F5801F0AD2064BD3E90023904296
:10BC880071EB030303D210F1807041F1000138BD5C
:10BC980068030120C8DE00202DE9F041064614465D
:10BCA8001D469DF82080104619460FF077FA074682
:10BCB800FFF7D2FFA04271EB050319D2201A65EBFA
:10BCC80001011B4B984271F100012BD2194B03EB78
:10BCD8000613D3E90223AB4208BFA24201D10020D8
:10BCE80014E0424639463046FFF7C8FE70B117E007
:10BCF800B8F1000F19D10123B3400F4AD2E8EF0F72
:10BD08001843C2E8E10F0029F8D10020094B32019D
:10BD180003EB0616C6E9024506999950079B73601E
:10BD2800BDE8F0816FF01500FAE76FF01500F7E74E
:10BD380001008000B0DE00206003012030B585B02E
:10BD4800FFF7E0FE00231E4AC2F80835002B25DD68
:10BD58001B4C0225C4F804531A4B4FF40012C3F8C5
:10BD680080210022012115200CF057FB15200CF032
:10BD78004AFB0123A3602360134A13600024029442
:10BD88000194124B0093124A002320460FF016FA32
:10BD98002846FEF775FF204605B030BD0D4A02EB78
:10BDA80003124FF0FF304FF0FF31C2E902014FF4A8
:10BDB80080329A400249C1F804230133C6E700BF24
:10BDC8000050014000E100E06403012011BC0100C3
:10BDD800FFFF7F00B0DE00202DE9F04782B0044667
:10BDE800FFF7BEFE10B902B0BDE8F087FFF734FFD9
:10BDF80082460D460FF0D5F90646154B03EB0413A2
:10BE0800D3E90289C24575EB09050BD200253046F6
:10BE18000FF0CFF9002DE6D0009742464B4620465A
:10BE2800A847E0E70A4A230102EB0411D5584F68F6
:10BE38000020D0504FF0FF324FF0FF33C1E902230A
:10BE48002046FFF70BFE20460FF09CF9DFE700BF06
:10BE5800B0DE002010B50D4BD3F8043313F0020FF9
:10BE680003D10024002C0BDD10BD022107480FF080
:10BE780042F90028F5D0064A136801331360F0E749
:10BE88002046FFF7A9FF0134ECE700BF005001404E
:10BE98006803012010B584B0B0F1FF3F18D0012825
:10BEA8001BDD154B9842A8BF18460446134B0122C8
:10BEB8001A70FFF7D1FE124B1A685B68801AB0F54A
:10BEC800000F0CD20444B4F5000F09D30A4C07E064
:10BED8000A4B00221A70084CEBE70124E6E7064CEF
:10BEE80000201219029001900649009143F10003C5
:10BEF8000FF064F904B010BDFFFF7F004F1F012051
:10BF0800C0DE002011BC010008B5FFF7A5FE024BFA
:10BF18001B68C01A08BD00BFC0DE002008B5074B6B
:10BF280001225A6015200CF073FAFFF7EBFD044B61
:10BF38004FF40012C3F8802108BD00BF0050014033
:10BF480000E100E030B583B0046994F835306BBB8C
:10BF58000D460B7B022B2CD10B686BBB94F834304D
:10BF6800EBB94B68591E174A914228D823630DF143
:10BF78000701204611F0D3F810F10C0F0DD0AA6874
:10BF880022B19DF80730043344F8232094F8343064
:10BF9800013384F834309DF8070003B030BD4A6897
:10BFA800236B9A42E3D06FF01500F6E76FF00F00AD
:10BFB800F3E76FF08500F0E76FF01500EDE76FF03D
:10BFC8001500EAE7FEFFCF0710B50469002201213A
:10BFD80018200CF022FA0023024A1946204611F0D4
:10BFE80085F810BDF1BF010008B513460A460146A1
:10BFF80001480FF043F908BDEC00030038B50546C9
:10C00800054C04E023686168284698470834034BC8
:10C018009C42F7D338BD00BFCC5C0300CC5C030066
:10C0280038B5002201212A200CF0F7F90B4804F05A
:10C038003FF8054608B90A4C0BE00346094A0121B6
:10C0480009480CF094F8F6E7236861682846984791
:10C058000834064B9C42F7D3284638BD703F03008E
:10C06800CC5C0300443F03005C050300E45C030070
:10C0780010B404464FF0000C1048034600E00833A3
:10C088009BB10E4A934210D3503293420DD21A6894
:10C09800A24211D042B10A4A12685968521A94450C
:10C0A800EDDA94461846EAE718460460044B1B6824
:10C0B800013B436010BC70471846FBE7640401204D
:10C0C80058040120014B1B68436070475804012045
:10C0D80008B54268044B1B689A4201D1012008BD8B
:10C0E800FFF7F0FF0020FAE75804012038B50446AE
:10C0F800EFF31185202383F31288BFF36F8F13F0BA
:10C108000BFF0C4B1858FFF7B3FFFFF7E1FF38B1EF
:10C1180000232360084B5B683BB11C60064B5C60E6
:10C1280085F31188BFF36F8F38BD034B5C601C60CB
:10C13800F6E700BF080000005C04012010B50146C6
:10C14800EFF31184202383F31288BFF36F8F08481D
:10C158000FF0BFF813F0E0FE064B1858FFF788FF02
:10C16800FFF7B0FF84F31188BFF36F8F10BD00BFD6
:10C178005C04012008000000054B0020186058608E
:10C18800044BD3E8EF2FC3E8E10F0029F9D170473A
:10C198005C0401205804012000B5024613F0BCFEDF
:10C1A800014B1A505DF804FB0C00000010B5036841
:10C1B8002BB10E4CA34202D3D834A3420ED30C4B5E
:10C1C8001B78082B0ED803F1010C094C84F800C029
:10C1D80003EB4303054C04EBC3030360006812F050
:10C1E800CAFB10BD6FF00B00FBE700BF8003012006
:10C1F800511F012008B503682BB10C4A934202D3A2
:10C20800143293420BD30A4B1B7863B9591C084A62
:10C21800117003EB8303054A02EB83030360006894
:10C2280012F0E3FA08BD6FF00B00FBE76C03012086
:10C23800501F012038B50546104BD3E8EF1F0131D8
:10C24800C3E8E21F002AF8D10D4B1C6806E0201D48
:10C2580006F0FAFB236803B164B11C4664B1E369D4
:10C26800AB42F4D0002DF2D0002BF0D02346002CA6
:10C27800F0D1F2E72346F0E738BD00BF58040120AB
:10C288005C04012008B5014600220023014806F09D
:10C29800AFF908BDB408012008B50146014812F0FD
:10C2A80007FA08BDB408012008B50146002200239A
:10C2B800014806F09DF908BDC808012008B50146E7
:10C2C800014812F0F5F908BDC808012008B54FF477
:10C2D80080620549054812F0E3F94FF40252044917
:10C2E800044812F0DDF908BDB4040120B4080120A7
:10C2F800E8840020C808012010B5074B1C6854B119
:10C30800201D06F0A1FB23462468002CF7D0002B43
:10C31800F5D11C46F3E710BD5C04012038B505468D
:10C32800054C04E023686168284698470834034BA5
:10C338009C42F7D338BD00BFBC5C0300CC5C030053
:10C3480008B518B9054804F0D1FA08BD0346044AEF
:10C35800012104480BF00BFFF7E700BF25C30100DC
:10C36800A83F03005C0503000023072B09D85A01E6
:10C3780005498A58824201D00133F6E701EB4310A0
:10C3880070470020704700BF6009012003460F492D
:10C398000878C0B90E49097839B1A2F58071022927
:10C3A80012D9A2F58872012A0ED9022B07D0032BC5
:10C3B80007D0012B00D0002303F0010070470123B0
:10C3C800FAE70123F8E70020704700BF531F012058
:10C3D800521F0120002305E05A0104494FF0FF30A5
:10C3E80088500133072BF7D90020704760090120D6
:10C3F80070B505460E464FF0FF324FF0FF330D483B
:10C4080006F012FA0023072B0ED85A010A4CA2583C
:10C41800B2F1FF3F01D00133F5E75901224604EBA1
:10C4280043145550666000E00024024806F07CFA88
:10C43800204670BDB4CD00206009012038B50446FF
:10C44800094D4FF0FF324FF0FF33284606F0ECF964
:10C458004FF0FF3222600023A3606260E361284648
:10C4680006F062FA38BD00BFB4CD00202DE9F041D6
:10C4780086B080460C4615461E460768002303937F
:10C488000493012901D1192A18D005AA2946204662
:10C498000FF043F8002819DB012C1FD0B4F58D7F6D
:10C4A8002AD0012C2DD00C9B00933346059A2146A7
:10C4B800384605F0CDF806B0BDE8F08113F02CFD44
:10C4C800184B5F221A504FF0FF30F4E713F024FDA9
:10C4D800144B6D221A504FF0FF30ECE7A5F114030E
:10C4E800012BDBD8002EDED033680393B3680493A6
:10C4F80008230C9303AED6E70C2DD2D104230C935A
:10C50800D1E740F227439D42CDD136B13368C8F810
:10C518001C3004230C93044EC5E70023C8F81C30D4
:10C52800C1E700BF0C00000064CC0020F0B58BB060
:10C538000C4615461E4607680022079208920823F3
:10C54800069309AA294620460EF0E7FF002810DBCB
:10C55800012C16D0109A33460092099A2146384683
:10C5680005F060F9074608B9012C14D038460BB01D
:10C57800F0BD13F0D1FC194B6D221A504FF0FF3764
:10C58800F4E7A5F11403012B02D9109A3346E3E727
:10C5980006AA07ABE0E7042D15D0143D012DE5D818
:10C5A800109B1C68102C28BF1024079B02930023A3
:10C5B8000393089B0493224602A9304613F0A0F87F
:10C5C800109B1C60D2E730680028CFD0FFF7E4FD4D
:10C5D80013F0A2FC014B1B583360C7E70C000000A6
:10C5E8002DE9F04788B004460D4690461E46109F38
:10C5F800D0F80090806808B106F096F90FB3398832
:10C60800012929D0022939D10DF1080A51463846A5
:10C618000FF0D4F816230193CDF800A03346424614
:10C628002946484611F0D6FA0546A06828B14FF0C9
:10C63800FF324FF0FF3306F0F7F8284608B0BDE8A0
:10C64800F087002301930093334642462946484623
:10C6580011F0C0FA0546E8E70DF1080A51463846D8
:10C668000EF04DFF08230193CDF800A03346424653
:10C678002946484611F0AEFA0546D6E713F04CFCB9
:10C68800024B6A221A504FF0FF35CEE70C0000002B
:10C698002DE9F04F83B029B1814692460D4600211D
:10C6A8000A460DE013F038FC394B16221A504FF0A9
:10C6B800FF3458E0AB6803EBC1035B681A440131EF
:10C6C800EB688B42F6D8802A03D94FF0000BD84686
:10C6D8004FE04FF0FF324FF0FF332E4806F0A4F83A
:10C6E800002427460FE0AB68E60003EBC40252685B
:10C6F80053F834102848384413F002F8AB68334430
:10C708005B681F440134EB68A342ECD8002634462A
:10C71800B74210DD002C0EDB2B686A68019200938B
:10C728005346BA1B1C4931444846FFF759FF041EBB
:10C73800EEDD2644ECE7174806F0F6F813E0264449
:10C74800A044AB68DA195268B24210D9D9592B689B
:10C758006868019000935346921B31444846FFF79E
:10C768003FFF041EEBDA204603B0BDE8F08F0BF163
:10C77800010BEB685B4509D9AB684FEACB0703EBC4
:10C78800CB035B68002BF2D00026DAE74446EAE7E1
:10C798000C00000040CE0020DC08012010B586B057
:10C7A8000B4604680A88012A0CD0022A14D169466B
:10C7B80018460FF003F816226946204611F0FAF8D9
:10C7C80006B010BD694618460EF099FE0822694663
:10C7D800204611F0EFF8F3E713F09EFB024B6A22B4
:10C7E8001A504FF0FF30EBE70C00000070B586B030
:10C7F800154606681F4A0292B1F90420ADF80C20CC
:10C8080001228DF80E202A689A4224D000F10C04E7
:10C81800204612F002FF234600220121286812F068
:10C82800C5FE082300936B443C220121304604F0E6
:10C838000FFF0646D0B92B6814332B6000230493EE
:10C84800059305AA04A9204612F0ECFE049B53B9EF
:10C85800304606B070BD13F05FFB074B0C221A5030
:10C868004FF0FF36F4E76FF07706F1E74FF0FF3649
:10C87800EEE700BF59B902000C00000010B582B005
:10C8880003460192032915D004291BD1111D0191DA
:10C8980012683AB1B2F5804F04D013F03DFB0D4950
:10C8A80016240C50C2F380320421184611F00DFCF6
:10C8B80002B010BD0022032111F007FC800300F430
:10C8C8008040F5E713F028FB024B16221A504FF070
:10C8D800FF30EDE70C000000F8B5064617460C1EC1
:10C8E8001ADB14F0804F1DD1FAF7DAFA051E33DB94
:10C8F8003A46214630460FF098F8041E18DB2946C0
:10C908002046FFF775FD0146C0B10023144A2846AA
:10C91800FAF7F6FA2846F8BD124B21460FF06FF8E1
:10C928000546F7E7104B21460FF069F80546F1E791
:10C9380028460AF0DAFD4FF0FF35EBE713F0ECFA82
:10C948000A4B0C221A50204604F04EFE28460AF0E4
:10C95800CCFD4FF0FF35DDE74FF0FF35DAE700BFDC
:10C96800E83F0300531F0120521F01200C00000064
:10C978002DE9F04389B005460E461746FAF790FAB6
:10C9880004462868002C5CDB86B397B33B68082B09
:10C9980027D01623019301AA0DF10808414611F08A
:10C9A8007BF8051E4ADB21462846FFF721FD814614
:10C9B80010B366B15FB1B8F80030012B22D0022B5A
:10C9C80028D118233B6002A930460EF0E1FE00236F
:10C9D8001D4A49462046FAF793FA204609B0BDE8B1
:10C9E800F083019301AA0DEB0308D7E73246B0465E
:10C9F800D4E73A46B846D1E713F08EFA134B0C2227
:10CA08001A500CE008233B600DEB030130460EF092
:10CA18007DFDDCE713F080FA0C4B86221A5028467D
:10CA280004F0E2FDB9F1000F02D04846FFF706FD19
:10CA380020460AF05AFD4FF0FF34CEE74FF00009C8
:10CA4800F0E74FF0FF34C8E7E83F03000C000000B0
:10CA580010B50446064B18600368064ADA610648B2
:10CA6800FDF79AFA032120460FF086F810BD00BFA3
:10CA78005C090120E1C80100E03F030000230E2B00
:10CA88000BD8074A02EBC3025268824201D0013335
:10CA9800F5E7034A52F8330070470248704700BF71
:10CAA800D04103002C40030070B51CE00C34134B3C
:10CAB8009C4214D220460FF068F80028F6D1204690
:10CAC8000FF067F80028F1D1351D294620460FF0F0
:10CAD80064F80028EAD0636828469847E6E73146B4
:10CAE800074811F0E5FD00220023064805F072FF13
:10CAF800064608B1044CDAE770BD00BF20CD00201F
:10CB08008CCD0020A0CF0020E4CC00202DE9F041FE
:10CB180082B000AF0546464C4FF0000801E0B04631
:10CB28000C34444B9C4214D220460FF02EF80028B7
:10CB3800F6D1294620460FF030F806460028EFD0F7
:10CB480020460FF026F80028E9D063682846984761
:10CB5800E6E7B8F1000F03D10837BD46BDE8F0811C
:10CB68002846F4F737F800220023411D324805F023
:10CB78003FFD044658B129460430F4F723F821460E
:10CB88002E4811F0ECFE2E4806F022F9E4E76C4638
:10CB980000233B7102237B7188B06E4616F11002A8
:10CBA80011D00E201AB1042801DD264B7361002331
:10CBB8003B7002237B709AB1082800DDB56106F14D
:10CBC8001C0300210AE06FF00040EBE701F10805C3
:10CBD8003D4415F8085C03F8015B01310129F5D9DA
:10CBE8000D2822DD0E2342B103213971002179710C
:10CBF800B9710121F9717868306100216FF3000182
:10CC08006FF341016FF382016FF3C501022060F3F6
:10CC18008811C3F30A0363F353216FF31F510023F1
:10CC28000948FBF7E7F8A54696E76FF01B03DAE734
:10CC3800E4CC002020CD00208CCD0020A0CF002007
:10CC480074CC0020484203007C04030008B5064861
:10CC580003F046FE08B9002008BD0346034A012137
:10CC680003480BF084FAF6E715CB01007442030081
:10CC78007C04030048B1026852B142685AB10269A3
:10CC8800084B9A420AD1002070476FF01500704790
:10CC98004FF0FF3070474FF0FF3070474FF0FF30D4
:10CCA800704700BFEEFFC00030B583B0019001A807
:10CCB8000EF081FF0024032C0DD8094B53F82450A3
:10CCC8002846F3F787FF02462946019812F085FDAA
:10CCD80020B10134EFE7002003B030BD0120FBE7AD
:10CCE800D84203002DE9F04184B0044600200190A9
:10CCF80002900390002A7BD00F461E46904620469D
:10CD0800FFF7B8FF054618B1284604B0BDE8F08122
:10CD180001AA394620460FF066F805460028F3D1E7
:10CD28009DF80C30052B04D0082B64D16FF03C051E
:10CD3800EAE713F0F1F83C4B0022C250052E13D15C
:10CD4800019803782D2B59D00A22002107F06CFE98
:10CD5800034613F0E1F8344A1258222A51D0C8F891
:10CD68000030C8F80410CFE70A220021019807F024
:10CD780065FD0346042EC7D8DFE806F0030F172524
:10CD88002F0010F5004241F10001B2F5803F71F12A
:10CD9800000139D2A8F80030B6E7B0F5803F71F14C
:10CDA800000134D2A8F80030AEE710F1004241F19A
:10CDB80000014FF0FF3090424FF000028A4129D322
:10CDC800C8F80030A0E74FF0FF3282424FF000026F
:10CDD8008A4122D3C8F8000096E713F09DF8124A5A
:10CDE8001258222A1CD0C8F80030C8F804108BE763
:10CDF8006FF0150588E76FF05E0585E76FF0210590
:10CE080082E76FF021057FE76FF021057CE76FF07F
:10CE1800210579E76FF0210576E76FF0210573E7C3
:10CE28006FF0210570E700BF0C000000034658B101
:10CE380069B10020186058609860D860186119605E
:10CE48005960044A1A6170476FF0150070476FF017
:10CE580015007047EEFFC00010B50B78412B16D8AF
:10CE6800232B16D3233B1E2B13D8DFE803F017120E
:10CE78001712121212121712121212121212121280
:10CE88001212121212121212121212122800612B0E
:10CE980015D0002303604360836010BD01F1010CCD
:10CEA8004B785A2B06D8412B30D2303BDBB2092BBA
:10CEB800EFD82BE0613BDBB2192BEAD826E04B78A0
:10CEC800542B01D0742BE4D18C1C8B78233BDBB220
:10CED800082B06D840F2051C2CFA03F313F0010FB7
:10CEE8002DD102B11460641A00230360436083608B
:10CEF8000160446003230372CFE7303BDBB2092BA8
:10CF0800C7D803E0613BDBB2192BC2D864461CF8D2
:10CF1800013F3A2B05D0F0D95A2BF3D8412BB8D37F
:10CF2800F4E7023402B11460641A013C0023036080
:10CF3800436083600160446004230372ADE701F13C
:10CF4800030CCB785A2B6BD8412B03D2303BDBB286
:10CF5800092BC6D86446A44614F8013F5A2B65D855
:10CF6800302BBED3303B2A2BBBD80FF2080E5EF80D
:10CF780023F000BF5FCF01005FCF01005FCF01004A
:10CF88005FCF01005FCF01005FCF01005FCF0100DD
:10CF98005FCF01005FCF01005FCF0100EBCE010042
:10CFA800EBCE0100EBCE010041D00100EBCE010039
:10CFB80065D00100EBCE01005FCF01005FCF01001B
:10CFC8005FCF01005FCF01005FCF01005FCF01009D
:10CFD8005FCF01005FCF01005FCF01005FCF01008D
:10CFE8005FCF01005FCF01005FCF01005FCF01007D
:10CFF8005FCF01005FCF01005FCF01005FCF01006D
:10D008005FCF01005FCF01005FCF01005FCF01005C
:10D018005FCF01005FCF01005FCF01005FCF01004C
:10D02800613BDBB2192B3FF65CAF93E7613BDBB2A8
:10D03800192B3FF656AF8EE70CF1020364783F2CAC
:10D048001BD002B113605B1A013B002202604260F0
:10D05800826001604360032303721EE70CF1020340
:10D0680002B113605B1A013B0022026042608260D9
:10D0780001604360022303720FE70CF1030302B15E
:10D0880013605B1A023B002202604260826001600A
:10D0980043600123037200E710B50B78392B0FD8D2
:10D0A800302B1AD2202B0FD14C1C4B785A2B26D858
:10D0B800412B2AD2303BDBB2092B05D821460CE0A4
:10D0C8005A2B06D8412B08D20023036043608360A3
:10D0D8004BE0613BDBB2192BF6D88C46E6461CF8D0
:10D0E800013F392B24D8202B13D20D2B0FD10EF151
:10D0F80002039CF801400A2C39D0634626E0613BC4
:10D10800DBB2192BE0D82146E7E72146E5E763467D
:10D118001CE0203BDBB24FF0010E0EFA03F3154C76
:10D128001C40002CDAD113F4805F1FD163460DE058
:10D138005F2BD3D005D9613BDBB2192BCED963461F
:10D1480004E0413BDBB2192BC8D9634613F8014C04
:10D1580002B11360ACEB01022C2C14BF0023012395
:10D168000160426009220272437210BD63460133B6
:10D17800ECE700BF0168FF0308B510B100F066F8DE
:10D1880008BD034A032103480AF0E7FFF8E700BF98
:10D19800E8420300FC04030008B528B100F056F883
:10D1A800002000F07BFB08BD00F088F80028F7D0CD
:10D1B800034A012103480AF0D0FF6FF01500F2E797
:10D1C8005C430300FC04030008B580B900F0AEF826
:10D1D8000D4B19780D4B18780EF086FF034668B989
:10D1E80001210B4803F088FB00F094FE08BD0346BC
:10D1F800084A012108480AF0BAFFF7E7074A01215F
:10D2080005480AF0B4FFEBE7E0CC0020E1CC0020B1
:10D21800EC4303007C430300FC040300B443030015
:10D228008446094B1868002204E0CCF800207047B7
:10D238000246184638B143688B42F6D003460028A8
:10D24800F6D00368F4E77047600A012010B582B091
:10D2580004464FF0FF324FF0FF33164805F0E4FA6A
:10D26800214601A8FFF7DCFF28B1124805F05CFB56
:10D27800002002B010BD082006F08EFF019070B1AA
:10D2880000220260426044600B4A52686AB1106032
:10D29800094A5060074805F047FB0020E9E70548C0
:10D2A80005F042FB6FF06800E3E7034A5060106046
:10D2B800F0E700BF04CE0020600A0120024B186886
:10D2C800B0FA80F040097047600A012038B5054679
:10D2D800FFF7F4FF00B138BD4FF0FF324FF0FF33D6
:10D2E800104805F0A1FA104B1B6823B11C683CB12B
:10D2F80033B91C4604E01C4602E022462346144685
:10D308005BB15B6828469847002CF6D02268002A53
:10D31800F4D0002CF2D12246F0E7024805F004FBD5
:10D32800D9E700BF04CE0020600A012000B591B003
:10D33800154A4021684603F043FB50B91349684633
:10D3480012F0A0FA60B1124B01221A7011B05DF808
:10D3580004FB03460F4A01210F480AF008FFF5E7CE
:10D368000E49684612F08EFA18B1094B02221A705B
:10D37800ECE70B49684612F085FA0028E6D0044B22
:10D3880003221A70E2E700BFEC0B030030440300ED
:10D39800541F012000440300FC0403003C44030024
:10D3A80048440300014B1878704700BF541F012000
:10D3B80030B583B00446154612F0AEFD134B00227B
:10D3C800C2500A4601A9204607F0C2F9019AA242B2
:10D3D80012D00346127892B900F10042013A12F1D4
:10D3E800030F05D912F098FD084A1258222A09D0CD
:10D3F8002B60002003B030BD6FF03C00FAE76FF0FF
:10D408003C00F7E76FF03C00F4E700BF0C000000B9
:10D4180000B587B003AB0022039204920592064A36
:10D42800039200930E234FF480620449044805F0E8
:10D43800D7FC07B05DF804FB58440300686C012072
:10D44800D0DE00202DE9F0478EB000AF80460D46B3
:10D4580014461E46D7F858A00A233B614FF000092E
:10D46800C7F80C9004230B7030224946204612F06E
:10D478006EF94FF0FF32A260E26086F80090CAF8B9
:10D488000420CAF80020414607F12000FFF7CEFC2F
:10D4980007F13402012107F120000EF038FD0028C1
:10D4A80077D17B6B2B7007F10C0107F120000EF090
:10D4B80007FD8046002878D12B785A2B02D0FB68CC
:10D4C800032B79D807F13402042107F120000EF06C
:10D4D8001EFD08B97B6B337007F10802052107F1BF
:10D4E80020000EF014FD05463A1D062107F1200024
:10D4F8000EF00DFD284353D1D7F80880B8F1000F7E
:10D5080040F08880D7F80490D4F808E0D4F80CC02C
:10D5180034786D468AB06B4613F1100274D0182027
:10D528009AB10146042801DD3B4E5E61082901DD00
:10D53800C3F818900C2901DDC3F81CE0102901DD9F
:10D54800C3F820C0142900DD5C6217285FDD1824A9
:10D558003AB10621397000217970B970F9703868CC
:10D56800186100216FF300016FF341016FF382012D
:10D578006FF3C501022363F38811C4F30A0363F34D
:10D5880053216FF31F5100232448FAF733FCAD46AB
:10D5980006E080460346224A012120480AF0E7FDBA
:10D5A80040463837BD46BDE8F08703461D4A01218D
:10D5B8001A480AF0DCFDF3E707F1100307F114023B
:10D5C800022107F120000EF0A7FCA8B10A233B6155
:10D5D80007F1100307F11402032107F120000EF0F0
:10D5E8009BFC00287FF46EAF1022002107F1140085
:10D5F80007F0B4F9A06065E71022002107F11400D4
:10D6080007F0ACF9E060E1E76FF0004088E76FF001
:10D618001B049DE78046C3E7E8440300FC040300BD
:10D628006844030098440300F0B5A5B002AF04466F
:10D638003822002107F1500012F089F807F10C0395
:10D64800009307F1170307F1180207F14F0120466D
:10D65800FFF7F8FE98B997F84F30012B6CD0052BDF
:10D668006AD097F84F30372B72D8322B75D2052BEA
:10D6780073D96A4A01216A480AF079FD56E00346DF
:10D688006D4601223A7203227A728AB00DF1080CB3
:10D698001CF1100218D012204AB10146042802DDFC
:10D6A800604ECCF81460082901DDCCF8183001234D
:10D6B8003B7103237B71A2B10C2801DDCCF81C401F
:10D6C8000CF1200300210AE06FF00040E4E701F1CB
:10D6D80088043C4414F8844C03F8014B01310129B7
:10D6E800F5D9112825DD12234AB104213972002108
:10D6F8007972B9720121F972B868CCF8100000216A
:10D708006FF300016FF341016FF382016FF3C501FD
:10D71800012060F38811C3F30A0363F353216FF305
:10D728001F5100233E48FAF765FBAD468C37BD46CE
:10D73800F0BD6FF01B03D7E7386A0EF0E3FC18B9A9
:10D74800042387F84F308CE7374805F07DF988E7E0
:10D75800A3F15A02D2B2012A8BD8FFF7AFFD0028F5
:10D76800E4D197F84F30314A127893423ED1304B8A
:10D778009B683A6A9A4204D12D4BDB687A6A9A42CE
:10D7880021D0042387F85030294C07F1180CBCE845
:10D798000F000FC4BCE80F000FC49CE80F0084E81A
:10D7A8000F0007F1580407F1180CBCE80F000FC46C
:10D7B800BCE80F000FC49CE80F0084E80F0007F1D5
:10D7C8005000FFF783FDFB7D1A4A12789342ADD0D3
:10D7D8000E2B05D844F28122DA4012F0010F11D144
:10D7E800154A01210E480AF0C2FC9FE70F4A137040
:10D7F800002287F8502087F8583007F15000FFF7CB
:10D8080065FDB4E70B4A1370052287F8502087F8A6
:10D81800583007F15000FFF759FD87E768450300C6
:10D82800FC0403003C450300F8CE0020551F0120EE
:10D83800B8DF0020561F01209045030010B582B0C4
:10D8480000230093F8B104466B460DF106020F4918
:10D858000F4803F09DF9002807DD00980EF052FCF0
:10D8680060B90423237002B010BD0346094A0121A0
:10D8780009480AF07CFC6FF00D00F4E7BDF80630AB
:10D8880023700020EFE76FF01500ECE7A8450300D0
:10D89800FC0B030068440300FC04030030B583B0AC
:10D8A8000446304B0121D3E8EF2FC3E8E01F0028DE
:10D8B800F9D102BB0DF10600FFF7C0FF054610BB0A
:10D8C8009DF80630012B0BD0052B09D00DF1070070
:10D8D80000F07CF800B300246FF00D05002C3BD15C
:10D8E800204B0022D3E8EF1FC3E8E02F0028F9D12E
:10D8F800284603B030BD1C4A02211C480AF02DFC02
:10D908006FF07605F4E71A4A012118480AF025FC59
:10D9180000246FF00D05E1E7164805F005F9012030
:10D9280000F07AF80546A8B914B9002DD8D0D5E783
:10D938004FF0967200230F4805F0CEF8054610F117
:10D948000B0FF2D10C4A032108480AF006FC6FF0CD
:10D958007305C3E70024C1E79DF8070000F05CF8F1
:10D96800BEE700BF680A0120C8450300FC040300A5
:10D97800E4450300F8CE00201046030008B5074828
:10D9880002F0BAFF00B908BD0346054A012105485F
:10D998000AF0EDFB6FF00D00F5E700BF3846030015
:10D9A80044460300FC04030008B5FFF7E7FF00B195
:10D9B80008BD00F0E5F80028FAD1034B1B78002BCE
:10D9C800F6D000F083F9F3E7571F0120C8B110B56E
:10D9D80082B004460DF106020B490C4803F0D8F852
:10D9E800012805D1BDF806302370002002B010BD13
:10D9F8000346074A012107480AF0B9FB6FF00D00FA
:10DA0800F4E76FF015007047844603009046030062
:10DA18009C460300FC04030010B50446042806D8FD
:10DA2800042813D8DFE800F01F2D3A121F002E2813
:10DA38000CD814280AD3A4F11402D2B201239340BB
:10DA4800214A13420FD113F0020F08D123461F4A6F
:10DA580001211F480AF08BFB6FF0150008E0FFF763
:10DA6800A3FF034628B921461A4802F045FF10BB18
:10DA780010BD194A012116480AF079FB6FF00D0014
:10DA8800F6E7FFF791FF03460028ECD0124A012180
:10DA98000F480AF06CFB6FF00D00E9E7FFF784FF11
:10DAA80003460028DFD00C4A012109480AF05FFB31
:10DAB8006FF00D00DCE7094A012105480AF04DFB2B
:10DAC8006FF00D00D4E700BF010C300704470300D6
:10DAD800FC04030020470300D84603002C4703003A
:10DAE80030B587B00D46144601466846FFF79EF9E3
:10DAF80005AA214668460EF00AFA044628B9059B8D
:10DB080053B92B70204607B030BD0346084A01219F
:10DB180008480AF02CFBF5E7012B01D12B70F1E73F
:10DB2800054A012103480AF022FB6FF01504E9E7D2
:10DB380068470300FC0403009447030010B58EB047
:10DB4800044638220021684611F001FE012202A98C
:10DB58002046FFF7C5FF38B903238DF80030684623
:10DB6800FFF7B4FB0EB010BD0346034A012103487A
:10DB78000AF0FDFAF6E700BFB0470300FC04030013
:10DB880008B5074802F0B8FE00B908BD0346054AC3
:10DB9800022105480AF0EBFA6FF00D00F5E700BF27
:10DBA80018480300D8470300FC04030070B5054675
:10DBB8000E460024072C10D80B4B03EBC4035868FF
:10DBC80078B12946F2F7F4FF034608B10134F1E7CA
:10DBD800054A12F83420327001E06FF03C03184611
:10DBE80070BD6FF03C03FAE71C49030030B587B0FD
:10DBF80005460C4605AA194906F0D0FB012816D09F
:10DC08000223039303AB009304AB05AA14492846E7
:10DC180006F0C4FB012810DD08232370059B23713F
:10DC2800049B6371039BA371002007B030BD0623DA
:10DC38002370059B23710020F7E705AA09492846A8
:10DC480006F0ACFB012805D109232370059B63600E
:10DC58000020EAE76FF03C00E7E700BF2448030034
:10DC6800384803006048030010B58EB004463822D7
:10DC78000021684611F06BFD0B238DF80030083445
:10DC880002A92046FFF792FF58B90B238DF8003000
:10DC98009DF80830012B0BD06846FFF717FB0EB034
:10DCA80010BD02A92046FFF7A1FF0028EDD0F6E736
:10DCB800FFF778FB0328EFD040F6CD420023024857
:10DCC80005F0D4F8EBE700BF70CA002008B5084893
:10DCD80002F012FE20B9074B01221A70002008BD7D
:10DCE800054802F009FE0028F5D06FF00D00F6E7B0
:10DCF80078480300571F01208448030038B50446BC
:10DD0800431E072B0ED80D46042914D8082823D102
:10DD1800D1B91A4802F0F0FD38BB194B1C70194BE9
:10DD28001D7038BD0346184A012118480AF01FFA29
:10DD38006FF01500F5E70B46154A012113480AF064
:10DD480016FA6FF01500ECE7124A01210F480AF0A5
:10DD580004FA6FF01500E4E70F4B5A5C0F4B53F8C9
:10DD680020100F4802F0C8FDD6E70E4A01210748E7
:10DD78000AF0F3F96FF00D00D3E700BFF049030094
:10DD8800E1CC0020E0CC00205C490300FC04030047
:10DD980080490300A8490300404A0300784A030069
:10DDA8000C4A0300244A030010B596B000231293CE
:10DDB800ADF84C308DF84E30002800F092800446C3
:10DDC8000DF15700FFF702FE00285ED19DF857308D
:10DDD800022B62D9152B63D104F108030E9304F1C9
:10DDE80010030D9304F10E030C9304F118030B9325
:10DDF80010AB0A930DF14203099304F1140308933D
:10DE0800231D079304F11203069312AB059304F143
:10DE18002403049304F11603039304F10C030293FF
:10DE280004F10A03019311AB00930DF1460314AA00
:10DE38003049314802F0ACFE002839DB149B002B36
:10DE48003FD1112844D1BDF846302370BDF8443085
:10DE58006370BDF84230A370BDF84030E37004F140
:10DE680020020A210DF14B00FFF7A2FA00283BD14E
:10DE780000238DF84B3004F11C020A2112A8FFF789
:10DE880097FA002833D116B010BD1C4A01211C484E
:10DE98000AF063F96FF00D00F5E75BB2002B9BD138
:10DEA800184A022116480AF058F96FF05E00EAE7AE
:10DEB8000346154A012112480AF059F96FF00D007E
:10DEC800E1E7124A02210E480AF051F91498DAE7FC
:10DED80003460F4A01210A480AF049F96FF04C003D
:10DEE800D1E76FF01500CEE76FF04C00CBE76FF08D
:10DEF8004C00C8E7004B0300544B0300984A03004A
:10DF0800FC040300B84A0300604B0300804B030085
:10DF1800B04B03002DE9F0418CB000AF07F12C03A2
:10DF2800FB6001233B8204237B8207F11C037B6196
:10DF380002233B8310237B830024012C1BD807F189
:10DF4800300303EBC40333F8205C53F8246C3246E7
:10DF58003A49284603F05CFE804608B90134ECE7EC
:10DF680007F1300303EBC40434F81E2C314628466D
:10DF78000FF031FC30B9B8F1000F0DD03037BD4685
:10DF8800BDE8F08111F0C8FF2D4B1B582D4A012127
:10DF98002D480AF0ECF8F1E76D4600233B720223A6
:10DFA8007B7288B06C4614F1100212D00E201AB1A0
:10DFB800042801DD254B636100233B7102237B713B
:10DFC800A2B1082801DD1D4BA36104F11C03002147
:10DFD8000AE06FF00040EAE701F130063E4416F827
:10DFE8002C6C03F8016B01310129F5D90D2822DDCC
:10DFF8000E2342B10321397200217972B9720121CD
:10E00800F972B868206100216FF300016FF34101D4
:10E018006FF382016FF3C501012060F38811C3F328
:10E028000A0363F353216FF31F5100230648F9F7DE
:10E03800E1FEAD46A2E76FF01B03DAE7D84B030019
:10E048000C000000E04B0300FC0403000C4C030030
:10E0580000B587B001466846FEF7E8FE0DF11602E6
:10E06800012168460DF04EFF38B9074B1B689DF833
:10E078001600984707B05DF804FB0346034A0121E0
:10E0880003480AF074F8F5E76C0A0120344C0300E1
:10E098001C0503002DE9F04F9BB002AF81468B466B
:10E0A80090460023FB656B49104611F0EBFB18B155
:10E0B80000250570404655E06C4600233B7102235D
:10E0C8007B7188B002AB13F1100212D00E201AB186
:10E0D800042801DD604959610021397002217970F5
:10E0E800A2B1082801DDC3F8188003F11C0100253E
:10E0F8000AE06FF00040EAE705F160063E4416F8D2
:10E10800606C01F8016B0135012DF5D90D2824DD6E
:10E118000E2542B10321397100217971B9710121AC
:10E12800F9717868186100216FF300016FF34101FC
:10E138006FF382016FF3C501022363F38811C5F3FE
:10E148000A0565F353216FF31F5100234348F9F77C
:10E1580051FEA5466FF015056FE06FF01B05D8E777
:10E16800581C01353E4911F08DFB03460028F7D1B4
:10E17800002D62D04FF0010A00242CE060333B44AC
:10E18800002203F8442C202107F11C0011F0FBFAAF
:10E1980030B10022027007F11C00F2F71BFDF86590
:10E1A8004846F2F717FD01464844ABEB0106BAF1C1
:10E1B800000F39D02B4B07F11C0200922A4A314636
:10E1C80006F0C0F800283FDD864240D3013D2DD03F
:10E1D80001344FF0000A08EB04062149304611F0DB
:10E1E80051FB40B3831B01331C44002308F804305F
:10E1F800314607F10800FEF719FE4023FB6507F1D9
:10E208005C0307F11C02042107F108000DF084FEED
:10E21800C0B9FB6D002BB1D10134013DDBD14846BB
:10E22800F2F7D8FC054608E0104BC4E74846F2F779
:10E23800D1FC054601E06FF00D0528466437BD4660
:10E24800BDE8F08F0546F8E76FF07905F5E76FF060
:10E258007905F2E7B0420300584C03001C0503009F
:10E26800E80B0300B4420300704C0300544C030055
:10E27800F0B5A9B004460D461646002708977C223B
:10E28800394609A811F063FA0697002D00F082803C
:10E29800002E00F082802F704A4B53F824703B68A0
:10E2A800494A802108A802F08BFB002878D1022C6B
:10E2B80012D0092C2BD008A901A8FEF7B7FDBB7A0C
:10E2C800012B2BD0022B47D00E2C53D0069F002FAA
:10E2D80075D0384629B0F0BD282108A811F053FAA6
:10E2E8000446292108A811F04EFA002C5BD000281A
:10E2F8005CD0002343702046F2F76CFC0690B042D5
:10E3080057D221462846F2F75DFC069FE1E708AAA6
:10E3180031462846FFF7BEFE0746DAE70DF11E0232
:10E32800397A01A80DF0EEFD074670B9BDF81E3028
:10E33800264A3146284606F005F8069000283BD0C4
:10E348008642C1D26FF07907C3E70346204A01210C
:10E35800204809F00CFFBCE7069606AB2A46397A36
:10E3680001A80DF0D9FD07460028B2D1069B00226E
:10E37800EA54A9E728460DF0DFFE069B142BA5D129
:10E38800013BEA5C462AA1D10022EA54069B013BE4
:10E3980006939BE76FF015079BE76FF0150798E763
:10E3A8006FF0040795E76FF00D0792E76FF00D0720
:10E3B8008FE76FF079078CE76FF0790789E76FF0DF
:10E3C800850786E7504F03005C2403006C23030095
:10E3D800784C03001C05030008B50146014802F00B
:10E3E8008BFA08BDC450030000B583B001AA0A49DE
:10E3F8000A4802F0CDFB031E06DB0198003818BF5F
:10E40800012003B05DF804FB054A0221054809F024
:10E41800AEFE0020F5E700BFD0500300DC5003003B
:10E42800E85003002C05030000287DDB08B520F424
:10E438007F03B3F5047F70DCB3F5007F0DDDA3F235
:10E4480001220F2A69D8DFE802F0303840686848AE
:10E4580050686868686868685860322B1DD009DDA4
:10E468003C2B5AD1314A0221314809F076FE6FF02F
:10E47800070011E04BB1172B4FD12E4A02212C482F
:10E4880009F06BFE6FF0060006E02B4A02212848CF
:10E4980009F063FE6FF0040008BD284A02212448F1
:10E4A80009F05BFE6FF01500F6E7254A02212048C7
:10E4B80009F053FE6FF00100EEE7224A02211C48E2
:10E4C80009F04BFE6FF00C00E6E71F4A02211848DE
:10E4D80009F043FE6FF00B00DEE71C4A02211448E6
:10E4E80009F03BFE4FF0FF30D6E7194A02211048E9
:10E4F80009F033FE6FF07700CEE7164A02210C4888
:10E5080009F02BFE6FF01500C6E7134A02210848F0
:10E5180009F023FE6FF08B00BEE7104A0121044882
:10E5280009F025FE0E48B7E7704700BF50510300B9
:10E538002C05030020510300105103003051030043
:10E548006051030070510300845103009C51030083
:10E55800C8510300DC510300EC5103001C520300B6
:10E56800ADBAADBAF0B585B04AB305460E461C46FD
:10E5780017463BB34FF0FF324FF0FF33134804F018
:10E5880053F90DF10F000DF0EEFD009723463246CA
:10E5980029460F4802F0B0F904469DF80F3033B110
:10E5A8000A4804F0C1F92CB9204605B0F0BD0DF0B9
:10E5B800D5FDF5E72046FFF737FF0446F4E76FF08F
:10E5C8001504F1E76FF01504EEE700BFF0CD002069
:10E5D8003852030030B583B004460D464FF0FF3281
:10E5E8004FF0FF330F4804F01FF90DF107000DF04D
:10E5F800BAFD2A4621460C4802F07EF904469DF8E9
:10E60800073033B1074804F08FF92CB9204603B01E
:10E6180030BD0DF0A3FDF5E72046FFF705FF0446E2
:10E62800F4E700BFF0CD00205052030070B584B06D
:10E63800A2B304460D4616464FF0FF324FF0FF33A3
:10E64800184804F0F1F80DF10F000DF08CFD164894
:10E658000023037000952346144A4FF4805102F0BA
:10E66800AFF904469DF80F306BB17CB90E48F2F74C
:10E67800B1FA04280FD9012333700A4804F054F979
:10E68800204604B070BD0DF069FDEEE72046FFF7A7
:10E69800CBFE0446F1E700233370EEE76FF0150474
:10E6A800EEE700BFF0CD0020700A0120645203009D
:10E6B80008B5FF2801D0044B1870044B1B680BB138
:10E6C8000148984708BD00BF701A01207C1A012034
:10E6D80008B5037823B9037A012B02D0052B00D0A3
:10E6E80008BD0DF053FD0028FAD14FF40042002375
:10E6F8000249034810F063FAF2E700BFA0CA0020FD
:10E70800F0DF002008B5134B0121D3E8EF2FC3E851
:10E71800EC1FBCF1000FF8D1C2B94FF47A7303FBB8
:10E7280000F0410CC00340F2E733C0184FF47A728E
:10E738004FF0000341F10001F2F720FA02460B46C0
:10E748000549064810F03BFA002008BD6FF00A00A2
:10E75800FBE700BF781A0120A0CA0020F0DF0020E4
:10E7680008B5064B0022D3E8EF1FC3E8E02F0028C6
:10E77800F9D14FF46150FFF7C5FF08BD741A0120A5
:10E7880008B5084BD3E8EF2F511CC3E8E01F002859
:10E79800F8D1002A03DA3C20FFF7B4FF08BDFFF7E1
:10E7A800DFFFFBE7741A012000B587B003AB002236
:10E7B800039204920592084A039200930E234FF4A1
:10E7C800A0620649064804F00BFB0648FEF7D4FC95
:10E7D80007B05DF804FB00BF945203006870012085
:10E7E800F0DF0020D9E60100034A1368526813439A
:10E7F80014BF012000207047E8DF002008B5184A40
:10E8080013685268134325D010F0CCFC8E464A0199
:10E8180042EAD06243011B1A62EB0102920042EA0B
:10E8280093729B001B1842EB0102D20042EA53721A
:10E83800C3F3103343EA4243D20B094801684068E6
:10E848005B1A62EB000207498B4272F1000204DA9C
:10E85800002008BD6FF03C00FBE76FF03C00F8E7D4
:10E86800E8DF002080EE36002DE9F0438FB0074640
:10E878000E469046994600250A950B950C950D95E0
:10E888002422294601A810F062FF10F08BFC4B01EE
:10E8980043EAD0634401241A63EB01039B0043EA73
:10E8A8009473A400241843EB0101C90041EA547190
:10E8B800C4F3103444EA4144C90B224B1C6059602C
:10E8C800214BC3F80090FFF74BFF204BD3E8EF2F05
:10E8D800C3E8E15F0029F9D14FF47A720023384682
:10E8E8003146F2F7FBF8CDE90A014FF47A720023BA
:10E8F80038463146F2F7F2F8154B03FB02F20C9258
:10E908000AA90120F8F7D8F9034660B901A90AA8AD
:10E9180005F074FCB8F1000F0ED14046FFF7C8FEB1
:10E928000FB0BDE8F0830B4A01210B4809F01FFC2A
:10E938000320FFF7BDFEF3E7494601A800F046FBB8
:10E94800EBE700BFE8DF002084CC0020741A012028
:10E9580040420F00A85203009C04030008B5024B74
:10E968001B68FFF781FF08BD84CC002000B587B085
:10E97800FFF744FF00B31B4B0022D3E8EF1FC3E8A7
:10E98800E02F0028F9D16323059300220023CDE965
:10E99800022305A902A800F0C3FAA8B100220023A7
:10E9A800CDE90023684600F08DF8A0B1FFF7E8FE36
:10E9B8000320FFF77DFE04E0FFF7D2FEFF20FFF7FC
:10E9C80077FE07B05DF804FB059B0022DDE9020134
:10E9D800FFF74AFFF5E70122DDE90001FFF7BEFF77
:10E9E800EFE700BF781A012000B583B00DF10700EA
:10E9F8000DF076FB48B99DF80730012B0DD0052B9B
:10EA08000DD0002003B05DF804FB0346054A02213F
:10EA1800054809F0ACFB0020F4E70120F2E70120EB
:10EA2800F0E700BFC85203009C04030070B5A0B013
:10EA380004460E4615465422002101A810F087FE10
:10EA48004FF4806302931FAB01AA1949204609F0CD
:10EA5800CDFEB8B91F9B9A69D96916A8F9F752FF74
:10EA68000446B8B92A46314616A809F071FC04468E
:10EA7800B8B91F9809F0E3FE16A809F07FFC2046F4
:10EA880020B070BD044603460A4A02210A4809F02C
:10EA98006EFBF4E70346094A0221074809F067FBC1
:10EAA800E7E70346064A0221034809F060FBE0E76E
:10EAB80004530300085303009C040300205303007D
:10EAC8003853030038B50446FFF78EFF20B30025FE
:10EAD800012D26D8174A41F28831174B53F82500E3
:10EAE800FFF7A4FFD8B9134A1368556819466A0195
:10EAF80042EAD3625B015B1A62EB0502920042EACA
:10EB080093729B005B1842EB0502D20042EA5372F3
:10EB1800DB002360626038BD6FF03C00FBE7013525
:10EB2800D6E7064A0221064809F017FB6FF03C00B9
:10EB3800F1E700BFD8E000209453030050530300CE
:10EB48009C0403002DE9F0418EB000AF0446AE4BA3
:10EB580001221A70FFF752FE002800F000812C21D4
:10EB6800204610F010FE054630B3F2F733F81028AF
:10EB780073D96B78222B00F0F9806E4600233B7224
:10EB880002237B7288B06D4615F1100200F0B68042
:10EB98000E201AB1042801DD9C4B6B6100233B71E8
:10EBA80002237B71002A00F0B680082800DDAC61E2
:10EBB80005F11C030021ACE06E4600233B720223E2
:10EBC8007B7288B06D4615F1100211D00E201AB173
:10EBD800042801DD8E4B6B6100233B7102237B719E
:10EBE8009AB1082800DDAC6105F11C0300210AE098
:10EBF8006FF00040EBE701F138043C4414F8344C62
:10EC080003F8014B01310129F5D90D2822DD0E2326
:10EC180042B10321397200217972B9720121F97266
:10EC2800B868286100216FF300016FF341016FF3A9
:10EC380082016FF3C501012060F38811C3F30A0351
:10EC480063F353216FF31F5100237248F9F7D2F889
:10EC5800B54684E06FF01B03DAE76E4600233B728B
:10EC680002237B7288B06D4615F1100211D00E2078
:10EC78001AB1042801DD684B6B6100233B71022344
:10EC88007B719AB1082800DDAC6105F11C030021F5
:10EC98000AE06FF00040EBE701F138043C4414F857
:10ECA800344C03F8014B01310129F5D90D2822DD37
:10ECB8000E2342B10321397200217972B972012100
:10ECC800F972B868286100216FF300016FF3410100
:10ECD8006FF382016FF3C501012060F38811C3F35C
:10ECE8000A0363F353216FF31F5100234948F9F7CF
:10ECF80081F8B54633E06FF01B03DAE76FF00040A8
:10ED080047E701F138043C4414F8344C03F8014B4C
:10ED180001310129F5D90D2825DD0E2342B1032142
:10ED2800397200217972B9720121F972B8682861C3
:10ED380000216FF300016FF341016FF382016FF35C
:10ED4800C501012060F38811C3F30A0363F353215B
:10ED58006FF31F5100232F48F9F74CF8B5463837A1
:10ED6800BD46BDE8F0816FF01B03D7E7072307F125
:10ED78000C020E21A81C08F0D7FE06284ED9387BB5
:10ED88000DF008FA0646B862787B0DF003FA0446DF
:10ED98007862B87B0DF0FEF93862F87B0DF0FAF96D
:10EDA800F861387C0DF0F6F9B861787C0DF0F2F96D
:10EDB800786197F8128008F0F7000DF0EBF9054636
:10EDC80018F0080F00D045426436BE62013C7C62F0
:10EDD80007F1140008F0F1FE4A0142EAD06243014B
:10EDE8001B1A62EB0102920042EA93729B001C1804
:10EDF80041EB0201C9002B460022E00041EA5471B0
:10EE0800FFF732FDABE700BF581F0120F0530300A6
:10EE18009C5303009C040300CC5303006D4601235C
:10EE28003B7203237B728AB06E4616F1100218D02B
:10EE38004FF0120C42B16346BCF1040F01DD2449C6
:10EE48007161082B00DDB06101233B7103237B71E5
:10EE5800A2B1BCF10C0F00DDF46106F12003002122
:10EE68000AE06FF0004CE5E701F13800384410F88B
:10EE7800340C03F8010B01310129F5D9BCF1110F4C
:10EE880022DD122342B10421397200217972B9724C
:10EE98000121F972B868306100216FF300016FF346
:10EEA80041016FF382016FF3C501012060F38811FE
:10EEB800C3F30A0363F353216FF31F51002305487B
:10EEC800F8F798FFAD464AE76FF01B03DAE700BF93
:10EED800285403009C04030008B5064801F00CFD03
:10EEE80000B908BD0346044A0121044809F03FF966
:10EEF800F7E700BF6C540300785403009C04030038
:10EF0800012802D0152800D0704708B502490348E7
:10EF18000FF026FE08BD00BF88CC0020F0DF0020DF
:10EF280030B591B063230693234B1B78002B3FD059
:10EF380004460D4606AB049307AB039308AB029354
:10EF480009AB01930AAB00930BAB0CAA1B491C48F5
:10EF580001F01EFE831F012B21D80C9B64330C93F8
:10EF68000B9B013B0B9307A808F027FE4A0142EAD6
:10EF7800D06243011B1A62EB0102920042EA9372CB
:10EF88009B001B1841EB0201C90041EA5371DB00E9
:10EF980023606160069B2B60002011B030BD0346E2
:10EFA800084A0221084809F0E2F86FF03C00F4E74B
:10EFB8006FF03C00F1E700BF581F0120B454030074
:10EFC800F84D0300D05403009C040300134B1B7836
:10EFD80003B1704710B584B044690269104B83FBD4
:10EFE80004C34FEAE47CCCEB631C039103680293EF
:10EFF8004368019383680093C3680132642101FB6D
:10F008001C41084801F078FC034608B904B010BD5B
:10F01800054A0121054809F0AAF8F7E7581F012019
:10F028001F85EB5164550300945503009C040300AD
:10F0380008B5037803B908BD0146064801F05CFC31
:10F0480003460028F7D0044A0121044809F08FF844
:10F05800F1E700BF5C240300BC550300140503005E
:10F0680010B5B0B90E48FFF7E3FF0E48FFF7E0FF11
:10F078000D4C2046FFF7DCFF2046FFF7D9FF20465E
:10F08800FFF7D6FF2046FFF7D3FF2046FFF7D0FF54
:10F0980010BD0346054A0121054809F068F8F7E75D
:10F0A800E455030004560300B4420300A83F0300DC
:10F0B8001405030010B5284B5C6D284A0121284827
:10F0C80009F04BF814F4805F10D1162014F4006F87
:10F0D80013D114F4007F17D114F4806F27D114F4DE
:10F0E800807F2BD114F4005F2FD110BD1D4A012160
:10F0F8001B4809F032F81720E8E71B4A0121184895
:10F1080009F02BF81820E4E7184A0121144809F0FF
:10F1180024F8174B9B6B14F4004F01D11920DBE73F
:10F12800144A01210E4809F022F81920D4E7124A9E
:10F1380001210B4809F011F81A20D0E70F4A0121E4
:10F14800074809F00AF81B20CFE70D4A01210448B7
:10F1580009F003F81C20C8E7801A01206039030071
:10F168006405030078390300CC3803008C390300A8
:10F1780000ED00E0A8390300C0390300DC390300C2
:10F188003039030038B52C4DEC6D2C4A01212C4840
:10F1980008F0E3FFAB6E14F0400F16D114F0010F26
:10F1A80019D114F0020F1DD114F0040F21D114F05D
:10F1B800080F25D114F0100F29D114F0200F2DD1EC
:10F1C80014F0800F31D125200BE01E4A01211C4884
:10F1D80008F0CDFFE2E71C4A0121194808F0BDFFFD
:10F1E800262038BD194A0121154808F0B6FF272006
:10F1F800F7E7174A0121124808F0AFFF2820F0E787
:10F20800144A01210E4808F0A8FF2920E9E7124A0C
:10F2180001210B4808F0A1FF2A20E2E70F4A01214B
:10F22800074808F09AFF2B20DBE70D4A0121044824
:10F2380008F093FF2C20D4E7801A01202C560300F5
:10F24800640503004856030058560300705603002F
:10F2580090560300AC560300CC560300E456030056
:10F268000057030010B5124BDC6E124A01211248F8
:10F2780008F073FF14F0020F07D114F0010F0AD140
:10F2880014F0040F0DD1132010BD0C4A01210A48B7
:10F2980008F063FFF1E70A4A0121074808F05DFF1B
:10F2A800EEE7084A0121044808F057FFEBE700BFE2
:10F2B800801A012014570300640503003057030027
:10F2C800605703009057030090B583B000AF0F2933
:10F2D80023DC2F4C103900233B7102237B718AB049
:10F2E800EC461CF110021AD0122022B1042802DDCB
:10F2F800284BCCF8143000233B7002237B70E2B11A
:10F308000346082801DDCCF818400C2B01DDCCF8A9
:10F318001C100CF1200300210DE01F4CDAE76FF000
:10F328000040E2E701F1080404EB070E1EF808ECC0
:10F3380003F801EB01310129F4D9112824DD122346
:10F348004AB10421397100217971B9710121F9712A
:10F358007868CCF8100000216FF300016FF34101C9
:10F368006FF382016FF3C501012060F38811C3F3C5
:10F378000A0363F353216FF31F5100230748F8F77B
:10F3880039FD0C37BD4690BD6FF01B03D8E700BFB1
:10F39800383803006C380300503803006405030054
:10F3A80010B5074907480CF036FF044608B920464F
:10F3B80010BD0346044A0121044808F0D8FEF6E7C8
:10F3C80019F40100801A0120C457030064050300E2
:10F3D80038B50C4600F008050C4B196F20460CF0A8
:10F3E800F2FE4DB9E369C3F308025AB96FEA532331
:10F3F8006FEA4323E36105E0E36923F4FF7323F035
:10F408000103E3612146F9F7D7FB38BD801A0120D3
:10F4180000B589B00F4B5A6A00929A6A0192DA6A6B
:10F4280002921A6B03925A6B04929A6B0592DA6BEA
:10F4380006921A6C0792D86C20F005001B6D13F029
:10F44800020F01D040F004006946FFF7C1FF09B080
:10F458005DF804FB801A01202DE9F843044688462C
:10F4680017461E460FF0F8FB20B9134B1B7883B1E3
:10F47800002500E00125A9466DB1089B32463946B2
:10F488004046A0470446B9F1000F10D02046BDE819
:10F49800F8830125EFE74FF0FF324FF0FF330748BD
:10F4A80003F0C2F90028E8D06FF08304EEE70348C0
:10F4B80003F03AFAEAE700BF671F012054CE0020A4
:10F4C80000B589B00790002303930493059306932E
:10F4D80007AB039304230493A1B10B460968059174
:10F4E8005B68069302237AB101210191009203AA75
:10F4F80040F2F531064800F031F8002806DB09B083
:10F508005DF804FB0123EEE70021EEE70120F6E7B2
:10F5180005010040F0B597B005460C4606AF4026F9
:10F5280032460021384610F012F94FF48073ADF8D6
:10F538004030049705960295039414B9002017B03B
:10F54800F0BD0123019302AA009204AA00210248F7
:10F5580000F004F8F3E700BF0001004010B582B0E6
:10F56800059CB1F5004F17D2042B18D8042C19D8D4
:10F5780089B21B0603F0E06C41EA0C0C240404F485
:10F58800E024049B009313464CEA04020146074812
:10F59800FFF762FF02B010BD6FF08000FAE76FF06E
:10F5A8008000F7E76FF08000F4E700BF21FC00005F
:10F5B800014B1860704700BFF41A012010B51446BB
:10F5C800044B18680CF063FE002801DB2070002053
:10F5D80010BD00BFF41A012001238340014AC2F87C
:10F5E800043570470070014008B5024B1B680020C5
:10F5F800984708BDF81A012008B5024B1B689847C0
:10F6080008BD00BFF81A012008B50B4B1B797BB960
:10F61800094B186001221A7100B1084800F042F83D
:10F6280028B9054B186800B1054800F0A1F808BDD5
:10F638006FF07700FBE700BFF81A0120F1F5010031
:10F6480001F6010008B5034B1B680BB10CF083FEF3
:10F6580008BD00BFF81A012010B5114B0122C3F8EC
:10F6680008235A600022C3F80021D3F8003142F27F
:10F67800107406E0002393B101200CF004FE013C55
:10F688000DD0074BD3F80C24D3F80C3403F0010346
:10F6980012F4803FEED0002BEDD00123EBE710BD34
:10F6A80000500040054B1B792BB9044B1860012210
:10F6B8001A71002070476FF077007047001B012017
:10F6C8000D4B0022C3F80021D3F8002101221A6053
:10F6D8000A4B1B681BB1084BC3F804237047064B41
:10F6E800D3F80031002BFAD0034B0022C3F80021D5
:10F6F800D3F80031704700BF00500040001B0120C4
:10F7080008B50B4BD3F8043313F0010F0FD0084B97
:10F71800D3F800315BB1064B0022C3F80021D3F8BF
:10F7280000210122C3F80823024B1B68984708BD33
:10F7380000500040001B012010B50C4B0222C3F8FA
:10F7480008230122DA600022C3F80421D3F8043127
:10F7580042F21074054BD3F8183413F4803F04D0E8
:10F7680001200CF090FD013CF4D110BD0050004088
:10F7780008B5084B1B7953B9064B186001221A715A
:10F788000CF012FE044BC3F81805002008BD6FF0FA
:10F798007700FBE7081B01200050004000B583B04C
:10F7A8002E4BD3F81824D3F8183403F003038DF83C
:10F7B800073012F4803F1FD1284BD3F8143413F0CC
:10F7C800010F1ED10CF0F0FD8DF807009DF8072001
:10F7D800224BC3F818250022C3F80421D3F80421CA
:10F7E80001229A601E4B1B6863B31C4B0222C3F8AC
:10F7F800042303B05DF804FB0DF107000CF0D6FDFF
:10F80800E4E7164BD3F81C3403F003038DF80730F4
:10F818000DF107000CF0CAFD0028D7D0104B1B686B
:10F8280023B10E4B0222C3F80423E2E70B4BD3F8B3
:10F838000431002BFAD0094B0022C3F80421D3F875
:10F848000431D6E7054BD3F80431002BFAD0034B2B
:10F858000022C3F80421D3F80431CAE7005000405D
:10F86800081B012010B51D4BD3F8044304F0020413
:10F8780002E01B4B1B68984774B3B4FA84F0C0F1DC
:10F888001F000122824083009BB203F580739BB264
:10F89800C0B2D2B224EA020403F1804303F5A043C4
:10F8A80019680029E8D0002119601B680B4BC3F8C0
:10F8B8000823022ADDD1D3F81814D3F8183403F03A
:10F8C8000303012BD5D1054B0221C3F81815C3F842
:10F8D800042301229A60CFE710BD00BF005000400A
:10F8E800081B0120F0B51C46059F069E00F01F0C62
:10F8F800400934D1274D0CF1800355F8233081B3EA
:10F90800012082B34FF0020E40EA0E0074B34FF0AC
:10F918000C0E40EA0E0067B34FF4E06E40EA0E00AA
:10F9280056B34FF4403E40EA0E0023EA000031B3DC
:10F938000B7832B312785200134324B32278920022
:10F94800134317B33A781202134306B332781204FA
:10F95800134303430CF1800C45F82C30F0BD00250F
:10F96800C9E70020CDE74FF0000ECDE74FF0000EBD
:10F97800CFE74FF0000ED1E74FF0000ED3E700239A
:10F98800D7E70022D8E70022DAE70022DCE70022E6
:10F99800DEE700BF0025844000F01F0240090AD1BD
:10F9A8000649803251F82200054B034043F0020318
:10F9B80041F8223070470021F3E700BF002584405A
:10F9C800F0F8FCFF014B03EB800070479CCC002053
:10F9D800014B03EBC00070470058030038B50446DC
:10F9E8000D4608460CF080FD083004EB4004A3885F
:10F9F800C3F38203042B0FD0052B0FD005F01F0291
:10FA08006D0907D1074B1B69D34013F0010F07D0CD
:10FA1800032002E00023F6E7032038BD0220FCE7BC
:10FA28000220FAE700258440F8B507460E4614463A
:10FA38001D4610460CF0B1FD60B9022D26D00221FA
:10FA480030460CF041FD032C24D0022D20D0032D8C
:10FA580026D0F8BD2246314638460CF0D2FE06F0D4
:10FA68001F03720910D1104A803352F82330C3F3B0
:10FA780001439D42EDD1002130460CF025FD294679
:10FA880030460CF021FDE4E70022EDE70321D7E73B
:10FA9800012CDCD12246314638460CF0B2FED8E7BC
:10FAA800022CD6D1F6E700BF002584400023C3B15D
:10FAB8000020704711F0010F0CD018E00F4C256A98
:10FAC8004CF8045B256201325C1CA242F6D350F864
:10FAD8000E2022B90133002BECD0002030BD0120CC
:10FAE800FCE711F0010F01D10133E0E730B54FEA2F
:10FAF800830E1A4600EB830CE6E700BF002584401E
:10FB08002DE9F04383B081460F46904600230193C8
:10FB1800516801A8FFF7CAFF00267EB100224FF006
:10FB2800004148460CF0AFFCD8F8041001A8FFF7D4
:10FB3800BDFF0028F0D103B0BDE8F08398F8043089
:10FB480013F0010F0FD10136E7E7002405F1800318
:10FB580054F82330C3F3014329463846FFF764FFBE
:10FB68000123AB40236202AB03EB860353F8044C3A
:10FB7800002CE8D094FAA4F4B4FA84F404F01F0535
:10FB880028460CF0B1FC083037F81020C2F3820286
:10FB980001AB03EB86034FEAD40C04F0070413F817
:10FBA8000C100120A04021EA000103F80C106B0999
:10FBB800CBD1014CCAE700BF0025844038B5094BBA
:10FBC8001B795BB90D4614462A2008F01CFC054B2E
:10FBD80001221A711D609C60002038BD6FF077000B
:10FBE800FBE700BF101B012010B4002308E050F809
:10FBF800234003F5A2710E4A42F821400133DBB2DB
:10FC0800072BF4D900230AE003F1080250F8224038
:10FC180003F5B271064A42F821400133DBB2072BE3
:10FC2800F2D9026C024BC3F8042310BC704700BF22
:10FC380000A0024008B5002307E003F5A271104AAE
:10FC4800002042F821000133DBB2072BF5D900234D
:10FC580007E003F5B2710A4A002042F82100013397
:10FC6800DBB2072BF5D92A2008F0D2FB044B4FF062
:10FC7800FF32C3F80823034B00221A7108BD00BFE6
:10FC880000A00240101B012001238340014AC2F852
:10FC98000433704700A0024001238340014AC2F8A0
:10FCA8000833704700A0024010B50D4BD3F80C4341
:10FCB80002E00C4A916898478CB194FAA4F0B0FA23
:10FCC80080F00123834024EA03048200064B134496
:10FCD80000221A60034B1B68002BEAD1ECE710BD29
:10FCE80000A00240101B012000A10240024B00228C
:10FCF800C3F88425704700BF00900340024B0122DF
:10FD0800C3F88425704700BF00900340024B0222CD
:10FD1800C3F88425704700BF00900340044BD3F814
:10FD2800083413F0010FF9D00160BFF35F8F7047FB
:10FD38000090034010B504460CF090FF70B1FFF737
:10FD4800E5FF4FF0FF332360064BD3F8003413F080
:10FD5800010FF9D0FFF7CAFF002010BD6FF00C00AB
:10FD6800FBE700BF0090034000F01F0240090AD1E2
:10FD78000649803251F82200054B034043F0030343
:10FD880041F8223070470021F3E700BF0025844086
:10FD9800F0F8FCFF38B50546037F33B3437F33BB28
:10FDA800002407E00021012393408B60FFF7DCFF6C
:10FDB8000134E4B2032C1AD855F82400B0F1FF3FFF
:10FDC800F6D02B191B7C2BB100F01F024309E9D197
:10FDD8000749E8E700F01F02430904D10449012359
:10FDE8009340CB60E2E70021F9E70024E2E738BD61
:10FDF80000258440036801F5C071024A43F82120B8
:10FE0800704700BF3546526E10B5134CA82200212A
:10FE180020460FF09CFC0323236163610F4AA26113
:10FE28000F4BE3614FF4806323620023A362636294
:10FE3800E36222660B4A62661022A2662367E366C3
:10FE4800636706E0C3F10F020749895C024AD1548F
:10FE580001330F2BF6D910BD80C9002010580300BC
:10FE680080C5002070C500201C58030008B5002379
:10FE78000F2B0AD8094AD25CD2B2C3F10F01084845
:10FE8800415C8A4204D10133F2E7002313B908BD6B
:10FE98000123FBE7FFF7B8FFF9E700BF80C900209F
:10FEA8001C5803002DE9F84304460E461546304B0E
:10FEB80000EB400003EBC000826A476A601C00EB5D
:10FEC800400003EBC00358683844BA423CD804EBFE
:10FED8004401274B03EBC103D3F82080A8EB0709A3
:10FEE80009F1FF339D4204D913449D420ED90020E5
:10FEF8002FE02A4631460FF003FC2F4404EB44045C
:10FF08001B4B03EBC4035F62012022E04A463146E3
:10FF18000FF0F6FBA7EB080818EB050507D104EB73
:10FF28004404134B03EBC4035D62012011E0631C1E
:10FF380003EB43030E4A02EBC3032A4606EB09010F
:10FF480058680FF0DDFBEAE7D21B013AAA4202D259
:10FF58000020BDE8F8832A460FF0D2FB2F4404EBBB
:10FF68004404034B03EBC4035F620120F1E700BFC5
:10FF780080C90020F8B50F461646451C05EB450517
:10FF8800164B03EBC50500EB400003EBC003DC6A2E
:10FF9800012C11D0022C1CD014B100242046F8BD2D
:10FFA80028460DF0F2F88642F8D8324639462846F7
:10FFB8000DF0F7F83446F1E728460DF0E6F8344638
:10FFC800864228BF04462246394628460DF0E9F8FD
:10FFD800E4E728460DF007F90446DFE780C900206A
:10FFE800F8B504460E4617460A4B1B78DBB2532B6E
:08FFF8000DD10DF030F90546B2
:020000040002F8
:100000003A4631462046FFF7B9FF044628460DF030
:100010002EF92046F8BDFFF7FBFEEEE780C9002071
:10002000064B00EB400203EBC202926A00EB400079
:1000300003EBC003586A801A704700BF80C90020D4
:1000400037B50125074C4FF4FA7065610BF082F962
:10005000002363610193256123690193019B03B030
:1000600030BD00BF0056004030B50D4D89B0036A69
:1000700003AC01908DF808300FCD0FC42B6801A898
:1000800023600DF011F940B9044603AD55F8043B67
:10009000984710B90134052CF8D109B030BD00BF24
:1000A00030060300034BD3E8EF2FC3E8E10F00292C
:1000B000F9D170471C1B012038B50546002850D0E7
:1000C000436A002B50D0836A002B4DD00124294B6A
:1000D000D3E8EF2F002A03D1C3E8E14F0029F7D17D
:1000E00045D1686A00F04EF8FCF7F4F8224BC820BE
:1000F0009C660BF02FF92846FFF7B6FF044640B97F
:1001000001221D4B0220DA66FFF7CCFF00242046B7
:1001100038BDFFF795FF002C11DBAB6A20469847EE
:10012000164B9C421AD013DCA4F18864033C012CCA
:1001300011D82846FFF798FF04460028E0D0012296
:100140000D4BDA66FCF7DCF80020FFF7ABFFDEE7CB
:100150000B4B9C42EDD06FF00404F0E76FF00A0403
:10016000EDE76FF00D04D2E76FF01504CFE74FF025
:10017000FF34CCE71C1B0120005000400500400468
:1001800001005005014B1860704700BF201B012083
:1001900007B5044BCDE900011B686846984703B0DA
:1001A0005DF804FB201B0120014B1870704700BF55
:1001B000591F0120024B1878431E5842584170477E
:1001C000591F012070B503680446033BDBB2052BC1
:1001D00003D8094A52F823502DB9A06858B1BDE898
:1001E000704000F01DB80DF0A3F821682B46BDE863
:1001F0007040090C184770BD30580300014B5B6913
:10020000184700BFA4CC0020014B1B68184700BF53
:10021000A4CC0020014B5B68184700BFA4CC002091
:10022000014B1B69184700BFA4CC0020014B9B6801
:10023000184700BFA4CC0020014B1B6A184700BF21
:10024000A4CC0020014B5B6A184700BFA4CC00205F
:10025000014B1868704700BF241B0120002230B5F5
:100260000B4B19680C6894420FD001EBC2039D68D8
:10027000A8420BD14FF003020433D3E8CF1F00296B
:1002800003D1C3E8C02F0028F7D130BD0132EAE71F
:10029000441B01202DE9F041002406460F4620466C
:1002A000DFF854803368A34201D8BDE8F08106EB43
:1002B000C4056B68DBB2012B16D16A68B8F8003050
:1002C000B3EB124F10D1022FA8680FD1FFF77AFFBE
:1002D00001206B6823F0FF0343F003036B60B8F861
:1002E00000300133A8F800300134DBE70168090C65
:1002F0000CF0CEFFECE700BF3C1F012010B5074C0F
:1003000002216068FFF7C6FF0028F9D101212068AB
:10031000FFF7C0FF0028F3D110BD00BF4C1B012028
:1003200070B5072860D8DFE800F00B5F475F435FD8
:100330003C0401F071FE0320BDE87040FBF77EBF76
:1003400003202A4BD3F81446D3F81866284B1D789F
:100350001870EDB2FFF728FF012D10D1254B264A6A
:100360009C4212D0230C1B04B3F1886F0DD0A4F56E
:100370008033203B022B0FD96FF00403136031460A
:10038000C4F30B00FFF704FF00E014601B4B186878
:100390000BF067F80020CFE7194931F913301360EB
:1003A000F4E70024124B20461C70FFF7FDFEEDE73A
:1003B000FFF7A4FF0220BFE70D4B1A78012AD0B245
:1003C0000ED1104A1168104A8C6854604968116057
:1003D00002221A70FFF7E8FE084B18680BF041F88C
:1003E000FFF78CFF0120A7E770BD00BF00A002400F
:1003F0005B1F012001005005481B0120341B012018
:10040000185B0300301B01204C1B01200A23F7B5A9
:100410004FF47A750C4E0D4F0193316838680CF02B
:1004200062FF044640B90BF018F840B9012001A959
:100430000AF094FF6E30F0D1204603B0F0BD019871
:1004400068430AF087FFE8E7381B0120401B0120C2
:10045000054B1B782BB9054B1968054B18680CF038
:1004600042BF0020704700BF5A1F01203C1B0120E3
:10047000441B012070B5164B42681B6822F0FF0236
:1004800042F00202C31A42601248134A0168C3F3E1
:100490008913D2E8DF4F651CC2E8D65F002EF8D181
:1004A00001EBC3014A6892B242EA04424A60026820
:1004B000032002EBC302536823F0FF0343F0010360
:1004C00053600AF047FF0122044BDA6070BD00BFA1
:1004D0003C1B0120441B01203E1F012000A00240C4
:1004E0002DE9F04F95B038220021064603A80FF001
:1004F00032F902230493082306932023089304234C
:100500000D93102340250F9380230122CDE9115331
:10051000D523002159480B921393FBF74BFE054658
:10052000002840F0A880024655493079FFF74AFB81
:1005300003A8FFF75DFB34686268B2F59D6F40F079
:1005400097806169E3680B44E16903F59D630B449F
:10055000B3F5003F00F28C80206829460FF0FBF8CD
:1005600033681C68D3F81C9004F53A72019204F1C8
:100570006007444A04F1A40804F1200BB9F1000F0C
:1005800060D1C2F800B000254FF0010A25706570F7
:1005900084F802A0E570336840461B6963603368E5
:1005A0005B69C4F814B0A360374BC4F81890C3F863
:1005B0000080364BE7601F600823C4F8108084F881
:1005C000A43088F8015088F8025088F8035084F865
:1005D00060307D70BD70FD700CF068FE38460CF028
:1005E00065FE2B4B04F53A7231681A60294B04F111
:1005F000E802C8681A60284B284E186008694969E3
:1006000058609960264B2749C3F81046C3F8145622
:10061000254B264C1D80264B86F800A01D80254BBF
:10062000029525601D611B690293029B134B18689C
:100630000AF01BFF98B103236FF073043370FFF7C8
:10064000FDFA11E09B6904F1400963643368484690
:10065000DB69C2F800B0236401F0B6FC93E72468BC
:10066000002CECD1144B1C70204615B0BDE8F08F67
:100670006FF01504E3E76FF02D04F5E7341B01205C
:1006800021030200301B0120441B0120401B0120DC
:100690003C1B0120381B0120241B01205B1F012073
:1006A00000A00240F04902003E1F0120481B01202B
:1006B0003C1F0120005600405A1F012070B5164B08
:1006C00042681B6822F0FF0242F00102C31A426036
:1006D0001248134A0168C3F38913D2E8DF4F651C3F
:1006E000C2E8D65F002EF8D101EBC3014A6892B28E
:1006F00042EA04424A600268032002EBC3025368E4
:1007000023F0FF0343F0010353600AF023FE0122AC
:10071000044B5A6070BD00BF381B0120401B0120F4
:100720003E1F012000A0024010B5FFF76FFE01241C
:1007300000220321047081704270C270FFF7BEFF77
:10074000054B1C700CF0C5FDBDE81040034B47F293
:10075000305118680AF089BE5A1F0120341B01204D
:1007600038B50A4B04461B78022BDDB20DD1FFF7DA
:100770004DFE50B1002201218460017042708570ED
:10078000C270BDE83840FFF799BF38BD5B1F01203C
:10079000034A126812B1002800DB1047704700BFFF
:1007A000601B01202DE9F743002581460F461048C4
:1007B000294690461E46019305F090FB041E11DB6E
:1007C000013420460CF0E1FDC9F8000068B1334661
:1007D00042462146019605F081FB28463C6003B065
:1007E000BDE8F0836FF01500F9E76FF00B00F6E756
:1007F0005806030010B50E4B04461B68A3B1F0F772
:10080000EDF9082810D9237A3F2B0DD00949082289
:1008100020460EF0C9FF014630B904F108000A2253
:10082000BDE8104004F09EB84FF0FF3010BD00BF8F
:10083000601B01201E5B0300F7B504460F46042031
:10084000002116461D460CF075FD024638B914B15C
:1008500020460CF09CFD6FF00B0003B0F0BD0020B3
:100860006FF0580314600D4C137350739073D07372
:1008700020703146032057600CF07CFD4FF0FF33B1
:1008800001932378AB4201D10020E6E7022001A9C1
:100890000AF064FD0028F4D0DFE700BF5C1F0120F0
:1008A000F8B5054600240F4F57F8046B284631462B
:1008B0000EF0ECFF28B90134042CF5D14FF4803050
:1008C0000DE06CB1A31E012BF8D83046F0F786F985
:1008D0000A220021284403F03FFF40EA0440F8BD0B
:1008E0002046FCE748580300014B18600020704781
:1008F000641B0120014B1860704700BF601B012082
:100900000FB42DE9FF410A9CFFF754FC00284AD0A0
:10091000002C4BD0284E294F316838680AF0CEFDA4
:10092000002846D1264D316828680AF09EFD00282F
:1009300036D122460BAB03A902A80193FFF732FF81
:10094000044658B128680AF08CFD38680AF0B2FDF8
:10095000204604B0BDE8F04104B07047029C204638
:10096000FFF748FF02230646012220460399FFF7BE
:1009700063FF04460028E5D1DFF84880D8F800007E
:10098000FFF78EFF0446D8F800000CF0FAFC286848
:100990000AF067FD002CD8D13046FFF7F9FED4E706
:1009A0006FF00A04D1E74FF0FF34D1E76FF00D0488
:1009B000CEE76FF00A04CBE7781B0120701B012003
:1009C000741B0120681B01200CB42DE9F04F8BB083
:1009D00007460E46149CFFF7EDFB002800F0C3808D
:1009E000002F00F0C380002C00F0C080002E00F02B
:1009F000C080DFF88C81634BD8F8001018680AF0CB
:100A00005DFD002840F0B8805F4DD8F800102868E0
:100A10000AF02BFD002840F0A380224615AB09A95F
:100A200008A80793FFF7BEFE044618B128680AF02D
:100A300018FD3CE0DDE908830393544B1C68002C4F
:100A40005AD0C246DDF80C90CDF804809AF80030F8
:100A5000202B36D0093B042B33D90C224FF0000B4E
:100A60004B4BCDF808B01B6802FB03430493049B77
:100A70009C422ED1029B002B3ED028680AF0F1FC4C
:100A8000019A114611F8013B202B0191F8D0093B46
:100A9000042BF5D931463846029B9847044618B9CD
:100AA0003846FFF7FDFE044640460CF070FC354B1F
:100AB00018680AF0FFFC20460BB0BDE8F04F02B00A
:100AC0007047B9F1000FC8D00AF1010A09F1FF39E6
:100AD000BCE7A3685B450DD94B451A46504628BF75
:100AE0004A46216805930EF05FFE18B963680293C9
:100AF000059B9B460C34BAE74046FFF77BFE02237A
:100B00008146012240460399FFF796FE04460028DD
:100B10008CD1DFF880803846D8E9004AB245524689
:100B2000214628BF32460EF0EFFDB245204607D9D8
:100B30000CF027FC28680AF094FC6FF00604B6E776
:100B4000FFF7AEFE0446D8F800000CF01AFC286847
:100B50000AF087FC002CAAD14846FFF719FEA6E749
:100B60006FF00A04A3E74FF0FF34A4E76FF00D0421
:100B7000A1E76FF015049EE76FF00A049BE700BF42
:100B8000781B0120701B0120741B0120581B0120C1
:100B9000541B0120681B01200EB42DE9F343DDF83E
:100BA00024808146FFF706FB00285FD0B9F1000FD3
:100BB0005FD0B8F1000F5CD0314C324F21683868FB
:100BC0000AF07CFC002857D12F4E216830680AF0CB
:100BD0004CFC002847D14846F0F700F8451C284651
:100BE0000CF0D3FB044668B930680AF03AFC6FF0A9
:100BF0000B0438680AF05EFC204602B0BDE8F04302
:100C000003B0704749462A460EF0FDFD2046FFF727
:100C1000F1FD02238146012220462946FFF70CFE02
:100C2000044618B130680AF01CFCE2E7174B306844
:100C30001D680AF016FCB9F1000F06DB2846FFF725
:100C40002FFE10B94846FFF7A3FD0AAA41462846E1
:100C5000019205F06BF9041E284608BF6FF04C04A2
:100C60000CF08FFBC5E76FF00A04C2E74FF0FF34CA
:100C7000C2E76FF00D04BFE76FF00A04BCE700BFE6
:100C8000781B0120701B0120741B0120681B0120B0
:100C900038B5C3680446A72B01D0206810E00329AB
:100CA00007D0042926D0022902D10122154B1A703F
:100CB00038BD144B00681A78022A05D10028F7D0F5
:100CC000BDE838400CF05DBB0F4D2A6862B12B685F
:100CD0009847002320682B600CF053FB0B4B1868DF
:100CE000BDE838400AF0BDBB094A10606168516038
:100CF0000222DCE7074B1B68002BCED00068984728
:100D0000CBE700BF5C1F01205C1B0120741B01208E
:100D1000681B0120641B0120012210B511460B48FD
:100D2000FBF748FA70B90A48FBF768FA014648B978
:100D30004FF0FF32074B1A60BDE810400123052237
:100D4000FFF77ABD6FF02D0010BD00BF741B0120AE
:100D5000701B0120781B012010B400F11C03D3E8A4
:100D6000EF2F511EC3E8E41F002CF8D1012A0CDC40
:100D7000074BD0E8EF2FC0E8E13F0029F9D1682206
:100D8000002110BC04300EF0E6BC10BC704700BF60
:100D90001EF1010010B500240A4B4FF45872214691
:100DA00009481C700EF0D7FC21462246064B074826
:100DB00001310829C3E900029A6003F16C03F7D1FD
:100DC00010BD00BF5D1F01207C1B01201EF1010032
:100DD000164830B5002203464FF0FF34144DD0E8DA
:100DE000EF1FA94204D1C0E8EC4FBCF1000FF6D1CF
:100DF0000CBF0121002112D16C2101FB0233012221
:100E00000C49DA61097893F8202061F3451283F8E0
:100E100020200222A3F84C2083F84E2030BD01325E
:100E2000082A00F16C00DAD10846F7E77C1B0120A4
:100E30001EF101005D1F012030B5024600236C2524
:100E4000054905FB03F460180C59944203D00133A3
:100E5000082BF6D1002030BD7C1B012010B50446C4
:100E600004300CF09BFCA06C08B1FBF719FA064BA0
:100E7000D4E8EF2FC4E8E13F0029F9D12046BDE8CE
:100E80001040FFF769BF00BF1EF1ADDE70B5082549
:100E9000064C074E2368B34202D02046FFF7DEFF20
:100EA000013D04F16C04F5D170BD00BF7C1B012035
:100EB0001EF101002DE9F8430F4C06460025A0461F
:100EC0004FF06C090D4B0E4F18702368BB420CD0CD
:100ED00009FB058393F8202066F3451283F8202050
:100EE000A36B13B120460CF0B4FA0135082D04F1C0
:100EF0006C04EAD1BDE8F8837C1B01205D1F012052
:100F00001EF10100112807DC002801DA00207047DB
:100F1000064B23FA00F005E0A0F1FF03122BF5D8F1
:100F20000348D84000F00100704700BF41000200B4
:100F30000900040010B5436904461BB90DF07DF9A2
:100F400023684360044B18680AF08BFA2046BDE81A
:100F500010400DF074B900BFDC1E0120032208B55B
:100F600011460448FBF726F9002818BF6FF02D0042
:100F700008BD00BFDC1E01202DE9F04F9A4600237A
:100F800087B081460E461446CDE903330593FFF73B
:100F900011F940B90120FBF703F96FF00A0420466C
:100FA00007B0BDE8F08FB9F1000F5CD1002E00F062
:100FB000C28000F019FD08B90D20ECE7002C49D1E2
:100FC000002506274FF0010801950A22002130462E
:100FD00003F0C8FC4FF6FE73421E9A4200F21B81DA
:100FE0004FEA002B4BEA102B1FFA8BFB002C6FD023
:100FF0002368DB046CD53A2130460EF0C8FB00B103
:10100000461C304685490EF041FC0A22002872D069
:101010000021033003F0A0FB0446814B4FF47A61BA
:1010200018680AF022FA002840F08C80B9F1000F0D
:1010300064D04846EFF7D2FD014618200CF07AF94B
:10104000064600285CD1764B6FF0090418680AF058
:1010500008FAA4E7236823F4A05323F002038BB11A
:101060004FF0FF349BE700F0BFFC0028A4D0002C19
:10107000F0D1002EA4D1354606274FF00108B34623
:10108000019625E0606838B9A06860B10CF026FBD5
:1010900048B96FF0060482E70CF01AFB0028F3D180
:1010A0006FF005047BE7E068A8B9606800F05EFEB9
:1010B000C3B20193A368E768002B08BF0123002F88
:1010C00008BF062725685FFA83F8BFB256B9B34652
:1010D0004FF0FF34A1E7A1680CF014FB0028E4D125
:1010E0006B2058E705F4A053B3F5805F7FF46DAF34
:1010F0004FF0000B7CE7014630468BE749469CE702
:101100000461B9F1000F07D04846EFF767FD494683
:10111000024630680EF0F8FA019B314647F20D00A6
:10112000B361C6F81C803762756103AA00F03EFE09
:101130001628044602D16FF0010430E705DC50B1F7
:101140000B2806D16FF0020429E7722801D1732021
:1011500021E720461FE72020DDF81090FBF796F8E6
:101160000646CAF8000070B3D9F808000CF0CAFFB0
:101170007060DAF800607368012B0DD0022B25D067
:101180003046FBF78DF86FF00504049800283FF413
:1011900006AF0CF0F6F802E70823C6E9028700273D
:1011A00033613560F76109F118085A464046B9F8CD
:1011B00014100CF0F4F87061DAF8006073693BB950
:1011C0003046FBF76DF86FF00904DEE71623E4E71D
:1011D00015F002051DD0B9F816000130FBF756F8DE
:1011E000DAF80030B061986928B95869FBF758F807
:1011F000DAF80000E5E7B9F81410B9F81620414410
:101200000EF082FADAF80020B9F816309269D75455
:10121000BBE7B561B9E76FF00704C0E64C5B0300BC
:10122000DC1E0120F8B548F20F03994205460E4630
:1012300041D022D848F20D03994234D048F20E032F
:10124000994234D00069FFF7F7FD044618B3B6F5AC
:10125000004F20D9A6F50046013E0B2E1BD8DFE833
:1012600016F07500BD007D007D007D0010011001AD
:101270007D008B001A001A00E00049F20403994235
:101280001DD0B1F5104F40D9C068FFF7D5FD044619
:10129000002840F03B812868002800F04681BDE826
:1012A000F8400CF06EB8BDE8F840FFF743BEBDE86B
:1012B000F8400CF0D7BABDE8F8400CF07DBA0369ED
:1012C000082B00F23281DFE813F01000160009004D
:1012D0000E0016003001300118001E000020BDE88D
:1012E000F840FFF7E7BD0120F9E70021E868BDE815
:1012F000F8400CF0B1B90121F8E70021E868BDE839
:10130000F8400CF0B5B90121F8E70069FFF794FD4A
:1013100004460028BFD048F281039E42BBD101465B
:10132000284600F07FFB1CE0A6F51046013E042E87
:10133000B1D801A353F826F09914020077140200E3
:10134000B513020097120200C11302006B692BB99A
:1013500028460CF072FFAA6943681A6028460CF010
:101360006EFF20460CF00BF9002800F0DE802046CE
:10137000BDE8F8400CF06DB890F8203043F0010360
:1013800080F820300CF0D2F818B1684B18680AF0D9
:1013900068F894F82030204623F00A0384F82030BF
:1013A0000CF0EDF810B120460CF053F82046FFF792
:1013B00055FDD3E72869692819D16823A361D0E7CF
:1013C00020460CF0E1F80028CBD028690CF0DFFEB5
:1013D0006A69014620460CF054F8C2E790F82030C4
:1013E000EE686FF3410380F82030686918B10CF0A3
:1013F000CEFEA061B5E720460CF082F828B994F83B
:10140000203043F0040384F8203020460CF078F8B4
:101410000028A6D0002EA4D00021204600F038FBE2
:101420009FE76B69F3B928460CF007FFAA69436888
:101430001A60426892F8203043F0040382F82030AA
:10144000436822691A61436862695A6183684BB1D3
:1014500005F10C0205F1300152F8040B8A4243F801
:10146000040BF9D194F82230002B3FF477AF013B05
:1014700084F8223072E794F82230013384F8223065
:101480006FE728460CF0D9FE6B6913B9AB6943606E
:1014900064E74FF0FF33FAE720460CF060F80746A8
:1014A000C0B91020FAF7F2FE064698B1394610226C
:1014B0000EF051F92B6873606B683381698A01B350
:1014C0002A8A05F114000BF06AFFF060C8B93046B3
:1014D000FAF7E6FE28680BF054FF20460CF001F8FE
:1014E00058B120460CF03BF838B994F8203043F05E
:1014F000800384F820300C23A36120460BF0F6FF14
:101500002FE7314620460BF0CCFF2AE749F20503CE
:101510009E427FF609AF49F282039E427FF4BBAE42
:101520002146284600F096FA1BE7F8BDE01E012090
:101530002DE9FF412D4B80461B780F4616463BB9DF
:101540000D20FAF72DFE4FF0FF3004B0BDE8F0811A
:101550000CF0BEF808B96A20F3E73046FFF7D2FC7A
:1015600008B97B20EDE738460CF0B8F808B96B20D5
:10157000E7E7394630460CF0C5F80028F7D0FFF70A
:1015800027FC054608B91720DBE7002114200BF0E3
:10159000D1FE044620B92846FFF760FC6920D0E759
:1015A0004FF0FF33037443748374C374404600F0F8
:1015B000DDFB606138460CF0ADFD0146A0613046B0
:1015C0000CF0A9FD2146E06101AA47F20100029555
:1015D00000F0ECFB044620B12846FFF73FFC204614
:1015E000AFE7C5E9038728686E61AEE75E1F01209B
:1015F00030B585B00546FFF71FFC044628B9092021
:10160000FAF7CEFD4FF0FF300EE0FEF7D3FD68B9DC
:1016100020460BF08BFF18B10E4B186809F021FF24
:101620002046FFF71BFC002005B030BD002108203C
:101630000BF080FE014608B96920E1E7056101AAC7
:1016400047F2090000F0B2FB0028ECD01628EAD0DF
:10165000D6E700BFE01E01202DE9F04385B08146AA
:10166000884614461D460C9EFFF7E6FB40B909204C
:10167000FAF796FD4FF0FF33184605B0BDE8F0834A
:1016800015B90EB11620F3E7B8F1290F00F0AD80BF
:101690000CDCB8F1010F11D0B8F1060F00F0A180F9
:1016A000B8F1000F00F09F806D20E1E7B8F58D7F65
:1016B00045D0B8F5007FF7D11E2C1EE03C2C30D071
:1016C0001DDC152C26D00ADC022C0CD0142CEBD1FE
:1016D0003246294605B0BDE8F0430CF0B4BD222CDB
:1016E0000ADC202CE0DD314610200BF023FE0746FB
:1016F00000287FD16920BBE7282CF4D0D4E73D2C0B
:1017000016D03F2CD0D13246294605B0BDE8F04373
:101710000CF0F8BD3246294605B0BDE8F0430CF0A8
:10172000A0BD3246294605B0BDE8F0430CF0A7BD88
:101730003246294605B0BDE8F0430CF0C0BD631E3B
:10174000132BB1D801A252F823F000BFAB1702004F
:10175000D5170200E7160200A9160200C7170200FB
:101760009D170200A9160200A9160200A916020080
:10177000A9160200A9160200B9170200E716020016
:10178000E7160200E7160200A9160200E71602009B
:10179000E7160200A9160200E716020032462946A3
:1017A00005B0BDE8F0430CF0BFBD3246294605B098
:1017B000BDE8F0430CF0CCBD3246294605B0BDE88B
:1017C000F0430CF0DABD3246294605B0BDE8F043DF
:1017D0000CF0E5BD3246294605B0BDE8F0430CF0FB
:1017E000EDBD372C89E71F2C87E7202C3FF47BAF1A
:1017F0003E2C82E7C0F8109040460CF0ABFC7861BC
:10180000204600F0BBFAB86125B132462946386857
:101810000DF07AFF394647F203007E6001AA00F01E
:10182000C5FA034600283FF427AF21E72DE9F0432E
:1018300085B08146884614461D460C9EFFF7FCFA8B
:1018400040B90920FAF7ACFC4FF0FF34204605B050
:10185000BDE8F08305B10EB90E20F3E7B8F1290F0A
:1018600000F096800CDCB8F1010F11D0B8F1060F32
:1018700000F08980B8F1000F00F088806D20E1E76A
:10188000B8F58D7F2DD0B8F5007FF7D11E2C7BE009
:10189000152C1FD00ADC042C15D0142CEED13246A6
:1018A000294605B0BDE8F0430CF0C2BDA4F1210308
:1018B000012BE3D8102031680BF03CFD07460028CF
:1018C0006AD16920BEE73246294605B0BDE8F0433B
:1018D0000CF09EBD3246294605B0BDE8F0430CF041
:1018E000B6BD621E132AC9D801A151F822F000BF6B
:1018F0006B19020079190200B5180200B518020030
:101900005D190200411902007D1802007D180200D5
:101910007D1802007D1802007D1802004F19020098
:101920007D180200B5180200B5180200B5180200B3
:101930007D1802007D180200B5180200B5180200DB
:101940003246294605B0BDE8F0430CF08FBD324663
:10195000294605B0BDE8F0430CF09EBD324629464D
:1019600005B0BDE8F0430CF0A9BD3246294605B0EC
:10197000BDE8F0430CF0B4BD3246294605B0BDE8E1
:10198000F0430CF0BFBD372C94D077E71F2CFBE75A
:10199000202C8FD03E2CF7E7C0F8109040460CF07A
:1019A000D9FB7861204600F0E9F93946B86101AA0F
:1019B00047F20400D7F8008000F0F8F9044620B19F
:1019C00040460BF0E4FC20463CE77A683368414629
:1019D0009A4228BF1A46284632600DF095FE4046CE
:1019E0000BF0D5FC32E700BF014B1878704700BF01
:1019F0005E1F012008B5FFF7CDF9FFF7AFFA40B938
:101A0000012206481146FAF7D5FB18B90122044B0A
:101A10001A7008BD6FF02D00FBE700BFE01E01202B
:101A20005E1F012010B543690C467BB191F8203050
:101A30006FF3C30381F8203040690CF0A8FB044B1E
:101A4000A061BDE81040186809F00BBD10BD00BFD3
:101A5000E01E012010B591F820300C466FF3C3034F
:101A600081F82030006960B9DBB223F0140343F041
:101A7000140381F82030054BBDE81040186809F0C8
:101A8000F0BC0CF084FBA061F5E700BFE01E012074
:101A90002DE9F743DFF8FC900446D9F800000191E6
:101AA00009F0E3FC074650B1019B002B70D11023D5
:101AB000A3614FF0FF37384603B0BDE8F083A06C58
:101AC000D8B1EFF78BF8461C94F84F8031464FEAB7
:101AD000880808F10C000BF02DFC054678B920466B
:101AE0000BF029FD08B16923A361D9F8000009F0C2
:101AF000B8FC6920FAF754FBDBE73E46E4E72368CD
:101B00004246036194F84C3004F15001037594F897
:101B10004E30183000F8023C94F84D3000F8033C89
:101B200094F84F3000F8013C0DF0EEFDF6B132466E
:101B3000A16C28680DF067FE6E6094F820300420D8
:101B400043F008032A4647F2810184F820300BF065
:101B500011FC20460BF0EFFC0028ACD120460BF026
:101B6000E5FC40B9A0690028A5D0C3E72E706E70CF
:101B7000AE70EE70E0E7022001A909F0EFFB10F172
:101B80000B0F05D00028E9D00028B8BF4042B1E7CC
:101B90007420AFE7E01E01202DE9F74F002507462E
:101BA00088462C464FF00A0ADFF868908DF80450FA
:101BB00001AE17F801BBBBF1000F09D1032D27DDE2
:101BC0000124019BC8F80030204603B0BDE8F08F27
:101BD000594610480DF0DBFD68B13278A0EB0903DF
:101BE0001AFB0233FF2B11D814B90135042DEBDC9D
:101BF00001243370DDE7BBF12E0F07D1002CE3D0B9
:101C0000042D03D0707004460136D2E70024DBE7D0
:101C10005C46D9E7725B03002DE9F04F87B00D46B3
:101C2000019201B12AB90E20FAF7BAFA4FF0FF304B
:101C300088E0012803D0022808D06A20F4E728466B
:101C4000019907B0BDE8F04FFFF7A6BF10220021B1
:101C500002A80DF080FD2B783A2B03D16B783A2B3C
:101C60006FD101350024A9462746A346A04602AEFF
:101C700015F801ABBAF1000F23D1BBF1000F64D00E
:101C8000B51C06AB9D425CD864BA3480B8F1000F35
:101C900064D006AB9D42A5EB080852D01A4600213D
:101CA0000123984553DA019A02AB06AD1C4603CCDA
:101CB000AC4210605160234602F10802F6D10120C7
:101CC00040E0514627480DF062FD88B9514626484C
:101CD0000DF05DFD70B1244A032F32DC821A42EA16
:101CE0000414B4F5803F2CD24FF0010B0137BFE74D
:101CF0001C4AF1E7BAF13A0F16D1BBF1000F05D13A
:101D0000B8F1000F1DD1A946B046B1E72B78C3B199
:101D1000B31C06AA934214D864BA3480A9461E465E
:101D2000044607468346A3E7BAF12E0F09D1351DB5
:101D300006AB9D4205D831464846FFF72DFF0028E7
:101D4000A4DC002007B0BDE8F08F35469EE715F80B
:101D5000010D013302F8010D2970A2E706AB9D4287
:101D6000EFD1A0E7615B0300505B030003289CBF39
:101D7000014B1856704700BF7D5B030002383C28BA
:101D80009ABF034B53F820004FF0FF30704700BF5D
:101D90006C580300013804289ABF034B53F8200005
:101DA0004FF0FF30704700BF585803004FF0FF332B
:101DB00037B50D4DCA60144615600A460146042029
:101DC00001930BF0D7FA2068A84202D00CF0DFF99B
:101DD00008E0022001A909F0C1FA0028F3D0002888
:101DE000B8BF404203B030BDEEC100BC2DE9F041A8
:101DF000056807460C463DB101F47043B3F5005F3A
:101E000004D1404BC3E90015BDE8F0813E4E336874
:101E100063B144F20402914264D00CD844F202034C
:101E200099424ED044F20303994253D03868BDE83A
:101E3000F0410BF0A6BA44F2012221F480739342E0
:101E40000FD044F203139942F0D1304C206808B10E
:101E50000BF097FA01222E4B1A702560042033688C
:101E600026E0DFF8B080D8F8000008B10BF089FA5E
:101E700044F201339C420CBF0322022295F85170B8
:101E8000254B264C1A70C8F8005017F00805336827
:101E9000227810D01AB9052098470123237007F043
:101EA0004107012F02D1022033689847012033688F
:101EB000BDE8F0411847002AF1D006209847257068
:101EC000EDE7174C206808B10BF05BFA032033688C
:101ED0002560EDE70D4C206808B10BF052FA0022A6
:101EE0000B4BB9E72A78032AA0D8DFE802F00205F5
:101EF00007090720984799E70820FBE70920F9E739
:101F00000A20F7E7F41E0120E41E0120E81E01204C
:101F10005F1F0120F01E0120601F0120611F0120B2
:101F2000EC1E012008B50023094A0A4813700A4A2A
:101F300013700A4A13700A4A13700A4A1360012286
:101F40001146FAF737F9002818BF6FF02D0008BDC9
:101F5000611F0120FC1E0120631F0120621F012060
:101F6000601F0120E41E012010B50B4C206818B141
:101F70000BF007FA00232360084C206818B10BF01F
:101F800000FA00232360064C206818B10BF0F9F921
:101F900000232360002010BDF01E0120EC1E012054
:101FA000E81E012030B4074B1C6844B143688589A2
:101FB000A4460268C1899BB2E8B230BC604730BC1D
:101FC000704700BF001F012000210122074B19703C
:101FD000074B1A70074B1970074B1960074B1960B4
:101FE000074B18600748FAF7E5B800BF641F0120E7
:101FF000661F0120651F0120081F01200C1F012002
:102000001C1F0120041F0120024B186808B109F0B1
:1020100028BA7047041F012070B4284B1B68196947
:1020200058691A7C00221A745C7C5A749C7C9A74DD
:10203000DC7CDA741C7D1A755C7D5A759C7D0329E5
:102040009A75DC7DDA7529D0042929D001290FD1B0
:1020500085681B4E954210D11A7A0121002219720F
:10206000597A5A72997A9A72DA7A6FF05F02DA7252
:10207000144B70BC186809F0F4B9911C00EB810195
:102080004C682178622907D0633918BF01214900C3
:1020900046F821400132DDE70121F9E7187ADEE751
:1020A000187A1972597A5A72997A9A72DA7A6FF0A2
:1020B0005F02DA720122044B1A70D9E71C1F01205B
:1020C000101F0120041F0120651F012004280CD8C7
:1020D000DFE800F0030D05070900064870470648D1
:1020E00070470648704706487047064870470648DC
:1020F000704700BF605903008459030094590300DE
:10210000A0590300B05903007059030030B108B55D
:102110000CF0ACFD20B1037823B108BD0248704734
:102120000148FAE70048F8E7300F030010B504460D
:10213000F5F784FD034A0121034806F012F8204612
:102140000CF05BFAC0590300640503002DE9F04769
:1021500082B000AF05460C46EFF31188202383F3CD
:102160001288BFF36F8FDFF8C491D9F80860FFF7CA
:10217000ADFF99F81010E94601233B7103237B71F1
:102180008AB0EC461CF1100221D04FF0160E5AB165
:102190007346BEF1040F03DDDFF894A1CCF814A060
:1021A000082B01DDCCF8185001233B7003237B7012
:1021B000D2B17346BEF10C0F01DDCCF81C00102B20
:1021C00001DDCCF820100CF1240300210AE06FF0AF
:1021D000004EDCE701F10800384410F8080C03F861
:1021E000010B01310129F5D9BEF1150F50DD162380
:1021F0004AB10521397100217971B9710121F97153
:102200007868CCF8100000216FF300016FF34101F2
:102210006FF382016FF3C501012060F38811C3F3EE
:102220000A0363F353216FF31F5100234148F5F76D
:10223000E5FDCD461CB1E369C3F308035BBB304643
:10224000FFF764FFE94601233B7103237B718AB0EA
:10225000EC461CF1100224D04FF0120E52B173461E
:10226000BEF1040F02DD3449CCF81410082B01DD57
:10227000CCF8186001233B7003237B70F2B1BEF1F0
:102280000C0F01DDCCF81C000CF12003002113E041
:102290006FF01B03ACE7294A0121264805F061FFD6
:1022A000CDE76FF0004ED9E701F10800384410F88F
:1022B000080C03F8010B01310129F5D9BEF1110F0A
:1022C00031DD12234AB10421397100217971B971CC
:1022D0000121F9717868CCF8100000216FF300013A
:1022E0006FF341016FF382016FF3C501012060F3C9
:1022F0008811C3F30A0363F353216FF31F510023C3
:102300000C48F5F77BFDCD4621462846FFF70EFF2A
:1023100088F31188BFF36F8F3046F7F753F808370B
:10232000BD46BDE8F0876FF01B03CBE778E20020E5
:10233000D0590300640503001C5A0300F859030038
:1023400010B586B0C823114C03FB004400EB800C91
:10235000C0EBC0000E4B03EB80030E4A0592012236
:1023600004920F22039200220292019200930A4BE0
:102370004FF4A072094901EB8C11204600F0C4FD16
:10238000637B23F00403637306B010BDE8E0002014
:1023900078E20020345A0300F1E60200687D012053
:1023A00038B505460B4B53F8204002E023689847A8
:1023B00008346B1C074A52F82330A34209D96068DD
:1023C0000028F3D0037F13F0010FF1D10CF0ECF8EB
:1023D000EEE738BD3C5A030008B553EA020102D1CA
:1023E00001F098F908BD0249183001F093FBF9E7B4
:1023F00033EF020010B586B0184C14E0636A059301
:10240000236A0493E3690393A369029363690193C5
:1024100023690093E368A2686168206800F074FD96
:1024200023685C6630340E4B9C42E7D301F08CF895
:102430000A4C00E030340A4B9C420BD2A26AE36A99
:10244000B3F1FF3F08BFB2F1FF3FF3D02068FFF7C1
:10245000C3FFEFE701F090F806B010BD580303008A
:102460008803030008B50A4B01221A700320FFF706
:1024700097FFF6F7C3FA0420FFF792FFFFF7BAFFC2
:10248000EEF750FD034A137B23F00103137308BDDD
:10249000671F0120B0E1002008B50146014A02484B
:1024A000F7F788F865240200B0E1002010B5044673
:1024B000FFF746FFC8230D4903FB04110C4BC4EB87
:1024C000C40203EB8202D16014740A4901EBC421F7
:1024D00001F500615160E21C03EB0212C4EBC4047D
:1024E00003EB84039A610123137210BDE8E000201E
:1024F00078E200206875012070B586B001F074F8AC
:10250000104D114BDD61114B059301230493002401
:1025100003940294019400940D4B4FF480520D49A2
:10252000284600F0F1FC06466B7B23F004036B7336
:1025300028460CF096FC2046FFF7B8FF304606B060
:1025400070BD00BFB0E1002078E200203C0903002C
:1025500065240200A87E012008B50020FFF720FFB7
:10256000194B03F5006282F3088883F30A88174C3D
:10257000E02384F822300023E37723766376A37682
:1025800084F82030626A42F4E022626284F82330E8
:10259000F6F772FEF7F732F84FF0FF33A362E3620B
:1025A000F7F7F4F9F7F75AF8F5F7A4FA084800F046
:1025B0001FFD0120FFF7F4FE0220FFF7F1FEFFF7F9
:1025C0009BFFFFF769FF00BF6875012000ED00E089
:1025D000B8E2002010B5064C05E0A268616820460C
:1025E0000CF062F81434034B9C42F6D3002010BD6B
:1025F00078CD0020A0CD002010B584B0044C02940A
:10260000CDE900230A4600210BF0FFFF04B010BD06
:10261000BB7102002DE9F04F83B004460D469DF8D2
:10262000309000F1080AEFF31187202181F312881E
:10263000BFF36F8FB846006AE16888425BD22668B4
:10264000B44227D0B6F1000B18BF4FF0010B1EBBF0
:10265000BBF1000F31D1B9F1000F3AD1A269236962
:102660009A4245D0A069A268801AA06129460DF05F
:102670004BF8236A01332362102104F124000CF08B
:10268000B1FF00283CD03946504600F031FF4FF0F2
:10269000000B39E00026D5E77268336813605A6092
:1026A000002333607360727B22F002027273B360A6
:1026B00006F118000CF047FDCAE7A2682946306908
:1026C0000DF022F80023C6F8C03030460CF0C9FBEC
:1026D000D9E7A2682946E0690DF016F8E369A26817
:1026E0001344E36162699342C3D12369E361C0E7A4
:1026F0006369A361B6E753EA020109D16FF0220BC7
:1027000088F31188BFF36F8F584603B0BDE8F08F90
:10271000054989680D610092019322463946504669
:1027200000F024FE8346EFE778E200202DE9F04137
:1027300082B00446084604F10807EFF3118620250D
:1027400085F31288BFF36F8F256A65B953EA0201DA
:1027500060D16FF0220586F31188BFF36F8F284692
:1027600002B0BDE8F081A268A1690CF0CDFFA369B9
:10277000A2681344A361626993422AD0236A013B91
:102780002362D4F80080444526D0B8F1000518BF74
:102790000125B8F1000F22D1002DDCD0A268D8F8B5
:1027A0001010E0690CF0B0FFE369A2681344E36124
:1027B000626993422BD0236A013323620025C8F853
:1027C000C05040460CF04DFB3146384600F090FEBC
:1027D000C5E72369A361D1E74FF00008D5E7D8F832
:1027E0000420D8F8003013605A600023C8F8003085
:1027F000C8F8043098F80D2022F0020288F80D2065
:10280000C8F8083008F118000CF09DFCC4E72369F3
:10281000E361D0E705498968086100920193224687
:102820003146384600F0A2FD054698E778E20020E0
:102830002DE9F04182B00446EFF31187202181F3A6
:102840001288BFF36F8FC16899B9002950D1364BF8
:102850009B6893F90E3023610131E160324B9B6834
:10286000A36087F31188BFF36F8F002002B0BDE82B
:10287000F08116461D4682682B4B9B689A42E4D035
:1028800055EA060136D092F90E80414693F90E00C2
:102890000BF099FF804534DC4FF00008009601955D
:1028A00022463946214800F061FD0028DED0EFF3D2
:1028B0001185202383F31288BFF36F8FA36843B37E
:1028C00023689C4223D013B3216993F90E000BF0C7
:1028D0007AFF014620460BF081FFE8B9B8F1000FFE
:1028E0001AD185F31188BFF36F8F6FF00A00BDE72F
:1028F0002369B0E787F31188BFF36F8F6FF00F0084
:10290000B4E7014620460BF069FF8046C6E721691F
:10291000E0E7B8F1000FE4D02946044800F0E8FDF4
:102920006FF00A00A2E700BF78E20020201F01201C
:10293000F8B58368002B47D00446264A9268934234
:1029400045D1C368012B04D9013BC360002528464B
:10295000F8BDEFF31186202383F31288BFF36F8F46
:1029600001690BF03BFF2768A7420CD03D1E18BF42
:10297000012557B9A760CDB90023E36086F311881C
:10298000BFF36F8FE3E70027F0E77A683B681360D7
:102990005A6000233B607B607A7B22F002027A73EC
:1029A000BB6007F118000CF0CEFBE3E797F90E309F
:1029B00023610025C7F8C05038460CF052FA314662
:1029C000054800F095FDC2E76FF01505BFE74FF031
:1029D000FF35BCE778E20020201F012010B582B04F
:1029E00001468446EFF31184202080F31288BFF360
:1029F0006F8F5CF8080B88B1036823F003030B604A
:102A00004A68904208D001210BF09EFF84F31188A0
:102A1000BFF36F8F02B010BD4B60F4E753EA0201C1
:102A20000BD00092019362462146604600F09EFC66
:102A300048B9064B9B681869ECE784F31188BFF32B
:102A40006F8F0020E6E70020E4E700BF78E2002077
:102A5000F8B50446EFF31186202383F31288BFF301
:102A60006F8F0568A84216D02F1E18BF0127A5B981
:102A700027BBA368E268934228D001221344A360D5
:102A8000022104F110000CF0ADFD08BB86F31188A3
:102A9000BFF36F8FF8BD0025E6E76A682B68136007
:102AA0005A6000232B606B606A7B22F002026A731B
:102AB000AB6005F118000CF046FBD9E70023C5F820
:102AC000C03028460CF0CDF90120DEE70022D5E722
:102AD0003146024800F00CFDDCE700BF201F01205A
:102AE00010B582B0EFF31181202484F31288BFF374
:102AF0006F8F846844B1013C846081F31188BFF317
:102B00006F8F002002B010BD53EA020406D000927D
:102B100001930246054800F029FCF3E781F3118890
:102B2000BFF36F8F6FF00F00ECE700BF201F012095
:102B30002DE9F0410546EFF31187202383F3128836
:102B4000BFF36F8FB846002619E000241AE06268D0
:102B5000236813605A60002323606360627B22F065
:102B600002026273A36004F118000CF0ECFA6FF03B
:102B70000A03C4F8C03020460CF073F901262C6813
:102B8000A542E2D0002CE2D1002CF0D10023AB60B2
:102B9000022105F110000CF025FD28B926B988F3B3
:102BA0001188BFF36F8F03E03946024800F0A0FCA4
:102BB000BDE8F081201F012080B338B50D460446E2
:102BC0001C4B9A68D0F8C8309A421BD000231A4692
:102BD000D4F8E430C3F38001C3F3C00013F0010F55
:102BE0001FD001B102B300B109B300232B60D4F8A8
:102BF000D03073B11D60C4F8D05020460BF017FFE1
:102C0000012038BD0CF02CF808B90123DFE70023C0
:102C1000DDE7C4F8D050C4F8CC50EEE76FF01500F3
:102C200070476FF01200ECE76FF00F00E9E76FF00C
:102C30000F00E6E778E2002010B5C36823F0020336
:102C4000C360134B1C687CB1236803B10CB1002135
:102C50000FE02346FBE722460D480BF0A3FE04F1EC
:102C60000800FFF7F5FE10BD2346F0E71A461C46A4
:102C70001346002CF7D062688242ECD02146002B2C
:102C8000F4D01A68002AF2D0002BF0D11A46EEE7F1
:102C9000201F012070B584B00546EFF31186202374
:102CA00083F31288BFF36F8FD5F8CC40002C3FD050
:102CB0002368C5F8CC30D5F8D02094424DD0D5F853
:102CC000E43043F00203C5F8E430E36843F0010266
:102CD000E26023F0040343F00103E360636886F3DA
:102CE0001188BFF36F8F20469847EFF3118620239A
:102CF00083F31288BFF36F8FE36823F00103E3606F
:102D000013F0100F44D1E36813F0020F44D1D5F84B
:102D1000E43023F00203C5F8E430C3F3002386F364
:102D20001188BFF36F8F002BB7D100F065FCB4E7BB
:102D3000D5F8E43023F00402C5F8E42013F0040FC2
:102D40000ED112F0100F14D00023C5F8E43086F332
:102D50001188BFF36F8F04B070BDC5F8D030AEE7F7
:102D600005F1DC040022012120460CF07AF900284C
:102D7000F8D1002302934FF0FF324FF0FF33CDE93B
:102D8000002305F1D4023146054800F0A3FD84E795
:102D900020460BF0B3FEB6E72046FFF74DFFB6E73F
:102DA000281F012008B58446084653EA02010CD0CA
:102DB000C16841F00801C160DCF80010816205497A
:102DC000103000F0A7FE012008BD61460BF039FE6F
:102DD000FAE700BFA3EA020008B5014601480BF07C
:102DE000C3FE08BDA0E30020F0B589B004460E9DE7
:102DF0000020C4F8CC00C4F8D00004F1D400C4F81A
:102E0000D400C4F8D80004F1DC00C4F8DC00C4F835
:102E1000E0003DB3287938BB0120C4F8E4004FF04E
:102E2000FF364FF0FF37CDE906670020049003938B
:102E30000290019000940E4B20460BF024FF55B1F8
:102E4000296811B1204600F033F86B791BB1237B60
:102E500043F001032373204600F05CFCC4F8C84033
:102E600009B0F0BD0120D8E740F20110D5E700BF5E
:102E7000952C020008B5014601480BF08BFE08BDF9
:102E8000A0E3002008B5014601480BF09CFE08BDF8
:102E9000A0E3002008B553EA020102D100F03AFC99
:102EA00008BD0249183000F035FEF9E733EF0200A3
:102EB00010B5044640B11F2204F188000CF0A3FCB9
:102EC000002084F8A70010BD014B9C68F3E700BF09
:102ED00078E200200B4B9B685A7B12F0010F10D157
:102EE000D3F8A8301A68B2F1F03F0AD04FF0F032B0
:102EF0001A60002383F31188BFF36F8F02231846F3
:102F000002DF704778E200202DE9F04F85B00446DB
:102F10000F4615461E46DDF838A0DDF83C90DDF87A
:102F20004080DDF84CB000F168038366C366129BF5
:102F3000042211990BF09CFE2A46394620460BF0DC
:102F400071FE0546CDF80880CDF80490CDF800A0BC
:102F50003346024639462046F6F706FB00236366F1
:102F60006667C4F878A0C4F87C90C4F88080EFF35A
:102F70001182202383F31288BFF36F8F174B996A56
:102F8000C4F884109C6282F31188BFF36F8FBBF189
:102F9000000F1BD01F22594604F188000CF033FCAF
:102FA000002384F8A7300D4B9B689BB1D3F8B43055
:102FB000C4F8B430002323636363A363E363012392
:102FC00084F83830284605B0BDE8F08F002384F837
:102FD0008830E8E7C4F8B430F4E700BF78E20020B6
:102FE00008B5024B986801F015F808BD78E200209A
:102FF00010B504460123437303730023C0F8A830BF
:10300000C0F8AC3001F0D8F8014B9C6010BD00BF97
:1030100078E20020437B90F90D20002A51DB13F069
:103020001F0F4ED110B563F07F034373254A52F84A
:10303000203F93420ED100230CE05A6842600360A7
:10304000106058601EE01A461E49496A8A420FD035
:103050001B687BB173B190F90E1093F90E20914269
:10306000F1D0521A002AE8DC1A46002BECD1F0E726
:103070000023EEE7134B5A6A03F12001016042601E
:10308000106058620F4B53F8204F9C420ED06CB129
:103090000C4B9B685A7B12F01F0F0AD1DA897F2AEA
:1030A00007D9A2692AB9074AD36109E0054BDC6850
:1030B000EEE7A34202D0204600F056FC014BDC6153
:1030C00010BD704778E2002010B5437B90F90D20C9
:1030D000002A14DB154B9A6853F8204F9C4219D0F4
:1030E000C4B1824219D0537B13F01F0F15D1D3897D
:1030F0007F2B12D9A36983B90C4BDA6114E003F07A
:103100007F0343734268036813605A6000230360BF
:103110004360DFE7054BDC68E3E7A24202D02046CC
:1031200000F022FC014BDC6110BD00BF78E2002002
:1031300010B50446FFF7CEFE0A4A9368C3F8BC40B8
:103140006FF00A01C3F8C01007494B6843F0805381
:103150004B60002383F31188BFF36F8F9368D3F81C
:10316000C00010BD78E2002000ED00E02DE9F8433A
:1031700005460C46414B9E68737B13F0600F2BD0C5
:1031800013F0200F2DD008271F4225D13B43737326
:1031900013F0800F27D1082F30D04FF00009374BA4
:1031A00053F8208F98454ED0B8F1000F4BD0334BD9
:1031B0009B68434502D0404600F0D6FB2F4BC3F836
:1031C0001C80102F08D0304605F03CF9304600F046
:1031D0005DFCB9F1000F3AD184F31188BFF36F8F12
:1031E00046E01027D0E703F07F03737372683368FB
:1031F00013605A60002333607360CCE7B3685BB13F
:103200007268336813605A60002333607360727BA6
:1032100022F002027273B36030460BF0EEFD06F14D
:1032200068000BF0EFFD154B9B689E4202D04FF0FB
:103230000009B4E7EFF3058313B94FF00009AEE7D7
:103240004FF00109ABE70D4BD3F80C80AFE70C480A
:10325000FFF7CEFEC0E7EFF31184202383F312883B
:10326000BFF36F8F0BF04FFA84F31188BFF36F8FAA
:103270006B7B13F0600FEED1BDE8F88378E200209D
:10328000B8E20020B3F1FF3F08BFB2F1FF3F00D129
:10329000704708B50249183000F03CFC08BD00BF7B
:1032A00033EF020010B5437B90F90D20002A0ADBB2
:1032B000437B63F07F0343732B4A52F8203F9342D2
:1032C00019D1002317E003F07F03437342680368BA
:1032D00013605A60002303604360E9E75A68426064
:1032E0000360106058601EE01A461F49496A8A420E
:1032F0000FD01B687BB173B190F90E1093F90E20BB
:103300009142F1D0521A002AE8DC1A46002BECD187
:10331000F0E70023EEE7144B5A6A03F12001016045
:10332000426010605862104B9A6853F8204F9C42DC
:103330000ED06CB182420ED0537B13F01F0F0AD116
:10334000D3897F2B07D9A3692BB9074BDA6109E031
:10335000054BDC68EEE7A24202D0204600F004FBF9
:10336000014BDC6110BD00BF78E2002010B50C46B7
:1033700011460A4882680A4B1A60EFF31183202332
:1033800083F31288BFF36F8FDDE9022380680BF0AF
:103390005CFD2046FFF7CCFE10BD00BF78E20020A8
:1033A000281F01202DE9F04104460E460023EFF3CB
:1033B0001185202282F31288BFF36F8F1F4650E0E1
:1033C00003F07F0363736268236813605A6000230D
:1033D0002360636071B2A173637B63F07F036373E7
:1033E000424A52F8203F93420ED100230CE05A6823
:1033F0006260236014605C601CE01A463B48406ACF
:1034000082420DD01B686BB163B193F90E209142DB
:10341000F3D0521A002AEADC1A46002BEED1F2E76A
:103420000023F0E7314B5A6A03F12001216062600A
:1034300014605C622D4B53F8208F984520D0B8F172
:10344000000F1DD0294B9B68984502D0404600F0E4
:103450008BFA264BC3F81C8085F31188BFF36F8F5E
:103460000123002B3FD1637B03F01F02002A0CBF16
:1034700001270027A4D013F0020F05D1A673EBE7B4
:103480001A4BD3F80C80DDE7A168626823681360EB
:103490005A6000232360636070B2A0730B68994286
:1034A0000DD100230BE05A686260236014605C60F9
:1034B000D2E79C464A6894450DD01B686BB163B156
:1034C00093F90E209042F4D0121A002AEBDC9C46AD
:1034D000002BEFD1F2E70023F0E74B682160636037
:1034E0001C604C60B8E73846BDE8F08178E2002007
:1034F00008B50B4659B9EFF3058242B9064AD069BF
:103500009268904203D00846FFF712FE03E083F36F
:103510001188BFF36F8F08BD78E2002008B503461D
:1035200050B9EFF305823AB9064AD16992689142DF
:1035300002D0FFF7FDFD03E083F31188BFF36F8F27
:1035400008BD00BF78E200200023EFF311812022A4
:1035500082F31288BFF36F8F09E0064B9A68D37B22
:10356000013BD37381F31188BFF36F8F0123002BCD
:10357000F3D0704778E2002038B50023EFF31185CF
:10358000202282F31288BFF36F8F0EE0154BDC68A8
:1035900017E0A24202D0204600F0E6F9114BDC61B0
:1035A00085F31188BFF36F8F0123BBB90D4B9A6868
:1035B000D17B0131D17353F8204F9C42E6D0002CCF
:1035C000E4D0537B13F01F0FE3D1D3897F2BE0D9D5
:1035D000A369002BDDD1034BDA61E1E70BF0DDFCE1
:1035E00038BD00BF78E2002008B502480BF0F7FCB8
:1035F00008BD00BF94E2002038B5EFF3118420230A
:1036000083F31288BFF36F8F224B9A685B6A9A42EA
:1036100005D01368516812680A60516006E0002303
:10362000F8E71C4A526A934212D01B6893B1194AB8
:10363000906890F90E1093F90E209142F1D0521A31
:10364000002AEEDD5A6842600360106058600AE0AC
:103650000023EBE70F4B9A68596A03F120001060D2
:1036600051600A605A620B4B53F8205F9D420DD0A7
:1036700065B1084B9B689D4202D0284600F074F962
:10368000044BDD612046FFF753FD38BD014BDD687B
:10369000EFE700BF78E20020F8B551EA000328D038
:1036A00005460C46EFF31187202383F31288BFF3FE
:1036B0006F8F154EB068154B1860FFF705FDB068A9
:1036C0002A4623461249183000F024FA0446B2680C
:1036D000537B43F0040353733846FFF729FDB36867
:1036E0009A6ADB6AB3F1004F08BF002A05D00020B8
:1036F000F8BDFFF781FF0020FAE70BF053FD201A19
:103700000028F5DC0020F3E778E20020281F0120E4
:1037100033EF020038B5EFF31185202383F31288CD
:10372000BFF36F8F437B13F0040F04D185F311882F
:10373000BFF36F8F38BD044618300BF004FD637B78
:1037400023F0040363732046FFF764FC2946024814
:10375000FFF7CEFEEEE700BF281F0120014B98685F
:10376000704700BF78E200202DE9F843037B03F0A7
:103770000107EFF31186202383F31288BFF36F8FC5
:10378000457B15F0080F1AD10446B14600F16808D0
:103790000BF0FFFA10B345F020056573EFF30583D6
:1037A0009BB131462046FFF7E1FC67B1002383F36C
:1037B0001188BFF36F8F0423184602DF03E086F3FE
:1037C0001188BFF36F8FBDE8F88341463F4B98687F
:1037D0000BF0E1FA3046FFF7ABFCE6E745F00803F3
:1037E000637313F0800F36D1A3685BB162682368FE
:1037F00013605A60002323606360627B22F0020240
:103800006273A36004F118000BF09DFC40460BF0BE
:10381000F9FA2E4B9A6894422AD000262B4B53F883
:10382000205F9D422BD055B3AA4202D0284600F01B
:103830009BF8264BDD61204604F004FE204600F094
:1038400025F9FEB9214B9B689C421FD089F3118852
:10385000BFF36F8FA9E705F07F0545F00805657395
:103860006268236813605A60002323606360BBE7CB
:10387000EFF305830BB90026D0E70126CEE7134B03
:10388000DD68D1E71248FFF7B3FBDBE7EFF3058311
:10389000002BDBD1237B13F0010F12D089F31188A9
:1038A000BFF36F8F002383F31188BFF36F8F04235F
:1038B000184602DFEFF31189202383F31288BFF348
:1038C0006F8F4846FFF734FC6FE700BF78E20020B7
:1038D000B8E200202DE9104883B0089CDDE906BC61
:1038E000CDE900BCFFF742FD1CB1034B9B681B698F
:1038F000236003B0BDE8108878E20020044BC01AB2
:10390000C010044B03FB00F0034B01221A54704714
:1039100080E30020ABAAAAAA2C1F0120C3897F2B19
:1039200011D80E4B1B687BB190F90E200C4B1B6815
:103930009A420CDB437B13F01F0F0AD1094B9842CC
:1039400009D0012300E0002303F0010070470023A9
:10395000FAE70023F8E70023F6E700BFCCCC00200D
:10396000301F0120E8E0002070B505460D4B1E7C9D
:1039700006EB46030C4C04EBC30420460BF0E3FBC0
:103980000A4B00229A552846FFF7C8FF00B970BDC0
:10399000074B1A68013AD3170649204600F0BAF8D7
:1039A000F5E700BF78E2002080E300202C1F012013
:1039B000CCCC0020FD38020038B5EFF31185202370
:1039C00083F31288BFF36F8F144B9C68144B1B68F2
:1039D000A34217D0124B00221A60104B1B7C114AD5
:1039E000D35C53B12046FFF799FF30B1637B13F0EE
:1039F0001F0F0FD02046FFF7B7FF85F31188BFF3E5
:103A00006F8F38BD2046FFF7AFFF85F31188BFF3F6
:103A10006F8FF6E72046FFF745FCEBE778E20020E2
:103A2000281F01202C1F01202DE9F84381468846DC
:103A300017461E46EFF31185202383F31288BFF348
:103A40006F8F114B9C6A04E041462046C847D4F86A
:103A5000844094B1002EFAD1002FF5D085F311885F
:103A6000BFF36F8F41462046C847EFF311852023EF
:103A700083F31288BFF36F8FE9E785F31188BFF3F3
:103A80006F8FBDE8F88300BF78E20020EFF311816B
:103A9000202383F31288BFF36F8F0C4B9B6A834202
:103AA00005D1D3F88420094B9A620AE013461BB172
:103AB000D3F884208242F9D11BB1D0F88420C3F816
:103AC000842081F31188BFF36F8F704778E2002064
:103AD000034B1868984200D070470020FCE700BFF5
:103AE000D0CC002030B1044A5268904201D0006826
:103AF00070470020704700BFD0CC002008B5044BB1
:103B00001B680BB1002008BDF8F702FAFBE700BF05
:103B1000341F01202DE9F04F83B0B3F1FF3F08BF00
:103B2000B2F1FF3F0ED0044691461F46816000234C
:103B3000EFF3118A202282F31288BFF36F8F1D46A4
:103B4000019335E0002501952846019903B0BDE8B1
:103B5000F08FFFF7D3FF8046013547F10006451986
:103B600046EBE07625616661344A13685268ED18C9
:103B700046EB020301934FF0010B38E0C91A66EBE4
:103B80000202016142614368636020601C6044601E
:103B900005E02B4B5A682360626014605C60FFF79D
:103BA00097FF844237D08AF31188BFF36F8F0123C8
:103BB000002BC9D14D460197002FCADA1F4B196857
:103BC0005B68691843EB07036FF00102521A4FF06C
:103BD000FF3161EB030310461946012A73F100031C
:103BE00001DA01200021206161614FF0000BFFF735
:103BF0006FFF0028CDD001694669236962698B4255
:103C000072EB060EBADB5B1A62EB0602236162619D
:103C1000FFF768FFEDE70B4B1B68002BC3D1BBF12F
:103C2000000F06D040460BF073FA0021F8F736F982
:103C3000B9E7FFF763FF8046F4E700BF98E3002091
:103C4000D0CC0020341F012070B5EFF31186202363
:103C500083F31288BFF36F8F2A4B1860FFF738FF8A
:103C6000044623E0284A136851685B1941EBE5716B
:103C70001360516000220023C4E9042320460BF0A6
:103C800030FA86F31188BFF36F8FA36820469847F8
:103C9000EFF31186202383F31288BFF36F8F194A45
:103CA00013685B1B1360FFF713FF04463CB12569E3
:103CB0006169144B1A68D317AA428B41D2DA44B116
:103CC000236962690F4909685B1A62EBE17223613B
:103CD00062610D4A0B4D2868136851681B1841EB4F
:103CE000E0711360516000242C6020460BF010FA44
:103CF0002146F8F7D3F886F31188BFF36F8FFFF7EB
:103D00005BFE70BD341F012098E3002010B5002237
:103D1000EFF31184202383F31288BFF36F8F1346D0
:103D200011460CE0FFF7EAFE074A13685168C31812
:103D300041EBE07184F31188BFF36F8F0122002AF9
:103D4000F0D0184610BD00BF98E30020F8B5EFF39F
:103D50001183202282F31288BFF36F8F026822B191
:103D600083F31188BFF36F8FF8BD04461D46826A46
:103D7000C36A52EA030105D0B3F1FF3F08BFB2F1B5
:103D8000FF3F27D1236B01332363236A6BB185F394
:103D90001188BFF36F8F236A20469847EFF3118590
:103DA000202383F31288BFF36F8F04F11803A469F3
:103DB000A34252D0002C50D020460BF06DF80023C7
:103DC000C4F8C03085F31188BFF36F8F20460BF025
:103DD00048F8C9E716461F46012A73F1000301DAC5
:103DE00001260027013E47F1FF370BF0DFF90130D4
:103DF00041F10001801947EB0101012871F1000137
:103E000008DA6FF001024FF0FF3316492046FFF742
:103E100081FEB7E70BF0CAF9013041F100018019CA
:103E200047EB01016FF0020383426FF000438B41C7
:103E300003DA00224FF00043E7E70BF0B7F9431C29
:103E400041F10002991947EB02036FF00102521A87
:103E50004FF0FF3161EB0303D7E785F31188BFF320
:103E60006F8F81E74D3D0200F8B51D46EFF31187D6
:103E7000202383F31288BFF36F8FB5F1FF3F08BF94
:103E8000B2F1FF3F21D0064614462B46002D08DB39
:103E9000012A73F1000301DA01240025013C45F1F8
:103EA000FF3530460BF04FF9DDE90623C6E90A235A
:103EB0000023336322462B4606493046FFF72AFE8D
:103EC00087F31188BFF36F8FF8BD87F31188BFF3B5
:103ED0006F8FF9E74D3D020000238360437B03F0C1
:103EE0003F03102B05D8084A22FA03F313F0010F01
:103EF00000D170470368002BFBD0426813605A6002
:103F0000002303604360F4E7160101002DE9F0434C
:103F100083B0074616461D46274B9C68012384F84C
:103F2000703084F8713055EA02030CBF012300237E
:103F300004F170020BF0A9FA8046EFF311892023F7
:103F400083F31288BFF36F8F94F870300BB30023A4
:103F500084F8703055EA060326D000960195174A7A
:103F600049461748FFF702FA0446EFF3118220236F
:103F700083F31288BFF36F8F1546414638460BF026
:103F80006AFA85F31188BFF36F8F204603B0BDE84E
:103F9000F0834A46014638460BF05DFA89F31188F2
:103FA000BFF36F8F0024F0E789F31188BFF36F8FA1
:103FB0006FF00A04E9E700BF78E20020D8CC0020C7
:103FC000381F012038B50346EFF31185202282F314
:103FD0001288BFF36F8FC160012282600068834244
:103FE00010D04268036813605A6000230360436086
:103FF00001210BF0BDFA044629460548FFF778FA7F
:10400000204638BD85F31188BFF36F8F0024F7E792
:10401000381F012008B50BF028FB014B586108BD83
:1040200078E2002038B5EFF31185202383F312885E
:10403000BFF36F8F0D4B5C693CB90C4B00225A618A
:1040400085F31188BFF36F8F38BD0BF00EFB041B97
:10405000064B986890F8383023B9214603480BF096
:10406000EAFAEAE721460BF0F8FAF6E778E20020F0
:104070002DE9F84305460C46EFF31186202383F320
:104080001288BFF36F8FC0EBC0031B4A02EB8303A0
:10409000934219D018498A6913685268A360E26094
:1040A000C5EBC50501EB8501C868016B406B21615B
:1040B00060615B1842EB00022360626086F3118846
:1040C000BFF36F8FBDE8F8830BF0CFFA07460A4BBA
:1040D0005A69A0EB0208986890F8383043B9DFF8C5
:1040E0001890414648460BF0A6FAC9F81470D1E77B
:1040F00041460BF0B2FAF2E778E200202DE9F843EE
:1041000005460C46EFF31186202383F31288BFF394
:104110006F8F164B9B6883420FD0D5E90C23C4E9FF
:104120000023C4E9022300220023C4E9042386F308
:104130001188BFF36F8FBDE8F8830BF096FA07463E
:104140000A4B5B69A0EB030895F8383043B9DFF8F8
:104150001C90414648460BF06EFAC9F81470DCE733
:10416000414628460BF079FAF1E700BF78E20020DB
:1041700070B506460C4615460AF072FD50B9064B5E
:104180009B68D3F8B40020B12B46224631460BF091
:1041900072FA70BD0148F7E778E2002078CD002080
:1041A00008B50246024B002102480BF064FA08BD34
:1041B000BB71020078CD0020014BC0F8B4307047CD
:1041C00078CD002008B50146024A0020FFF7D0FF55
:1041D00008BD00BFBB71020000B583B0064B009361
:1041E0004FF0FF334FF4006204490548FEF7FCFD31
:1041F000002003B05DF804FB645A0300A8CE012040
:10420000A0E30020F8B54D4A0C4600234C4DD0E900
:104210000001ECF767FC002A4FF4616100F52F20E4
:10422000B7BF02F5A83200F66C2000F66B2002F54D
:10423000C072B2FBF1F301FB13223C21A360B2FB7D
:10424000F1F301FB13226360C31C2260072293FB7E
:10425000F2F2C2EBC2029B1A52D50733A361A0F55A
:104260000E33A3F52C7393FBF5F5364B48F6AC6192
:1042700040F2B45740F26D1603FB05004FF0050CF9
:10428000B0FBF1F1B0FBF7F30144C91A2E4BB0FBC0
:10429000F3F3C91A48F69463B1FBF3F3B1FBF6F2FA
:1042A000B1FBF7F103445B1A992106FB123303EBD0
:1042B00083005E1C0230B0FBF1F779430231B1FBA1
:1042C000FCF1761A40F2F95188424FF4C8708CBF65
:1042D0006FF00901022100FB05253944012998BF2F
:1042E0000135B3F5997F11D3A3F59973A5F26C75D8
:1042F000E36100232046E6602362C4E90415F8BDAB
:104300000028A361ABDB90FBF5F5AEE7970710D172
:104310004FF0640C92FBFCF70CFB17275FB992FB84
:10432000F0F700FB1722B2FA82F252093B33134432
:10433000DCE70022FAE70122F8E700BF8051010024
:10434000B13A02004FC5FDFFB03A02000CB430B5DF
:1043500089B005460C461C22002101A80BF0FBF990
:10436000022305958DF806300D4B029323462CB1A0
:10437000B4F1004F28BF4FF00043013B1D440DAA8C
:104380000C9901A80695009200F072FC14B1059BEF
:1043900000221A7009B0BDE8304002B0704700BF7B
:1043A000DFFE02000EB470B589B005461C22002164
:1043B0000DAC01A854F8046B0BF0CDF9012301A852
:1043C000224631468DF80630054B0595039300943F
:1043D00001F022F909B0BDE8704003B0704700BF9A
:1043E000CBFE02002DE9F84F00228046894618F8DE
:1043F0000230511C202B00F09E81A3F109000428FB
:1044000040F299812B2B0D4633D02D2B36D01846F8
:10441000042440F02003692B32D06E2B60D00022A0
:104420004FF00A0A964694461346114614F4006665
:104430006BD040F02007A7F1610BBBF1050F64D8EA
:10444000573FFFB2BA4540F3F28044F08006E005E2
:10445000B6B268D5F40506F4007079D5002F18BF00
:104460004CF0010C00B9013218F805003446013552
:10447000DCE7042418F80100951CCAE74424F9E796
:10448000AE4B0026AE4F13F8011B49B118F80520BA
:10449000681C42F020028A4226D0AA4A934230D1B8
:1044A00032463B4630463946ECF772FA48B918F8BE
:1044B0000530282B05D1013518F805300135292B99
:1044C00014D1630602D507F100431F46B9F1000F6E
:1044D00002D04544C9F8005030463946BDE8F88F4F
:1044E000994B0026994FCEE70546CCE723F02002F2
:1044F000413A192AE0D9A3F13002092ADCD95F2B0D
:10450000DAD0002600270025E0E7A0F13007FFB24F
:1045100057452DDA44F0800614F48070B6B299D174
:10452000BAF10A0F06D0BEF10F0F93DD44F4C07646
:10453000B6B28FE7BEF1100F8CDD44F4C076042FC5
:10454000B6B287D9052F4FF0020C08BF074681E7A6
:1045500000B1013AAAFB0334FB180AFB014444F101
:10456000000153EA01003FF47FAF0EF1010E7BE73B
:10457000FE2F5CD1A70556D52006C2D5002E40F0EF
:10458000968053EA010005F1FF3500F0D180200547
:1045900040F1B2803632B1F5800FC0F091806C4F9F
:1045A000B1F5000F80F09180BA42C0F28E804CEAE3
:1045B0000303084603F00306032E04D003F00606A7
:1045C000062E40F08B80043341F10000B0F5000F5F
:1045D000C0F084800132B2F5806F80F2A6800023A3
:1045E0004FF4801102F2FF3221F4801141EA0257A8
:1045F00018461E46394602F021F90138022804D82F
:10460000544B22220BF08CFC1A503046394602F0F3
:1046100015F9013802283FF654AF4E4B22220BF019
:104620007FFC1A504DE744F40076B6B21CE740F028
:10463000200004F08007782809D147B153EA010A25
:1046400005D144F400664FF0100AB6B20CE7002F13
:104650003FF457AF6EB392007026864291D118F89E
:1046600005006E1C2B2804D02D2824D144F480642E
:10467000A4B218F80600A0F13006092E81D8AE1CAD
:10468000354640F2D34A00264FF00A0B5645DCBFB0
:1046900030380BFB060618F805000135A0F130078D
:1046A000092FF3D9670548BF7642324469E72E20C7
:1046B000D1E76526D1E7A0F13007092FE0D960E7FF
:1046C000DB1802F1FF32494165E75E0803F00103A0
:1046D000013246EAC1764908334361E7B2F5806F9B
:1046E00023DA9B08B0F5800F4FEA900143EA80730C
:1046F000BFF478AF002279E70EEB020010F5A27F3D
:1047000010DDB0F59B7F10DA03F0010040EA0C00E9
:1047100001308008181841F1000101F021FC064623
:104720000F4672E7002600276FE70026044F6CE76C
:1047300000260027C5E60A4659E600BF855C03004F
:104740000000F07F885C0300825C03000000F87FBB
:1047500002FCFFFF0C000000242A2DE9F041044672
:1047600001D8012A4CD1364B16220BF0D9FB1A5036
:1047700001B10C6000273846BDE8F08135462E4671
:1047800016F8010B2028F9D0A0F109070346042FE1
:10479000F4D92B2836D02D2837D14FF0010CAE1C80
:1047A0006B78302B38D1307840F0200078282FD12A
:1047B00032F010002CD173783446102202360CF1FE
:1047C000004000270138B0FBF2FE02FB1E08392B27
:1047D00082BF03F1FF3343F02003263B303B9A4274
:1047E0001ED9774502DC03D1984501D24CF0020C6A
:1047F000354607FB0237344615F8013B2E46E6E7FF
:104800000546BCE74FF0000CC9E74FF0000CC8E7C5
:10481000002A08BF0822D2E7002A08BF0A22CEE7F2
:1048200001B10C601CF0010F18BF7F421CF0020F99
:10483000A1D0034B222207460BF072FB1A509AE7D5
:104840000C000000242A2DE9F84F8046894601D843
:10485000012A60D1424B16220BF062FB1A50B9F1CB
:10486000000F01D0C9F80080002319461846BDE8A2
:10487000F88F31460E4616F8013B202BF9D0A3F1F4
:1048800009001C460428F4D92B2B46D02D2B46D1E9
:1048900001278E1C4C78302C48D1337843F020030C
:1048A000782B3ED132F010033BD17478B0461025FE
:1048B000023617F1FF3B6FF000432A4643F1000A2E
:1048C000584600235146ECF75DF900238C46194603
:1048D000392C82BF04F1FF3444F02004263C303CE4
:1048E000A54228D998427CEB010E05DB614508BF43
:1048F000834203D1A24201D247F00207A5FB033E47
:10490000B04605FB01EEE3184EF10001B6461EF875
:10491000014B7646DCE70146ACE70027B9E7002704
:10492000B9E7002A14BF15460825C2E7002A14BFBC
:1049300015460A25BDE7B9F1000F01D0C9F800807E
:10494000F80702D55B4261EB4101BA078ED5044AF4
:1049500022240BF0E5FA5B465146145086E700BF6F
:104960000C000000242AF0B5044601D8012A40D1E9
:104970002E4B16220BF0D4FA1A5001B10C60002015
:10498000F0BD2F463D4615F8010B2028F9D0A0F1C7
:1049900009060346042EF4D92B282CD02D282CD11F
:1049A0000126BD1C7B78302B2DD1287840F02000CB
:1049B000782824D132F0100021D16B782C461022B7
:1049C00002350020392B82BF03F1FF3343F020036F
:1049D000263B303B9A421AD9A0FB02040CB9C018FE
:1049E00001D346F002062F462C4617F8013B3D4600
:1049F000E8E70746C6E70026D3E70026D3E7002A04
:104A000008BF0822DDE7002A08BF0A22D9E701B162
:104A10000C60F20748BF4042B307B1D5034B2222D6
:104A20000BF07EFA1A504FF0FF30A9E70C0000009F
:104A3000242AF0B505460E4601D8012A0AD13E4B7C
:104A400016220BF06DFA1A5006B1356000200146AF
:104A5000F0BD2046044614F8011B2029F9D0A1F12D
:104A600009070B46042FF4D92B2939D02D293AD127
:104A70004FF0010C841C4378302B3BD1217841F05E
:104A80002001782932D132F010012FD163782546E8
:104A90001022023400200146392B82BF03F1FF337C
:104AA00043F02003263B303B9A4232D9002729BBF2
:104AB000A0FB02E517F001077046294608D11EEB5E
:104AC000030E55F10005704628BF012729460FB196
:104AD0004CF0020C2746254617F8013B3C46DBE725
:104AE0004FF0000CC6E74FF0000CC5E7002A08BFE6
:104AF0000822CFE7002A08BF0A22CBE7A2FB015118
:104B0000A0FB02E02D1841F10001002918BF012788
:104B1000D0E706B135601CF0010F02D0404261EBD6
:104B200041011CF0020F93D0034B22220BF0F8F945
:104B30001A504FF0FF308AE70C0000002DE9F041D9
:104B400001260746B24201DCBDE8F0813B461F4624
:104B500013F8014B002CF7D0252CF8D11C78023724
:104B6000252CF3D00023DFF804819C461D461F2D21
:104B700018D8A4F1200EBEF1100F09D9A4F1300EFF
:104B8000BEF1090F1ED80A24202504FB03E304E02C
:104B900028FA0EFE1EF0010F06D017F8014B002C6C
:104BA000E5D128E07F2D1CD8A4F1300EBEF1090F0D
:104BB000E9D9242C10D1BCF1000F46D0B34246D025
:104BC0000023EAE724F0040EBEF12A0FF8D06C2C83
:104BD00009D145F08005E0E724F0040EBEF12A0F6C
:104BE000EED06C2C22D06C2C1BD8682C23D06A2CD5
:104BF00028D04C2C26D0BCF1000FA5D0B445A1D1B3
:104C000044F020070B68A7F1650CBCF1020F01D935
:104C1000612F1ED1073323F00703083301360B60E1
:104C20008FE7742CB9D07A2CB7D0E4E72C0648BFB4
:104C300045F40075CDE7EC0548BF45F4007545F433
:104C40008075AAE745F42075A7E79C46B8E763247A
:104C5000D6E7692C02D007D8632C03D02F0601D5E4
:104C6000AC05D7D40433D9E7732CF6E789280100C3
:104C70002DE9F04F436895B08046039383789807F9
:104C8000CDE9081216D50B4600250D921F789FB16D
:104C9000252F15D00133079341463846039B013534
:104CA0009847002880F22C8498F8023043F00403DF
:104CB00088F802304FF0FF35284615B0BDE8F08F78
:104CC0005F789A1C252F0792E6D000242646A2463C
:104CD000A346BBF11F0F32D8A7F12003102B0AD82F
:104CE000DFE803F02409092A0909091B0909092237
:104CF000092709091900A7F13003092B2DD92A2FFB
:104D000039D154B90D9B1BF0400F53F8042B0D9370
:104D100029D0164601E04BF0010B079B13F8017BED
:104D20000793002FD5D15BE04BF0020B4BF0040B47
:104D3000F3E74BF0080BF0E74BF0100BEDE7BBF19E
:104D40007F0F3FD8A7F13003092BD8D81BF0400FB5
:104D500003D00A2202FB0636DFE70A2202FB0A3AE8
:104D60004BF0200BD9E7B2F1000AF9DACAF1000AD8
:104D70004BF0280BD1E72E2F05D11BF0400F9BD114
:104D80004BF0400BC9E7242F1CD1002C00F03F81D1
:104D9000099B1BF0400F0D930AD152460DA90898AC
:104DA000FFF7CCFE0D9B1A1DD3F800A00D92B4E7BF
:104DB00032460DA90898FFF7C1FE0D9B1A1D1E680B
:104DC0000D92AAE76C2F00F00F8100F20681682F88
:104DD00000F012816A2F00F017814C2F00F014812F
:104DE00034B1099B22460DA908980D93FFF7A6FE42
:104DF000002E47F02009B8BF2BF0400BA9F1650346
:104E0000BCBF00261FFA8BFB022B40F20581B9F1D3
:104E1000610F40F05B82FF431BF0400F4BF4C05426
:104E200007F0200308BF4FF0FF3606930D9B0733B2
:104E300023F0070303F10802D3E90001069B0D925A
:104E40000EAA009333460AF087FF0130C3B2B34283
:104E5000049301DB049B5E1E01230E9FA3464FF0CB
:104E60007009059307F10903122B0DD907F16303AC
:104E7000C62B40F20C8107F2E73340F2CE72934228
:104E800094BF0323042305939DF83C2002F00C03F8
:104E900012F0010240F016811BF0020F40F00F816A
:104EA0001BF0040400F0F580002B40F00E8120235D
:104EB0001BF4405F20D1049A002E02F1500208BF7B
:104EC00001266A44133A049921B112F8011D3029D0
:104ED00000F030811BF0100F049A18BF3246391DC4
:104EE000C0F22D81B74280F22A81BA424BF4005BB6
:104EF00040F327817E1C961B1BF400520A9200F09F
:104F0000228127EAE774013403B10134002E00F056
:104F10002281721C1444A245CCBFAAEB04040024D5
:104F20001BF0090F04D12C44A54240F01981002444
:104F30003BB118464146039B013598470028FFF6D0
:104F4000B3AE1BF4006F12D041463020039B98474C
:104F50000028FFF6A9AE069B41460235C3F1780052
:104F6000039B00F0F80098470028FFF69DAE1BF069
:104F7000080F05D12C44AC4240F0FE8025460024A9
:104F80000A9B002B00F0178127EAE77A7642A7EB0D
:104F90000A07049B0AF1FF3A05F101094146BB42A9
:104FA00089BF0EAB3020FB1858795645039B00F3A0
:104FB000EC809847002807F10107FFF675AEBAF1BB
:104FC000FF3F08D141462E20039B98470028FFF65B
:104FD0006BAE05F102094D46DBE7742F3FF49DAE41
:104FE0007A2F3FF49AAEFBE61BF0800F18BF4BF40C
:104FF000007B4BF0800B90E61BF4807F18BF4BF4D6
:10500000007B4BF4807B88E64BF4207B85E62646CC
:105010005446B346B24680E6FF431BF0400F07F00C
:10502000200308BF0626B9F1650F06930D9B03F117
:10503000070323F0070303F10802D3E900010D92EF
:1050400013D1731C00224BF4805BDBB21446112B8E
:10505000CDE9002428BF11230EAA01F073F80E9F9A
:10506000C3B2049302230593FCE6B9F1660F05D1A0
:105070004BF4005B344601221123E8E7F3B200222F
:105080004FF06509012B144638BF0123DFE70223E7
:10509000F9E6002B3FF40CAFBAF1030F39DC9DF8B1
:1050A0003C30A14E13F0080FA04B08BF1E463746F8
:1050B000B94617F8010BA0BBAE1BB14478E023BB87
:1050C0002B23F5E61BBB2D23F2E62022BAF1040FB9
:1050D00012DD1BF0080FAAF104040ED12C44414646
:1050E0002020039B0135049298470028FFF6DCAD91
:1050F000A542049AF3D192B1002441461046039B85
:10510000013598470028CADACEE52B22DEE72D22AA
:10511000DCE71BF0080FAAF10304C0D1DEE7144658
:10512000BDE7069B4146C01A039BC0B298470028C2
:10513000BEDAB9E504990139C9B20491C3E6561E35
:10514000DAE60026D8E61BF4006F059A0CBF0324AC
:1051500005241444D8E61BF0100F18BF0134DAE61A
:105160000B934146039B20209847002805F1010539
:105170000B9BBFF6D9AE97E541463020039B013526
:1051800098470028BFF6F7AE8EE598470028FFF64F
:105190008BAD1BF0100F0BD0BAF1FF3F08D105F11A
:1051A000020941462E20039B98470028FFF67CAD5C
:1051B0004D464C442BE241469DF83D00039B9847E9
:1051C0000028FFF671AD002E65DD41462E20039BC1
:1051D00098470028FFF668AD4FF0010A049B41464E
:1051E000D3469A45B7BF0EAB302053445879039B42
:1051F00098470028FFF658AD0AF1010A5645EDDA46
:1052000002355D44069B4146A9EB0300039BC0B2F7
:1052100098470028FFF648AD002F4146039BB6BFD4
:105220002D202B207F4298470028FFF63DAD059B9F
:10523000042B3DD14FF47A794146039B0335B7FBEC
:10524000F9F606F13000C0B298470028FFF62CAD01
:1052500009FB16774FF064094146039B0135B7FB04
:10526000F9F606F13000C0B298470028FFF61CADF1
:1052700009FB16774FF00A094146039B0135B7FB3E
:10528000F9F606F13000C0B298470028FFF60CADE1
:1052900009FB167713E01BF0100F01D10135B1E7C0
:1052A00041462E20039B023598470028AADAFBE4EA
:1052B000059B0235032BCDD0059B012BDAD107F1DD
:1052C000300005F101094146C0B26CE7A7F1630364
:1052D000122B00F2FE80DFE813F013005600FC00F2
:1052E000FC00FC00FC005600FC00FC00FC00FC0084
:1052F000FC001601F700FC00FC002B00FC00B800CD
:105300000D9B01240EAF1A1D1B680D928DF83830CD
:105310001BF0080F2DD03E19B946B1452BD1EF1B1C
:10532000B944AAEB040443E7915C03008D5C0300DD
:105330000D9B1A1D0D921F68AB4B002F08BF1F4617
:105340001BF0400F384614BF31464FF0FF310AF0D2
:105350006AFA0446DCE741462020039B9847002870
:10536000FFF6A2AC013EB442F5D35544B246AD1BA4
:10537000D1E75646F7E7414619F8010B039B9847DA
:105380000028CADA90E41BF0800F0D9B35D01BF487
:10539000007F2DD0073323F0070303F10802D3E980
:1053A00000010D922BF0100900291FFA89F936DA55
:1053B000404249F4806961EB41010DF1380B0A2349
:1053C0005A460AF079FA19F0400FA0EB0B0B65D0A2
:1053D00029F001025E4592B240F3B280002F00F046
:1053E000A98019F010033446914626D002345CE0BF
:1053F0001A1D18680D92C117D4E71A1D1BF4807F7F
:1054000019680D9201D10846F5E71BF4007F19BF1A
:1054100048B241F3C01108B241F3C031C2E750EACB
:105420000103CAD11BF0400FC7D0002EC5D12BF00D
:10543000110B34461FFA8BF9B34640F2064319EAC2
:1054400003031CBF013400232FE02BF0100B0A23B1
:105450001FFA8BFB1BF080040D9A57D01BF40071D0
:1054600015BF0732101D22F007020D900FBF106804
:1054700002F108010D91D2E9000150EA010252D176
:105480002BF016091BF0400F1FFA89F94FD0002EA0
:105490004DD12BF0170B1FFA8BF9B34619F01003FF
:1054A00052D0002F4ED10BF1010419F0080F5ED13C
:1054B00019F0010F06D0A2456EDDAAEB040404EB3F
:1054C0000B06544622464DE04BF0100B1023782774
:1054D000C0E7B9F1780F04D1C7F1780343F01003A6
:1054E000B8E741462520039B98470028FFF6DCAB30
:1054F00041463846039B98470028FFF6D5AB023556
:10550000079BFFF7C3BB08230027A3E7111D106803
:105510000D911BF48071B0D01BF400711ABFC0B2A2
:10552000214680B2A9E72BF0060B1FFA8BF90DF18B
:10553000380B45E729F0110934461FFA89F97CE751
:105540009146ABE75C4651E75C4676E7CDE904233C
:1055500041462020039B98470028FFF6A5AB049AFC
:10556000059B01329245F1DC2C1BA5181446F3B1C2
:1055700041463020039B98470028FFF695AB6FB952
:105580000135A9462E44A6EB09035B4521DC5D46A7
:105590000EAE5DBBD944C4E65E4693E70235414694
:1055A0003846039B98470028EBDAFFF77DBB40F2B3
:1055B000064319EA030FE4D019F0020F05F10105C3
:1055C000414614BF2B20202019F4806F18BF2D20D6
:1055D000E7E741463020039B09F10109984700287D
:1055E000D1DAFFF761BB00BF955C0300013D414686
:1055F000039B705D98470028CBDAFFF755BB414607
:105600002020039B013598470028FFF64DAB631B14
:10561000002BF4DC74E700BF2DE9F04F002391B0BC
:10562000029007920E920F9306930D4615F8016BA8
:10563000AEB1202E17D0A6F10903042B13D9252EC5
:1056400017D00FA902980AF05EF9031EC0F2F3808A
:10565000DBB2B3420BD00FAA02990AF05EF90698AA
:1056600011B0BDE8F08F0FA902980AF05EF9294643
:10567000DBE74E788D1C252EE3D02A2E03BFCD1CF0
:105680008E78012400240027A6F13003DBB2092B19
:1056900019D9A20723D5242E23D1079B24F0020475
:1056A00000220E93A4B201239F4215DC42B17B1E5F
:1056B000002F0E9A4FEA8303D8BF00231A440E929C
:1056C00015F8016BDFE744F002040A2215F8016BBC
:1056D000A4B202FB0737D7E701330122E4E74FF01A
:1056E000FF376C2E35D007D8682E24D06A2E3FD0D5
:1056F0004C2E37D026B9B2E7742E36D07A2E34D05D
:10570000314689480AF043F80028A8D014F0010374
:105710000C9311BF4FF0000A0E9B1A1D0E9208BF8A
:10572000D3F800A06E2E26D10F9A00235046009485
:105730000AF010F99BE72E78682E04D044F020047C
:10574000A4B20135D6E744F030046E78A4B2023535
:10575000D0E72E786C2E02D044F00404F0E744F039
:105760000C04F2E744F00C04A4B215F8016BC1E795
:1057700044F00804F8E7632E1FD114F0020F04F080
:10578000040408BF01270FA902980AF0BCF80028FA
:1057900051DBBAF1000F02D064B14AF8040B013FAB
:1057A000F1D10C9B002B7FF462AF069B0133DBB27F
:1057B00006935CE70AF8010BF1E75B2E5DD12B78CD
:1057C00000265E2B06BF01354FF001094FF000099E
:1057D0000FA902980AF097F80022A84605F1010ED9
:1057E0009446114618F8013BFBB1F04508D05D2BFB
:1057F00012D02D2B04D132B90B4601221946F1E704
:10580000002A08BF194688424FF00002F6DB984292
:10581000D8BF4FF0010CF1E7002805DBE14511D1BD
:105820000FAA02990AF079F8CEB9029B9B7813F07F
:105830000C0F3FF414AF069B002B14BF18464FF01B
:10584000FF300DE7BAF1000F05D063074CBF4AF8EF
:10585000040B0AF8010B013F4FF00106B8D1BAF171
:10586000000F01D145469CE714F0040416BF002345
:105870008AF80040CAF80030F4E70FA902980AF04D
:1058800054F80028D7DB582E7BD0643EF3B2142B9B
:1058900000F2BD80142E00F2BA80DFE806F00BB8EB
:1058A000B8B8B841B8B8B8B8B86F72B8B852B80B91
:1058B000B8B872004FF00A080FA902980AF023F84E
:1058C0002B2804D02D280AD144F04004A4B2013F73
:1058D000ABD00FA902980AF016F80028A5DB3028F3
:1058E00077D1B7F1010918D00FA902980AF00BF887
:1058F000002812DB40F0200344F08004782BA4B28F
:1059000042D138F0100344D1B7F1020905D00FA9F4
:10591000029809F0F8FF002862DA002637464CE0CA
:105920004FF00008C8E700BF9C5C0300BAF1000F0D
:1059300005D066074CBF4AF8040B0AF8010B013F7B
:105940000FD00FA9029809F0DEFF002809DB2028FC
:1059500003D0A0F10903042BE8D80FAA029909F09B
:10596000DCFFBAF1000F3FF41CAF14F0040416BFC3
:1059700000238AF80040CAF8003012E74FF0080808
:105980009AE74FF0100897E7B8F1000F08BF4FF003
:105990000808002637463928034682BF00F1FF3346
:1059A00043F02003263B303B98451CD80FAA0299B0
:1059B00009F0B3FF20067FF538AF610602D57642C5
:1059C00067EB470732463B465046009409F0C2FF5A
:1059D000E7E6B946B8F1000FDBD14FF00A08D8E787
:1059E0004FF01008D5E7A8FB066244F080049E192A
:1059F00008FB0722A4B242F10007B9F10109DCD08B
:105A00000FA9029809F07FFF0028C4DAD5E70FA993
:105A1000029809F078FF03909DF80C302B2B04D0EE
:105A20002D2B0DD144F04004A4B2013F3FF4FDAE54
:105A30000FA9029809F067FF031E0393FFF6F5AE66
:105A4000039B43F02003692B69D06E2B00F09980F3
:105A50004FF000080A234646C146CDE904882205D6
:105A600040F1BE80039A42F02002D2B2A2F161015D
:105A7000052900F2B580573AD2B2934240F3008133
:105A800044F0800BE1051FFA8BFB40F1CC801BF446
:105A9000807F0BF4007100F0D7800598002A18BFB2
:105AA00040F00100059009B908F10108013F0D938C
:105AB00000F0FB800FA9029809F025FF031E5C4649
:105AC00003930D9BCBDA21067FF5AFAE2205039A37
:105AD0004CBF7023652342F0200248BF4FEA88087C
:105AE0009A4240F02A81B7F1010B00F028810FA9FA
:105AF000029809F008FF0346C2B22B2A05D02D2ACE
:105B000040F0F18044F48064A4B2B7F1020B40F09D
:105B1000CE800FAA0299184609F0FFFE0FE1734EDE
:105B20004FF00008DFF8C89116F801BBBBF1000F79
:105B300013D0013F0DD00FA9029809F0E4FE031E17
:105B400007DB43F020035B45EED00FAA029909F072
:105B5000E4FE684B9E427FF468AE42464B464046A8
:105B60004946EAF715FF38BB013F25D00FA9029837
:105B700009F0C9FE282816D00FAA029909F0CDFE17
:105B80001AE05D4E4FF00008DFF87091CCE720F08E
:105B90002003413B192B06D9A0F13003092B02D970
:105BA0005F287FF442AE013F3FF43FAE0FA9029859
:105BB00009F0A9FE2928EAD1630606D509F10043B8
:105BC000CDF828800B93DDE90A89BAF1000F3FF484
:105BD000E8AD14F00C0F00F06D81CAE90089E0E532
:105BE000039A303AD2B29A4240DA44F0800BE1058F
:105BF0001FFA8BFB3FF54BAF0A2B14D114F00C0F9F
:105C00001FD1049908297FF742AF44F4C07B042ACE
:105C10001FFA8BFB7FF63BAF052A4FF0020108BF4E
:105C20000022059133E714F00C0F049907D10729DE
:105C30007FF72DAF44F4C07B1FFA8BFB27E70F29BA
:105C4000F6E704991029DEE709B108F1FF38A3FB54
:105C50000661961903FB091141F1000956EA090290
:105C60003FF424AF049A013204921FE7FE2A07D1C1
:105C7000A2053FF528AF44F4007B1FFA8BFB15E724
:105C8000039A04F0800342F02002782A7FF41BAFCD
:105C9000002B3FF418AF56EA09037FF414AF44F425
:105CA000006B10231FFA8BFB00E75C460BE70FA984
:105CB00002980D9309F027FE0D9B1F460346A3F1A2
:105CC0003002092A1CD918460FAA029909F025FEAC
:105CD0007B1C04D00FAA0299384609F01EFE0FAAB9
:105CE000DDE9021018E74FF0FF37E8E7B35C030087
:105CF0000000F07FB65C0300B05C03000000F87F9A
:105D000000270A2240F2D3418F42DCBFA3F13001C9
:105D100002FB0717BBF1010B09D00FA9029809F08C
:105D2000F2FDA0F1300103460A220929EAD96005F3
:105D3000039348BF7F42B8445F46002FCFD156EA55
:105D4000090300F0B280210504F00C0240F18A80C2
:105D5000002A4FF001005F4912BF352318236FF06E
:105D60007D015F1CA3F11F02C7F1200C00FA02F2B3
:105D7000B84420FA0CFCB84042EA0C02864279EBA7
:105D8000020751D30127A3F11E02C3F11E0C981C78
:105D900007FA02F227FA0CFC07FA00F042EA0C02BA
:105DA000864279EB020745D2884543DB059A3243A8
:105DB00016464A4606F00300032803D006F0060004
:105DC00006280BD1043649F10002B2F5000F21BFBD
:105DD000760808F1010846EAC2765208B608C3F10F
:105DE0003500C3F11507153B46EA8276920806FA9C
:105DF00007F726FA03F3824006FA00F03A431A4303
:105E0000344B994225D1B8F5806F5DDAB2F5801F29
:105E100025D308F2FF3822F4801242EA0853089092
:105E20000993DDE90889C7E6B61908F1FF3849EB9F
:105E30000909A3E7770806F0010608F1010847EA17
:105E4000C9774FEA59093E43AAE7001808F1FF381D
:105E50005241B2F5801F34D218F57F7FF5DA4FF04A
:105E60000008DAE7059B06F001001843049B0130A7
:105E700043448008301849F100015AB113F5A27F5C
:105E800013DDB3F59B7F1FDA424600F069F88046C8
:105E9000894691E613F12D0F07DB272B14DC4146D1
:105EA00009F09EFDEAF7B4FAF1E74FF000084FF071
:105EB000000981E640464946EAF7C4FDCAF80000F9
:105EC0006FE4B8F5806FA4DB4FF00008DFF80890AE
:105ED00072E600BF02FCFFFF0000F07FF0B589B062
:105EE00005460C46164600211C2201A81F4609F053
:105EF00032FC0223204605958DF806300A4B0293AA
:105F00002CB1B4F1004F28BF4FF0004001380544D8
:105F10003A46314601A80695FEF7AAFE14B1059B44
:105F200000221A7009B0F0BDDFFE020070B588B023
:105F300006460C46154600211C2201A809F00BFC60
:105F400001232A4621468DF8063001A8034B059609
:105F50000393FFF761FB08B070BD00BFCBFE0200EA
:105F60002DE9FF47804616460F46002900F09E8027
:105F7000B1FA81F4341B002E04F10A04C0F29E80B1
:105F8000304600F03FFB0444304600F041FBA4EBF8
:105F9000060905466946304600F062FBA9EB050399
:105FA0006A4640467D33394609F0EAFCA6428246FD
:105FB0000D467FDCB9F13F0F7EDC4FF0FF33A9F1D6
:105FC0002000C9F1200103FA00F003FA09F223FAD4
:105FD00001F103FA09F3024328EA03030A4327EA1B
:105FE000020213430CBF01200020002D00F0888026
:105FF000B5FA85F3E31A40F2FE7203F23E43934290
:1060000000F38780002B23EAE376D4BF01223246D7
:10601000121BA2F23341A2F23447A2F25344C1F15F
:10602000200C2AFA01F325FA04F4C7F1200E05FA30
:106030000CFC25FA01F105FA0EFE43EA0C03A2F26C
:10604000544CA2F2544223432AFA07F425FA0CFCDA
:1060500044EA0E0444EA0C04C7F1200C14F0010FCA
:1060600052D0A8B14FF0FF3000FA02F200FA07F464
:10607000144320FA0CF2B840144303F001022AEA58
:10608000000A25EA04054AEA020A5AEA050A3BD050
:10609000013341F10002C2F3130253EA020136D088
:1060A000184642EA065104B0BDE8F087B0FA80F421
:1060B00020345FE7012098E7002096E7C6F1000949
:1060C000484600F0A5FA241A484600F0A1FAA61B9B
:1060D0000546694648462E4400F034FB6A46404671
:1060E00006F17C03394609F04BFC82460D464046DA
:1060F000394600F09DFA81458CBF0020012074E7ED
:10610000BAFA8AF3203375E7C1F31302C8E7013600
:10611000C6E700200049C6E70000F07F1FB502ABCC
:10612000074A00934FF0CC3309F0DCFDDDE90201B2
:10613000C00840EA4170C90805B05DF804FB00BF23
:10614000CDCCCCCC2DE9F04F9BB0044605920A464D
:106150000A93C2F30A559DF89030D20F0B93C1F306
:1061600013030992090D7DB950EA03021CD1059A67
:10617000302301265371099B156043F0020313710C
:1061800030461BB0BDE8F08F40F2FF7295424BD114
:106190000343099B059A4FF0000614BF43F0080320
:1061A00043F004031371EBE700F001024FEA8308A8
:1061B00087009A460892012248EA9078AA4D16462E
:1061C000C5F1000B0692584600F016FAB5F1FF3FF4
:1061D000ACBF8146A0F10109ABEB090B09EB05034C
:1061E0005846049300F01CFA16A9A0F17D05584604
:1061F00000F036FA12AB069AA9EB0505019310AB35
:1062000020460292009316AA2B46514609F076FCCE
:10621000B9F1010F04460D4600F2D280089B002B15
:1062200040F0C58001276BE043F4801A00F00102C2
:106230000343A5F235454FEA8A0808924FEA8007E2
:1062400048EA907849D140F2FE7319420CBF01260A
:106250000026002D3246B3DB284600F0C7F9032D97
:10626000C8BF0138049000F0DBF9049B7C3016A90C
:106270005D1B0544184600F065FA12AB204616AACD
:10628000019310AB5146029600932B4609F036FC61
:10629000049B04460D46152B00F2868014AB734A0E
:1062A0003846414600934FF0CC3309F01BFD149B58
:1062B000159A9B0843EA827303EB8303BB42DDE933
:1062C000109A0CD13846414600F0B2F9049B834243
:1062D0008CBF00270127002612E00126B9E7089BA2
:1062E000002B51D1013F48F1FF31B81B61F1000192
:1062F00000F09EF9049B089F83428CBF0026012674
:106300000B9B002B40F09180DDF828B04FF0000887
:106310004FF00A0ACDE90688DDE91001FFF7FEFE1D
:10632000129BCDE90C01184613990E93FFF7F6FE68
:106330000C9B81460D9A98420B460F91934180F039
:106340008E8020462946FFF7E9FE0AFB09F30E9AE4
:10635000B8F1000F14BF002707F001070AFB10482F
:106360000D46934214BF002606F001060C9B5FFA0F
:1063700088F8044610930D9BCDE911390F9B1393B8
:10638000079B01330793C7E7B81C48F1000100F0F1
:106390004FF9049B83428CBF00200120B9EB000021
:1063A0006AF10002CDE9100200273E46A8E7109BE3
:1063B0000127119A013B42F1FF32CDE910328AE701
:1063C000B9F13E0FF0D84FF0FF33A9F12000C9F129
:1063D000200103FA09F203FA00F023FA01F103FAAB
:1063E00009F3024327EA03070A4328EA020857EAA7
:1063F00008070CBF012700276DE700FB02FC0133F3
:10640000A1FB001262448C4275EB020CF5D2049A97
:10641000DDF828B01344259A1344D20F9342B8BF35
:1064200013469B45A8BF9B4670E70A210022012323
:106430000846E8E70AFB03F00131A2FB0A23034404
:10644000944275EB0300F5D2594511DDBBF1000F05
:1064500002D154EA05030BD00123069371E70A2207
:1064600000230121ECE700BFCCFBFFFFCDCCCCCC5F
:10647000002E2FD04FF00A0A129B139918460D9345
:10648000FFF74CFE0D9B0AFB00F281460C919A42ED
:1064900020D1B8F1000F14BF002707F00107DDE994
:1064A0001001FFF73BFE0E900D9120462946FFF7A5
:1064B00035FE0D9B0AFB10480E9A04460D465FFA06
:1064C00088F81092CDE911390C9B1393079B013387
:1064D0000793D1E7DDF81090079B9944002F5DD01A
:1064E000B8F1050F5AD114F001034DD1069A32B913
:1064F000DDE912239D4208BF944262D0069B181921
:106500004FF00A044FF000024FF0010645F1000180
:106510002546A04271EB020756D2F3B1B3451CDA0F
:106520000B9B6BB106EB0903259ADDF828B01344E9
:10653000012BB8BF01239B45A8BF9B465E450CDDE0
:10654000053009F1010906F1FF364FF00A024FF05C
:10655000000341F10001EAF715FB5E450FFA89F9E6
:10656000059BA8BF5E4636B2B14406F1050809F1A5
:10657000FF3798444FF00009B1452CDB059B1A46C4
:106580001F60099B1371FBE5069B2BB9DDE9122304
:106590009D4208BF944209D00123B0E7069B53B93E
:1065A000DDE912239D4208BF944204D1089B002BD1
:1065B000F2D1002EF0D0B8F1040F94BF00230123D4
:1065C0009DE74FF00408F1E705FB02F70136A4FB55
:1065D00005423A449DE70A220023EAF7D3FA303213
:1065E00009F1010908F8012DC6E700BF014B584326
:1065F000800C704741340100014B5843000D704737
:10660000FB2E0B00014B5843C00C70474F931200F8
:10661000024B5843C00C0130704700BF4F9312002B
:10662000024B5843C00C0130704700BF4F9312001B
:1066300070B50346094A00204FF0CC364FF0333591
:1066400006FB03F402FB0144A3FB023121449D42FB
:1066500075EB010401D30130F2E770BDCDCCCCCC99
:106660001A232DE9F04FB0FBF3FA334E03FB1A0364
:1066700089B004460D4606EB0A1653B9D6E9002345
:10668000C1E90023D6E90201C5E9020109B0BDE86C
:10669000F08F2A4A02EBC303D3E9008904AB4046DA
:1066A00049460093D6E9022309F01CFB06AB83465A
:1066B0000F46404649460093D6E9002309F012FBF5
:1066C00000238146DDE9066216EB0B0652EB070854
:1066D00028BF012333B1049B059A013342F1000224
:1066E000CDE9043220460391FFF79AFF07461A20AE
:1066F00000FB0AF0FFF794FF3F1A32464346484634
:106700000399009709F009FB0D4A4FEA141C640035
:1067100004F01E0352F82C40DC4004F0030424185B
:10672000304641F10001DDE90423C5E9004141465D
:10673000009709F0F2FAA7E738070300680603009C
:10674000705A03002DE9F04F1A2700F11905DFF800
:10675000E0A089B004460E46B5FBF7F56F434FEA5B
:10676000051B0AEB05153A1A0AD1D5E90023C1E940
:106770000023D5E90201C6E9020109B0BDE8F08FA6
:106780002C4B03EBC203D3E9008904AB40464946D6
:106790000093D5E9022309F0A5FA5AF80B206B689B
:1067A000013ACDE9020106A963F1000340460091D8
:1067B000494609F097FA8A46029900238146DDE9A5
:1067C00006526D18039952EB010828BF012333B11B
:1067D000049B059A013342F10002CDE904323846A8
:1067E000FFF71EFF07462046FFF71AFF3F1A2A460B
:1067F000434648465146009709F08FFA0E4A4FEA41
:10680000141C640004F01E0352F82C40DC4004F019
:10681000030401342418284641F10001DDE9042372
:10682000C6E900414146009709F077FAA3E700BFA7
:106830000808030068060300C45A03000B4631F041
:10684000004107D190B10D4A1A40002A14BF04201C
:1068500003207047094A13420AD0094B994209D9CB
:10686000914209D1B0FA80F0400970470220704788
:106870000320704704207047002070470000F07F1D
:10688000FFFFEF7F704770B5ADF5067D06460D46FC
:1068900014464FF406720021684608F05CFF8DF83C
:1068A000006008F083FC4A0142EAD06243011B1AEF
:1068B00062EB0102920042EA93729B001B1842EBCA
:1068C0000102D20042EA5372C3F3103343EA424357
:1068D000D20B029303926DB164B1B4F5007F01D97C
:1068E0004FF40074224629460DF1120008F00CFF07
:1068F000ADF810406846EAF70FFC0DF5067D70BD57
:1069000008B50378013B032B08D8DFE803F0020841
:106910000E120120EBF7B2FAEFF7A6F808BD00203F
:10692000EBF7ACFAEFF7B2F8F8E70220EBF7A6FACC
:10693000F4E7EBF725FB0228F0D10120EBF79EFAF4
:10694000ECE708B50378032B00D008BDEBF734FB68
:10695000FBE700B585B0102269460B20F7F78CFCE9
:1069600000280ADD684608F0FEFE002802DD05B0BA
:106970005DF804FB4FF0FF30F9E74FF0FF30F6E72A
:1069800070B516461C46EBF7A3FDB8B10546BCB181
:10699000222108F0FCFE0346A0B1601E5B1B98425A
:1069A00028BF1846044602462946304608F0ACFE89
:1069B00000233355E01A18BF012070BD0020FCE70A
:1069C0000020FAE70020F8E708B50378032B00D091
:1069D00008BDECF721F8FBE7F8B50F4615461E4653
:1069E000002401E001300134BC4208DA2C2108F017
:1069F000CEFE0028F6D100262E70304617E0044661
:106A000000E00134217819B12C2901D02A29F8D1CC
:106A1000013E241AA64228BF264632460146284691
:106A200008F072FE0023AB55F01A18BF0120F8BD24
:106A300000B586464FF0000C4FF6FF700FE04000A7
:106A400080B20133072B08DC10F4004FF7D041F27D
:106A5000210282EA400080B2F3E70CF1010C8C4580
:106A600005D21EF80C3080EA03200023EAE75DF827
:106A700004FB30B583B084689A4206D32468BDF81D
:106A800018500095A04703B030BD6FF01500FAE72D
:106A900038B513468568046912F4801F07D012F4D4
:106AA000402F04D012F0010F01D082F4402323F4D0
:106AB000801213F0010F0AD023684FF0010C0CFA7A
:106AC00001FC43EA0C0323602B68984738BD236818
:106AD0004FF0010C0CFA01FC23EA0C032360F3E7EE
:106AE00008B503468C4600681979DA8842EA0C0238
:106AF000FFF7CEFF08BD08B532B1012303FA01F15B
:106B00008368DB68984708BD012303FA01F18368B5
:106B10001B699847F7E710B503691C6801238B4090
:106B20001C4202D0B2FA82F25209FFF7E4FF10BD14
:106B30002DE9F04100241FE0ECF79AFD08B1012592
:106B400022E0002520E001212FE001210220EDF7C5
:106B500091FF00210120EDF78DFF07E000210220C9
:106B6000EDF788FF00210120EDF784FF01344FF499
:106B70000050002108F037FAEBF702FA0646ECF76E
:106B80008BFD0028D8D10025EDF726F9074614F033
:106B9000020F0CBF0121002114F0010F0CBF4FF0B8
:106BA00001084FF00008022ECDD00020EDF762FF63
:106BB000002DD3D1002FC8D141460120EDF75AFF57
:106BC00000210220EDF756FFD0E738B504460D4608
:106BD0000846EAF703F86368834201D0002038BD15
:106BE00002462946206808F0C2FD08B10020F6E7F9
:106BF0000120F4E710B50C4600230B70F7F73CFBBF
:106C0000002800DB10BD00232370FBE7012894BFA0
:106C100000200120704700EBC1018368B3F5004FED
:106C20000AD322B14B6843F001034B6070474B68B5
:106C300023F001034B60704722B14B8843F00103FE
:106C40004B8070474B8823F001034B807047C9008D
:106C50008368B3F5004F03D30823194408447047F1
:106C60000423FAE710B400EBC10C8468B4F5004FBC
:106C70001AD3DCF80C30994219D0B4F5004F2ED35A
:106C8000DCF80810063200EB8202536000EBC10210
:106C9000B4F5004F26D3D36000EBC3038268B2F58E
:106CA000004F21D399600DE0BCF80630E3E7C368DC
:106CB0000121914023EA0103C360063200EB820206
:106CC000002353608368B3F5004F0FD3DCF8042032
:106CD00052080369A3EBC203036110BC7047BCF800
:106CE0000410CFE7D380D7E79980EBE7BCF8022008
:106CF000EEE7931D00EB83035B6843BBC3684FF073
:106D0000010C0CFA02FC43EA0C03C360063200EBF0
:106D10008202516000EBC1038268B2F5004F12D3CA
:106D200099608268B2F5004F0FD3D96000EBC101C2
:106D30008368B3F5004F4AD34A685208036903EBEE
:106D4000C203036170479980EBE7D980EEE710B585
:106D500000EBC30C8468B4F5004F28D3DCF808209E
:106D600000EBC10EB4F5004F24D3CEF808208468A0
:106D7000B4F5004F21D3CEF80C3000EBC20283688B
:106D8000B3F5004F1CD3D1608368B3F5004F19D31E
:106D9000CCF8081000EBC1018368B3F5004F14D3A1
:106DA0004A685208036903EBC203036110BDBCF8D3
:106DB0000420D5E7AEF80420D9E7AEF80630DCE7CA
:106DC000D180E1E7ACF80410E4E74A88E9E74A88B3
:106DD000B3E730B400EBC10C8468B4F5004F29D39D
:106DE000DCF80450531A891A01EB55015D00B4F523
:106DF000004F22D3CCF804504C0000EBC20C856845
:106E0000B5F5004F1CD3CCF804408468B4F5004FAE
:106E100019D340F832308368B3F5004F16D3DCF84D
:106E2000044002EB5402B3F5004F12D340F8321085
:106E300030BC7047BCF80250D4E7ACF80250DBE736
:106E4000ACF80240E1E720F83230E4E7BCF8024059
:106E5000E7E720F83210EBE730B400EBC1018468BB
:106E6000B4F5004F1ED34B685B0800EBC20CB4F5C1
:106E7000004F19D3DCF8045003EB55035D00B4F563
:106E8000004F14D34D608168B1F5004F11D3DCF889
:106E9000044002EB5402B1F5004F0DD340F83230FC
:106EA00030BC70474B88DFE7BCF80250E4E74D8008
:106EB000E9E7BCF80240ECE720F83230F0E78368FD
:106EC000B3F5004F04D30823C91A081AC008704745
:106ED0000423F9E708B58368B3F5004F07D300EB47
:106EE000C10252685208012A02D0002200E00022AA
:106EF000A2B900EBC102B3F5004F10D3526852089B
:106F0000B3F5004F0DD308230833A2EBD3020132AF
:106F1000B2FA82F2C2F11F02FFF7A4FE08BD528846
:106F2000EDE70423F0E708B58368B3F5004F07D316
:106F300000EBC10252685208012A02D0002200E090
:106F40000022A2B900EBC102B3F5004F10D3526882
:106F50005208B3F5004F0DD308230833A2EBD30238
:106F60000132B2FA82F2C2F11F02FFF7C2FE08BD7F
:106F70005288EDE70423F0E7F8B504460D46CE004D
:106F800000EBC1078368B3F5004F1FD3796805EBA9
:106F9000510104EBC102B3F5004F19D3536813F04C
:106FA000010F17D0A368B3F5004F24D3A159691A74
:106FB00004EBC102B3F5004F1FD3536813F0010F68
:106FC0001DD029462046FFF7AEFFF8BD7988DEE7E1
:106FD0005388E4E72046FFF77DFFA368B3F5004F31
:106FE00007D37A6805EB520229462046FFF734FFA3
:106FF000D8E77A88F6E7A15BD9E75388DEE7204631
:10700000FFF768FFA368B3F5004F0CD3A1592A46D8
:10701000691A2046FFF720FFA368B3F5004F04D399
:10702000A359ED1ACDE7A15BF1E7A35BF9E7F8B54A
:107030008568B5F5004F11D308230833A1EBD303BE
:107040000133B3FA83F3C3F11F02C3F1250400EB4C
:107050008404676857B34FF0030C13E00423ECE794
:10706000BEF8026019E02146FFF7FCFD26E0BEF8FD
:107070000660941D00EB84046660BCF1010C15D021
:10708000B74213D0941D00EB8404646800EBC40E77
:10709000B5F5004FE4D3DEF80460B1EB560FE2D94A
:1070A000B5F5004FE3D3DEF80C60E2E7C468C3F146
:1070B0002002012393405B421C4001D12046F8BDD1
:1070C00094FAA4F2B2FA82F2931D00EB83035C6897
:1070D0002146FFF7C7FDF1E7E9B138B5046820465E
:1070E000FFF7EDFE0546002201462046FFF793FD1F
:1070F00004EBC503A268B2F5004F0AD35A685208E0
:107100006369A3EBC203636129462046FFF734FF9E
:1071100038BD5A88F3E77047F8B50468002948D0AD
:10712000CD0801F00703A268B2F5004F30D3082163
:107130000B44073305EBD305954228BF1546294676
:107140002046FFF774FF0646A8B304EBC007A36808
:10715000B3F5004F1ED37B68B5EB530F1CD3012250
:1071600031462046FFF757FD31462046FFF76FFDB9
:10717000A368B3F5004F1AD37A685208636903EB2A
:10718000C2036361A269934238BF1346A361F8BD8D
:107190000421CDE77B88DFE735442A463146204687
:1071A000FFF717FE29462046FFF7BDFED7E77A888E
:1071B000E3E70020EBE70020E9E708B51146FFF719
:1071C000ABFF08BDF8B5B2F5802F26D30823D21A3D
:1071D000CC1D24F0070401EB020C2CF0070CACEBE7
:1071E000040C4FEADC010460A1600023E36023612A
:1071F0006361A361BCF5802F11D308230833A1EB91
:10720000D3030133B3FA83F3C3F1200EC3F1270391
:107210009B00DE1DF508002309E00423D7E70423C3
:10722000ECE79A1D04EB82020020506001337345A5
:10723000F7DB6B00BCF5802F32D36360BCF5802F89
:1072400030D300232360BCF5802F2ED3636843F036
:10725000010363604A1B570026F00703E018BCF5E2
:10726000802F27D34760A068B0F5004F24D3E550A6
:107270002CF00703A444A068B0F5004F1ED30020F3
:10728000CCF80400A068B0F5004F1BD3E2500122F7
:107290002046FFF7C0FC29462046FFF744FEF8BD14
:1072A0006380CBE700232380CDE7638843F00103AD
:1072B0006380CFE74780D6E7E552D9E70020ACF8F6
:1072C0000200DFE7E252E2E758B169B102681269F1
:1072D0000A60026852694A6003689B698B600020FB
:1072E00070476FF0150070476FF01500704710B5CC
:1072F0000C4611461A46029BA04710BD4038C0B24A
:107300003A288CBF002001207047F8B50646037864
:107310004578847804EB83040444002706E00134B4
:107320002046E9F75BFC013004440137AF42F6D355
:10733000A01BF8BD70B5144668B10D461946064647
:107340002BB91046E9F74AFC83B2013399B22A46B9
:107350002046B04770BD1046E9F740FC0130F9E720
:107360005BB32DE9F04782B00746884691461D463B
:107370001A785E789C78DB7804EB820404EB430493
:107380002C444FF0000A0AE014F8013B45F8234072
:107390002046E9F723FC013004440AF1010AB24512
:1073A000F2D305F1080300936B684A46414638461C
:1073B000FFF79DFF02B0BDE8F0876FF01500704742
:1073C0002DE9F0410446884600273E4607E0702D2F
:1073D00018D02846FFF792FFB8B9252D0ED014F823
:1073E000015B75B1002EF8D04745F0D02846FFF775
:1073F00085FF0028F1D001370026EEE786F0010670
:10740000EDE700263046BDE8F0810026FAE738B502
:1074100003684268002A21DB012B72F100040FDBB4
:107420000D684C68012D74F1000C09DB6FEA030C48
:10743000AC456FF0004CACEB020C7CEB040C1DDB9C
:107440004C680D685B1942EB04020360426083687C
:107450008A6813448360EFF7B5FB38BD0D684C684C
:10746000002CD9DAD3F1000E4FF0004C6CEB020C7B
:10747000754574EB0C04CFDA0020EEE70020ECE752
:1074800008B503684268B2F1004F08BF002B0AD06C
:107490005B4262EB42020360426083685B4283604E
:1074A000EFF790FB08BD0020FCE70020704708B50F
:1074B00000F0CBFD08BD0FB400B583B004A951F8AE
:1074C000040B0191FFF7F3FF03B05DF804EB04B088
:1074D00070470CB400B583B00346084604AA52F8BE
:1074E000041B0192DB68984703B05DF804EB02B01F
:1074F000704708B5EFF77EFC08BD036913F0080F6D
:1075000008D1C3680268934207D8036A9B1A0B60CC
:10751000012070470020086070479B1A0B60002014
:107520007047036913F0080F07D1826843689A42D5
:1075300003D89B1A0B6000207047036A82689B1A6D
:107540000B600120704710B582B0044601A9FFF717
:10755000D4FF20B1E368019A1344013B0193206AF0
:10756000019BC01A013802B010BD38B5036913F091
:10757000040F00D138BD0446456AFFF7E4FF854299
:1075800002D9606A6062F5E72046FFF7DCFFF9E7A1
:10759000C3681944036913F0010F04D1026A9142D0
:1075A00004D3891A02E0026A013A1140C16023F053
:1075B00008030361704710B400236FF3000343F026
:1075C000020361F39F03C269046842F82430036830
:1075D0000B44026912F0010F04D1046AA34204D3E0
:1075E0001B1B02E0046A013C23400360C4689C4208
:1075F0000AD043681944036913F0010F08D1036AE4
:10760000994208D3C91A06E042F008020261F0E785
:10761000036A013B1940416010BC70472DE9F04FEF
:1076200083B00446019117469846C569C66805EBC4
:10763000860B15F8263003F00303022B24D000211B
:1076400000233B60C8F8003019BB236913F0020F18
:1076500075D0A36958469847824615F8269019F0C8
:1076600001096ED015F8263013F0020F3BD0019BB4
:10767000BBB962685244236913F0010016D1216A34
:107680008A4216D3521A14E055F82610C1F39D0110
:10769000D6E72046FFF77CFFE368A3604FF00109BF
:1076A0004FE019462046FFF786FFE2E7216A0139DD
:1076B0000A406260E168A268914206D0A268226036
:1076C000E26043F0080323613BE0524420B9216AA1
:1076D0008A4204D3521A02E0216A01390A40A260A8
:1076E0004FF00009EAE701462046FFF751FFE36843
:1076F000A360019B23B1E3692268002143F82210B3
:10770000019B5344C8F8003022681344226912F0E8
:10771000010F04D1216A8B4204D35B1A02E0216A73
:1077200001390B40236042F00802226115F826302F
:107730006FF3000305F82630C7F800B001E04FF002
:107740000009484603B0BDE8F08F30B4531804690F
:1077500014F0010F04D1056AAB4204D35B1B02E0B5
:10776000056A013D2B4005689D4214D000236FF34C
:10777000000343F0020362F39F03C46944F821301D
:1077800043681344026912F0010F09D1026A93425F
:1077900009D39B1A07E0016024F00804046103E0A8
:1077A000026A013A1340436030BC704708B50023B9
:1077B000036043608360C360036143618361CA689F
:1077C00082618A6842610A68C2614A6802624362F1
:1077D0000B6903612AB1511E0A4202D143F0010331
:1077E000036128300122002107F0C9F808BD2DE906
:1077F000F04F87B09A46002305930393036A8B42A8
:10780000C0F08980044689469346002301930126EF
:10781000009341E001992046FFF797FF002303936F
:1078200045E0E369226803EB8201009113F822101E
:107830006FF3000103F82210C9B26FF3410103F89E
:10784000221023684B44226912F0010F04D1216AEF
:107850008B4204D35B1A02E0216A01390B4023609A
:10786000E168994201D0002608E042F00802226156
:10787000002603E02046FFF79EFE2E4688F311887F
:10788000BFF36F8F059929B163690BB12046984703
:1078900000230593002E40D0EFF31187202383F3BC
:1078A0001288BFF36F8FB846039A002AB2D104A999
:1078B0002046FFF722FE054604994945B1D200282B
:1078C000D8D15AEA0B030BD1002ED7D023680193ED
:1078D00003AB05AA04992046FFF7A0FE0646CDE7B4
:1078E00007F0BEF90028EFD1002FEDD187F3118802
:1078F000BFF36F8F04F128005A465346FBF7F0F8A8
:10790000EFF31188202383F31288BFF36F8FB0FA4F
:1079100080F67609B2E700230093009807B0BDE82F
:10792000F08F70B504460D46836908469847EFF31B
:107930001186202383F31288BFF36F8F2B7843F0D7
:1079400001032B7063681844236913F0010F04D1FD
:10795000236A984204D3C01A02E0236A013B18400C
:1079600060602046FFF701FE86F31188BFF36F8F3A
:1079700070BDF0B583B004462EE053F822008008B5
:107980004DD143E0226A013A1340A3602046FFF73D
:10799000FFFD01231BE013F8221041F0020103F860
:1079A0002210A768A369304698473844236913F02A
:1079B000010F04D1236A984204D3C01A02E0236A5B
:1079C000013B1840A060002301E000231E4685F320
:1079D0001188BFF36F8F8BB3EFF31185202383F3EF
:1079E0001288BFF36F8F01A92046FFF79AFDE36964
:1079F000A26803EB820601990029E6D013F8221051
:107A000011F0030117D00229B7D0002013F822107B
:107A100011F0010FBFD110B9A36930469847A36890
:107A200001460344226912F0010FABD1226A93424E
:107A3000ABD39B1AA9E700231E46C8E7304603B024
:107A4000F0BD70B504460D46836908469847014667
:107A5000EFF31186202383F31288BFF36F8F2B7807
:107A60006FF300032B70236913F0020F0AD0E36950
:107A7000E26803EB8203AB4204D02B6860F39F0300
:107A80002B600AE02B786FF341032B70E268A36848
:107A90009A420BD02046FFF77BFD86F31188BFF397
:107AA0006F8F04F12800FAF7D3FF70BD0B442269F1
:107AB00012F0010F04D1226A934204D39B1A02E010
:107AC000226A013A1340A360E4E710B582B0EFF3F5
:107AD0001184202383F31288BFF36F8F01A9FFF76E
:107AE00020FD84F31188BFF36F8F0198003818BF11
:107AF000012002B010BDA0F13003DBB2092B02D887
:107B00000B7000207047A0F16103DBB2052B03D896
:107B10005738087000207047A0F14103DBB2052BF5
:107B200003D837380870002070476FF01500704791
:107B30002DE9F04383B0164601F0010202EB510833
:107B400098452FD807464FEA5109F2B90024A145BC
:107B50002AD965000DF1070117F81400FFF7CBFFD4
:107B6000002828DB9DF807301B01335501350DF146
:107B70000701785DFFF7BFFF00281FDB335D9DF82D
:107B80000720134433550134E1E70DF10701007874
:107B9000FFF7B1FF00280BDB9DF8073006F8013B2B
:107BA0000137D3E74FF00008404603B0BDE8F0834B
:107BB0004FF00008F8E74FF00008F5E74FF0000835
:107BC000F2E770B505464069C11740F26C73C01802
:107BD0002A69EB6803F1FF3302F1010241F1000170
:107BE000EFF718FA2C686E68AD684FEAE57C4FEA4B
:107BF0000C1242EA15722B015B1B62EB0C02920025
:107C000042EA93729B00F31842EBE6724FEA021CC1
:107C10004CEA137C4FEA031EBEEB030E6CEB02032F
:107C20009B0043EA9E734FEA8E0212EB040C43EB77
:107C3000E472031841EB01041B1841EB0401080135
:107C400040EA13701C01E41A60EB01010B0143EAE6
:107C500014732001001B63EB0103DB0143EA506353
:107C6000C00110EB0C0042EB030170BD01F00701F5
:107C7000038B23F007030B43038370472DE9F04187
:107C800006460F469046816821B10C683CB131B977
:107C90000C4604E00C4602E0234621461C4669B12E
:107CA0004D6843463A463046A847002CF4D0236836
:107CB000002BF2D0002CF0D12346EEE7BDE8F08196
:107CC000038B13F0070303D102680AB10320704746
:107CD000022B03D0012B06D000207047428B002AD4
:107CE000F8D10420704703680BB1052070470020CD
:107CF000704710B504468C46038B002A07DB03F05F
:107D000007035A1F012A0ED9042B36D010BDD0E923
:107D100000018CE8030000232360636001212046FA
:107D2000FFF7A4FFF2E7D0E900018CE8030000228E
:107D300022606260062B1BD1DCF8003053B1628BED
:107D4000013262831A461B68002BF7D0002AF5D156
:107D50001346F3E702212046FFF788FF2046FFF78E
:107D6000AFFF0028D2D0238B43F020032383CDE73D
:107D700000212046FFF77AFFF0E70021FFF776FFAA
:107D80002046FFF79DFF0028C0D0238B43F020033F
:107D90002383BBE750B110B50C4651B1081D00F06C
:107DA000C2F810B9A368032B06D810BD6FF01500F8
:107DB00070476FF01500F8E76FF01500F5E72DE953
:107DC000F04107460C4616461D461946201D00F098
:107DD000C9F828B180462B46324621463846C0476E
:107DE000BDE8F0812DE9F04180460C4617461E465D
:107DF00004E033463A464046FFF7E1FF216831B1DF
:107E00000D68256063688B42F3D16560F1E7BDE8DA
:107E1000F08108B5EFF311824FF0200C8CF312883B
:107E2000BFF36F8F41610121EFF7C8F908BD034629
:107E300070B181B10A688AB14A6892B100201860B5
:107E400058609860D86018615861986119617047EE
:107E50006FF0150070476FF0150070476FF0150058
:107E600070476FF01500704770B505460E46FFF776
:107E700091FF041E2EDBEFF31182202383F312887F
:107E8000BFF36F8FB5F818C00CF0070C6B8B4FF673
:107E9000FF718B422CD06446BCF1020F08D0BCF1BC
:107EA000060F19D8DFE80CF01E1818181E2A1E003D
:107EB00001336B8301230021084628B10020306084
:107EC000686808B306606E6009BB82F31188BFF36F
:107ED0006F8F0BBB204670BD6FF004040023194662
:107EE0001846EAE7BCFA8CF1490900230120E4E7CF
:107EF0006FF00A04002319461846DEE76FF0850488
:107F0000002319461846D8E76E602E60DCE7022190
:107F10002846EFF753F9DDE700236246314628464D
:107F2000FFF74DFFD6E70246B0B1436803F0030305
:107F3000022B0BD0032B04D0012B04D06FF01500C3
:107F4000704703685BB10020906070470368002BA6
:107F5000F9D16FF0150070476FF0150070476FF0A2
:107F60001500704710B50346426802F003028160B5
:107F7000022A04D0032A05D10468002004E0006826
:107F8000002401E00024204600225A6008B1FCF7DA
:107F900019F8204610BD704710B5002404B110BD7B
:107FA0002046EFF771FB0134F8E708B50020EFF742
:107FB0000BFC4FF47020002107F015F8F6E703786A
:107FC00013F0040F01D0002070470368C3F34A2068
:107FD00000EB1350173020F007008008704710B5F1
:107FE00004460368DB6803B19847636801229A710D
:107FF00010BD002070470120704708B503F0FEF85F
:1080000008BD08B520EAE070C117C90341EA504134
:10801000C00340F2E733C0184FF47A724FF0000308
:1080200041F10001E8F7AEFD06F0DDFF08BD08B53F
:1080300000220023FFF7DBFB08BD08B5FFF701FDB9
:1080400008BD08B5FFF741FD08BD00B585B0039137
:108050000290002001900090034602460146EFF78F
:1080600079FF05B05DF804FB08B50120EFF7DEFCF1
:1080700008BD08B5EFF76EFD08BD08B5FFF751FC68
:10808000EFF702FE08BD0020704708B54368DA71BB
:1080900043681960436801225A71EFF7B7FC08BDC5
:1080A00091B170B514460D46536896689B1B8B4280
:1080B0000CD313680A460146981907F025FBA368FC
:1080C0002B44A360284670BD002070476FF01B0052
:1080D000F9E770B588B10E4614461946054633B126
:1080E0001030C2F34A23120D184407F00DFB2C6028
:1080F0006E602846EFF706FE70BDEFF797FCFBE7D2
:108100002DE9F04383B006460F4615461C4603F1A1
:1081100001094FEA890808F1170020F007008008DC
:10812000EFF710FD002201928DF8049068B100F184
:10813000140C019B0361964605E055F82E304CF86F
:10814000043B0EF1010EA645F7D3002267F3881217
:1081500068F3532200233146FFF7BBFF03B0BDE8AD
:10816000F08300B583B00192012301AAFFF7C8FF95
:1081700003B05DF804FB00B583B0009201930223C5
:108180006A46FFF7BDFF03B05DF804FB00B585B09C
:1081900001920293069B0393032301AAFFF7B0FF0A
:1081A00005B05DF804FB08B5EFF728FE08BD2DE922
:1081B000F04180460768856843681C685E6805E092
:1081C000324621462846B847241A0544002CF7D1E8
:1081D000D8F8043000221A60BDE8F08138B50546B1
:1081E0000C464B681A68CB689A420BD06368D3E898
:1081F000EF2F511CC3E8E01F0028F8D1A3689D545D
:10820000002038BD0846FFF7D2FFEFE738B5044637
:108210000D460A2805D029462046FFF7DFFF00203B
:1082200038BD0D20FFF7DAFFF5E708B51346012248
:10823000EFF74AFF08BD08B513460022EFF744FFE9
:1082400008BD38B505460C4601F00101FFF7F3FF04
:1082500021462846EFF7CAFF38BD2DE9F04383B029
:1082600080460E4615461F46DDF828902C46102DF8
:1082700028BF1024CDF800903B46224631464046A8
:10828000EFF7C8FF26442D1BF0D103B0BDE8F08303
:108290002DE9F04387B006460C469046D1F8089089
:1082A0000F88C7F382170878C0F3C2050846EFF7B6
:1082B000A7FE011E1ADA0023214651F8105BC5F310
:1082C0004A256288C2F30B12481905B90021CDF87E
:1082D0001480049203900291019700220092494673
:1082E0003046EFF7F9FF07B0BDE8F0832846EFF717
:1082F0005FFD0346E0E72DE9F041804607688568A9
:1083000043681C685E6805E0324621462846B84747
:10831000241A0544002CF7D1D8F8043000221A6042
:10832000BDE8F08108B520EAE070C117C90341EA51
:108330005041C00340F2E733C0184FF47A724FF057
:10834000000341F10001E8F71DFC06F04CFE08BDFA
:1083500008B5F0F78FF908BD70B170B50D46144639
:10836000064662B1F0F75CFA002804DB2246294693
:108370003046F0F707FB70BD6FF00D0070476FF0EF
:108380000D00F8E720B108B5C06800F069FA08BD33
:10839000704708B507F0DFF908BD08B507F0B4F974
:1083A00008BD08B501460068F0F70AFC08BD08B52D
:1083B000F0F722FCF0F74CFC08BD0020704708B530
:1083C00000231370CB1E092B1AD8DFE803F0050930
:1083D0000D111919191919141146F0F7A1FE08BD4C
:1083E0000021F0F78BFDFAE70021F0F711FEF6E728
:1083F000F0F792FCF3E71146F0F706FD0020EEE7F8
:10840000F0F710FD0020EAE708B5F0F78BFF08B59C
:1084100040B2F1F745F808BD08B540B2F1F74EF8A3
:1084200008BD08B5013140B2F1F75AF808BD08B5EA
:1084300000210120F0F7C4FB08BDD0F8A83083F379
:108440000B8870476FF08500704761B662B680F3A5
:108450001188BFF36F8F704772B6002383F31188C2
:10846000BFF36F8FBFF34F8F30BF62B6BFF36F8F15
:10847000704772B6002383F31188BFF36F8FBFF389
:108480004F8F20BF80F31188BFF36F8F62B67047A4
:1084900040E800F010F4803F01D0C0B270476FF0A8
:1084A0001500704708B50B6823F01F0C0B7A03F01A
:1084B0001F0ECA6822F01F025B0942EA430242F023
:1084C00001024CEA0E01F1F7F3F808BD43681F2BD7
:1084D00008D913F01F0F07D1036813F01F0F05D041
:1084E000002070470020704700207047012070472F
:1084F00070B504460E46FFF7CBFF05463444601EB8
:10850000FFF7C6FF854201D1284670BD6FF0150503
:10851000FAE710B584B00B6800934C68B1F808C056
:108520009DF808206CF304028DF808204989D2B226
:1085300061F347128DF8082023F01F032344013B09
:1085400023F01F0303936946F1F70CF904B010BD43
:10855000F0B587B0054605A8F0F7BCF8064600243C
:1085600022E05768095827F01F0392681344013B23
:1085700023F01F03019702919DF80C20012161F364
:1085800004028DF80C20D2B2022161F347128DF85B
:108590000C20049301A92878F1F7E4F8002847DBC0
:1085A0002B7801332B700134B44244D22001059959
:1085B00001EB0412D3681B0D1B05B3F5001FD0D0CF
:1085C000B3F5800F1BD0B3F5801FECD15768095865
:1085D00027F01F0392681344013B23F01F03019708
:1085E00002919DF80C20012161F304028DF80C200A
:1085F000D2B261F347128DF80C200493CAE7576892
:10860000095827F01F0392681344013B23F01F030E
:10861000019702919DF80C20022161F304028DF86C
:108620000C20D2B26FF347128DF80C200493B1E7FF
:108630006FF0150000E0002007B0F0BD08B5F1F7BD
:1086400085F908BD08B5F1F75DF808BD08B50B69F7
:1086500049699847002008BD08B5F1F7F1F90020F5
:1086600008BD0CB400B583B00346084604AA52F80E
:10867000041B0192DB68984703B05DF804EB02B07D
:10868000704738B504460D46002A18DB22EAE2722C
:10869000D117C90341EA5241D20340F2E733D0185F
:1086A0004FF47A724FF0000341F10001E8F76AFAE3
:1086B00002460B4629462046F1F7E8F938BD4FF04F
:1086C000FF321346F6E708B5F1F7FAFA08BD00B530
:1086D00083B001AB03F0BEFD02280ED003280FD0FB
:1086E00020B14FF0FF3003B05DF804FB019B0BB9E4
:1086F0000020F8E74FF0FF30F5E76FF01500F2E7E4
:108700006FF08500EFE7002868D02DE9F0470D46AF
:108710001C4606468AB3D2F80890D768022F32D09A
:108720004FF0060A01273046E8F758FA014604F1EF
:1087300024084246304600F045FC002851D0A68C63
:10874000B9F1000F01D0B1454ED1FDB10A2200218F
:108750002846FCF701F80346411E4FF6FE7291428F
:1087600045D8A660E760C4F810A0012E10D0022EF4
:1087700021D06FF00100BDE8F0874FF0060A012715
:108780004FF00009CFE74FF0110ACCE70023E8E7EC
:10879000C4F81C800822A26104F13C02226200207D
:1087A00084F83C002060C3F3072242EA0323E384F9
:1087B0000123A384DFE7C4F81C801822A26104F11E
:1087C0003C022262002084F83C002060C3F30722B0
:1087D00042EA0323E3840223A384CCE76FF0010081
:1087E00070476FF00100C6E76FF00100C3E76FF05C
:1087F0000100C0E7F8B505460E4617461C46F1F7DE
:10880000D9FB78B95421012006F05BFF03462060B4
:10881000B0B13A4631462846FFF775FF054648B9DC
:108820002846F8BD23463A4631462846F1F7D2FBA2
:108830000546F5E7206806F03BFF00232360EFE7DD
:108840006FF00905ECE710B50446F1F7B3FB18B972
:10885000204606F02DFF10BD2046F1F7C3FBFAE7D6
:1088600008B5EEF783FB08BD08B5024648B10368BA
:1088700003B11B689B6833B15B6833B110469847FE
:1088800008BD0346F6E70020FAE70020F8E708B540
:10889000F1F70EFCF1F738FC08BD08B5FFF7F7FF5C
:1088A000002008BD08B5034610B1036803B11B687A
:1088B0009B689B6833B19847032801D0002008BD0E
:1088C0000120FCE70020FAE740B108B503683BB19E
:1088D0005B683BB1DB683BB1984708BD002070473F
:1088E0000020FAE70020F8E70020F6E708B5183086
:1088F0004FF0FF324FF0FF33F9F79AFF08BD4B09F5
:1089000000EB8300D0E8AF0F01F01F01084100F039
:108910000100704730B108B5006828B10C30FFF78E
:10892000EEFF08BD002070470020FAE701F01F02AB
:1089300001239340490900EB8100D0E8EF2F1A434F
:10894000C0E8E12F0029F8D1704730B108B50068C0
:1089500010B10C30FFF7EAFF08BD704770B370B577
:108960000446036863B3062901D883F82010204623
:10897000FFF7BCFF254655F8186B06F017FC4A01B7
:1089800042EAD06243011B1A62EB0102920042EA02
:1089900093729B001B1842EB0102D20042EA537211
:1089A000C3F3103343EA4243D20BB362F262284668
:1089B000F9F7BEFF236893F8200070BD00207047D0
:1089C0000020FAE701F01F0201239340490900EB60
:1089D0008100DB43D0E8EF2F1A40C0E8E12F0029E7
:1089E000F8D1704730B108B5006810B10C30FFF70E
:1089F000E9FF08BD704738B50446E8B1036803B124
:108A00001B689D68BDB12B68ABB104F1180005F07F
:108A1000F0FE04F12C0005F0ECFE2B682046984790
:108A200094F840306FF3000384F84030DBB26FF30A
:108A3000410384F8403038BD0346E2E730B10368B3
:108A400033B1D869003818BF012070470020704743
:108A50000020704710B504460821FFF776FF204636
:108A6000FFF7ECFF00B110BD2046FFF72DFFFAE73E
:108A700010B504460821FFF7B5FF2046FFF7DEFFDB
:108A800000B110BD2046FFF71FFFFAE770B504469E
:108A9000036893F8206058B10021FFF73BFF38B11D
:108AA000206800B1006805F098FD90B9032500E04A
:108AB000022529462046FFF751FFA84208D12CB1D4
:108AC00023681BB193F82030062B12D0062E16D047
:108AD00070BD09212046FFF71DFF08B90225E8E710
:108AE0000A212046FFF716FF08B90625E1E705250C
:108AF000DFE7062EECD02046FFF7ACFFE8E7204684
:108B0000FFF7B6FFE4E738B50446FFF7EFFE0021B4
:108B10002046FFF7FFFE40BBFCB12368FBB15A685B
:108B2000FAB19268FAB1186805F057FD00B32368EE
:108B300003B15B689B68012120469847051E06DB50
:108B400000212046FFF701FF2046FFF79FFF04F1B9
:108B50001800F9F7EDFE284638BD0025F0E700259E
:108B6000EEE70025ECE70025EAE76FF07705EEE792
:108B70006FF00505EBE710B50446FFF75FFF00B99E
:108B800010BD2046FFF78EFEFAE730B583B00446ED
:108B90000D460A2201A9FBF7E5FE019BA3420AD07C
:108BA000227862B11B786BB983B2B0F5803F0BD2EB
:108BB0002B80012004E00028F2D1002000E00020FA
:108BC00003B030BD0020FBE70020F9E710B40C092A
:108BD00001F00F0103B9A4B1092C0DD830340346BC
:108BE00003F8014B09290ED83031184600F8011B53
:108BF00000225A7010BC70471444E4B20A3CE4B23C
:108C0000EDE70346EEE71144C9B20A39C9B2ECE711
:108C10002DE9F04F8DB084460C46019200230B9352
:108C20000793089309930A9305930693022814D097
:108C3000012840F0DA800B680B934FF000090427FD
:108C40004FF02E0B4FF0FF380122CA46019C002640
:108C50000292CDF80CC000258CE007AD0868496889
:108C6000A268E3680FC560B979B9BDF826204FF650
:108C7000FF739A4202D04FF0000904E04FF001095F
:108C800001E04FF00009002003E04FF00009FAE78F
:108C90000130072814DC0346072BF9DC0CAA02EB91
:108CA000430232F8142C002AF2D100F130020DEB0D
:108CB000020111F81C2C013201F81C2C0133EBE7E6
:108CC0004FF0FF380122002300E00133072B09DCBD
:108CD00003F13001694411F81C1C9142F5D9984602
:108CE0000A46F2E7012A05D008274FF03A0B0DF1AA
:108CF0001C0AABE708274FF03A0B4FF0FF380DF195
:108D00001C0AA3E705F130036B4413F8041C39B9BE
:108D10002346302203F8022B84F801B01C4628E0D9
:108D200000222046F1F706FA54FA80F404F801BB59
:108D30001FE00A9B0B933A2304F8013B04274FF0F2
:108D40002E0B0123039386E706B915B93A2304F8DD
:108D5000013B3A2304F8013B029B013B1D440026E2
:108D600007E00023612231462046FFF72FFF04462B
:108D700001260135BD4225DA042FC3D0B9F1000F19
:108D800001D0052DD5DC4545DED016B13A2304F8D7
:108D9000013B3AF8156033021BB243EA1626C3F3CF
:108DA0000721F6B213F47F4FDBD000236122204667
:108DB000FFF70CFF012361223146FFF707FF04464E
:108DC0000126D6E7DDF80CC0019B9C420FD0BCF118
:108DD000010F05D00023237001980DB0BDE8F08F7E
:108DE000002304F8013C0198F7E70020F5E7002094
:108DF000F3E72DE9F04786B006460F4690469946C0
:108E00000D46102928BF10254FF0000C01E00CF191
:108E1000010C654504DD16F80C40002CF7D16546C1
:108E2000B9F1000F2AD02A463A21304606F05EFCFE
:108E30000446002842D0831B9D42A8BF1D46AA4677
:108E40002A46314601A806F05FFC05F118030DEB38
:108E50000305002305F8143C08F1040201A90120D0
:108E6000F1F792F900282BDB0123A8F80030B9F1C3
:108E7000000F05D1012006B0BDE8F0870024DEE731
:108E8000A7EB0A07013F3A46E11801A806F03CFCAF
:108E900007F118030DEB0307002307F8143C0DF14D
:108EA000020101A8FFF771FE0028E4D0BDF80220FE
:108EB000130243EA1223A8F80230DCE70020DAE7C5
:108EC0000020D8E72DE9F0478EB005468946904648
:108ED0001F460E462E2928BF2E264FF0000C01E01B
:108EE0000CF1010C664504DD15F80C40002CF7D19F
:108EF000664677B332465D21284606F0F7FB824688
:108F0000002855D0691C431A9E42A8BF1E4632460F
:108F100002A806F0F9FB002206F138036B4403F8BF
:108F2000302C08F1040202A90220F1F72DF90028E3
:108F300040DB0223A8F80030002F3FD00AF10103E4
:108F40004D44AB423CD29AF801303A2B09D0384616
:108F500031E03246294602A806F0D6FB4FF0000A5F
:108F6000D9E7A9EB0604033C0AF10201002300E063
:108F700001339C4203DDCA5C002AF9D11C4622461B
:108F800002A806F0C1FB04F138030DEB0304002333
:108F900004F8303C0DF1060102A8FFF7F6FD50B1D0
:108FA000BDF80620130243EA1223A8F8023002E0BB
:108FB000002000E000200EB0BDE8F0870120FAE7B5
:108FC0003846F8E778B370B50C461646054661B3E7
:108FD000037863B35B2B02D000210B4604E001232E
:108FE000FFF770FF22E00133A34205D2E85C18B11D
:108FF0003A28F8D10131F6E701290DD00023324695
:1090000021462846FFF7F5FE034678B93246214649
:109010002846FFF757FF09E001233246214628463C
:10902000FFF7E7FE02E000207047002070BD00203F
:10903000FCE703684268934205D013F8012B0A70DD
:109040000360002070476FF01500704703684268A6
:10905000D21A012A09D993F800C05A7842EA0C22A0
:109060000A8002330360002070476FF015007047DC
:1090700030B583B004460D460DF10601FFF7E6FF5B
:1090800060B9636822689A1ABDF806309A420ADB12
:109090006B602BB122682A601A44226003B030BD95
:1090A00000232B60FAE76FF01500F7E710B44B6868
:1090B0000C681B1B83420BD3506030B10B681360EC
:1090C00003440B60002010BC704700201060FAE7DA
:1090D0006FF01500F7E76FF085007047F8B50446AC
:1090E00017461E46FFF7B2FF002806DB60682368BC
:1090F000C51A9EB1A7B10DB90020F8BD394620466A
:10910000FFF797FF0028F8DB012D0BD931462046E9
:10911000FFF7E1FF0028F0DB0020EEE70020ECE79E
:109120000020EAE70020E8E7844600230B601846A9
:10913000032B29DC10B4DCF80020DCF80440A24248
:109140001FD2127802F07F029A400C6822440A6013
:109150000733DBB20130DCF80020541CCCF80040AF
:1091600092F90020002A05DA0328E4DD6FF01500EB
:1091700010BC70470B68B3F1805FF9D36FF0150036
:10918000F6E76FF00A00F3E76FF01500704770B56F
:1091900004461546FFF74DFF064608B1304670BD40
:1091A00029462046FFF7C0FF0028F7DA0646F5E714
:1091B00070B582B006460C4615460DF107012046F3
:1091C000FFF737FF08B102B070BD0DF10601204670
:1091D000FFF72FFF0028F6D19DF806306B7096F848
:1091E0008630032BEFD09DF8073003F001032B707E
:1091F000E9E72DE9F04115461E46069CA37D6FF375
:109200000003A375DBB261F34103A375C1F3410110
:10921000217221463046FFF72BFF074658B9D4F894
:10922000048008F10203227A42B99D4211D3002240
:10923000E260ED1A25613846BDE8F08104F11401C1
:109240003046FFF703FF10B908F10403EDE70746C6
:10925000F1E76FF01507EEE708B508461146002361
:109260001A46FFF73BFF08BD08B508461146002324
:109270001A46FFF733FF08BD08B50846114600231C
:109280001A46FFF72BFF08BD08B508461146002314
:109290001A46FFF723FF08BD38B50C4615461146A0
:1092A0002046FFF7D3FE00B138BD606823682A1D51
:1092B0002146C01AFFF7FAFEF6E708B50846114640
:1092C000FFF7C4FE002008BD0B684A68934204D033
:1092D00003F8010B0B60002070476FF00B00704724
:1092E0000B684A68D21A012A06D9020A1A70587005
:1092F00002330B60002070476FF00B00704703468D
:1093000000200130F1B110B408E0DB0902E00A6886
:1093100001320A60A3B101300029F6D00A684C6816
:10932000A2420BD203F07F0C82F800C0DB09EED022
:109330000C68227862F07F022270E8E76FF00B0081
:1093400010BC7047DB09002BDBD170472DE9F041E1
:1093500015686D1AB5F1805F1ED207460E46144699
:1093600000212846FFF7CBFFC3B20133DBB2C3F1C4
:109370000008F61A266021463846FFF7A5FF214669
:109380002846FFF7BCFF236803EB080222602B444A
:1093900063600020BDE8F0816FF07900FAE708B55E
:1093A00001460020FFF79CFF08BD002070476FF0CA
:1093B000850070472DE9F041069C31B38046174681
:1093C0001D4608462668053626602146FFF788FFB9
:1093D0000346B8B985B12846FFF7E7FF00B95FB18A
:1093E00021463846FFF770FF034658B92146284604
:1093F000FFF7DDFF034628B9224631464046FFF716
:10940000A5FF03461846BDE8F0816FF01503F9E7A4
:1094100038B505464B680A689B1A4068821C93421F
:109420000ED30C4680B2FFF75BFF6A68296820689C
:1094300006F06AF923686A6813442360002038BD87
:109440006FF00B00FBE7F8B50E4615468A7D02F07B
:109450000103DB0043F03003087A410001F006010C
:109460000B43C2F3400243EA020408B1B38AEBB1F2
:109470002F6805372F6029463046FFF7C9FFA0B98E
:10948000337A23B12946B08AFFF72AFF68B92B68DF
:10949000326913442B602A4639462046FFF756FFAF
:1094A00018B96B6832699B1A6B60F8BD6FF01500D4
:1094B000FBE700B583B00988009200231A464020DC
:1094C000FFF778FF03B05DF804FB08B51046F0F72E
:1094D00083FF08BD2DE9F041CB8853B30D461646F6
:1094E0001768053717601146E888FFF7F9FE04464C
:1094F000E0B9AB88A34213DD286804EB44034FEACC
:109500008308314600EB8300FFF782FFA0B92B6888
:1095100043443146187AFFF7D7FE78B90134E8E7BB
:10952000324639468220FFF711FF04462046BDE847
:10953000F0816FF01504F9E70446F7E70446F5E714
:1095400070B50D4649682B68CB1A93421BD206466C
:10955000D41A0819726FB36F1344984215D8904209
:1095600016D3002322463046F1F7D2F8002809DB53
:1095700088B1F3690344F3616B6803446B60A042F4
:109580000CD3002070BD0020FCE76FF00B00F9E762
:109590006FF00B00F6E76FF07F00F3E76FF00A0063
:1095A000F0E7F8B505460F4616461C46022221464E
:1095B0002846FFF7C5FF00280ADB6B6F23603246A1
:1095C00039462046FFF7E3FD012210F10B0FEED0E4
:1095D000F8BD70B505461446C1F341060222214686
:1095E000FFF7AEFF00280EDB23681A785B7843EAAA
:1095F00002239A1C06B11A1D21462846FFF7A0FF38
:10960000002800DB002070BDF0B58BB004460D468D
:1096100016461F462022002102A806F09CF805F0FD
:10962000F00CBCF1600F7CD014D9BCF1B00F00F08D
:109630008E8041D9BCF1D00F51D194F98730002BE5
:1096400040F39080013B84F8873009238DF808307F
:10965000002526E0BCF1400F58D00DD9BCF1500FC9
:1096600028D104238DF8083003AA39462046FFF795
:10967000FBFD0546099014E0BCF1200F31D0BCF190
:10968000300F15D102238DF8083003AB00933B4611
:10969000324629462046FFF7ACFD05460990079B58
:1096A000236202A9204600F0DFF828460BB0F0BD87
:1096B0000025FAE70025F8E7BCF1700F3CD0BCF1BB
:1096C000900F0AD107238DF8083003AA39462046A7
:1096D000FFF7E2FD05460990E3E70025E5E70025F1
:1096E000E3E703AA39462046FFF762FD054658B96D
:1096F0009DF80D302BB9A26942F00402A2610993D2
:10970000CFE76FF06E05FAE70990CAE703238DF8FB
:10971000083003AA39462046FFF79EFD054609900A
:10972000BFE705238DF8083003AA39462046FFF726
:10973000A3FD05460990B4E706238DF8083003AA77
:1097400039462046FFF7A0FD05460990A9E7082302
:109750008DF8083003AA39462046FFF7AEFD0546CE
:1097600009909EE7002384F887306EE710B584B037
:109770000446436F0093C269134401936B4602AAE7
:109780000DF10F01FFF70DFF002819DB9DF80F10F9
:1097900001F0F003302B18D0029A69462046FFF7FB
:1097A000CFFE002816DB6B46029A9DF80F1020466C
:1097B000FFF72AFF002801DB0020E06104B010BDA4
:1097C00010F10B0FFAD10020F8E76A462046FFF7A8
:1097D00000FFE6E710F10B0FF0D10020EEE70023C9
:1097E00083614361C36103627047836913F0040FAF
:1097F00001D0002070476FF07F00704708B5F9F77F
:1098000017F808BD08B54FF0FF324FF0FF33FFF7F0
:10981000F5FF08BD38B504460D46D0F8802000217C
:10982000C06F05F098FFE36F2B60D4F880201344DD
:109830006B6038BD08B505F0B9FC02464B0143EA40
:10984000D0634001801A63EB01039B0043EA9073ED
:109850008000801843EB0103DB0043EA5073C0F340
:10986000103040EA434008BD38B5036F53B1044699
:109870000D46F9F75DF8236F2946204698472046A4
:10988000FFF7C0FF38BD70B588B004460E461546D8
:10989000F0F74CFF2046FFF7A2FF0DB908B070BDEE
:1098A00020220021684605F056FF01238DF8003084
:1098B000079669462046FFF7D7FFEFE730B583B03C
:1098C0000546F0F7FDFE041E21DB69462846FFF73A
:1098D000A1FFAB6943F00203AB6169462846F0F78C
:1098E0008DFD041E0EDB0099019A521A2846F0F7EE
:1098F000F3FE041E06DBFFF79DFF6861002485F878
:10990000874004E0002221462846FFF7BCFF20469E
:1099100003B030BD38B50546F0F7ECFE041E05DB9C
:10992000FFF788FF68610024204638BD01222146E8
:109930002846FFF7A8FFF7E738B50546F0F7CCFE55
:10994000041E05DBFFF776FF68610024204638BD62
:10995000012221462846FFF796FFF7E738B5036A4C
:1099600063B90446FFF702FF051E01DB284638BD38
:10997000012229462046FFF786FFF7E76FF00F0523
:10998000F4E7F8B548B30F4615461E460446FFF700
:1099900039FF226AFAB1AA4200D32A463346394631
:1099A0002046F0F7B5FE054616B910F10B0F04D0AE
:1099B000002D07DD236A5B1B23622046F8F7B8FF02
:1099C0002846F8BD0DB96FF07F05012229462046D3
:1099D000FFF759FFF1E70025EFE76FF01505EFE717
:1099E000A8B110B504469022002105F0B4FE20462F
:1099F00004F0FFFE042384F8863094F888306FF377
:109A0000410384F888307823A4F8843010BD70476F
:109A100038B5D8B10446436DDBB1FFF7F3FEE36F11
:109A20003BB1636F43B12046FFF748FF051E08DADC
:109A300004E06FF00B0501E06FF00B052046FFF727
:109A4000CEFE2046F8F774FF284638BD6FF01505A6
:109A5000FAE76FF01505F7E770B58EB0002835D03E
:109A60000E460546002934D0FFF7CCFE0CA9284647
:109A7000FFF7D0FE2846FFF7B8FE041E20DB0CAA35
:109A800031462846FFF7DFFC041E19DB0C9A0892CA
:109A90000D9B9B1A0993F3680A9333690B93002378
:109AA000019302930393049305930693079308ABE2
:109AB00003930223049301A92846FFF72BFF0446D2
:109AC0002846F8F735FF20460EB070BD6FF015043C
:109AD000F9E76FF01504F6E770B582B008B30E46EB
:109AE000054609B3FFF78EFE69462846FFF792FE4A
:109AF0002846FFF77AFE041E0DDB6A4631462846EB
:109B0000FFF7D7FC041E06DB0099019A521A28467B
:109B1000FFF712FF04462846F8F70AFF204602B076
:109B200070BD6FF01504F9E76FF01504F6E770B536
:109B300082B030B30E460546FFF764FE69462846FC
:109B4000FFF768FE2846FFF750FE041E13DB6A4647
:109B500031462846FFF7B9FC041E0CDB0099019A38
:109B6000521A2846FFF7E8FE041E04DB01220021FA
:109B70002846FFF788FE2846F8F7DAFE204602B0AE
:109B800070BD6FF01504F9E770B582B008B30E46EA
:109B9000054609B3FFF736FE69462846FFF73AFE49
:109BA0002846FFF722FE041E0DDB6A463146284692
:109BB000FFF790FC041E06DB0099019A521A284612
:109BC000FFF7BAFE04462846F8F7B2FE204602B078
:109BD00070BD6FF01504F9E76FF01504F6E730B5C6
:109BE00083B020B30546FFF70DFE69462846FFF710
:109BF00011FE2846FFF7F9FD041E12DB6846F0F758
:109C00007FFC041E0DDB0099019A521A2846FFF7CB
:109C100093FE044695F987307F2B02D0013385F8F7
:109C200087302846F8F784FE204603B030BD6FF039
:109C30001504F9E788B110B50446FFF7E3FDA36901
:109C400023B92046F8F774FE002010BD01226FF002
:109C500070012046FFF717FEF3E76FF0150070471D
:109C600070B518B30446FFF7CDFD6569FFF7E2FD57
:109C7000401B0BD4B4F8843083B14FF47A7202FBEA
:109C800003F3834204D900252E4609E00020F1E7C2
:109C90002046FFF7A4FF0646012501E000252E46D9
:109CA0002046F8F745FE25B1304670BD6FF0150629
:109CB000FAE76FF00A06F7E738B504464569FFF79B
:109CC000B9FD421B0AD4B4F884104FF47A7301FB37
:109CD00003F329B1934206D9981A38BD0022F2E75E
:109CE0004FF0FF30F9E70020F7E738B590B10446B0
:109CF000FFF788FDA36913F0020F06D16FF07F050F
:109D00002046F8F715FE284638BD2046FFF726FE08
:109D10000546F5E76FF01505F5E708B50123FFF7F0
:109D200030FE08BD70B506460C468D1800E00444B0
:109D3000AC420BD22A1B21463046FFF7EEFF00282B
:109D400005DB0028F3D16FF0040000E0002070BDB7
:109D5000006901EB410189003831084470474068CF
:109D600001EB410100EB810070470069C1EBC101CB
:109D700000EB8100704708B5C9B2FFF7E9FF8068C2
:109D800000F0070008BDEFF31182202383F312884F
:109D9000BFF36F8F036813F0C00301D08B4207D16C
:109DA00001230360002082F31188BFF36F8F704797
:109DB0004FF0FF30F7E7EFF31182202383F312888F
:109DC000BFF36F8F036803F0C00C03F00703012B90
:109DD00008D08C4509D04FF0FF3082F31188BFF3D3
:109DE0006F8F704701600020F7E76FF07700F4E7AE
:109DF000EFF31182202383F31288BFF36F8F036880
:109E000003F0C00343F00203036082F31188BFF341
:109E10006F8F7047F8B506460C46FFF799FF056847
:109E20004768002340F8083BFFF7E2FF1DB13A46C0
:109E300021463046A847F8BD70B506461546CCB257
:109E40002146FFF785FF29460830FFF79CFF0028D1
:109E500006DB21463046FFF782FF43689847002023
:109E600070BD08B58022FFF7E7FF08BD2DE9F0417E
:109E7000064690461F46CDB22946FFF769FF0446C5
:109E800006990830FFF797FF002809DBC4F8008027
:109E9000676029463046FFF762FF03689847002055
:109EA000BDE8F08110B582B080240094FFF7DEFF9A
:109EB00002B010BD10B51446C9B2FFF756FF00211D
:109EC000A04710BD08B5012002F053FA08BD08B53F
:109ED000012002F059FA08BD08B520EAE070C11768
:109EE000C90341EA5041C00340F2E733C0184FF4C0
:109EF0007A724FF0000341F10001E6F743FE05F0EE
:109F000072F808BD08B51046F8F7A2FD08BD08B5FF
:109F100002F064FA08BD08B5F5F744FC08BD08B5C1
:109F200020EAE070C117C90341EA5041C00340F282
:109F3000E733C0184FF47A724FF0000341F100018B
:109F4000E6F720FE05F04FF808BD08B504F088FEDE
:109F500000B108BD0220FFF7E2FFFAE708B50846A6
:109F60001146F5F7DBFA00B908BD6FF00400FBE716
:109F700008B502F06DF900B908BD6FF00400FBE709
:109F80004B6803444B600B6803440B608B681B1ADF
:109F90008B60704710B50C4602F07CFE00232060F9
:109FA0006360184610BD38B504460D4602F072FED7
:109FB000002C06DBA04206D9001B854205D90020F3
:109FC00000E0002038BD0020FCE70120FAE738B5AA
:109FD000044602F063FE05466068F5F7AFFEA3682D
:109FE0005B1BA36062682A446260002BF4D10020EE
:109FF00038BD00B585B0002301930293039302900E
:10A00000039101A8FFF7E3FF05B05DF804FB10B56D
:10A01000044608E023681968606802F02FFE2146B4
:10A020000420FFF7ADFFA368032BF3D8F0F780FE01
:10A03000002010BD00B585B001910290039201A8E7
:10A04000FFF7E5FF05B05DF804FB0B4639B1116879
:10A05000196041688A4209D0002313607047136871
:10A06000036041688A42F7D14360F5E74360F3E754
:10A0700008B50A460368002101E019461B682BB1A8
:10A080009342FAD1FFF7E1FF012000E0002008BD74
:10A0900038B505460C460321A047002806DB012100
:10A0A0002846A047002800DB002038BD10F1860FAD
:10A0B000FBD1F4E770B504460D461646036833B18C
:10A0C000FFF7D6FF70B91EB96FF0150006E032B188
:10A0D00023682B602560636843B1002070BD6FF07A
:10A0E0001500FBE7002EF3D10020F7E765600020A4
:10A0F000F4E770B50E461546016821B10C683CB115
:10A1000031B90C4604E00C4602E0234621461C46C9
:10A1100071B18A682A4002D04B6830469847002CBB
:10A12000F3D02368002BF1D0002CEFD12346EDE7CC
:10A1300070BD8068003818BF0120704710F0100F04
:10A1400004D110F0200F03D1002070470320704786
:10A150000120704743685B681B690B6000207047F3
:10A1600043685B6802EA010021EA02019860D96055
:10A170000020704743685B6899600020704743681F
:10A180005B68D9600020704743685A68536821EAC9
:10A1900003000B409060D36000207047B0F5800F43
:10A1A00007D0B1F1C06F0DD0B1F1007F08D0012010
:10A1B0007047B1F1007F01D005207047042070473F
:10A1C000022070470320704708B500690430FFF78C
:10A1D00071FF08BD10B500F01F044009F0F7E8FE5C
:10A1E00030B1014600690122A2400430FFF781FF2F
:10A1F00010BD0020704708B502F01EFD08BD08B56F
:10A200001146806802F007FD08BDF0B589B00E4622
:10A210001446456801F01F072B7C47EA4317104698
:10A22000FFF78CFF8DF81E0040F206332340B3F594
:10A23000837F52D016D8062B4BD006D9B3F5807F3A
:10A240000DD101238DF81D3024E003B3022B03D17F
:10A2500004238DF81D301DE06FF0150636E06FF019
:10A26000150633E040F2022293423AD0B3F5407F24
:10A2700003D103238DF81D300CE0B3F5007F03D12B
:10A2800002238DF81D3005E06FF015061EE0002357
:10A290008DF81D300123B34014F4002F25D06A68D7
:10A2A00093602846FFF745FF28B30DF11F0239469A
:10A2B000A86802F09CFC064614F4403F33D13946AE
:10A2C000A86802F0A0FC002E67D00026304609B036
:10A2D000F0BD06238DF81D30DCE707238DF81D3017
:10A2E000D8E705238DF81D30D4E714F4802FD8D09B
:10A2F0006A68D360D5E7C4F340438DF8083014F49E
:10A30000803F0CBF012300238DF8103000260196FA
:10A310000DF11D0300930DF11E0304AA02A9384696
:10A32000F0F7ECFDD2E702AA002302930393049313
:10A3300005930693059204AA3946A86802F04BFCDF
:10A3400000281BDB14F4003F1AD09DF81D308DF857
:10A35000103014F4803F0CBF012300238DF811301E
:10A360009DF81E308DF81230002304AA3946A868E3
:10A3700002F035FC0028A6DA0026A7E70026A5E7AC
:10A3800000230493059306930DF11E03049304AA7E
:10A390003946A86802F01FFCECE79DF81F10A8687A
:10A3A00002F035FC92E700B54368136001E0083322
:10A3B0001360136890F808C0D0F804E00EEBCC0CE2
:10A3C000634505D293F805C08C45F0D1002001E02B
:10A3D0006FF001005DF804FB38B505460C4603211B
:10A3E000A047002806DB01212846A047002800DB03
:10A3F000002038BD10F1860FFBD1F4E74368186ADE
:10A40000704770471368C0B200F5AC7053F8200075
:10A410000860C043C00F704743685B6B0020136047
:10A420005060704708B50021006902F0D6FD002099
:10A4300008BD10B50446002201212120FDF7F1FFDF
:10A440002046F1F757F810BD10B582B0044601AAB6
:10A45000FFF7A9FF002805DB019B2268197918681E
:10A46000F0F78EFE02B010BD012903D108B5F1F757
:10A47000B1F808BD6FF08500704738B505460C4649
:10A480000321A047002806DB01212846A047002819
:10A4900000DB002038BD10F1860FFBD1F4E74368E4
:10A4A0001B68EFF31182202181F31288BFF36F8FB5
:10A4B000D3F8201131B10021C3F82011D3F82011B5
:10A4C0000121D96082F31188BFF36F8F7047436811
:10A4D0001B68D3F88004C3F88004704743681A6887
:10A4E0005B6803F00103D2F8581129B933B9D2F8E7
:10A4F00020312BB9002070470120704700207047A1
:10A500000120704708B503695A6813680BB1526897
:10A51000984708BD00B587B00023019302930393C9
:10A520000493059304238DF8043002910DEB03018D
:10A53000FFF7E8FF07B05DF804FB4368187D0128CA
:10A5400014BF00200120704700B587B002690023C6
:10A550000193029303930493059302238DF804302F
:10A5600053681B6C029353689B6C0393049101A97D
:10A57000FFF7C8FF07B05DF804FB10B503695B681F
:10A5800040680068EFF3118C4FF0200E8EF31288B4
:10A59000BFF36F8F1C6CACB1DC6CB4B9D9641A65B5
:10A5A000C0F83415C0F83825042A11D9D0F8003283
:10A5B00043EA0E03C0F8003200208CF31188BFF389
:10A5C0006F8F10BD6FF00C00F7E76FF00F00F4E72E
:10A5D0000020F2E70369586820B101605B685A60A7
:10A5E000002070476FF08500704700B587B00023EA
:10A5F0000193029303930493059303238DF804308E
:10A6000003695A6843681968936DD26D134302D089
:10A610000423C1F8043301A9FFF774FF07B05DF804
:10A6200004FB43681A68DB69C2F834350523C2F8B5
:10A6300038350123D362D2F81031002BFBD0002330
:10A64000C2F81031D2F81031D2F84C0130B10023E9
:10A65000C2F84C31D2F84C31D2F83C05C0B2704748
:10A6600010B4445844B11A4201D1002005E000233F
:10A6700043504358012000E0002010BC704742685E
:10A6800013680069406868B9D3F8100168B1526A6C
:10A6900012780A700020C3F81001D3F810210122AB
:10A6A0001A6070476FF0850070474FF0FF307047B9
:10A6B00040680368002A0DDDD3F8102162B1002242
:10A6C000C3F81021D3F81021426A12780A700120D1
:10A6D00018607047002070470020704710B443682E
:10A6E0001C680369EFF31181202282F31288BFF303
:10A6F0006F8F1A68D07B38B990731B680122DA73A8
:10A700004FF48003C4F8043381F31188BFF36F8FD3
:10A7100010BC704703691A68D17B21B10121917384
:10A720001B680022DA73704710B443681C68036921
:10A730001A68D17B39B1D4F8581139B100211161AF
:10A740001B68988900E0002010BC70470020FBE7E0
:10A7500043681B68D3F81001003818BF0120704708
:10A7600043681B68D3F8042312F0100F02D11022A3
:10A77000C3F80423704743681B68D3F8042312F01E
:10A78000100F02D01022C3F80823704743681B68DB
:10A790004FF40072C3F80423704743681B684FF4FA
:10A7A0000072C3F80823704738B5044643681D6833
:10A7B000D5F8043313F4800F06D1D5F8043313F021
:10A7C000100F07D1002038BDFFF7AEFF0028F4D0EE
:10A7D0000120F8E72046FFF7BBFF0028F3D0012057
:10A7E000F1E7012070470369186801601B685A602F
:10A7F000704710B5046940686368D3F8A420D3F8A3
:10A80000B010521A01D1002010BD082A28BF08221A
:10A81000C3F8AC2063688069C3F8A8006368D3F804
:10A82000A010D3F8B030194404F06EFF0120EBE71C
:10A8300010B582B0044601AAFFF7B5FD002805DB7C
:10A84000019B226819791868F0F79AFC02B010BDD4
:10A8500070B54468256806690021E068FFF7E8FFE5
:10A860000823C5F80035736803B170BD237A002B47
:10A87000FBD1636AC5F834350123C5F838350022A9
:10A88000C5F81021D5F810212B60EEE708B5026954
:10A89000D3691943D16113F0030F00D008BDFFF74E
:10A8A000D7FFFBE710B543681C68C4F84415C4F82B
:10A8B00048250022C4F82021D4F82011C4F85821DA
:10A8C000D4F858215B6813F0040F02D10123A36070
:10A8D00010BD0121FFF7DAFFF8E7F8B50546066974
:10A8E00033689C899442A8BF144610330122D3E8F0
:10A8F000EF0F002803D1C3E8E72F002FF7D11FD1B6
:10A9000033682246986804F0FFFEEFF31187202396
:10A9100083F31288BFF36F8F2846FFF7DFFD40B93E
:10A92000336800241C6187F31188BFF36F8F2046C2
:10A93000F8BD3368224699682846FFF7B3FFF2E76F
:10A940000024F4E738B505460C4643681B684FF40D
:10A950008002C3F80423FFF7C1FD20B96368012218
:10A9600083F8B82038BD6368002283F8B820636894
:10A970004FF0FF32C3F8B4206368D3F8AC20D3F8AB
:10A98000A8102846FFF78EFFECE743685A6812F0DC
:10A99000040F00D0704710B504460021D868FFF7B7
:10A9A00047FF2046FFF754FF10BD012904D108B529
:10A9B000FFF7EBFF002008BD6FF08500704708B57A
:10A9C0000021FFF7F2FF08BD10B502694468D369A2
:10A9D00023EA0101D16111F0030F00D010BD4368DB
:10A9E0001B680022C3F800250121E068FFF720FF63
:10A9F000F4E72DE9F0410446D0F804800669D8F860
:10AA00000050D5F8043313F4807F02D0D5F82031FC
:10AA100033BBD5F8587127B1D8F8043013F0040FC0
:10AA200021D13368D3B15FB100221A613368DB7B77
:10AA30001BB94FF48003C5F8083333689A7B4ABBCF
:10AA4000D5F8243123B10023C5F82431D5F82431B9
:10AA50003268136813B1516820469847BDE8F08109
:10AA6000FFF71DFDD5E7EFF31188202383F312884C
:10AA7000BFF36F8F01212046FFF7A6FF336823B194
:10AA800088F31188BFF36F8FCBE74FF48003C5F8CD
:10AA90000833F5E700229A73E0E730B587B0044643
:10AAA0004268036959680023019302930393049356
:10AAB000059305208DF8040081F86130536813F088
:10AAC000040F05D101A92046FFF71CFD07B030BDDA
:10AAD000EFF31185202383F31288BFF36F8F0221D8
:10AAE0002046FFF771FF85F31188BFF36F8FE9E709
:10AAF00070B50446466803695D68296C19B1FFF7B3
:10AB000009FD00232B6495F862306BB1002385F8B2
:10AB1000623063681B680022C3F80821D3F808314B
:10AB20002046FFF7BAFF70BD736813F0040FF0D032
:10AB30002046FFF776FD85F86000EAE708B520EAD1
:10AB4000E070C117C90341EA5041C00340F2E73346
:10AB5000C0184FF47A724FF0000341F10001E6F79C
:10AB600011F804F040FA08BD70B5064612E075B160
:10AB7000EFF31184202383F31288BFF36F8F3046E5
:10AB8000FFF7ACFC98B984F31188BFF36F8F0120F5
:10AB9000FFF7D4FF64243046FFF7A0FC05460028E9
:10ABA000E5D1012001F073FB013CF4D1DFE7204641
:10ABB00070BD70B50E4603695D6843681C6805F199
:10ABC000080004F06EFBEFF31182202383F3128858
:10ABD000BFF36F8FEB6C53B1D4F8003223F0200336
:10ABE000C4F800320023C4F84C31D4F84C310023AF
:10ABF00085F8613016B1012385F862300123636066
:10AC000082F31188BFF36F8F002070BD08B5036910
:10AC10005B681B6C1BB10121FFF7CBFF08BD6FF018
:10AC20000D00FBE710B586B0044643681968D1F8FB
:10AC30008024002301930293039304930593062336
:10AC40008DF8043012F0010F08D112F0020F14D168
:10AC500012F0040F13D102F0080300E001238DF875
:10AC60000830C1F8802401A92046FFF74BFC0021E1
:10AC70002046FFF79EFF06B010BD0223EFE7042336
:10AC8000EDE738B50369426815685A68D2F8A01034
:10AC900051B1002482F8B8405868683004F001FBD4
:10ACA0000123EB60204638BD6FF00D00FBE708B5CF
:10ACB000406BFFF7E6FF08BD70B5054603695C68A9
:10ACC00043681E6804F1080004F0EBFAD6F83C353E
:10ACD00094F860101944002384F86030A36CC91AFA
:10ACE00001D400292CDC216C2846FFF713FCE36C0F
:10ACF0002364236D63640023E3642365A36494F8F1
:10AD00006130E3B1EFF31182202383F31288BFF3A4
:10AD10006F8F236CC3B1D6F84C3133B90123336044
:10AD20000023C6F84431D6F84431D6F8003223F077
:10AD30002003C6F8003282F31188BFF36F8F70BD15
:10AD40002846FFF701FCCEE701237360F3E72DE906
:10AD5000F04186B00546436804691F68EFF3118827
:10AD6000202282F31288BFF36F8F6268D2F8B4108A
:10AD7000002946DBD2F8B4605B6813F0040F43D1BE
:10AD800088F31188BFF36F8F6368D3F8A020002A7F
:10AD900034D093F8B81000293FD1D3F8A8108A42D4
:10ADA00006D0D3F8AC20964247D0D3F8B0301E443A
:10ADB0006068683004F075FA0023019302930393EE
:10ADC000049305936368D3F8A030029303966368F5
:10ADD000D3F8A4309E4202D001238DF804304FF402
:10ADE0008003C7F8083362680023C2F8A0306268A5
:10ADF000C2F8A43001A92846FFF784FB06B0BDE8DD
:10AE0000F081D7F84C65B7E74FF48003C7F80833F3
:10AE100001212846FFF7D8FDB2E7EFF31186202382
:10AE200083F31288BFF36F8F21462846FFF78AFD10
:10AE300086F31188BFF36F8FE0E7D3F8B020324478
:10AE4000C3F8B0202846FFF7D4FC18B96368D3F8DC
:10AE5000B060ADE7EFF31186202383F31288BFF3D0
:10AE60006F8F21462846FFF76DFD86F31188BFF3EB
:10AE70006F8FC3E7436B5A6812681B695B68D2F82F
:10AE8000081199B10021C2F80811D2F808215965BA
:10AE900030B583B003F10800D3E916230024002560
:10AEA000CDE90045F8F7E0FF03B030BD596D013141
:10AEB00059650429ECD1012353607047D0B582B0A5
:10AEC0000369426814685A68002151655B6803F1A0
:10AED0000800D3E9162300260027CDE90067F8F71C
:10AEE000C3FF0423C4F8083302B0D0BD38B54568A9
:10AEF0002C686B6813F0010F23D100220823C4F8DB
:10AF000000352B6AC4F844350023C4F848350123C2
:10AF1000A36072B9D4F82031002BFBD00023C4F811
:10AF20002031D4F820310123E3604FF48073C4F85A
:10AF30000433D4F85831002BFBD00020C4F80005AE
:10AF400038BD01692046F0F733FD0028F8DB012207
:10AF5000D4E710B50446002201210820FDF761FA6C
:10AF60000820FDF754FA01212046F0F73FFD10BDFF
:10AF700010B50446002201210A20FDF752FA0A20EA
:10AF8000FDF745FA00212046F0F730FD10BD10B561
:10AF90000446002201210B20FDF743FA0B20FDF7A8
:10AFA00036FA00212046F0F721FD10BD2DE9F041D1
:10AFB000064643681C680769D7F80480D4F8045330
:10AFC0002B4604224FF484712046FFF749FBE8BB6F
:10AFD0002B464FF400724FF492712046FFF740FB6E
:10AFE000C0BB2B4610224FF488712046FFF738FB78
:10AFF000A0BB15F4002F05D0D4F84C3113B1D4F810
:10B000001031A3B315F4003F05D0D4F8443113B187
:10B01000D4F810319BB315F4807F02D0D4F82031DE
:10B02000ABBB15F4800F02D0D4F858319BBB07F1AD
:10B030001C03D3E8EF2F22F00401C3E8E01F00282F
:10B04000F7D112F0040F2AD1BDE8F0813046FFF7A6
:10B0500035FFBDE73046FFF7E5FDC2E70023C4F842
:10B060001031D4F810313046FFF726FEC1E7C4F89E
:10B070004C31D4F84C313046FFF7B7FAC2E7C4F888
:10B080004431D4F844313046FFF732FDC3E730464F
:10B09000FFF705FAC5E73046FFF759FEC7E7D8F8CE
:10B0A00044103046FFF750FAD8F840103046FFF70A
:10B0B00031FA0023C8F84430C8F840303046FFF772
:10B0C000ECFCC1E700B5A2F5807E4FEA9E0E4FF082
:10B0D000010C0CFA0EFC1CEA010F0DD0815809B9C5
:10B0E00000200AE00021815082581BB11A684CEA06
:10B0F00002021A60012000E000205DF804FB70B538
:10B1000082B006460D460024019409E0A20001AB7E
:10B1100002F5A07229463046FFF7D4FF0134E4B2AD
:10B12000032CF3D915F0010F02D0D6F8003143B942
:10B1300015F0020F02D0D6F8043163B9019802B0BD
:10B1400070BD0023C6F80031D6F80031019B43F0F2
:10B1500001030193ECE70023C6F80431D6F804316B
:10B16000019B43F002030193E8E7401A20F07F407F
:10B17000704700F150039B009BB203F1804303F53D
:10B18000A8331868003818BF0120704700F1500339
:10B190009B009BB203F1804303F5A83300221A60A1
:10B1A0001B68704720F07F407047EFF31180202329
:10B1B00083F31288BFF36F8F704780F31188BFF35A
:10B1C0006F8F7047F0B585B0044617461D46F0F7FF
:10B1D000A9FC06469DF8303002930B9B01930A9B15
:10B1E00000933A462B462046F0F75AFD0546314675
:10B1F0002046F0F7E5FC284605B0F0BD08B5F0F7AD
:10B200002FFD08BD4FF0FF30704708B5006990F87A
:10B2100034308B4209DD00290ADB90F8353053B118
:10B22000C9B2F4F7EBFD002008BD6FF01500FBE795
:10B230006FF01500F8E76FF00A00F5E710B584B07D
:10B2400004690023019302930393236B029311F08B
:10B25000010F01D10123019311F0020F03D1019BD2
:10B2600043F00803019301A9204601F047FF00289D
:10B2700006DB204601F051FF012384F83530002021
:10B2800004B010BDF8B506461446076906E0294625
:10B29000304698470121A94024EA01044CB194FAB0
:10B2A000A4F5B5FA85F52B1D57F82330002BEED108
:10B2B000F0E7F8BD0B4639B11168196041688A4260
:10B2C00009D00023136070471368036041688A4205
:10B2D000F7D14360F5E74360F3E708B50A46036832
:10B2E000002101E019461B682BB19342FAD1FFF708
:10B2F000E1FF012000E0002008BD10B5044603F086
:10B3000055FF8E464A0142EAD06243011B1A62EBA6
:10B310000102920042EA93729B001B1842EB01016A
:10B32000C90041EA5371C3F3103343EA4143C90BE7
:10B3300020686268181A2360616061EB020110BD29
:10B3400038B504460D4604300122002103F017FBF6
:10B35000E56138BD08B503F021F908BD70B58AB0C4
:10B3600005460C4601F092FF002869D003F01EFF4D
:10B370004A0142EAD06243011B1A62EB01029200C9
:10B3800042EA93729B001B1842EB0102D20042EA90
:10B390005372C3F3103343EA4243D20B009301923A
:10B3A0002368002B3DD0002B40DB294602A8FFF785
:10B3B000C7FF02A8F0F79EFE002844D02068B0F135
:10B3C000FF3F37D020EAE070C117C90341EA50417E
:10B3D000C00340F2E733C0184FF47A724FF0000315
:10B3E00041F10001E5F7CEFB02460B4603A8F7F753
:10B3F00077FB02A8F0F7A6FE01F048FF28B3256806
:10B40000B5F1FF3F24D0EE176846FFF776FF2D1AFF
:10B4100066EB0106002E11DB2560DDB100200AB0CD
:10B4200070BDF8F7E9F86FF00A00F8E74FF0FF3366
:10B430002360BAE74FF0FF321346D7E70025EBE76A
:10B440006FF06D00EBE70020E9E76FF06D00E6E7D5
:10B450000020E4E76FF00A00E1E708B503F000FC24
:10B4600008BD08B5F7F7F4FA08BD10B50446B1F108
:10B47000FF3F18D021EAE173D917C90341EA5341CC
:10B48000DB0340F2E73298184FF47A724FF0000372
:10B4900041F10001E5F776FB02460B462046F7F73F
:10B4A0001FFB20B910BD4FF0FF321346F6E76FF0D7
:10B4B0000A00F7E708B5F7F73BFA08BD10B50446F0
:10B4C000B1F1FF3F18D021EAE173D917C90341EA6E
:10B4D0005341DB0340F2E73298184FF47A724FF091
:10B4E000000341F10001E5F74DFB02460B46204603
:10B4F000F7F79EF920B910BD4FF0FF321346F6E77B
:10B500006FF00A00F7E743884B8001230B80436804
:10B510004B6070474B884380012303804B68436036
:10B520007047292800F0F48019DC012800F097808A
:10B53000062808D140F21F43994240F0108137237A
:10B5400013600020704738B940F20743994240F039
:10B5500003811F23136070474FF0FF307047B0F531
:10B560008D7F0ED0B0F5007F08D140F2064399429E
:10B5700040F0F8801E231360002070474FF0FF302A
:10B5800070470F2919DC002914DD01390E2900F25A
:10B59000D480DFE811F028002C003000480034008F
:10B5A0003800D200D200D200D200D2003C004000CD
:10B5B0004C0050004FF0FF30704740F2FE3399428C
:10B5C00000F3BE8040F2FA33994209DBA1F2FA316E
:10B5D000042900F2AF80DFE801F02232363A3E0063
:10B5E0004FF0FF30704701231360002070470223A3
:10B5F0001360002070470323136000207047052369
:10B6000013600020704706231360002070470C234E
:10B610001360002070470D231360002070470E2335
:10B6200013600020704704231360002070470F232D
:10B63000136000207047102313600020704711230F
:10B6400013600020704712231360002070471323FB
:10B6500013600020704714231360002070471529E1
:10B660001BDDB1F5856F74DAB1F5816F29DDA1F2CB
:10B6700009411E2967D8DFE801F02F2B6666666650
:10B68000663B666666666666666666666666666685
:10B6900066666666666643664700022902DA4FF010
:10B6A000FF3070470239132950D8DFE801F0254FE9
:10B6B0000D4F4F4F4F4F4F4F4F4F4F4F4F4F4F4FDC
:10B6C000191D4FF0FF3070470423136000207047AE
:10B6D000222313600020704721231360002070474D
:10B6E0001423136000207047152313600020704757
:10B6F0002823136000207047022313600020704746
:10B700003D231360002070473F23136000207047E3
:10B71000B1F5816F06D040F22643994206D04FF032
:10B72000FF30704720231360002070473E231360D2
:10B73000002070474FF0FF3070474FF0FF307047E8
:10B740004FF0FF3070474FF0FF3070474FF0FF3041
:10B7500070474FF0FF3070474FF0FF3070474FF0A9
:10B76000FF3070474FF0FF30704710B584B004468B
:10B770000068F0F7FDFD58B1C2694AB14368019312
:10B78000A3680393636803B10B23029301A8904756
:10B7900004B010BD0020704710B54B8843800346AD
:10B7A000022223F8042B4C68D1F808E0D1F80CC031
:10B7B0000A694460C3F804E0C3F808C0DA600B7D8E
:10B7C000037510BD10B543884B800B46022223F849
:10B7D000042B4468D0F808E0D0F80CC002694C6033
:10B7E000C3F804E0C3F808C0DA60037D0B7510BD30
:10B7F00038B504460068F5F7FBFE054608B1284653
:10B8000038BD2046F0F71EFEF9E738B505460C4670
:10B8100020220021204603F09EFF6B682360EB6826
:10B82000A360AB6863602B69E3602B6A03B1A3611B
:10B8300038BD2DE9F0418AB004460D4617469846BA
:10B84000109E806808B1F7F773F846B3119B33B3C5
:10B8500004AA002104910591069107910891ADF881
:10B8600024101623039303AB0193009243463A46F8
:10B870002946206802F004FB051E1ADBBDF81030D3
:10B88000012B22D0022B14D1039B162B11D104A91A
:10B890003046FFF781FF1823119A136009E0002357
:10B8A0000193009343463A462946206802F0E8FA9D
:10B8B0000546A06828B14FF0FF324FF0FF33F6F78E
:10B8C000B7FF28460AB0BDE8F081039A082AD9D10B
:10B8D00004A93046FFF71EFE0823119A1360E8E71B
:10B8E00000B583B0002301930093FFF7A2FF03B0DC
:10B8F0005DF804FB00B583B0002301930093F0F7DB
:10B9000073FE03B05DF804FB08B5006802F09FF811
:10B9100008BD10B586B00B4604680988012907D018
:10B9200002290FD01946204601F0A9FF06B010BD2C
:10B9300069461846FFF7E7FD08226946204601F0F0
:10B940009EFFF3E769461846FFF73CFF162269465B
:10B95000204601F094FFE9E710B504460068F0F7CF
:10B9600007FD20B10C30B4F90610F8F72BFB10BD21
:10B9700010B582B00C461368143313600023009393
:10B9800001930C3001AA694603F050FE009B0BB1F5
:10B99000019BE380002002B010BD10B582B001927F
:10B9A0000468A1F58173032B24D8DFE803F00211AA
:10B9B000281C019A141D0194116802F108030193D7
:10B9C000526804F1080301936368F0F713FF18E06D
:10B9D000019A131D0193116802F108030193526843
:10B9E000FFF7C6FF0DE0019B1A1D01921B688360E3
:10B9F000002006E0019A2046F0F744FF01E06FF0D6
:10BA00005E0002B010BDF8B5054617461C4621F091
:10BA10004046F7F799FD012323703A463146284600
:10BA2000EEF77AF9054600232370F7F7A5FD2846BF
:10BA3000F8BD08B5F5F77CFD08BD38B5044607E04C
:10BA40002568E06903F034FE204603F031FE2C4601
:10BA5000002CF5D138BD38B504460D4600230360EF
:10BA600003620B6843608B68C3604B688360CB687C
:10BA700003614B68012B0DD0022B1AD11820F8F767
:10BA80008FFBE061C0B11823A3616969FFF784FEF1
:10BA9000002038BD0820F8F783FBE06130B10823AF
:10BAA000A3616969FFF736FD0020F2E76FF00B0034
:10BAB000EFE76FF06900ECE76FF00B00E9E72DE9C5
:10BAC000F0418AB005460E4614461F4600210191FA
:10BAD000202202A803F03FFE24B102A92046FFF76E
:10BAE00094FE02AC01AB224631462846F5F744FAF3
:10BAF000804690BB019C00263E600EE0284603F085
:10BB0000D7FD6FF0090820E0284603F0D1FD6FF063
:10BB100005081AE03560E4692E469CB15420F8F718
:10BB20003FFB054660B12146FFF795FF10F10C0F72
:10BB3000E4D010F16A0FE7D0002EEBD13D60EAE7C8
:10BB40006FF00908B8F1000F04D03868FFF775FFEF
:10BB500000233B60019801F031FE40460AB0BDE889
:10BB6000F08101F01F0201239340490900EB81009D
:10BB7000D0E8EF2F1A43C0E8E12F0029F8D1704731
:10BB800030B108B5006810B10C30FFF7EAFF08BD0E
:10BB90007047007A00F001007047007AC0F340005F
:10BBA000704708B50B46016829B1184603F06EFED0
:10BBB00018B1012008BD0120FCE70020FAE701E0F0
:10BBC0000133036003681A780D2AF9D00A2AF7D0E6
:10BBD0007047037A053B032B01D8012070470020F2
:10BBE00070478368013B8B422CBF002001207047C7
:10BBF00003780D2B03D00A2B01D000207047437827
:10BC00000BB1002070470120704703780D2B03D043
:10BC10000A2B01D00020704743780BB900207047F1
:10BC20000120704710B50446FFF7E2FF28B920460F
:10BC3000FFF7EBFF10B1012000E0012010BD0378F9
:10BC40000D2B01D00020704743780A2B01D0002033
:10BC5000704783780BB1002070470120704703784C
:10BC60000D2B01D00020704743780A2B01D0002013
:10BC7000704783780BB9002070470120704710B5DA
:10BC80000446FFF7DCFF28B92046FFF7E8FF10B1B4
:10BC9000012000E0012010BD016000234360082264
:10BCA000027243727047F0B587B004460D46002318
:10BCB0000593037B002B49D1836833B9466830462E
:10BCC000FFF7CDFF08B10236666066683378002B57
:10BCD0007BD03046FFF78CFF002879D13046FFF744
:10BCE000AEFF002877D13046F0F7E2FF002875D18B
:10BCF00066683046FFF789FF002872D13046FFF7AB
:10BD0000AEFF002870D1A368002B2FD16F4605AA83
:10BD100031463846F1F7A4F897E8070085E80700B0
:10BD20002B7A73B32846FFF754FFB8B1059E3378DA
:10BD3000002B36D03046FFF775FF00283CD1304647
:10BD4000FFF79DFF002839D100232BE041682846EA
:10BD5000FFF7A2FF6368059300232373A3680133F1
:10BD6000A360059B6360002007B0F0BD6F4605AA85
:10BD70003146384600F0DCF897E8070085E8070010
:10BD8000CEE76E4605AA61683046F1F789F996E874
:10BD9000070085E807002B7A002BC3D16FF04C0019
:10BDA000E2E701236A7A012A0AD0002AD6D1002BC1
:10BDB000D4D16FF04C00D7E70123F3E70123F1E77B
:10BDC000002BF2D001232373C8E76FF00400CBE708
:10BDD0006FF00400C8E76FF00400C5E76FF00400DF
:10BDE000C2E76FF00A00BFE76FF00A00BCE7F8B5E2
:10BDF00005460E461746FFF7F4FE18B92B686B6030
:10BE00000023AB6039462846FFF74DFF0446314614
:10BE10002846FFF7E6FE08B1002CF3D02046F8BD17
:10BE20002DE9F04385B01D469DF830800023019335
:10BE300002930393002A3BD004460F469146002DFF
:10BE400039D0F0F71BFF064618B1304605B0BDE803
:10BE5000F08301AA39462046FFF7C9FF06460028AD
:10BE6000F3D19DF80C30013B082B27D8DFE803F015
:10BE7000080808082608080508006FF03C06E4E7F3
:10BE8000B8F1000F05D0019BC9F80030029B2B6070
:10BE9000DBE72968029A531C994212D3019948465C
:10BEA00003F032FC029B002209F803202B60CCE750
:10BEB0006FF01506C9E76FF01506C6E76FF05E066E
:10BEC000C3E76FF00B06C0E770B584B000230193A1
:10BED00002930393B9B104460E46F0F7CFFE054630
:10BEE00070B901A92046FFF7DEFE0028F9D0A2684C
:10BEF000326010F1050F03D010F10B0F00D0054692
:10BF0000284604B070BD6FF01505F9E708B50123A8
:10BF1000F0F7ECFE08BD08B50223F0F7E7FE08BD18
:10BF200010B582B000240094FFF77AFF02B010BD74
:10BF300030B50B78203B192B3AD8DFE803F00D39E8
:10BF40002339393939393139393E5E3E39396A74E4
:10BF500074747474747474744B1C91F801C0ACF1F3
:10BF6000220CBCF1170F23D8DFE80CF0302222227C
:10BF700022223822223E463E2222526D6D6D6D6D88
:10BF80006D6D6D6D4B1C497891B122295DD01946BC
:10BF900011F8014F64B1222CFAD11C460B4655E032
:10BFA00001F1010C4B781BB1283BDBB2012B65D8AA
:10BFB000002303604360836030BD4B1C91F801C0D7
:10BFC000ACF1310CBCF1080F2ED9F1E78B1C89784C
:10BFD0000029EDD02229DAD11C4637E08D1C8C785F
:10BFE000292CE5D019464DE08C1C89783139082977
:10BFF000DED81946234617E019464B1C02B11360E0
:10C000000160002343600823037201234372D3E7D6
:10C0100019464B1C91F801C0BCF12C0F4AD09C462C
:10C020004AE09C4648E00B4613F801CFBCF12C0FC8
:10C0300040D0F6D3ACF1300C5FFA8CFCBCF1090FA8
:10C04000F2D99C4638E01946EEE71C465D1C59784B
:10C050002C290ED015F8011C02B115601B1B2C29D0
:10C0600014BF00220122046043600623037242725F
:10C07000A2E79D1CEEE7002C9AD0AC460CF101051E
:10C080009CF80140282C93D0292CF4D16B1C6C789F
:10C090002C2C22D01D4615F8014C02B115605B1AFC
:10C0A0002C2C14BF0022012201604360072303727D
:10C0B000427281E79C46013313F801EC02B1136030
:10C0C000ACEB0103BEF12C0F14BF00220122016072
:10C0D00043600523037242726EE70235DBE708B561
:10C0E000F1F79AF9002008BD08B5F1F7ABFB08BDE0
:10C0F00008B5F1F707FE08BD08B5F1F759FE08BD10
:10C1000000B1704708B5F1F709FF08BDB0F1FF3F76
:10C1100001D0012070470020704700B58FB0382251
:10C120000021684603F017FB0B238DF80030012334
:10C130008DF808306846F1F7CDF80FB05DF804FBD4
:10C1400038B50546002405E02A5D631CE95C2955E5
:10C15000EA5402342846E4F741FDA042F4D838BD41
:10C160000020704708B50020F2F73AF908BD10B575
:10C170000446F2F73DF910B10123237010BD0023EE
:10C1800023700120F2F72CF9F8E708B5F2F710FB5D
:10C19000002008BD08B5F2F72BFB08BD00F00F0327
:10C1A00003EB83035B0003EB1010C0B2704708B5CC
:10C1B00000F04EF800B908BD002383F31188BFF3E7
:10C1C0006F8F0423184602DF6FF00400F3E708B511
:10C1D00007290AD013290BD0052903D0F3F778F8E3
:10C1E000002001E0F2F76AFF08BDF2F7CFFFFBE79E
:10C1F000F3F73CF8F8E702280BD003280CD010B175
:10C200004FF0FF30704709B9002070474FF0FF3002
:10C2100070476FF0150070476FF08500704700B5EC
:10C2200089B002AB06930823079301AB0493042360
:10C2300005930290039104AA06A91846F3F744F95E
:10C240000199FFF7D8FF09B05DF804FB00207047A3
:10C250000020704710B588B01C4601AB06930C2334
:10C260000793CDF810D00423059301900291039217
:10C2700004AA06A90020F3F727F9009B236008B061
:10C2800010BD704708B503460020984708BD08B5A3
:10C2900002F084F908BD03460168D1B100B501E0A0
:10C2A000196899B1B1FA81F0C0F11F0001228240F2
:10C2B00021EA0202D3E8EFCF8C4504D1C3E8EE2F88
:10C2C000BEF1000FF6D1EBD15DF804FB6FF00B006F
:10C2D000FAE76FF00B0070470368CB4013F0010FD3
:10C2E00011D100B5026801238B401343D0E8EFCF92
:10C2F000944504D1C0E8EE3FBEF1000FF6D1F1D174
:10C3000000205DF804FB6FF01500704741F000411C
:10C31000C0F8801000207047704710B504460846EA
:10C320000021FFF7F9FF002803DBC1B22046FFF729
:10C33000EDFF10BDF8B506460D461446002108462F
:10C34000F3F740F9074608B13846F8BD2178304682
:10C35000FFF7E3FF21782846FFF7DFFFF4E708B592
:10C360000520EDF7D1F800B108BD0520FCF74FF826
:10C37000FAE708B510B1012803D008BDF3F712FAA7
:10C38000FBE7F3F7A1F9F8E708B520B1012801D1DF
:10C3900000F00AF808BD00F021F8FBE708B5F3F754
:10C3A000B3F9F3F763FA08BD08B5F3F759F908BD17
:10C3B0000120704738B504460378022B06D0012BC4
:10C3C00000D000231D461BB1284638BD0123F9E7E4
:10C3D000F3F7B6F9FFF7ECFF2070F5E708B5F3F7D0
:10C3E000AFF908BD10B401F5A27150F8214024F452
:10C3F000473424F4407440F8214050F821401202A0
:10C4000002F4F8521B0403F440331A43144340F877
:10C41000214010BC704710B401F5A27150F82140C2
:10C4200024F4981424F4F85440F8214050F82140A2
:10C43000120202F4F8521B0403F440331A439DF82D
:10C4400004301B0503F480131A43144340F82140C1
:10C4500010BC704700B5A2F5807E4FEA9E0E4FF0EB
:10C46000010C0CFA0EFC1CEA010F0DD0815809B921
:10C4700000200AE00021815082581BB11A684CEA62
:10C4800002021A60012000E000205DF804FBF0B514
:10C4900083B007460D4616460024019409E0E2B237
:10C4A000920001AB02F5807229463846FFF7D2FFB1
:10C4B0000134B442F3D3002D02DB019803B0F0BD88
:10C4C00001AB4FF4BE7229463846FFF7C3FFF4E7CD
:10C4D00000B585B08DF80F100DF10F030193002109
:10C4E00000910B460A46F3F701FA05B05DF804FB2C
:10C4F000C0B2704710B504460846FFF7F9FF083090
:10C5000004EB4004A08800F0010010BD10B5044603
:10C510000846FFF7EDFF083004EB4004A088C0F3A5
:10C52000401010BD10B504460846FFF7E1FF083083
:10C5300004EB4004A08810F01C0018BF012010BDBF
:10C5400010B504460846FFF7D3FF083004EB40045B
:10C55000A088C0F3400010BD38B504460D46FFF773
:10C56000EFFF30B129462046FFF7D0FF18B1012078
:10C5700000E0002038BD0020FCE708B5FFF7E0FF31
:10C5800080F00100C0B208BD7047704710B5044686
:10C590000846FFF7ADFF083004EB4004A088400BCD
:10C5A00010BD032894BF002001207047002204E042
:10C5B0004FF0FF338B420FD001321F2A0AD802F10D
:10C5C000080300EB43039B8813F4807FF0D0C3F390
:10C5D0004323EFE7002070470120704738B5044639
:10C5E0000D46FFF793FFB8B129462046FFF7C5FF78
:10C5F00090B129462046FFF7C9FF226801238340F6
:10C60000C2F80833226800F5A27052F8203023F0F7
:10C61000030342F8203003E000212846FFF758FFCB
:10C6200038BD03460020002808DD4FF0FF3070477A
:10C6300003EBC004A468944206D10AE010B403EBF3
:10C64000C00464688C42F3D001300028F7DD4FF05D
:10C65000FF3010BC704710B504460846FFF748FF8E
:10C66000083034F8103013F4807F04D0C3F3432330
:10C6700004EBC30010BD0020FCE72DE9F04184B0BD
:10C6800004460D4616461F460846FFF731FF804612
:10C690003EB329462046FFF770FF28B129462046C1
:10C6A000FFF734FF00283CD129462046FFF73AFF28
:10C6B00010B17378012B34D001238DF80F30002393
:10C6C00001930096B31C721C0DF10F012846F3F77D
:10C6D0000DF908F1080304EB43039A8842F00302C2
:10C6E0009A80002F34D029462046FFF746FF88BBAA
:10C6F0003E78236806F5A272002143F8221043F821
:10C70000221008F1080304EB43039A8822F0200268
:10C71000D204D20C9A807B7833B9002004B0BDE8F3
:10C72000F0816FF01500F9E7BA7800922A46314699
:10C730002068FFF770FE08F1080804EB4804A3889E
:10C740007603B6B2334343F02003A3800020E5E72D
:10C750000020E3E76FF01500E0E7C1600261704779
:10C7600070B504460E461546FFF7D0FE50B1304670
:10C77000FFF7BEFE083004EB400083885B0B2B7094
:10C78000002070BD6FF01500FBE790F86C000038DA
:10C7900018BF0120704770B504460D461646FFF7D6
:10C7A000B5FE00B329462046FFF7E7FED8B129467B
:10C7B0002046FFF7EBFE2268830003F580739BB2EF
:10C7C000002199509B58226800F5A27152F821303F
:10C7D00043F0010342F82130B6B1226801238340BF
:10C7E000C2F8043310E02368D3F80423002A03DBE3
:10C7F0004FF00042C3F8042329462046F3F7F2F82D
:10C8000001462846FFF764FE70BDF8B504460D46A4
:10C810001646FFF720FF20B10768426831462846D8
:10C82000B847A3681BB1E268314628469847F8BD6F
:10C8300008B590F86D00F3F7C9F8FFF72CFD08BDB7
:10C8400038B504460846FFF753FE00F1080304EB31
:10C8500043039A8812F4807F0DD0C2F3432500F180
:10C86000080304EB430322F4F8529A802946204639
:10C87000FFF79CFE00B138BD04EBC50300225A60EF
:10C88000294604F15800FFF727FDF4E72DE9F041B0
:10C890000546884616461F46FFF7D2FF1EB33A46A6
:10C8A00031462846FFF7BDFE041E15DB05EBC40329
:10C8B0005E609F604046FFF71BFE083005EB4005B9
:10C8C000AB88E4B26402A4B2234343F48073AB8028
:10C8D00000242046BDE8F08105F15800FFF7DBFC9D
:10C8E000041EE3DAF5E70024F3E72DE9F04385B011
:10C8F00005460E4617460846FFF7FAFD0446D7F8E8
:10C900000080B8F1000F20D031462846FFF724FE02
:10C9100000283FD100238DF80E308DF80F300193A1
:10C92000009343460DF10F020DF10E013046F2F770
:10C93000DDFF04F1080205EB4202938823F00203B5
:10C940009BB2938043F0010393807B68B3B193F86B
:10C950000080D3F8049031462846FFF7F1FDE0B19E
:10C96000B9F1000F5FD1083405EB4404A38823F02C
:10C970001C039BB2A38043EA8803A380BA68002A01
:10C9800057D05368126831462846FFF77FFF05B03D
:10C99000BDE8F0836FF01500F9E704F1080305EB3B
:10C9A00043039A8822F02002D204D20C9A80B9F173
:10C9B000000FD8D0B8F1030F38D87B685B6893F8C4
:10C9C0000090B8F1000F08D12B6809F5A279002278
:10C9D00043F8292043F82920C5E74046FFF7D5FD55
:10C9E0000346296809F5A27C51F82C2022F00302A5
:10C9F00041F82C20324649462868FFF7F3FC09F13C
:10CA00002C0305EB43039E8004F1080205EB420270
:10CA100093884FEA49391FFA89F943EA090343F039
:10CA2000200393809FE76FF01500B0E76FF01500CB
:10CA3000ADE70020ABE770B504460D46FFF766FD95
:10CA400058B1266829462046FFF7A0FD00F5A270E0
:10CA5000002346F8203046F8203029462046FFF7CC
:10CA6000EFFE2846FFF744FD083004EB40040023A6
:10CA7000A38070BD38B505460C46FFF73BFD60B19D
:10CA800021462846FFF7AAFD21462846FFF7D3FF97
:10CA90002046F2F785FF002038BD6FF01500FBE758
:10CAA00010B50C4690F86D00F2F790FF2146FFF7A5
:10CAB00013FC10BD70B504460D461E4604984FF099
:10CAC000000C01E00CF1010C84450ED25FFA8CF2EF
:10CAD000920002F580719208012303FA02F21542D6
:10CAE000F0D0002363506358ECE7002D04DA0023F4
:10CAF000C4F87C31D4F87C3144F30730FBF787FC71
:10CB00000EB1C4F8045370BD70B582B004460D4632
:10CB100090F86D00F2F760FF94F86C30B3B90646F8
:10CB20004022002104F1140002F015FE3368009346
:10CB300000232A464FF000412068FFF7BBFF012386
:10CB400084F86C30A365002002B070BD6FF07700F0
:10CB5000FAE7F8B507460D46144618E094FAA4F330
:10CB6000B3FA83F301229A4024EA020403F12C026F
:10CB700035F8126003F5A27357F82300C0F30140A3
:10CB8000FFF702FD024631462846FFF73EFE002C25
:10CB9000E4D1F8BDF8B504460E4691F86900F2F705
:10CBA0001BFF0746D4F80413C9B2026841F00041E4
:10CBB0002046FFF76CFC051E05DB2A463146204661
:10CBC000FFF7C7FFF8BD3A4631462046F2F79CFF13
:10CBD00025F00045F1E708B5FFF787FE08BD08B569
:10CBE000FFF74BFD08BD08B5FFF7B7FD08BD08B559
:10CBF000FFF7B6FD08BD08B5FFF786FF08BD08B50D
:10CC0000FFF7C3FD08BD08B5FFF734FF08BD08B541
:10CC1000FFF746FF08BD10B50C46FFF709FE0028D8
:10CC200001DB2070002010BD08B5FFF7B4FD08BD82
:10CC300008B5FFF7D3FC08BD08B5014651F8040B51
:10CC4000FFF7A8FF08BD4FF4805070474FF4807085
:10CC5000704710B5FFF7F7FF0446FFF7F7FF04FB37
:10CC600000F010BD10B50446FFF7EDFFB4FBF0F384
:10CC700000FB1340B0FA80F0400910BD38B50446FF
:10CC80000D46F3F73FF829462046F3F74BF8F3F744
:10CC900031F838BD08B5FFF7DCFF08BD08B5FFF770
:10CCA000D2FF08BD08B5FFF7D1FF08BD10B48B7DDA
:10CCB000C3B18C7CCA7C0B8AC0F80C45C0F8042533
:10CCC000C0F808350B7D4A7D43EA0223C0F81035D1
:10CCD00010BC704703F5AC7251F8234040F8224075
:10CCE0000133DBB2032BF5D9E3E7034611F0100063
:10CCF00002D0D3F8100120BB11F0200F02D0D3F8DE
:10CD000014212ABB11F0800F02D0D3F81C213ABBAA
:10CD100011F0020F02D0D3F804214ABB11F0040F26
:10CD200002D0D3F808215ABB11F0080F02D0D3F873
:10CD30000C216ABB11F0400F02D0D3F818217ABB46
:10CD400070470022C3F81021D3F810211020D3E738
:10CD50000022C3F81421D3F8142140F02000D1E7B9
:10CD60000022C3F81C21D3F81C2140F08000CFE73B
:10CD70000022C3F80421D3F8042140F00200CDE7DB
:10CD80000022C3F80821D3F8082140F00400CBE7C3
:10CD90000022C3F80C21D3F80C2140F00800C9E7A9
:10CDA0000022C3F81821D3F8183140F04000C7E73B
:10CDB00010B5044643682BB1207BC0B2023818BFBF
:10CDC000012010BD02210068FFF78FFF0028F3D07B
:10CDD00001232373F0E710B4844602200872CA606E
:10CDE000DCF800000124C0F80045096889B112F0A0
:10CDF000040F1AD1822112F0080F01D041F0200156
:10CE000012F0100F01D021F08001DCF80000C0F812
:10CE1000001312F080000AD1DCF800209B000833D8
:10CE2000DBB20121D15010BC70479221E3E7DCF85E
:10CE300000009B000833DBB21844F4E770B50446E9
:10CE40000D461E4611F0800F04D00023C0F81C319F
:10CE5000D0F81C3115F0100F04D00023C4F81031A5
:10CE6000D4F8103115F0200F04D00023C4F8143189
:10CE7000D4F8143115F0020F04D00023C4F80431A3
:10CE8000D4F8043115F0040F04D00023C4F808319D
:10CE9000D4F8083115F0080F04D00023C4F80C3181
:10CEA000D4F80C3115F0400F04D00023C4F8183129
:10CEB000D4F8183144F30730FBF7A9FA0EB1C4F8DF
:10CEC000045370BD30B587B005460C460B7F33B3B5
:10CED0002368009363680193A3680293E368039354
:10CEE000238BADF81030637D8DF81230A37D8DF863
:10CEF0001330A37E8DF81430E37E8DF81530637FF8
:10CF00008DF8163069462868FFF7D0FE0023227D91
:10CF10004FF48E712868FFF791FF07B030BD0846C7
:10CF2000F2F73CFFD4E710B50446007B58B96260C5
:10CF3000A36021B10B7F23752046FFF7C3FF0123B8
:10CF40002373002010BD6FF07700FBE770B58C46AF
:10CF500096461A46014651F8043BDCF80040C3F8F7
:10CF60002045BCF80440C3F82445DCF80840C3F869
:10CF70002845DCF80C40C3F82C450368DCF8004079
:10CF8000C3F84045BCF80440C3F84445DCF8084009
:10CF9000C3F84845DCF80C40C3F84C451EF00105C9
:10CFA0002B4606684FEA5E0E0CD001247444C6F886
:10CFB000144512F0010F07D112F0020405D055B14B
:10CFC000082402E02C46F1E710240568C5F8004269
:10CFD000FFF701FF70BD0424F7E710B504460368AE
:10CFE0000022C3F80022036801225A6051B1204692
:10CFF000FFF7DEFE0028FAD023680022C3F80025E0
:10D00000012323732046FFF7D3FE10BD08B5FFF7B9
:10D01000CFFE08BD38B50446B2210068FFF765FEB3
:10D02000054610F0100F08D0236913F0040F04D048
:10D03000636813B1A1680120984715F0200F08D04C
:10D04000236913F0080F04D0636813B1A1680220AC
:10D05000984715F0800F08D0236913F0100F04D102
:10D06000636813B1A1680020984715F0020F0AD039
:10D0700023680022C3F8002501232373636813B1DA
:10D08000A1680320984738BD30B583B004460D46EB
:10D0900049684FF47A720023C803490CE3F772FD24
:10D0A0002A68009201902368C3F80C25C3F8040590
:10D0B000A36863B124680023C4F80031D4F80031B8
:10D0C00044F30730FBF7A3F90123C4F8043303B09A
:10D0D00030BD08B58260C360437933B90123437121
:10D0E00031B1FFF7D1FF002008BD6FF07700FBE7FB
:10D0F0000020F9E708B5FFF7ECFF08BD08B5437954
:10D100002BB1022B06D0FFF7BFFF002008BD6FF048
:10D110007600FBE76FF00F00F8E7036801221A6062
:10D12000022343717047EFF3118C202383F312889D
:10D13000BFF36F8F0379072B11D80B700133037185
:10D1400002680878D2F80815012383400B43C2F81F
:10D15000083500208CF31188BFF36F8F70476FF094
:10D160000B00F7E708B50368D3F80414D3F80021DF
:10D1700042B912F0010F04D08368C2684FF4807086
:10D18000984708BD0022C3F80021D3F800310122DE
:10D19000EFE70369C268934204D881688A1A13448E
:10D1A000581E7047981A013870472DE9F843044615
:10D1B00088461646C5688768A7EB0509914507D9D3
:10D1C0004068284402F0A0FA3544E560BDE8F883E1
:10D1D00040684A46284402F097FAED1B35442A4637
:10D1E00008EB0901606802F08FFAE560EEE72DE9CF
:10D1F000F843064688461746C5684FF0000918E010
:10D200005B1B5A1EB3685C1B944228BF1446BC4289
:10D2100028BF3C46706822464146284402F074FA12
:10D22000A144A0443F1B2544B368AB4209D0F5603C
:10D230004FB133699D42E3D3B2685B1B1A44013A94
:10D24000E0E70025F3E74846BDE8F88308B5F2F7C4
:10D2500011FE08BD08B5FFF7F9FF002008BDEFF388
:10D260001180202383F31288BFF36F8F704780F300
:10D270001188BFF36F8F7047002070470020704700
:10D28000002070470020704700207047F2F792BFDF
:10D29000022904D0042906D0012900D170478068F2
:10D2A00008B1EFF70FB87047F2F7A8BF002210B52A
:10D2B0000468944200D110BD00EBC2014B680132FA
:10D2C00023F0FF0343F003034B60F2E70420F2F77F
:10D2D000DFBC0420F2F7E4BC08B5F2F7AFFCBDE810
:10D2E0000840F4F791BE38B504460025031D2268B6
:10D2F000AA4201D8002319E04FF00002D3E8CF0F73
:10D30000032804D1C3E8CC2FBCF1000FF6D102D022
:10D3100008330135EBE701EB851318464022002165
:10D3200002F019FA034604EBC504A060184638BDA4
:10D330000830704770B506460D4621B9F2F764FF14
:10D3400090B9002070BD0846EEF7B2FF04460028F1
:10D35000F7D03046F2F758FF38B92046EEF7B2FF63
:10D360000120EEF76BFFECE72C460661C56040F844
:10D37000084FE7E740EA0141104640F8081DF2F780
:10D3800055BFF2F74DBFF2F745BFEEF791BF08B5B5
:10D39000EEF798FFBDE808400120EEF74FBF0429E3
:10D3A000F8B50546174603D0102910D000240CE02C
:10D3B0000820EEF76BFF04460028F7D000234360F7
:10D3C0000123478003802B6843602046F8BD162068
:10D3D000EEF75CFF04460028E8D0061D122200216B
:10D3E000304602F0B8F9022323802B46678005F10E
:10D3F000100253F8041B934246F8041BF9D1E4E7EA
:10D40000134609B9116070470A88012A02D0022A1E
:10D4100007D070471A68082A28BF08221A6002F04D
:10D4200073B91A68162A28BF1622F7E708B5F3F76A
:10D4300003FD40B100F11C03D3E8EF1F0131C3E845
:10D44000E21F002AF8D108BD006808B1F3F784BCD8
:10D45000704737B50025036804460093838F6846FC
:10D46000ADF80650ADF8043000F0EAFD38B1A36B1A
:10D470006846984794F83E300BB1A563E56303B066
:10D4800030BD1FB503680392CDE90131036C01A8DB
:10D49000984705B05DF804FB4068003818BF0120CC
:10D4A000704700230B60836813B9C0E9011170470E
:10D4B00019608160704738B505460C46F2F7BCFE2E
:10D4C000AA68236894426B6008BFAB6000232046C3
:10D4D000236000F055F9BDE83840F2F7B3BE40686C
:10D4E00070470069431E5842584170470069831EC7
:10D4F0005842584170470069C31E5842584170470E
:10D500004069B0F5817F05D040F21113C31A58422B
:10D51000584170470120704790F82000C0F3400048
:10D52000704790F82000C0F38000704790F820000A
:10D53000C0F3C0007047406C00F00100704790F8E5
:10D54000200000F0010070470369012B05D18069BC
:10D55000A0F180035842584170470020704790F86E
:10D560002000C0097047836933F0800314BF012095
:10D570000020704790F82000C0F340107047806B87
:10D58000003818BF01207047006C003818BF012018
:10D59000704790F83400431E58425841704708B510
:10D5A00090F82030014613F001020BD1FFF7DBFFAA
:10D5B00028B90846FFF7C8FF80F00100C2B202F0A8
:10D5C000010008BD0022FAE770B504460D46164674
:10D5D0002046FFF7E4FF70B155B1284600F0BFF8D0
:10D5E00048B931460220FDF7B9FE0028F0D070BDE1
:10D5F0006368002BF5D00020F9E74068003818BFB9
:10D600000120704790F82200003818BF01207047B1
:10D6100010B50446FFF7A7FF94F82010C1F340139C
:10D6200040EA0302236982F00102012B14BF0123A7
:10D63000C1F38003D2B220461A40FFF761FF48B120
:10D64000C1F300112046FFF77FFF0A4080F0010080
:10D65000104010BD0121F5E710B50C46F3F7ECFBC7
:10D6600028B190F8203064F3861380F8203010BD84
:10D6700010B50C46F3F7E0FB28B190F8213064F3C5
:10D68000000380F8213010BDD0E9092353EA0201DC
:10D6900009D04FF47A71B3FBF1F001FB02000128CD
:10D6A000B8BF012070474FF0FF307047D0E90B231F
:10D6B00053EA020109D04FF47A71B3FBF1F001FB98
:10D6C00002000128B8BF012070474FF0FF307047BB
:10D6D000013802288CBF0020012070470138022841
:10D6E0008CBF0020012070470388012B03D0022B40
:10D6F00006D001207047082914BF00200120704780
:10D700001629F9E7FF2818D007DC06280ED01128C3
:10D7100011D0B0FA80F040097047B0F5817F05D094
:10D7200040F21113984206D000207047012914BF1F
:10D730000020012070470229F9E70329F7E7C368B1
:10D74000012B03D0022B07D0012070470888012845
:10D7500014BF00200120704708880228F8E700B1B4
:10D760000068003818BF0120704700B1006870479A
:10D77000438940681844704702894089101A7047ED
:10D7800010B504464068FFF7FCFDE06808B1EEF70D
:10D7900087FD2046BDE81040EEF782BD10B5044677
:10D7A000206800B910BD626803689042236008BF1A
:10D7B0006360FFF7E5FFF3E700F041BD10B50446F5
:10D7C00060B1406908B1EEF76BFDA06908B1EEF7F2
:10D7D00067FD2046BDE81040EEF762BD10BD7FB585
:10D7E00004460E461546F2F7E5FC38B90120EEF77F
:10D7F000D7FC4FF0FF33184604B070BD631E012BF9
:10D8000001D96A20F3E716B175B91620EFE7002DAC
:10D81000FBD129461C20FFF78DFD044670B105752C
:10D8200045758575C57513E0012C09D1042DECD122
:10D8300000211C20FFF77EFD044618B96920D6E7B9
:10D84000102DF4E745612A463146183001F05CFF9F
:10D85000214647F20F0001AAF4F7A8FA0346002870
:10D86000C9D0C4E710B5044600F0E7FC2368436064
:10D87000A36983602046BDE8104000F0E0BC73B5AA
:10D8800006460C461546FFF7D1FD019050B9092018
:10D89000EEF786FC4FF0FF3401A8FFF7D5FD2046D8
:10D8A00002B070BDFFF75FFE10B1019B9869EFE712
:10D8B0000198FFF736FE08B17F20E9E70198FFF7EE
:10D8C0002BFE08B17820E3E70CB90E20E0E72146F3
:10D8D0000198FFF734FF08B96A20D9E729462046A6
:10D8E000FFF702FF08B91620D2E70198FFF723FEE1
:10D8F000054620B1019B5D69113D18BF012500213E
:10D900001C20FFF717FD024608B96920C0E7066131
:10D910002388012B11D0022B18D00199042091F8F3
:10D92000203043F0020381F8203047F20201D56035
:10D93000FFF720FDDDB17720AAE763888382042307
:10D9400083750023C37563688361E6E7638800F12C
:10D9500018018382102383750023C375231D14349B
:10D9600053F8040BA34241F8040BF9D1D5E7019811
:10D97000FFF79CFE00900198FFF7CEFD20B90198BB
:10D98000846984B1204683E769460220FDF7E6FCFE
:10D9900010F10B0F05D00028EDD00028B8BF404291
:10D9A00076E7742074E7FFF7ABFD00283FF474AF0F
:10D9B000DDE90010F4F76CF804466DE730B585B08A
:10D9C00005460C46F3F738FA38B90920EEF7E8FBBC
:10D9D0004FF0FF33184605B030BD0CB90E20F5E707
:10D9E0002146FFF7ACFE08B96A20EFE700211C20B2
:10D9F000FFF7A0FC014608B96920E7E70561238825
:10DA0000012B0AD0022B11D047F2050001AAF4F72E
:10DA1000CDF903460028DDD0D8E76388838204234C
:10DA200083750023C37563688361EDE7638800F144
:10DA300018028382102383750023C375231D1434B9
:10DA400053F8040BA34242F8040BF9D1DCE730B5DC
:10DA500085B005460C46F3F7EFF938B90920EEF723
:10DA60009FFB4FF0FF33184605B030BDFFF739FD7F
:10DA700008B95F20F3E700210C20FFF75BFC0146AB
:10DA800008B96920EBE724EAE4740561446101AA5E
:10DA900047F20800F4F78AF903460028E3D0DEE7EE
:10DAA000F0B595B007460D461446FFF7BFFC019050
:10DAB00050B90920EEF774FB4FF0FF3401A8FFF7CF
:10DAC000C3FC204615B0F0BD15B11CB90E20F1E71E
:10DAD000002CFBD1FFF705FD08B95F20EAE70198AC
:10DAE000FFF729FD28B10198FFF78CFD08B90B203D
:10DAF000E0E70198FFF7C8FD00900198FFF71FFDD0
:10DB000050B10198FFF77EFD0028D2D0F3F760F9FD
:10DB1000064680B91720CDE70198FFF773FD00286E
:10DB2000EFD169460220FDF719FC0028E5D0002856
:10DB3000B8BF4042BEE700210820FFF7FBFB0146CB
:10DB400020B93046F3F78AF96920B3E707610396F5
:10DB500075B17CB10BAB47F20C0002AA0493F4F749
:10DB600025F9074640B13046F3F778F93846A1E782
:10DB70002B46F0E72346EEE73DB134B1BDF83E3029
:10DB8000042B04D0102B15D02760346896E70123AE
:10DB90002768ADF81430082F28BF0827BDF83C309F
:10DBA000ADF81630109B06933A46284605A901F0B9
:10DBB000ABFDE9E70223ADF81430BDF83C3006AF09
:10DBC000ADF8163014ABADF8280013E90F0087E864
:10DBD0000F002768162F28BF1627E5E72DE9F04F1D
:10DBE00089B016461D46129F0390019103F040082C
:10DBF00003F4007BF3F720F9044638B90920EEF767
:10DC0000CFFA4FF0FF3009B0BDE8F08FFFF7BCFC52
:10DC100035F41073009005D1B8F1000F04D0BBF1BA
:10DC2000000F15D05F20EAE7BBF1000F10D0009B7A
:10DC3000002BF7D12046FFF739FD04902046FFF76F
:10DC4000A8FCB0B12046FFF78EFCD8B1A069D6E79A
:10DC50002046FFF72BFD04902046FFF76CFC28B907
:10DC6000B8F1000818BF4FF00108E7E74FF00108CE
:10DC7000E4E72046FFF777FC0028E7D12046FFF7CE
:10DC800063FCE2E72046FFF731FC00284CD0204639
:10DC9000FFF747FC002847D10FB97920AFE72046AE
:10DCA000FFF724FC00284AD12046FFF724FC002877
:10DCB00045D147F2060A2046FFF713FC40B1204643
:10DCC000FFF71EFC20B1B6F5006F28BF4FF40066C9
:10DCD000FFF759FBB04207D22046FFF702FC0028AD
:10DCE00044D0FFF750FB064647F206039A450CBFA7
:10DCF0000E232223002502932046FFF73BFC18B198
:10DD00002046FFF74CFC98BB31460298FFF712FB08
:10DD1000814600283BD1012004A9FDF71FFB90BBE1
:10DD2000B8F1000FF0D026E02046FFF7DFFB20B966
:10DD30002046FFF7E0FB0028BBD0002FB9D03946C2
:10DD40002046FFF7FCFC08B96A2058E738461399CB
:10DD5000FFF7CAFC08B9162051E72046FFF7D0FBB1
:10DD600008B17F204BE747F2070AA4E77A2046E78D
:10DD7000B8F1000F01D00B2041E7022004A9FDF704
:10DD8000EDFA0028B8D00028B8BF404237E7039B1F
:10DD90000361019B23B132461946006801F0B4FCCF
:10DDA00094F8340020B1F3F7F5FF002284F8342012
:10DDB000BBF1000F18D1009BD3B947F2070292457F
:10DDC000C9F814004BD1A9F82C503A88012A24D064
:10DDD000022A2FD04946504605AAF3F7E7FF03462B
:10DDE00000283FD106980EE7009B40F040000BB1A1
:10DDF00040F08000049A531C0CD04FF47A7592FBCB
:10DE0000F5F5ADB2B5F5167F04D8B2F57A7FB8BF97
:10DE10000125D2E74FF41675CFE77A88A9F81820C4
:10DE2000042289F81A20002289F81B207A68C9F890
:10DE30001C20CFE77A8809F11C01A9F818201022CC
:10DE400089F81A20002207F1140089F81B203A1DD6
:10DE500052F804CB824241F804CBF9D1BAE7A9F8D1
:10DE60001850B7E70C2806DC0A2807DDB8F1000FC8
:10DE70003FF442AF7FE78C283FF4C1AE1846BEE6C0
:10DE80002DE9F74F8946DDE90C7A15461E4603F465
:10DE90008078FFF7CBFA019058B90920EEF780F9A6
:10DEA0004FF0FF3701A8FFF7CFFA384603B0BDE8BF
:10DEB000F08F36F4A17301D05F20EFE727B1BAF1FC
:10DEC000000F04D10E20E9E7BAF1000FFAD1FFF7F5
:10DED00008FB28B10198FFF724FB08B98020DDE793
:10DEE0000198B8F1000F16D1FFF725FB08B97306AA
:10DEF00011D50198FFF7D0FA68B90198FFF733FB05
:10DF000048B90198FFF720FB28B90198FFF717FBE4
:10DF100008B90B20C2E70198FFF7B6FB6A460090EC
:10DF200000210198FFF750FB18B10028B8BF40420C
:10DF3000B4E70198FFF7B0FA88B90198FFF704FB3E
:10DF4000002876D10198FFF7FAFA0028A5D10198A8
:10DF5000FFF709FB0028A3D0019B98699EE7019871
:10DF6000FFF7BDFA044627B1C16852463846FFF7AD
:10DF700047FA002706F0020A2046FFF7FDFBA842F9
:10DF80001DD82046FFF7F8FB0646002E8AD0204613
:10DF9000FFF7EEFB09EB070B01463246584601F04E
:10DFA000B3FB01983744FFF7A1FA50B1BAF1000F63
:10DFB0007FF478AF21460198FFF77DFA72E72E468D
:10DFC000E3E70198FFF797FA0028EFD1BAF1000FC5
:10DFD00014D0B5423FF466AFB8F1000F04D06A46E2
:10DFE00021460198FFF7F0FA2046AD1BFFF7BDFB75
:10DFF00004460028C0D1002F9FD053E763892046F4
:10E0000033446381FFF7B8FB18B921460198FFF745
:10E0100052FAB5423FF446AFAD1BB8F1000F04D041
:10E020006A4600210198FFF7CFFA0198FFF757FAE7
:10E03000DEE7002736E708B5F2F728FF002008BD25
:10E0400038B504460068F2F7F7FE054628B9012006
:10E05000E38843F02003E38038BDFFF770FA00281F
:10E06000F5D12846FFF77FFAF8B1E38843F00803BB
:10E07000E380A388DA0707D52846FFF7BEFAE8B1A0
:10E08000E38843F00103E380A3885B0707D52846B4
:10E09000FFF7BEFA18B1E38843F00403E380B4F954
:10E0A0000600003818BF0120D6E72846FFF74CFAD3
:10E0B0000028DED0E38843F01003D9E72846FFF7B5
:10E0C000A1FA0028DCD12846FFF73EFA0028D7D174
:10E0D000DAE738B50D461446F2F7AEFE28B9092046
:10E0E000EEF75EF84FF0FF3006E0032D03D0042D6D
:10E0F00003D01620F4E7406C38BD012CF9D84464F5
:10E100000020F9E7431F002B03D8DFE803F00100EC
:10E11000032070477047FF2816D005DC062817D06B
:10E12000112813D048B17047B0F5817F10D040F26C
:10E130001113984208BF02207047012908D08B1E96
:10E1400059425941480070470020704702207047EB
:10E1500001207047292811D00ADC012810D0062898
:10E1600010D0002808BF042018BF4FF0FF307047C0
:10E17000B0F58D7F08D0B0F5007FF5E70620704739
:10E1800008207047012070474FF4807070471B28AB
:10E1900012D9A0F164030C2B04D940F03A4040F4AA
:10E1A0002D0070476B38052843D8DFE800F01E4487
:10E1B000031E1E404720704701381A280FD8DFE899
:10E1C00000F010121416181A1C1E201822241A26E9
:10E1D0002828222A3A2C14142E143032340000201D
:10E1E00070470C207047692070470B2070477220E1
:10E1F0007047802070471620704770207047782045
:10E2000070477F20704771207047682070477420E6
:10E210007047732070478C2070470D207047762020
:10E2200070470920704710207047462070475F20D4
:10E2300070476F2070477A207047C0687047426906
:10E24000C3681A60704708B5034624301AB95A6289
:10E250004260002008BD082A28BF082201F054FAB5
:10E26000F7E708B503462C301AB9DA62426000209D
:10E2700008BD082A28BF082201F046FAF7E738B59A
:10E2800004460D4639B1082A0BD01620EDF788FF59
:10E290004FF0FF3038BD002AF7D18263C2630020FF
:10E2A000F8E7F1F7C9FF95E8030004F1380383E8C4
:10E2B00003002046FFF7CDF8F1F7C4FFEFE773B591
:10E2C000044608680D461646F3F764FD002801DB96
:10E2D000042E06D01620EDF763FF4FF0FF3002B09A
:10E2E00070BD2B68204684F83430FFF752F90023C4
:10E2F0000028F4D0CDE900331A4619462068FFF70C
:10E300006DFCECE708B539B1042A0AD01620EDF708
:10E3100047FF4FF0FF3008BD002AF7D1026400200C
:10E32000F9E70B680364FAE708B509B1042A05D0D8
:10E330001620EDF735FF4FF0FF3006E00B782BB1DC
:10E34000012BF5D180F84C30002008BD0223F9E7FD
:10E3500010B5541E1B2C02D812F0030405D0162051
:10E36000EDF71EFF4FF0FF3010BD930880F84F30DF
:10E37000503001F0C9F92046F6E708B509B1042A82
:10E3800005D01620EDF70CFF4FF0FF3008BD0B78DD
:10E39000003B18BF012380F84D300020F6E708B598
:10E3A00009B1042A05D01620EDF7FAFE4FF0FF3030
:10E3B00008BD0B6880F84E300020F9E770B50546BF
:10E3C00014460E4631B9A2B11620EDF7E9FE4FF022
:10E3D000FF3070BD002AF7D0806C18B1EDF760FFF8
:10E3E0000023AB64601CEDF751FFA86440B96920BD
:10E3F000EBE7806C10B1EDF753FFAC640020E8E769
:10E400002246314601F080F90022AB6C1A55F5E73F
:10E4100010B5134612680446042A28BF0422084691
:10E420001A6004F1180101F06FF90020A06110BD1D
:10E4300010B5134612680446082A28BF0822084669
:10E440001A6004F1240101F05FF9002010BD10B53D
:10E45000134612680446082A28BF082208461A6094
:10E4600004F12C0101F050F9002010BD37B505462C
:10E470000024134695F84C200846012A18BF22466E
:10E4800001921A6801A9042A28BF04221A6001F027
:10E490003BF9204603B030BD13B50446134694F84B
:10E4A0004D20084601921A6801A9042A28BF0422B7
:10E4B0001A6001F029F9002002B010BD13B504461E
:10E4C000134694F84E20084601921A6801A9042ABE
:10E4D00028BF04221A6001F017F9002002B010BD15
:10E4E00010B504460846114694F84F309A000B6860
:10E4F0009A4228BF1A460A6004F1500101F004F95B
:10E50000002010BDF8B5856C0E461446176875B12D
:10E510002846E2F763FB0130B842024628BF3A467C
:10E5200029463046226001F0EFF80020F8BD3A4657
:10E530002946304601F00FF92560F6E770B504462C
:10E540000E4600F025F80546206808B1FEF719FFD1
:10E5500048F202039E4218D048F209039E4214D0AA
:10E5600048F201039E420BD16B684BB104F11402D7
:10E5700004F1380152F8040B8A4243F8040BF9D134
:10E580002046BDE8704000F005B863696B60F7E7AE
:10E59000C06870470269C3681A60704700B9704765
:10E5A00008B5FAF790F808BD10B50446436993B171
:10E5B0009847024630B100280BDBFF2A00DDFF221E
:10E5C000E3681A70E1684B7843F001034B705042E6
:10E5D00010BD4242F1E70022F4E760B1C3685A7807
:10E5E00012F0010F03D01B781BB1002070470020F0
:10E5F00070470120704700207047EFF311832023FC
:10E6000083F31288BFF36F8FFEE72DE9F04F89B0D7
:10E61000064689469246129D139C2A46234606A822
:10E6200000F0C8FDDDE90623CDE9022306F1140B55
:10E63000EFF31181202383F31288BFF36F8F4FF024
:10E6400000084746CDF814B08B4615E0DDE90223FB
:10E6500006A800F0E5FD069D079C0095019406F1D3
:10E660000C0259460598F4F781FEEFF3118B202335
:10E6700083F31288BFF36F8F77B95246494630460D
:10E68000149B9847074638B9254305D0B8F1000FC9
:10E69000DCD14FF00108D9E78BF31188BFF36F8FFE
:10E6A000384609B0BDE8F08F10B500F10C04C46025
:10E6B0000461F8F787FD10BD70B5044600F114063B
:10E6C000EFF31185202383F31288BFF36F8FF8F7E0
:10E6D00003FD04F10C0000F06BFC20B985F31188F8
:10E6E000BFF36F8F70BD29463046F4F701FFF9E79D
:10E6F00008B5EFF31183202383F31288BFF36F8FE4
:10E70000F9F7AAFEF5E700BF704710B582B0012403
:10E710000094F3F77FFF02B010BD2DE9F0410546EC
:10E720000646EFF31187202383F31288BFF36F8F20
:10E73000B84656F8084BA04202D01CB9002314E09A
:10E740000024FAE76268236813605A60002323609C
:10E750006360627B22F002026273A36004F118001E
:10E7600000F0F1FCEAE76CB90123E4B16FF0220399
:10E77000C4F8C030204600F074FB2C68A542F2D1EA
:10E780000024F0E76268236813605A600023236066
:10E790006360627B22F002026273A36004F11800DE
:10E7A00000F0D1FCE0E700222A62EA69AA612BB9F5
:10E7B00088F31188BFF36F8FBDE8F081394630468A
:10E7C000F4F796FEF8E7884200DA014611F17F0F70
:10E7D00001DB084670476FF07E00704708B580681F
:10E7E00090F90E308B4201D1002008BDF4F7DAFD1C
:10E7F000FBE7034600209860D8601B605B607047B1
:10E800000B6803F003030B60426832B1136803F036
:10E8100003030B4313604160704741600160704720
:10E8200008B591B18C460B6823F00301032B18D96E
:10E83000136803F003030B431360DCF8003003F0AC
:10E8400003031343CCF8003008BD0168136803F0DC
:10E8500003030B43136002604368002BF4D1426052
:10E86000F2E71146FFF7CCFFEEE708B50022C0F84B
:10E87000C020016100F0F5FA08BD2DE9F04F83B02A
:10E8800004460F46164698469DF8303000F1080BB6
:10E89000EFF3118A202282F31288BFF36F8FCDF835
:10E8A00004A003B1476804F10803A568AB4222D075
:10E8B000B5F1000918BF4FF00109F5B9B9F1000F22
:10E8C0002CD1B8F1000F2ED10023336032463946E7
:10E8D0002046FFF7A5FF042104F1100000F082FE9E
:10E8E00060B351465846F4F703FE4FF0000948461E
:10E8F00003B0BDE8F08F0025DAE76A682B68136083
:10E900005A6000232B606B606A7B22F002026A73FC
:10E91000AB6005F1180000F016FCCFE73146284641
:10E92000FFF7A3FFDDE70820F5F74CFC20B14660B8
:10E93000012202600646C9E76FF00B09019B83F3D1
:10E940001188BFF36F8FD2E760B1036813F0030F34
:10E9500008D010B5446809B9204610BD00F0A8FEE3
:10E960002046FAE7704700B583B00A4601230093BA
:10E9700000231946FFF781FF03B05DF804FB5AB18D
:10E980008A420CD38160C2600060406000F11003D5
:10E9900003614361002070476FF0150070476FF00E
:10E9A000150070470B4639B11168196041688A42F9
:10E9B00009D00023136070471368036041688A42DE
:10E9C000F7D14360F5E74360F3E708B50A4603680B
:10E9D000002101E019461B682BB19342FAD1FFF7E1
:10E9E000E1FF012000E0002008BD08B5CB6823F05E
:10E9F0000402CA6013F0040F00D108BDCC30FFF749
:10EA0000E4FFFAE710B50446C36813F0020F09D01B
:10EA1000E36813F01F0004D043F00202E26040F00C
:10EA2000020010BD01468068FFF7DFFFF0E730B15C
:10EA300008B500221146D43000F013FB08BD0020B9
:10EA4000704770B50D46C36813F0020F22D104461B
:10EA500013F0040F23D10B68ABB1E36813F0010F7F
:10EA600014D0A3682B60022621462868F4F7A4F886
:10EA7000002811DBE36843F00403E3602B68A36024
:10EA800036B130460AE083680B60E6E70126EBE723
:10EA9000304601E06FF00F0000232B6070BD0020B6
:10EAA000FAE710B582B00346EFF31184202282F317
:10EAB0001288BFF36F8F0022019250F8042C22F0CD
:10EAC000080140F8041C12F0080F05D184F31188E6
:10EAD000BFF36F8F02B010BD10389B69019301A97D
:10EAE000FFF7AFFFF2E708B5EFF31180202383F3C0
:10EAF0001288BFF36F8FF4F711FD08BD08B5C36826
:10EB000023F01003C3601030F3F7A2FF08BD08B56F
:10EB1000C36823F00802C26013F0080F01D100207F
:10EB200008BD103000F00FFBB0FA80F04009F7E7A5
:10EB300010B50446FFF7EBFF2046FFF763FF10BD5B
:10EB400010B582B001900846EFF31184202383F3BF
:10EB50001288BFF36F8F01A9FFF773FF84F3118849
:10EB6000BFF36F8F02B010BD10B5FFF7E9FF041EB1
:10EB700001DC204610BDFFF7B6FFFAE738B50446C2
:10EB80000D463022002100F0E6FD65604FF48073F1
:10EB9000E36038BD10B582B00190EFF311842020FE
:10EBA00080F31288BFF36F8FC86810F01E0F06D075
:10EBB000002084F31188BFF36F8F02B010BD01A84D
:10EBC000F4F7F0F8F5E7F0B583B001900C4616467F
:10EBD0001D46EFF31187202383F31288BFF36F8F55
:10EBE0000846FFF794FF32462B46214601A8F4F76A
:10EBF000D9F887F31188BFF36F8F03B0F0BD10B55C
:10EC0000EFF31184202383F31288BFF36F8FFFF794
:10EC10008FFF84F31188BFF36F8F10BD00604060D9
:10EC200000207047F8B505460E46D41D24F00704B1
:10EC30000F192246AA21304600F08DFD4FF0F03327
:10EC4000336039462846E9F7EFFFC31D23F0070379
:10EC5000C5F8A860C5F8AC40C5F8B030F81AF8BDE2
:10EC6000EFF30580003818BF0120704788307047E7
:10EC700010B400248460037342738173C47384618D
:10EC8000C46110BC7047F0B587B00446129E139D56
:10EC900000270597109F04970F9F03970E9F0297D9
:10ECA0000D9F01970C9F0097F4F72EF9B5F1FF3FE8
:10ECB00008BFB6F1FF3F02D1204607B0F0BD324693
:10ECC0002B462046F4F7E6F8F6E700B5A1F1040E6E
:10ECD0000023194601E001310133734506D200EBF0
:10ECE000030C9CF804C0BCF1AA0FF4D01160002002
:10ECF0005DF804FB08B50A46D0F8AC10D0F8A800BF
:10ED0000FFF7E3FF08BD08B5F5F78CF908BD28B19A
:10ED100008B531B1F5F7F2F9002008BD6FF0150024
:10ED200070476FF01500F8E700282FD030B587B096
:10ED300004460025056045608560C5600561456144
:10ED400015B1002007B030BD69462846F5F790F9A7
:10ED50002368626800995B18019942EB0102236005
:10ED60006260A368E26802995B18039942EB0102B2
:10ED7000A360E2602369626904995B18059942EB1C
:10ED8000010223616261681CC5B2D9E76FF015000A
:10ED900070470020704738B504460D46F4F794F9E3
:10EDA000637B43F00203637335B3A5602B689D4218
:10EDB0000DD100230BE05A686260236014605C6030
:10EDC0001AE01A4669688A420FD01B687BB173B19A
:10EDD00094F90E1093F90E209142F2D0521A002AA3
:10EDE000E9DC1A46002BEDD1F0E70023EEE76B6873
:10EDF000256063601C606C6038BD08B5183000F099
:10EE0000A2F908BD70B50646046884421AD0DCB188
:10EE10006268236813605A60002525606560637B23
:10EE200023F002036373A56004F1180000F08BF96E
:10EE3000C4F8C0502046F4F7EDF83468A642E6D195
:10EE40002C46E4E70024E2E770BD70B504461646A0
:10EE50001D46FFF7A0FF32462B462046F4F712FA74
:10EE600070BD38B504460023EFF31185202282F3EC
:10EE70001288BFF36F8F04E085F31188BFF36F8FA3
:10EE8000012343B92046FFF784FF0028F4D1204630
:10EE9000F4F7C0F8F0E738BD0023EFF3118120222A
:10EEA00082F31288BFF36F8F10E04268036813602B
:10EEB0005A60002303604360427B22F002024273E7
:10EEC000836081F31188BFF36F8F01231BB98368BF
:10EED000002BEAD1F5E7704738B504460023EFF37D
:10EEE0001185202282F31288BFF36F8F0BE0637BC2
:10EEF00023F0040363732046F4F78CF885F311883C
:10EF0000BFF36F8F01239BB9637B13F0280FF5D1FB
:10EF1000A368002BEBD06268236813605A6000235B
:10EF200023606360627B22F002026273A360DEE70B
:10EF300038BD08B501211838FFF7CEFF08BD0146DE
:10EF40000023EFF3118C202282F31288BFF36F8F1E
:10EF5000184605E000208CF31188BFF36F8F012362
:10EF60008BB908688142F5D00028F4D04268036864
:10EF700013605A60002303604360427B22F0020268
:10EF800042738360E7E7704710B50446FFF784FFDC
:10EF900004F1180000F0D7F810BD08B5EFF31180A8
:10EFA000202383F31288BFF36F8FF4F7B7FA08BDFD
:10EFB00038B505460468844201D0002002E00024F0
:10EFC000FBE7012054B12046FFF7DEFF2046FFF7A4
:10EFD00048FF2C68A542F4D10024F2E738BD031D98
:10EFE00043608360704738B504460D46F4F754FB20
:10EFF00084462046B5F1FF3F08BFB4F1FF3F2CD057
:10F000004FEAEC72510141EADC614FEA4C13B3EB79
:10F010000C0361EB0201890041EA93719B0013EB41
:10F020000C0042EB0103DB0043EA5073C00047F6DB
:10F03000FF72801843F10003B0F5004F73F1000236
:10F040000AD36FF40042824243F6FF729A4105D31D
:10F05000C00B40EA434000E0002038BD6FF00040A4
:10F06000FBE72DE9F0410546884617460023EFF3FC
:10F070001186202282F31288BFF36F8F184604E0B6
:10F0800086F31188BFF36F8F0123F3B92C68A54273
:10F09000F6D0002CF4D0C4F8C080276162682368E1
:10F0A00013605A6000232360636094F80DC02CF055
:10F0B000020C84F80DC0A36004F1180000F043F8BE
:10F0C0002046F3F7A7FF0120DAE7BDE8F08100B59D
:10F0D00083B0002300930122F4F7A6FC03B05DF88F
:10F0E00004FB10B50446F4F7FDFC48B10246036981
:10F0F000416920691B18606941EB0001136151618E
:10F100006268236813605A6000232360636010BD47
:10F1100010B50446F4F7DCFC78B1036942691B1BA7
:10F1200062EBE472B3F1004F72F1000108DA002AD9
:10F1300001DB184610BD0023FBE76FF00040F9E744
:10F140006FF00040F6E7F8B504460023EFF31187AF
:10F15000202282F31288BFF36F8F6FF015000CE04E
:10F16000F4F7CCFCFFF7D4FF0021ECF797FE304614
:10F1700087F31188BFF36F8F01231E468BB9236875
:10F18000002BF5D0F4F7A4FC05462046FFF7A9FFB5
:10F1900000224FF00043C4E90423A542E0D03046EA
:10F1A000E6E7F8BD08B5F4F7B1FD08BD08B5F4F71A
:10F1B000ADFD08BD70B50646B3F1FF3F08BFB2F123
:10F1C000FF3F09D015461C4653EA02010CD100222C
:10F1D0000023C0E9002305E04FF0FF324FF0FF337A
:10F1E000C0E90023304670BD002B09DA6FF0010141
:10F1F000891A4FF0FF3262EB030301604360F1E7CD
:10F20000F4F784FD2B462246012D74F1000401DA47
:10F2100001230022C01841EB020130607160E1E778
:10F22000F8B50546B3F1FF3F08BFB2F1FF3F0AD082
:10F2300014461F4657EA02030CD100220023C0E9FE
:10F2400000232846F8BD4FF0FF324FF0FF33C0E9EE
:10F250000023F6E7F4F75AFD03460A46A042B941F7
:10F2600005D2E61A67EB02022E606A60E9E7002623
:10F270003246F9E708B5EFF31180202383F31288B3
:10F28000BFF36F8FF4F74AF908BD016242620023B1
:10F29000036300F118028261C2610360436043634B
:10F2A000704710B50446FFF74EFF60B9636A0BB1B3
:10F2B0002046984704F11800FFF741FE18B1FFF708
:10F2C000D0FDFFF7D7FF10BD437B03F03F03013BA9
:10F2D0000F2B33D8DFE803F0180832113232322016
:10F2E000323232323232322903699B680BB9002044
:10F2F000704702230B600120704703691B68FBB154
:10F3000004230B600120704703699B680BB9002040
:10F31000704701200860704703691B6A0BB9002021
:10F32000704710230B60012070470369DA895B89FD
:10F330009A4207D020230B600120704700207047BD
:10F34000002070470020704708B170387047704740
:10F350002DE9F843074688460468A04212D01546B6
:10F3600046687EB1B068FFF7EFFF81462846FFF799
:10F37000EBFF99F90E3090F90E509D4213D0EB1A25
:10F38000002B10DD7B68C8F80070C8F80430C3F8A3
:10F390000080C7F80480BDE8F8832346B44219D042
:10F3A000246804B1A3B1BCB1A068FFF7CDFF90F908
:10F3B0000E30AB42F1D05B1B002BEEDD6368C8F86A
:10F3C0000430C8F80040C3F80080C4F80480E2E7C5
:10F3D0001C46E8E70024E6E7C8F80070C8F80460B7
:10F3E000C6F80080C7F80480D5E738B504460D4656
:10F3F000437B03F03F03013B0F2B0FD8DFE803F003
:10F4000017080E100E0E0E1D0E0E0E0E0E0E0E24F2
:10F4100000690A4621461030FFF79AFFA56038BD03
:10F4200000690A4621461030FFF792FFF6E70A46C8
:10F4300001460069FFF78CFFF0E700690A462146A4
:10F440002430FFF785FFE9E700690A4621462C30A2
:10F45000FFF77EFFE2E770B50646144611E005EBC4
:10F46000850006EB8000F4F737FD84F31188BFF3C5
:10F470006F8FEFF31184202383F31288BFF36F8F14
:10F4800029464D1E0029EAD170BD2DE9F04F83B009
:10F4900080460F4691469A460025AB460AE0BAF1EF
:10F4A000000F02D199F8003023BB86F31188BFF317
:10F4B0006F8F0135BD4224DAEFF31186202383F3E9
:10F4C0001288BFF36F8F05EB850408EB840401A954
:10F4D0002046FFF7F9FE0028E1D00021A160E36893
:10F4E000C3F386320198024362F39433E36089F8F0
:10F4F0000010DAE749462046FFF777FF0BF1010BD2
:10F50000D3E7584603B0BDE8F08F38B50D468068A4
:10F51000FFF71AFF437B13F0020F01D1002038BD23
:10F520000446FFF731FD082D0AD00023C4F8C0308F
:10F53000637B13F01F0FF1D12046FFF792FCEDE73C
:10F540006FF00303F2E770B58468237873B154F861
:10F55000045C5DB1A4F1140604F11400FFF7F3FD9F
:10F560000023E36231462846FFF7EAFA002070BD27
:10F5700070B504460D468668D6B17378012B0DD060
:10F58000022B12D0002030700023A360E368C3F385
:10F5900086322A4362F39433E36070BDFFF7B5FF10
:10F5A000002333709842EFDAF7E7FFF7CCFFF7E775
:10F5B0000020E9E710B40024846090F80DC061F3E6
:10F5C000050C80F80DC0C16864F39431C160817B83
:10F5D00062F345118173C28964F38F12C2810361A2
:10F5E00010BC704738B5EFF31185202383F31288E0
:10F5F000BFF36F8F0468A04211D062682368136064
:10F600005A600023236063602046FFF7B1FF85F353
:10F610001188BFF36F8F201E18BF012038BD002452
:10F62000F5E70060406000238360704783680B60EB
:10F63000C3681360704783691A7A6AB110B484682A
:10F64000C268944206D018685A68091842F100024C
:10F6500019605A6010BC70477047026B436B891881
:10F6600043F1000301634363704708B5FBF7C6FD30
:10F6700000B9012008BD38B504460020043213D279
:10F68000A0B941F00401EFF31185202080F3128826
:10F69000BFF36F8F2046984785F31188BFF36F8FB4
:10F6A00008B140F8044B38BD0120E9E70020FAE733
:10F6B00030B108B5011F50F8040CFEF7FDFF08BD7E
:10F6C000704738B50023A0FB014159B963B9204602
:10F6D000F4F766FD054618B12246002100F03BF81C
:10F6E000284638BD0123F1E70025F9E7C9B20346F2
:10F6F000024410B59342184601D1002003E004787B
:10F7000001338C42F6D110BD0A44431E914200D110
:10F71000704710B511F8014B914203F8014FF9D130
:10F7200010BD884210B501EB020402D98442234681
:10F7300007D8431EA14208D011F8012B03F8012F6E
:10F74000F8E7024401468A4200D110BD13F8014D8A
:10F7500002F8014DF7E702440346934200D1704797
:10F7600003F8011BF9E70A220021F4F7F5BF01397C
:10F77000024410B5904201D1002005E0037811F851
:10F78000014FA34201D0181B10BD0130F2E7C9B2EE
:10F790000346184613F8012B12B18A42F9D170477B
:10F7A000002918BF0020704730B50A440546914231
:10F7B00001D100200FE015F8013B11F8014BA3F136
:10F7C00041001928A4F1410098BF2033192803D81B
:10F7D0002034181BEBD030BD181BFCD1002CE6D117
:10F7E000F9E710B56AB10139841810F8012B11F846
:10F7F000013F9A4203D1A04201D0002AF5D1D01A8C
:10F8000010BD1046FCE710B50139044632B111F8BD
:10F81000013F013A00F8013B002BF7D10021FFF72F
:10F820009AFF204610BD0246014410B58A42134695
:10F8300003D01C780132002CF8D1181A10BD0346F1
:10F8400030B5184613F8012B42B14C1E01E0954229
:10F8500005D014F8015F002DF9D1F2E7104630BD54
:10F8600038B511F0FF0403460ED12146BDE83840FB
:10F87000FFF78DBF431C054621461846FFF787FF5B
:10F880000028F7D1284638BD0025F5E70A7870B57D
:10F890006AB970BD9A4209D10C46054614F8013F79
:10F8A000002BF6D015F8016F9E42F7D00130037897
:10F8B000002BEFD11846ECE72DE9F047C3F13709EB
:10F8C0000746884603F01F055FFA89F916464FF090
:10F8D000000A384641462A465346E1F753F9434663
:10F8E000D4B23A4688460746092C84BF4C44E4B259
:10F8F000AA4204F1300473EB0A0306F8014BE8D284
:10F900003046BDE8F08710B50C4600F0BBFA002881
:10F91000A2BF23680133236010BD0028A2BF136873
:10F9200003F1FF33136000F0E2BA70B505460E46EE
:10F9300031462846FFF7E7FF041E09DB202CF7D0ED
:10F94000A4F10903042BF3D932462946FFF7E5FF5A
:10F95000204670BDBDF8001068B111F0100F01D045
:10F960000270704711F0080F02D0C0E90023704701
:10F970004B0701D5026070478B06FBD502807047AC
:10F980002DE9F04387B01C461746814602AB8846F6
:10F990000093D2E9022300F0A5F904AB06460D4618
:10F9A000009348464146D7E9002300F09BF9002721
:10F9B000DDE90423901953EB050128BF012737B176
:10F9C000029B039A013342F10002CDE90232403C2E
:10F9D000DDE90223009400F0A0F907B0BDE8F08350
:10F9E0002DE9F843B0FA80F6002980460F46A1EBD6
:10F9F000060606F1070625DB0846F6F703FE064471
:10FA00003846F41BF6F704FE3946221A40463D32CA
:10FA100000F058F9B74213DC1F2C68DC4FF0FF33BD
:10FA2000A34038EA03030CBF01240024B0FA80F39A
:10FA30003546F31A9E33FE2B27DD4FF0FF4044E09E
:10FA40000124F3E74C422046F6F7E2FD351A204642
:10FA5000A5EB0709F6F7DCFD21462E4609EB00026F
:10FA600040463C3200F01BF9AF4230DCB9F11F0FC9
:10FA70003DDC4FF0FF3303FA09F338EA030327D0E4
:10FA8000B0FA80F30024EB1A9E33002B23EAE372D2
:10FA9000D4BF012313465B1BA3F19705963B20FAC5
:10FAA00005F120FA03F3C90723D544B14FF0FF3124
:10FAB000A94020EA010003F00101084319D0581CB5
:10FAC000C0F31600C0B140EAC250BDE8F88300237D
:10FAD0000521B8FBF1F202EB8205A84502D1013302
:10FAE0009046F6E79C428CBF002401249EE7002448
:10FAF0009CE7C3F31600E6E70132E4E72DE9F04F97
:10FB0000061887B09946154641EB010402AB304612
:10FB1000DDF844B021460093A9F1410AD2E900235F
:10FB200000F0E0F804AB07468846304621460093D3
:10FB3000D5E9022300F0D6F80022DDE9026384193A
:10FB400051EB0306049B28BF0122D5E90001D2181E
:10FB5000059B43F10003381848EB0101B84271EBF3
:10FB60000801D5E902C134BF0120002014EB0C0CC0
:10FB7000CDF800A046EB010110EB0C0041F10001B3
:10FB8000A04271EB060C34BF4FF0010C4FF0000C9B
:10FB9000CDE904231CEB020243F1000300F0BDF8A1
:10FBA000109BC3E90001129B012BDDE9042329D13D
:10FBB000D5E90201D5E900C5201ACDF800A066EB11
:10FBC0000101674578EB050534BF01250025401B81
:10FBD00061F10001844276EB010534BF0125002567
:10FBE000521B63F1000300F098F8DDE90423CBE930
:10FBF000000120463146CDF800A000F08EF807B095
:10FC0000BDE8F08F17EB070E48EB080C201946EB08
:10FC10000601BE457CEB080834BF01270027C71941
:10FC200041F10008D5E9000186457CEB010C34BFA9
:10FC300001200020D5E90215381A68F1000C401A9D
:10FC40006CEB050192185B41A74278EB060534BFC7
:10FC500001250025521943F10003874278EB010882
:10FC600034BF01250025521BA9F140050095B8E7D6
:10FC700010B5A3FB00430299A2FB0020001943F139
:10FC800000033F29DBBFA1F12002C1F1400140394F
:10FC90008B40D6BFD04023FA01F0184310BD30B5D9
:10FCA00087B004460846154602A9F6F74BFD049BAB
:10FCB000204600955A1C059B43F10003FFF7D8FF2F
:10FCC00007B030BD30B587B015460446084602A9D6
:10FCD000F6F7C6FC20460095DDE90423FFF7C8FFD0
:10FCE00007B030BDF0B50F460446A0FB0201059EEB
:10FCF000A7FB02524919A3FB0445A7FB037342F17A
:10FD00000002611845F10004D21943F100031219F1
:10FD100043F10003C6E90023F0BDF0B5059CC4F132
:10FD20004007C4F12006A4F12005E04002FA06F6DF
:10FD3000BB4022FA05F5BA403343C4F120062B43F9
:10FD400001FA06F6A4F12005304321FA05F5E14059
:10FD5000284319431043F0BD2DE9F0410446CD0F6F
:10FD6000C1F30A50C1F3130140F2FF76157154EA52
:10FD7000010707D0B0420CD145F0080500201571ED
:10FD8000BDE8F081002864D0B0425FD145F00405A1
:10FD9000F4E700285AD10120A0F2FF30002B1060B8
:10FDA0005ADB0C2B5ADCC3F10D050120AD0005F127
:10FDB000FF3CA5F12107C5F1210600FA07F720FA5B
:10FDC00006F600FA0CF03743061847EB0708D6F1A1
:10FDD000000E68EB480C013E48F1FF38264008EA67
:10FDE0000108B04277EB080810DBC5F12008B5F137
:10FDF000200624FA05F501FA08F858BF41FA06F67C
:10FE000045EA080558BF3543ED0703D520180446D9
:10FE100041EB070104EA0E0401EA0C019DF81860A9
:10FE2000123218460D25C6F127064FF0300E04F0A9
:10FE30000F03240905F1FF3C571E44EA0174091120
:10FE4000B3B9A8420CDA65463A46F0E741F48011AE
:10FE5000A2E704460146A1E70023DFE70D23DDE723
:10FE600082F800E01CF1010365463A46DFD187E7DE
:10FE7000092BC8BF9B19A84203F13003B8BF28461D
:10FE80001370EFE710B583780446DA0705D443F022
:10FE900004034FF0FF30A37010BD4FF00002D4E810
:10FEA0005F3FC4E8512F0029F9D19BB213B1581E0E
:10FEB000C0B2F1E7A36898470028F9DA0130A378C7
:10FEC00014BF082204221343E3E7026903461078B3
:10FED00010B101321A6170476FF001007047D1E92B
:10FEE000043293421EBF5A1C0A61187070478B7807
:10FEF000DA0702D44FF0FF307047431CFAD0C0B28B
:10FF0000431CD1E8DF2F002A04D1C1E8DC3FBCF15B
:10FF1000000FF6D1EED18B7823F008038B70704779
:10FF20000148006870470000480201208C0CFE7FE9
:10FF300001000000ED9C010000000000FD9C01009C
:10FF400000000000A9F30100000000000000000014
:10FF50002C00030055D2020000000000D52502004D
:10FF600000000000000000004C000300D5AC0100C0
:10FF700000000000000000006C0003000000000012
:10FF8000CC00030000000000AC00030000000000F3
:10FF90008C00030000000000EC00030045BD0100E0
:10FFA00000000000817901000000000081C1010013
:10FFB00000000000000000000C000300699A01002E
:10FFC000000000004DC2020000000000D941020004
:10FFD00000000000000000002C01030000000000F1
:10FFE0000C010300AFC10200000000009B8802006A
:10FFF0000000000055CC010000000000DFC002003E
:020000040003F7
:10000000000000008BC1020000000000D03F030090
:100010000000000068CC002032CD00205C090120E7
:10002000DDC301000000000000000000BC3B030035
:10003000E83B0300E403030020CD002098020120E8
:100040002DAC01000000000000000000943C030003
:10005000A03C0300A803030026CD00200C030120D0
:10006000B5B001000000000000000000003C0300EB
:10007000000000008803030022CD002000000000E3
:10008000719F02000000000000000000E83D030036
:100090001C3E0300000403002ACD0020ACCB00204E
:1000A0008FAF0200BFA9020000000000F43D030072
:1000B000703E0300000403002CCD0020D0CB0020B4
:1000C00071AF0200BFA9020000000000003E030063
:1000D000C43E0300000403002ECD0020F4CB00201A
:1000E00053AF0200BFA9020000000000283F030038
:1000F00000000000D403030030CD00202CCC0020F1
:10010000D1BF01000000000000000000683C0300B7
:10011000000000009003030024CD00200000000038
:10012000D5AE010000000000000000004C3D0300BF
:10013000643D0300CC03030028CD00208CCB0020BD
:1001400033A40200000000000000000000000000D6
:100150002F840200000000002F8402000000000035
:100160002F840200000000002F8402000000000025
:100170002F8402009DC3020085C20200000000001F
:100180002F840200000000002F840200CC00030036
:10019000F3A90200000000002F840200AC0003005D
:1001A000ADAF02008C000300ADAF02000000000004
:1001B0002F840200000000002F84020000000000D5
:1001C0002F840200000000002F84020000000000C5
:1001D0002F840200000000002F84020000000000B5
:1001E0002F840200000000002F84020000000000A5
:1001F0002F840200000000005DBE0100000000002E
:100200002F840200000000002F8402002CCC00206C
:1002100065D10200000000002F84020000000000F1
:100220002F840200000000002F8402000000000064
:100230002F840200000000002F8402000000000054
:100240002F840200000000002F8402000000000044
:100250002F8402008CCB002015D00200000000008B
:100260002F840200000000002F8402000000000024
:100270002F840200000000002F8402000000000014
:100280002F840200000000002F8402000000000004
:100290002F840200000000002F840200B1FC010046
:1002A00085C20200000000002F8402000000000050
:1002B0002F840200000000002F84020000000000D4
:1002C0002F840200000000002F84020000000000C4
:1002D0002F8402001CCB0020F7A1020000000000C8
:1002E0002F840200000000002F84020000000000A4
:1002F0002F840200000000002F8402000000000094
:100300002F840200000000002F8402000000000083
:100310002F840200000000002F8402000000000073
:100320002F840200000000002F8402000000000063
:100330002F840200000000002F8402000000000053
:100340002F840200000000002F8402000000000043
:040350002F840200F4
:1003580060D700206864012000040000AB7F020021
:100368000000000000000000000000000E00000077
:1003780000000000DC330300000000000000000063
:100388005D9F0200000000007DAE0100F1AD01009C
:100398005DAD010055AD0100959F020045AD01001E
:1003A8000BA2020055A1020061A1020075A1020082
:1003B8007FA1020089A10200C1AF0100C9A102000A
:1003C80000000000C9B3010019A402003DB20200F8
:1003D80005B202004DBF01000BB20200F1AB0100F3
:1003E800639E0200A59E020000000000779D0200A7
:1003F8000000000000000000D5A50200A5B801001B
:1004080083AC0200F9B601007BA502000DAC020026
:100418007FA6020055B60100CFA40200DBA80200A7
:10042800B1A60200DDA6020015A7020029A7020056
:1004380061A7020077A7020029A7020051A70200BE
:100448008DA702009BA70200A9A70200E3A702004C
:10045800E7A70200000000000100000095C30100AA
:10046800E1C801007C0B030003000000EC0A030054
:1004780003000000A442030003000000C032030090
:1004880003000000D83B030003000000A41403008D
:1004980003000000885203000300000048310300F5
:1004A80003000000200F030003000000C83503000C
:1004B80003000000803C030003000000EC3303004D
:1004C80003000000C4190300030000009C1103008E
:1004D800030000006C210300030000000832030041
:1004E8000300000020340300030000001032030062
:1004F800030000007443030003000000EC0E030037
:10050800030000003C090300030000001C56030020
:1005180003000000444F030003000000B050030034
:10052800030000007852030003000000883A03002B
:10053800030000008C29030003000000343B030083
:10054800030000003C3B03000300000068160300A2
:10055800030000009C3F030003000000545A0300FE
:1005680003000000583D0300030000006010030072
:100578000300000080200300030000004C3B030040
:1005880003000000DC330300030000000C3E0300FE
:10059800030000005022030003000000383F03005E
:1005A800030000002C1D0300030000009C3503001D
:1005B800880101208C3503000100000004000000C0
:1005C8000F000000010000000800000028000000E3
:1005D80074000000840000000D0000000C00000002
:1005E8000E0000006000000088000000BC00000051
:1005F800FFFFFFFFFFFFFFFF09000000FFFFFFFFF6
:100610000000000030750000000000000200000033
:1006200000000000000000000000000000000000CA
:10063000190D0200F5190200251F020081D20200E7
:1006400089D2020079D2020037E00200691F02005D
:1006500085D202007DD202000000000000000000F0
:100660000338FDD8704700000100000000000000C2
:10067000050000000000000019000000000000005C
:100680007D0000000000000071020000000000007A
:10069000350C000000000000093D000000000000D3
:1006A0002D31010000000000E1F505000000000010
:1006B00065CD1D0000000000F9029500000000005B
:1006C000DD0EE90200000000514A8D0E000000001E
:1006D0009573C24800000000E941CC6B01000000A6
:1006E0008D49FD1A07000000C16FF286230000004B
:1006F000C52EBCA2B1000000D9E9AC2D78030000E2
:100700003D9160E45811000031D6E275BC560000FE
:10071000F52E6E4DAEB10100C9EA26836778080058
:10072000ED95C28F055A2A00A1EDCCCE1BC2D30095
:1007300025A4000A8BCA220400000000000000006B
:100740000000000000000010000000000000000099
:10075000B9340332B7F4AD1410DB1AB30892540E57
:100760000D307D951447BA1A66088F4D26ADC66DBB
:10077000F598BF85E2B74511CA96853D92BD1DEB40
:10078000FCA11860DCEF52163C92AE220BB8C1B44B
:10079000839D2D5B0562DA1C304C7E8F4E8BB25BE5
:1007A00016F4529F8B56A512FBD4827643ED8AF045
:1007B0008FE7F9311565191850F19BD94A13EEB43A
:1007C000284CF0A686C1251F035FC270CB9E491638
:1007D000E642889C44EB2014B0650836AD6EA585D2
:1007E00085F0CA14E2FD031A0B899979D5B13D0948
:1007F000D8DA973A35EBCF10AC363F5E73BB38CFC3
:100800003E6752FA44AFBA15010000000000000034
:100810000000000000000020345065C05FC9A652EF
:10082000BB13CBAEC440C21806C8DF7100D5A87C8C
:10083000F56F0FDA58FC27136E4756357D24206577
:1008400002C7E768E48CA41DE9E60268D7CD3961E8
:100850007977FCC2405BEF16798CDE43FFA751F934
:1008600091F3B278F5BDBE11E857E9D6E8BEE87B52
:10087000B054AC8F848D751BEA23A499E9F9D38B0E
:10088000B7A3714061DA3E15CEE33ECB73F9480859
:100890008C97B427D51B7010A2BFEFB9EB8532152A
:1008A0004DB44DB49BBB6F1996B6076CF8E7EEAD2F
:1008B00036D9B4F59135AE13222218AF4E6A684D81
:1008C00091DAAA3D4F40741E9FBD9EE006A1C098DC
:1008D00057C2A7FDA40E90170E7D497173E3208FB8
:1008E000B220D87605143B12853D7434811343B091
:1008F000AD297A5F27F4351C6E52463931363020E7
:100900006D756C74692D7461736B206669726D7797
:10091000617265207374617274696E670000000013
:100920006170706C69636174696F6E5F696E697420
:10093000206661696C65643A202564006D61696EAA
:10094000000000007B226465766963654964223A91
:10095000222573222C226170704964223A22424F70
:100960004F54222C226D65737361676554797065ED
:10097000223A2244415441222C2264617461223A79
:10098000226F6E6C696E65227D000000626F6F746D
:10099000207061796C6F6164206275696C64206697
:1009A00061696C65643A20256400000064617461CB
:1009B000000000006170706C69636174696F6E5F44
:1009C000696E697400000000617070006170706C85
:1009D00069636174696F6E5F73746172743A2073D6
:1009E00074617274696E67207461736B73000000C8
:1009F0007761746368646F675F7374617274206693
:100A000061696C65643A2025640000006C74655F60
:100A10007461736B5F7374617274206661696C6575
:100A2000643A2025640000006D7174745F73657210
:100A3000766963655F7374617274206661696C6561
:100A4000643A202564000000686561727462656123
:100A5000745F7374617274206661696C65643A20B6
:100A6000256400006E6574776F726B5F64696167FF
:100A70005F7374617274206661696C65643A2025E5
:100A8000640000006770735F737461727420666144
:100A9000696C65643A202564000000007769666926
:100AA0005F7363616E5F7374617274206661696CF9
:100AB00065643A2025640000736572766F5F737415
:100AC000617274206661696C65643A202564000077
:100AD0006C65645F7374617475735F737461727451
:100AE000206661696C65643A202564006170706CF1
:100AF00069636174696F6E006170705F6576656EC1
:100B0000745F6D7367712066756C6C2C2064726FF6
:100B10007070696E67206F6C64206576656E7473A3
:100B20002028747970653D25642900006C69737410
:100B3000656E6572207461626C652066756C6C2CE4
:100B40002063616E6E6F742072656769737465727D
:100B500020272573270000006C697374656E657229
:100B600020726567697374657265643A2025732025
:100B700028257520746F74616C2900006170705FA6
:100B80006576656E747300002020252D39733A2038
:100B9000257300002020252D39733A206E6F2073B5
:100BA00069676E616C2028636865636B204C5445EF
:100BB00020616E74656E6E61202F20636F766572A2
:100BC0006167652900000000525352500000000088
:100BD0002020252D39733A2025642064426D202879
:100BE00072617720256429000D0A000041542B43CF
:100BF000474D52004D6F64656D46570041542B437D
:100C0000455245473F00000043455245470000001C
:100C10002D2D2D206D6F64656D2073746174757357
:100C20002028257329202D2D2D00000042616E649F
:100C30000000000055494343000000004F706572FA
:100C400061746F720000000043656C6C2D494400B4
:100C500041726561000000006E72665F6D6F6465D1
:100C60006D5F6C69625F696E6974206661696C654D
:100C7000643A202564202D3E2073746F7070696E75
:100C800067204C5445207461736B00006D6F646580
:100C90006D5F696E666F5F696E6974206661696C0D
:100CA00065643A20256420287369676E616C206C46
:100CB0006F6767696E672064697361626C65642938
:100CC000000000004C5445207461736B20696E690C
:100CD0007469616C697A656400000000436F6E6E30
:100CE000656374696E6720746F204C544520284CEE
:100CF00054452D4D202B204E422D496F542C2073EE
:100D000063616E6E696E6720616C6C2062616E64F7
:100D100073292E2E2E0000006C74655F6C635F6378
:100D20006F6E6E6563745F6173796E63206661696F
:100D30006C65643A2025642C207265747279206990
:100D40006E202564207300004C54452052454144D8
:100D500059000000636F6E6E656374656400000087
:100D60004C544520636F6E6E656374696F6E206CC2
:100D70006F7374202D3E207265636F6E6E656374B1
:100D8000696E67005374696C6C2073656172636887
:100D9000696E6720666F72204C5445206E657477CB
:100DA0006F726B20284C54452D4D202B204E422D28
:100DB000496F542C20616C6C2062616E6473292E23
:100DC0002E2E0000736561726368696E6700000013
:100DD000686F6D6500000000726F616D696E67007D
:100DE00052656769737465726564206F6E204C5438
:100DF00045206E6574776F726B202825732900007B
:100E0000536561726368696E6720666F72204C5427
:100E100045206E6574776F726B2E2E2E00000000D9
:100E20004E6574776F726B20726567697374726157
:100E300074696F6E2064656E6965642028636865F7
:100E4000636B2053494D2F41504E2F73756273636E
:100E500072697074696F6E290000000053494D205B
:100E6000285549434329206661696C757265000005
:100E70004E6F7420726567697374657265642028AB
:100E80007374617475732025642900006E6F6E653C
:100E9000000000004C54452D4D0000004E422D49ED
:100EA0006F540000416374697665204C5445206D91
:100EB0006F64653A202573004D4F44454D204641EF
:100EC000554C543A20726561736F6E2030782578E6
:100ED00020282573292C2050432030782578202D78
:100EE0003E207265626F6F74696E67006C74655F37
:100EF0007461736B000000004F46464C494E45003C
:100F00004C54455F555000004F4E4C494E45000033
:100F100073746174653A202573202D3E202573007B
:100F20006465766963655F737461746500000000D1
:100F3000756E6B6E6F776E007B2264657669636594
:100F40004964223A222573222C2274696D657374D8
:100F5000616D704D73223A256C6C642C226D657343
:100F60007361676554797065223A22494E464F2273
:100F70002C22736368656D6156657273696F6E22AA
:100F80003A222573222C2264657669636554797050
:100F900065223A222573222C22686172647761727D
:100FA0006556657273696F6E223A222573222C2270
:100FB0006669726D7761726556657273696F6E22CC
:100FC0003A222573222C22696D6569223A22257303
:100FD000222C226963636964223A222573227D00F0
:100FE000312E3000726567697374726174696F6E57
:100FF000207061796C6F6164206275696C64206631
:1010000061696C65643A202564000000696E666F52
:1010100000000000726567697374726174696F6EB5
:10102000207075626C697368206661696C65643AEA
:1010300020256400726567697374726174696F6EEC
:10104000207075626C697368656420746F202E2E41
:101050002E2F25732028256420627974657329005A
:10106000726567697374726174696F6E0000000065
:101070006F66666C696E65006F6E6C696E65000008
:10108000646973636F6E6E6563746564000000006D
:101090007B226465766963654964223A222573225E
:1010A0002C2274696D657374616D704D73223A25DD
:1010B0006C6C642C226D657373616765547970651F
:1010C000223A22484541525442454154222C22732F
:1010D0006368656D6156657273696F6E223A222589
:1010E00073222C22757074696D654D73223A256CDC
:1010F0006C642C2262617474657279566F6C7461D1
:1011000067654D76223A25642C226C7465536967B5
:101110006E616C5175616C697479223A2225732273
:101120002C226D717474537461747573223A222584
:1011300073222C226D656D6F72795573616765221C
:101140003A25642C226370754C6F6164223A2564E1
:101150002C226465766963655374617465223A2252
:101160002573222C22677073537461747573223A4D
:10117000222573227D0000006865617274626561DA
:1011800074207061796C6F6164206275696C642091
:101190006661696C65643A20256400006865617267
:1011A00074626561740000006865617274626561F3
:1011B00074207075626C697368206661696C65641F
:1011C0003A20256400000000686561727462656100
:1011D00074207075626C697368656420746F202E6A
:1011E0002E2E2F25730000006865617274626561A0
:1011F00074207461736B20737461727465642C2045
:10120000696E74657276616C3D2564207365630058
:10121000222573220000000069640000636D6400F1
:10122000256C6C64000000007B2264657669636550
:101230004964223A222573222C2274696D657374E5
:10124000616D704D73223A256C6C642C226D657350
:101250007361676554797065223A22434D445F5249
:101260004553554C54222C22736368656D61566555
:101270007273696F6E223A222573222C22636F6D7E
:101280006D616E644964223A222573222C22636FB9
:101290006D6D616E64223A222573222C2273746173
:1012A000747573223A222573222C226461746122A0
:1012B0003A222573227D0000636D642F7265737579
:1012C0006C7400007B226465766963654964223A28
:1012D000222573222C2274696D657374616D704DC3
:1012E00073223A256C6C642C226D6573736167659B
:1012F00054797065223A22434D445F41434B222C7E
:1013000022736368656D6156657273696F6E223A08
:10131000222573222C22636F6D6D616E64496422F5
:101320003A222573222C22636F6D6D616E64223A1E
:10133000222573222C226163636570746564223AEE
:10134000747275657D000000636D642F61636B00CE
:10135000636F6D6D616E642041434B207075626CEC
:10136000697368206661696C65643A2025640000D1
:101370006765745F73746174757300006F6B000050
:101380007075626C6973685F746573740000000047
:101390007363616E5F776966690000007363616EF5
:1013A0006E696E67000000007265626F6F74000006
:1013B00073746172745F676E7373000073746F701F
:1013C0005F676E73730000006765745F636F6E66BE
:1013D000696700007365745F636F6E66696700001C
:1013E000666163746F72795F726573657400000083
:1013F000756E737570706F7274656420636F6D6D58
:10140000616E6420726571756573746564000000B7
:101410006E6F745F696D706C656D656E7465640088
:10142000756E737570706F7274656400756E6B6E37
:101430006F776E20636F6D6D616E6420726571757C
:101440006573746564000000756E6B6E6F776E5F18
:10145000636F6D6D616E6400636F6D6D616E6420AE
:10146000726573756C74207075626C697368206640
:1014700061696C65643A2025640000006D697373CE
:10148000696E675F636F6D6D616E6400636F6D6D34
:10149000616E643A2069643D257320636D643D2567
:1014A00073000000636F6D6D616E645F68616E64F0
:1014B0006C6572006E6F745F7265676973746572D4
:1014C00065640000726567697374657265645F685E
:1014D0006F6D650064656E696564000072656769BB
:1014E0007374657265645F726F616D696E67000029
:1014F0007B226465766963654964223A22257322FA
:101500002C2274696D657374616D704D73223A2578
:101510006C6C642C226D65737361676554797065BA
:10152000223A224E4554574F524B222C2273636865
:10153000656D6156657273696F6E223A222573225A
:101540002C226365726567537461747573223A2245
:101550002573222C226365726567436F6465223AA6
:1015600025642C2272737270223A222573222C2257
:1015700072737271223A222573222C2274616322C3
:101580003A222573222C2263656C6C4964223A222C
:101590002573222C226D6363223A222573222C228A
:1015A0006D6E63223A222573222C2262616E6422C0
:1015B0003A222573227D00006E6574776F726B206E
:1015C0007061796C6F6164206275696C642066611A
:1015D000696C65643A202564000000006E657477CC
:1015E0006F726B006E6574776F726B2064696167F0
:1015F0006E6F7374696373207075626C69736820B1
:101600006661696C65643A20256400006E657477D4
:101610006F726B20646961676E6F737469637320A6
:101620007075626C697368656420746F202E2E2E4D
:101630002F2573006E6574776F726B206469616724
:101640006E6F7374696373207461736B207374615C
:10165000727465642C20696E74657276616C3D25C8
:1016600064207365630000006E6574776F726B5F52
:1016700064696167000000006672616D696E6700F1
:1016800070617269747900006F76657272756E00B0
:10169000627265616B0000006E6F69736500000027
:1016A000636F6C6C6973696F6E00000074727565AE
:1016B0000000000066616C73650000007B226465B9
:1016C000766963654964223A222573222C22746963
:1016D0006D657374616D704D73223A256C6C642C6A
:1016E000226D65737361676554797065223A224C87
:1016F0004F434154494F4E222C22736368656D61FC
:1017000056657273696F6E223A222573222C2276F7
:10171000616C6964223A25732C226669785175617F
:101720006C697479223A25752C22736174656C6C2E
:1017300069746573223A25752C226C6174223A25EE
:101740002E36662C226C6F6E223A252E36662C229F
:10175000616C744D223A252E31662C2268646F70BC
:10176000223A252E32662C2273706565644B6E6FAB
:101770007473223A252E32662C22636F757273655C
:10178000446567223A252E31662C22757463223A0D
:10179000222573222C2264617465223A2225732249
:1017A0007D0000006C6F636174696F6E20706179F9
:1017B0006C6F6164206275696C64206661696C6538
:1017C000643A2025640000006C6F636174696F6E79
:1017D000000000006C6F636174696F6E2070756249
:1017E0006C697368206661696C65643A20256400E1
:1017F0006C6F636174696F6E207075626C69736879
:101800006564202876616C69643D25642C207361D1
:1018100074733D2575290000475053204E4D4541B6
:1018200020636865636B73756D206572726F727388
:101830003A2025750000000047505320554152546E
:10184000205258206163746976653A2025752076A8
:10185000616C6964204E4D45412073656E74656E00
:10186000636573004750532055415254206C696E94
:101870006B2075700000000047474100524D430047
:10188000475053207461736B207374617274656484
:10189000202855415254206173796E632F444D4185
:1018A000292C207075626C69736820696E7465728A
:1018B00076616C3D256420736563000047505320BA
:1018C0006C6F73743A206E6F204E4D454120666FE9
:1018D0007220256420732C207265737461727469A0
:1018E0006E672055415254205258000047505320F3
:1018F000554152542052582072657374617274209D
:101900006661696C65643A20256400004750532085
:101910005541525420525820726573746172746537
:101920006400000047505320554152542052582023
:1019300062756666657220726573706F6E7365207E
:101940006661696C65643A20256400004750532045
:10195000554152542052582073746F707065643A28
:1019600020257320282564292C20636F756E743D13
:10197000257500004750532055415254206E6F7416
:101980002072656164790000756172745F63616CD7
:101990006C6261636B5F736574206661696C65641A
:1019A0003A20256400000000756172745F72785FF0
:1019B000656E61626C65206661696C65643A2025BC
:1019C0006400000067707300455350206672616DBB
:1019D0006520435243206D69736D61746368000034
:1019E0004553502055415254207478206661696CEB
:1019F00065643A20256400004553502055415254F7
:101A00002074782074696D656F7574002C00000077
:101A10007B226465766963654964223A22257322D4
:101A20002C2274696D657374616D704D73223A2553
:101A30006C6C642C226D6573736167655479706595
:101A4000223A2257494649222C22736368656D6108
:101A500056657273696F6E223A222573222C2263B7
:101A60006F6E73696465724970223A25732C226126
:101A700070436F756E74223A25642C22776966690B
:101A8000416363657373506F696E7473223A5B00D0
:101A900077696669207061796C6F6164206865613F
:101AA000646572206275696C64206661696C656446
:101AB0000000000025737B226D61634164647265E0
:101AC0007373223A22253032583A253032583A255B
:101AD0003032583A253032583A253032583A25308B
:101AE0003258222C227369676E616C537472656E72
:101AF000677468223A25642C226368616E6E656C97
:101B0000223A25752C227369676E616C546F4E6F93
:101B1000697365526174696F223A25642C2261678A
:101B200065223A25757D00007769666920706179C4
:101B30006C6F6164207472756E636174656420619A
:101B400074204150202564005D7D0000776966693E
:101B5000207061796C6F616420636C6F73652066BF
:101B600061696C65640000007769666900000000C7
:101B700077696669207075626C697368206661694F
:101B80006C65643A20256400776966692070756227
:101B90006C697368656420282564204150732C208B
:101BA000636F6E736964657249703D256429000036
:101BB00077696669207363616E3A206E6F20726583
:101BC00073706F6E73652077697468696E20256421
:101BD00020732028636F756E743D25752900000001
:101BE00077696669207363616E3A204553502072AD
:101BF00065706F72746564206572726F7220636FB6
:101C000064652030782530325800000077696669B5
:101C1000207363616E3A20696E76616C696420534B
:101C200043414E5F524553504F4E53450000000014
:101C300077696669207363616E3A2025642041509C
:101C40007320627574204D515454206F66666C6920
:101C50006E65202D3E206E6F74207075626C697306
:101C60006865640045535020554152542052582015
:101C7000656E61626C65206661696C65643A2025F9
:101C80006400000045535020554152543A202575B8
:101C9000205258206572726F727320647572696E7B
:101CA00067207363616E2028636865636B2045530A
:101CB000503332206C696E6B290000004553502070
:101CC00055415254205258206275666665722072E2
:101CD0006573706F6E7365206661696C65643A2028
:101CE000256400004553502055415254205258203D
:101CF00073746F707065643A20726561736F6E20E3
:101D0000256420286C696E652F4553503332206955
:101D1000737375653F290000455350205541525457
:101D2000206E6F742072656164790000776966695E
:101D30005F7363616E0000005769466920736361D9
:101D40006E207461736B20737461727465642028F3
:101D500055415254206173796E632F444D41292CB3
:101D600020696E74657276616C3D256420732C2049
:101D70006D61785F6170733D25642028474E535331
:101D80002D66616C6C6261636B290000776966691E
:101D9000207363616E3A206E6F20474E5353206666
:101DA0006978202D3E207363616E6E696E6720280E
:101DB00066616C6C6261636B29000000776966691B
:101DC000207363616E3A20666F7263656420627986
:101DD00020636F6D6D616E64000000007769666955
:101DE000206C696E6B20646F776E202D3E206175CC
:101DF000746F2D726574727920696E20256420736A
:101E0000000000007B226465766963654964223ABC
:101E1000222573222C2274696D657374616D704D77
:101E200073223A256C6C642C226D6573736167654F
:101E300054797065223A22534552564F5F535441AC
:101E4000545553222C22736368656D615665727315
:101E5000696F6E223A222573222C22736572766F87
:101E6000223A25642C22616374696F6E223A22251E
:101E700073222C22616E676C65223A25642C2261E4
:101E80006E676C654F6E223A25642C22616E676C1A
:101E9000654F6666223A25642C22686F6D65223A8A
:101EA00025642C22686F6C64536563223A25647D37
:101EB00000000000736572766F207374617475732F
:101EC000206275696C64206661696C65643A2025DE
:101ED00064000000736572766F2F7374617475739C
:101EE000000000006F70656E00000000636C6F738F
:101EF00065000000736572766F2073657175656E9D
:101F0000636520257320737461727465640000003A
:101F100070776D5F73657420736572766F202564CA
:101F200020286368257529206661696C65643A20FC
:101F300025640000616E676C654F6E00616E676CB2
:101F4000654F666600000000686F6C64536563004F
:101F5000736572766F2025642073657474696E678B
:101F60003A206F6E3D2564206F66663D25642068CB
:101F70006F6D653D256420686F6C643D256473005A
:101F800073657474696E6700736572766F2025647B
:101F90003A20756E6B6E6F776E20616374696F6E39
:101FA0002027257327000000736572766F3A206D35
:101FB000616C666F726D656420636F6D6D616E64D8
:101FC00000000000736572766F20636F6D6D616E47
:101FD000643A207461726765743D2563206163749F
:101FE000696F6E3D257300007365712025733A207B
:101FF000736572766F2032202D3E20256420646543
:10200000672028686F6C6473290000007365712075
:1020100025733A20736572766F2031202D3E20257E
:1020200064206465672C20686F6C642025642073CD
:102030000000000073657120257320646F6E653A9F
:1020400020736572766F20312072657475726E65CB
:102050006420686F6D65202D3E20256420646567CF
:1020600000000000736572766F2050574D20646544
:1020700076696365206E6F74207265616479000013
:10208000736572766F000000736572766F207461FD
:10209000736B20737461727465643A2025642073D5
:1020A0006572766F732C206F70656E2F636C6F7323
:1020B000652073657175656E6365206D6F6465205D
:1020C00028686F6D653D2564206465672C207374F6
:1020D00065703D2564206D7329000000000000003C
:1020E0000100000079656C6C6F772850302E31301C
:1020F00029000000677265656E2850302E3038293F
:10210000000000007265642850302E30392900002C
:10211000737461747573204C4544202564204750C6
:10212000494F206E6F742072656164790000000071
:10213000737461747573204C454420256420636F6B
:102140006E666967757265206661696C65643A20C0
:10215000256400004C4544206C616D7020746573EB
:10216000743A202573206F6E000000006C65645F78
:1021700073746174757300004C454420737461740A
:102180007573207461736B2073746172746564205D
:1021900028677265656E3D636F6E6E656374696F07
:1021A0006E2C2079656C6C6F773D6E6F20475053B5
:1021B000206669782C207265643D706F73206C6FA7
:1021C000737429004C000300080000004C00030059
:1021D000090000004C0003000A00000077617463EE
:1021E00068646F6720616C6976653A206665642073
:1021F00025752074696D6573000000007761746354
:1022000068646F6720646576696365206E6F74200B
:1022100072656164790000007764745F696E73743D
:10222000616C6C5F74696D656F7574206661696C53
:1022300065643A20256400007764745F7365747583
:1022400070206661696C65643A20256400000000B6
:102250007761746368646F6700000000776174637E
:1022600068646F6720737461727465643A2074697E
:102270006D656F75743D2564206D732C20666565F2
:10228000643D2564206D730074696D656F757420FD
:102290007768696C65206F70656E696E672054435E
:1022A000502F544C5320636F6E6E656374696F6E6C
:1022B00000000000636F6E6E656374696F6E20725C
:1022C0006566757365642062792062726F6B6572F2
:1022D000000000006E6574776F726B20756E72651A
:1022E00061636861626C6500686F737420756E72FB
:1022F0006561636861626C6500000000636F6E6E0B
:10230000656374696F6E207265736574206475729D
:10231000696E6720636F6E6E656374007365652018
:10232000736F636B65742F6D6F64656D206572727A
:102330006E6F000070726F766973696F6E6564000E
:102340006D697373696E6700544C53204341206379
:102350006865636B206661696C656420666F7220D6
:102360007365635F7461672025643A20256400000B
:10237000544C53204341207365635F74616720258B
:10238000643A2025730000006D7174742E657870B6
:102390006C6F7265722E746361622E636F6D0000E4
:1023A00067657461646472696E666F28257329209D
:1023B0006661696C65643A202564000042726F6B47
:1023C0006572202573207265736F6C766564207466
:1023D0006F2025733A2564006465762D64657669FF
:1023E00063652D30303100007061796C6F6164205D
:1023F000647261696E206661696C65643A20256467
:102400000000000050554241434B206661696C65F5
:10241000643A202564000000736572766F20706155
:10242000796C6F616420746F6F206C617267653ABC
:1024300020257500736572766F207061796C6F610D
:10244000642072656164206661696C65643A202568
:102450006400000025630A252E2A730A25730000F4
:10246000736572766F207075626C6973683A207458
:1024700061726765743D256320616374696F6E3DA9
:10248000252E2A732028257520627974657329000A
:10249000756E6578706563746564207075626C69CB
:1024A000736820746F7069633A20252E2A730000C8
:1024B000636F6D6D616E64207061796C6F61642013
:1024C000746F6F206C617267653A2025750000009B
:1024D000636F6D6D616E64207061796C6F616420F3
:1024E00072656164206661696C65643A20256400E8
:1024F000636F6D6D616E64206576656E74207375B3
:10250000626D6974206661696C65643A20256400B7
:10251000636F6D6D616E6420726563656976656475
:10252000202825752062797465732900436F6E6ECB
:10253000656374696E6720746F204D515454206236
:10254000726F6B65722025733A25642028544C53B2
:10255000207365635F7461672025642C2070656556
:10256000725F766572696679202564292E2E2E00A9
:102570006D7174745F636F6E6E65637420666169FC
:102580006C65643A2025642028257329000000002A
:10259000706F6C6C206572726F723A202564000057
:1025A0006D717474206C6976652F696E7075742016
:1025B0006572726F723A2025640000004D515454C8
:1025C0002073657373696F6E206661756C74202D5E
:1025D0003E20656E64696E672073657373696F6E04
:1025E00020746F207265636F6E6E65637400000007
:1025F000736F636B657420636C6F736564202872FE
:102600006576656E747320307825782900000000A7
:102610004D515454207461736B20737461727465EE
:10262000642C2077616974696E6720666F72204C34
:1026300054452E2E2E0000005265636F6E6E65634A
:1026400074696E6720746F204D51545420696D6D0C
:102650006564696174656C7920286E6F20636F6FA3
:102660006C646F776E292E2E2E000000434120658A
:10267000786973747320636865636B206661696C45
:10268000656420666F72207365635F7461672025DF
:10269000643A202564202877726974696E67206126
:1026A0006E797761792900007365635F74616720D3
:1026B000256420616C7265616479206861732061B2
:1026C000204341202D3E2064656C6574696E67204F
:1026D000746F20726570726F766973696F6E000037
:1026E00043412064656C657465206661696C65644E
:1026F00020666F72207365635F7461672025643A9A
:1027000020256400686172642D636F6465642043F2
:10271000412070726F766973696F6E206661696CB3
:10272000656420666F72207365635F74616720253E
:10273000643A20256420286D6F64656D206D757383
:1027400074206265206F66666C696E65202D20437B
:1027500046554E20302F3429000000005155494382
:102760004B2D544553543A2070726F766973696FDC
:102770006E656420686172642D636F6465642043D4
:102780004120696E746F207365635F7461672025F3
:1027900064202864697361626C6520454D51585FFF
:1027A000544C535F50524F564953494F4E5F43412B
:1027B00020666F722070726F64756374696F6E2922
:1027C000000000006D7174745F7461736B00000031
:1027D0006D7174745F7075626C697368206661698D
:1027E0006C65643A202564005075626C6973686595
:1027F0006420257520627974657320746F202573B9
:1028000000000000646576696365730025732F25F9
:10281000732F257300000000636F6D6D616E64207F
:10282000746F706963206275696C64206661696C9D
:1028300065643A2025640000736572766F2F23006B
:10284000736572766F20746F706963206275696C4E
:1028500064206661696C65643A20256400000000AC
:102860006D7174745F7375627363726962652066FB
:1028700061696C65643A20256400000073756273B9
:1028800063726962696E6720746F20257320616EC0
:102890006420257320286964202575290000000024
:1028A0004D51545420434F4E4E41434B2072656A64
:1028B00065637465643A202564202862616420633E
:1028C000726564656E7469616C732F41434C3F2976
:1028D000202D3E207265636F6E6E656374696E674E
:1028E000000000004D51545420636F6E6E65637498
:1028F000656420746F20454D51582062726F6B657E
:10290000720000004D51545420646973636F6E6E01
:1029100065637465643A20256400000053554241A4
:10292000434B20696420257520726573756C742093
:1029300025640000756E6578706563746564205366
:10294000554241434B2069642025750064657669D2
:10295000636520746F706963206275696C642066BA
:1029600061696C65643A2025640000002354706F2F
:102970006440636C69656E742332303236303432B1
:102980003200000074706F64000000006D71747498
:102990005F73657276696365000000002A000000BD
:1029A0002D2D2D2D2D424547494E2043455254494A
:1029B0004649434154452D2D2D2D2D0A4D4949465B
:1029C000617A434341314F674177494241674952F8
:1029D000414949517A374453514F4E5A52475067F3
:1029E00075324F43697741774451594A4B6F5A4981
:1029F0006876634E4151454C425141770A547A45BD
:102A00004C4D416B474131554542684D4356564DFB
:102A1000784B54416E42674E5642416F5449456C63
:102A20007564475679626D563049464E6C59335637
:102A3000796158523549464A6C633256680A636D6B
:102A40004E6F49456479623356774D5255774577D5
:102A50005944565151444577784A55314A48494678
:102A60004A7662335167574445774868634E4D5400
:102A700055774E6A41304D5445774E444D340A5790
:102A800068634E4D7A55774E6A41304D5445774EC6
:102A9000444D34576A42504D51737743515944560F
:102AA00051514745774A56557A45704D43634741E2
:102AB00031554543684D67535735305A584A750A62
:102AC0005A5851675532566A64584A7064486B6761
:102AD000556D567A5A5746795932676752334A7656
:102AE000645841784654415442674E5642414D54D1
:102AF00044456C54556B6367556D39766443425950
:102B00000A4D544343416949774451594A4B6F5ADE
:102B1000496876634E415145424251414467674995
:102B2000504144434341676F4367674942414B33D8
:102B30006F4A4850304644667A6D3534725679672C
:102B4000630A68373763743938346B497875504F86
:102B50005A586F486A3364634B692F7656716276B0
:102B6000594154796A62336D6947624553547472AE
:102B7000466A2F5251536137386630756F786D79D8
:102B8000462B0A30544D38756B6A3133586E667374
:102B9000376A2F457645686D6B7642696F5A786162
:102BA00055706D5A6D7950666A787776363070490F
:102BB00067627A354D446D674B376953342B336DFB
:102BC0005836550A41352F54523564386D55676A69
:102BD000552B6734726B384B62344D7530556C58D9
:102BE0006A49423074746F763044694E65774E7727
:102BF00049527431386A41382B6F2B753364706ACF
:102C0000712B73570A54384B4F4555742B7A77768E
:102C10006F2F3756334C765379653072675442497B
:102C20006C4448434E41796D6734564D6B37425082
:102C30005A37686D2F454C4E4B6A442B4A6F3246CB
:102C400052337179480A42355430593348734C75C0
:102C50004A765735694234596C634E486C736475D3
:102C600038376B474A353574756B6D69386D7864E4
:102C70004151345137653252434F467675333936B8
:102C80006A33782B55430A423569504E6769563589
:102C90002B49336C673032645A3737446E4B78486F
:102CA0005A7538412F6C4A42646942335157304B50
:102CB000745A42366177426470554B44396A6631C2
:102CC000623053487A55760A4B42647330706A42D8
:102CD00071416C6B643235484E37724F72466C6589
:102CE000614A312F6374614A78515A424B54355AC4
:102CF0005074306D3953544A456164616F30784186
:102D0000483061686D62576E0A4F6C4675686A7527
:102D10006566584B6E456756345765302B55586776
:102D20005643774F506A6441764262492B65306F53
:102D30006353334D4645767A47367542514533786D
:102D4000446B33537A796E546E0A6A683842434E44
:102D50004177314674784E725148757345774D46C8
:102D60007849743449376D4B5A39594971696F79CB
:102D70006D437A4C7139677751626F6F4D44516181
:102D8000485742664562777262770A714879474FC1
:102D900030616F53437149334861616472386661D1
:102DA00071553947592F724F504E6B3373677244C8
:102DB000516F6F2F2F66623468564331434C514A2E
:102DC00031336865663459353343490A7255376D76
:102DD000325973367874306E5557372F76475431E1
:102DE0004D304E5041674D424141476A516A424120
:102DF0004D41344741315564447745422F77514521
:102E000041774942426A415042674E560A48524D04
:102E10004241663845425441444151482F4D423069
:102E20004741315564446751574242523574466EAA
:102E30006D6537626C3541467A6741694979427000
:102E40005939756D62626A414E42676B710A686BEF
:102E50006947397730424151734641414F43416799
:102E60004541565239597162797971464451444C01
:102E70004859476D6B674A796B49724746315849E3
:102E800070752B494C6C61532F56396C5A4C0A752E
:102E900062687A45466E54495A642B353078782BEF
:102EA000374C53594B3035714176714679465768E6
:102EB000664651446C6E727A75425A3662724A4660
:102EC000652B476E592B456750626B365A47510A3E
:102ED000334265625968744638476156306E787679
:102EE00077756F3737782F50793961754A2F47706A
:102EF000734D69752F58312B6D766F69424F762F60
:102F000032582F716B5373697352634F6A2F4B4B57
:102F10000A4E46745932507742795653357543629A
:102F20004D696F677A6955777468447943332B36F6
:102F300057567757364C4C7633784C6648546A75FA
:102F400043766A4849496E4E7A6B744843674B51E1
:102F5000350A4F52417A49344A4D504A2B47736CD7
:102F6000575948623470686F77696D353769617A8F
:102F700074584F6F4A775464774A78346E4C43677D
:102F8000644E624F68646A736E767A7176487537FC
:102F900055720A546B58575374416D7A4F5679796C
:102FA000676871705A586A46614833704F334A4CAB
:102FB000462B6C2B2F2B734B4149757674643775F8
:102FC0002B4E786535415730776465526C4E384EDC
:102FD0007764430A6A4E50456C707A566D6255713B
:102FE000344A55616745697554446B487A7378482B
:102FF00070464B564B3771342B3633534D314E3967
:103000003552314E6264576873636443622B5A4190
:103010004A7A56630A6F7969334234336E6A544F81
:103020005135794F662B314363655778473162518B
:103030005673355A756670734D6C6A7134556930C4
:103040002F316C76682B776A436850346B714B4F25
:103050004A327178710A3452677173616844595603
:103060007654483977376A5862794C65694E64649A
:1030700038584D327739552F7437793046662F39A5
:10308000796930474534345A61347246324C4E398E
:103090006431315450410A6D5247756E5548426350
:1030A0006E574576674A42516C396E4A45695530CC
:1030B0005A736E7667632F75626850675852523440
:1030C000587133375A306A34723767315367454520
:1030D0007A7778413537640A656D79507867635936
:1030E000786E2F655234342F4B4A344542732B6C23
:1030F000564452337665794A6D2B6B585139396293
:1031000032312F2B6A6835586F7331416E583569EB
:10311000497472654743633D0A2D2D2D2D2D454E73
:10312000442043455254494649434154452D2D2D91
:103130002D2D0A006E726639313630646B00000046
:10314000302E312E300000006465766963655F695A
:103150006E666F004445425547000000494E464F99
:10316000000000005741524E000000004552524FEF
:1031700052000000554E4B4E4F574E005C2200004F
:103180005C5C00005C7400005C7200005C6E00001F
:103190007B226465766963654964223A222573223D
:1031A0002C2274696D657374616D704D73223A25BC
:1031B0006C6C642C226D65737361676554797065FE
:1031C000223A224C4F47222C22736368656D615668
:1031D000657273696F6E223A222573222C226D6FFD
:1031E00064756C65223A222573222C226C65766503
:1031F0006C223A222573222C226D657373616765F8
:10320000223A222573227D006C6F67006C74650082
:103210006C6F675F6D7174740000000028756E73C9
:1032200069676E6564292063686172202A2075735E
:10323000656420666F722025257020617267756D48
:10324000656E742E2049742773207265636F6D6DEF
:10325000656E64656420746F2063617374206974A3
:1032600020746F20766F6964202A2062656361751F
:103270007365206974206D617920636175736520C1
:103280006D69736265686176696F7220696E20632B
:1032900065727461696E20636F6E666967757261CD
:1032A00074696F6E732E20537472696E673A2225AB
:1032B000732220617267756D656E743A2564000033
:1032C00063627072696E74665F7061636B6167657B
:1032D000000000004661696C656420746F207265AF
:1032E000626F6F743A207370696E6E696E672065E5
:1032F0006E646C6573736C792E2E2E0A00000000CC
:103300002570000020252D3230733A20756E6162E1
:103310006C6520746F2067657420737461636B2023
:1033200073706163652028256429000020252D32F3
:1033300030733A20535441434B3A20756E75736590
:103340006420257A7520757361676520257A75205C
:103350002F20257A752028257A75202525293B20C0
:103360004350553A202575202525000020252D3273
:1033700030733A20546F74616C2043505520637948
:10338000636C657320757365643A20256C6C7500F9
:10339000202573252D3137643A20535441434B3A4D
:1033A00020756E7573656420257A75207573616765
:1033B0006520257A75202F20257A752028257A7595
:1033C00020252529000000004953520054687265E9
:1033D000616420616E616C797A653A007468726527
:1033E00061645F616E616C797A65720066735F6EAD
:1033F000767300006C6F6767696E6700F0D8002015
:103400000001000069800200BF7F0200020000008E
:103410009182020000000000000000000000000097
:103420006C6F675F6D676D74000000004D657373AE
:10343000616765202822257322292064726F7070CD
:1034400065642062656361757365206974206578C1
:1034500063656564732073697A65206C696D69744E
:103460006174696F6E202825752900004D6573739E
:103470006167652064726F70706564206265636166
:10348000757365206974206578636565647320735E
:10349000697A65206C696D69746174696F6E202842
:1034A000257529005B2530386C755D200000000013
:1034B0005B253032753A253032753A253032752E1B
:1034C000253033752C253033755D20001B5B306D46
:1034D0000000000025732E0025733A200000000034
:1034E0003C25733E2000000025732F00257320002B
:1034F0002530327820000000202020007C000000D1
:1035000025630000206D65737361676573206472C5
:103510006F70706564202D2D2D0D0A1B5B306D00C2
:103520001B5B313B33316D2D2D2D20001B5B313B5F
:1035300033316D001B5B313B33336D0065727200BC
:1035400077726E00696E66006462670000000000BA
:103550002C3503003435030000000000000000009B
:10356000000000003C3503004035030044350300F3
:10357000483503006D657373616765732064726F0E
:10358000707065643A202020200D0A006C6F675F20
:103590006261636B656E645F72747400B58601006E
:1035A000A58601002D8401001184010000000000A7
:1035B00045840100000000005183020090010120B9
:1035C000A801012001000000666C61736800000022
:1035D0002A2A2A20426F6F74696E67206E52462035
:1035E000436F6E6E6563742053444B2076332E32E6
:1035F0002E322D3734383435653136396265322014
:103600002A2A2A0A000000002A2A2A205573696EF5
:1036100067205A6570687972204F532076342E32B5
:103620002E39392D666534663031303638303365A1
:10363000202A2A2A0A00000072302F61313A202005
:10364000307825303878202072312F61323A2020AE
:10365000307825303878202072322F61333A20209C
:10366000307825303878000072332F61343A2020CA
:10367000307825303878207231322F69703A202026
:10368000307825303878207231342F6C723A20200F
:10369000307825303878000020787073723A202016
:1036A00030782530387800004661756C74696E6733
:1036B00020696E737472756374696F6E20616464DF
:1036C0007265737320287231352F7063293A203068
:1036D0007825303878000000556E68616E646C653E
:1036E00064204952516E3A20256400004578636594
:1036F0007074696F6E206F636375727265642069A0
:103700006E205365637572652053746174650000A3
:103710002A2A2A2A2A205553414745204641554CFA
:1037200054202A2A2A2A2A002020446976697369AB
:103730006F6E206279207A65726F00002020556ECE
:10374000616C69676E6564206D656D6F727920616B
:1037500063636573730000002020537461636B2002
:103760006F766572666C6F772028636F6E7465780C
:10377000742061726561206E6F742076616C69647B
:103780002900000020204E6F20636F70726F636508
:1037900073736F7220696E737472756374696F6E80
:1037A000730000002020496C6C6567616C206C6FB1
:1037B0006164206F66204558435F52455455524E10
:1037C00020696E746F205043000000002020496C77
:1037D0006C6567616C20757365206F662074686521
:1037E00020455053520000002020417474656D70D4
:1037F0007420746F206578656375746520756E64D8
:103800006566696E656420696E7374727563746948
:103810006F6E00002A2A2A2A2A20446562756720D2
:103820006D6F6E69746F7220657863657074696F0F
:103830006E202A2A2A2A2A005265736572766564E8
:1038400020457863657074696F6E20280000000061
:1038500053707572696F757320696E7465727275D5
:103860007074202849525120000000002A2A2A2A78
:103870002A20257320256429202A2A2A2A2A0000A2
:103880002A2A2A2A2A204D5055204641554C542098
:103890002A2A2A2A2A0000002020537461636B69B7
:1038A0006E67206572726F722028636F6E74657820
:1038B000742061726561206D69676874206265209B
:1038C0006E6F742076616C69642900002020556E4B
:1038D000737461636B696E67206572726F7200004A
:1038E00020204461746120416363657373205669CD
:1038F0006F6C6174696F6E0020204D4D46415220FF
:10390000416464726573733A203078257800000052
:103910002020496E737472756374696F6E20416301
:10392000636573732056696F6C6174696F6E000014
:103930002020466C6F6174696E672D706F696E74BC
:10394000206C617A7920737461746520707265737C
:103950006572766174696F6E206572726F720000B5
:103960002A2A2A2A2A20425553204641554C5420BF
:103970002A2A2A2A2A0000002020537461636B69D6
:103980006E67206572726F72000000002020507216
:103990006563697365206461746120627573206575
:1039A00072726F7200000000202042464152204196
:1039B0006464726573733A203078257800000000E3
:1039C0002020496D7072656369736520646174615C
:1039D00020627573206572726F7200002020496E3C
:1039E000737472756374696F6E206275732065728B
:1039F000726F72002A2A2A2A2A20484152442046FD
:103A000041554C54202A2A2A2A2A00002020427597
:103A100073206661756C74206F6E20766563746FB9
:103A200072207461626C6520726561640000000040
:103A300020204465627567206576656E740000001D
:103A400020204661756C7420657363616C617469D4
:103A50006F6E20287365652062656C6F77290000A2
:103A6000415243485F455843455054207769746834
:103A700020726561736F6E2025780A0040CA0020AD
:103A800000000000060001006D7075004661696C61
:103A9000656420746F20616C6C6F63617465206E67
:103AA0006577204D505520726567696F6E202575CA
:103AB0000A000000506172746974696F6E20257588
:103AC0003A2073616E69747920636865636B206660
:103AD00061696C65642E0000496E76616C696420D2
:103AE000756E6465726C79696E6720726567696F5F
:103AF0006E20696E64657820257500000200000064
:103B0000143B0300464C4153485F30005352414D33
:103B10005F30000000000000043B030002000000D2
:103B2000E0FF0F0068C500200C3B030021000000EF
:103B3000E0FF03206E65745F627566006E65745FFA
:103B40006275665F73696D706C650000736F63000A
:103B5000776C616E256400006E657425640000005A
:103B6000E0000000C00000004D515454000000006F
:103B70004D51497364700000683B0300040000006D
:103B8000703B03000600000025A50100B1A501005F
:103B9000F1A5010071A60100A1A6010049A701003D
:103BA000A1A80100E1A8010061A9010091A90100FB
:103BB00025AA010005AA010000000000636C6F63E4
:103BC0006B403530303000006866636C6B0000007D
:103BD0006C66636C6B000000636C6F636B5F636F9C
:103BE0006E74726F6C0000008DAA0100F5AA0100CE
:103BF000C83B0300179F02000F9F0200D03B030049
:103C00007073612D726E6700756E616C69676E65A9
:103C10006420616464726573733A203078253038AB
:103C20006C783A257A750000696E76616C6964205B
:103C3000616464726573733A2030782530386C782B
:103C40003A257A75000000006E6F7420776F7264F9
:103C50002D616C69676E65643A2030782530386C68
:103C6000783A257A75000000666C6173682D636F81
:103C70006E74726F6C6C6572403339303030000096
:103C8000666C6173685F6E7266000000040000007D
:103C900000FF00006770696F403834323530300003
:103CA000FFFFFFFF002584401CCB00200000000028
:103CB000000000000001020304050607496E636F5F
:103CC0006D70617469626C6520706572696F642ED5
:103CD000000000005072657363616C657220666F4E
:103CE0007220706572696F645F6379636C657320BD
:103CF0002575206E6F7420666F756E642E0000004F
:103D0000496E76616C6964206368616E6E656C3AB9
:103D10002025752E0000000050574D2073746F70E1
:103D2000206661696C65643A202564004661696CAF
:103D3000656420746F20696E697469616C697A6565
:103D4000206465766963653A2025730070776D405D
:103D5000323130303000000070776D5F6E726678FF
:103D60000000000000000000000000000000000053
:103D7000000000000000000000040000E803020151
:103D800001010000180301200400000000000000F1
:103D9000000000009C3D03000024F40000100240DD
:103DA000A83D030002000000C03D03000200000027
:103DB000B83D0300020100000580001607800017CF
:103DC00005000016070000174661696C65642074E1
:103DD0006F20616C6C6F63617465205050492043A3
:103DE00068616E6E656C000075617274406230309F
:103DF00030000000756172744061303030000000A6
:103E00007561727440383030300000007561727432
:103E10005F6E7266785F75617274650000B0004015
:103E20000500000000000000443E03000000D60131
:103E30000000000028030120200301204A1F012068
:103E4000491F012000B00040503E03000200000066
:103E5000683E030002000000603E03000201000013
:103E60000180000000800001010000000006000148
:103E700000A000400500000000000000983E030084
:103E800000009D00000000003803012030030120E5
:103E90004C1F01204B1F012000A00040A43E030046
:103EA00002000000BC3E030002000000B43E03001C
:103EB000020100001D8000001C8000011D000000A8
:103EC0001C0600010080004001000000000000000E
:103ED000EC3E03000000D6010000000000000000DE
:103EE000000000004E1F01204D1F012000800040F7
:103EF000F83E030002000000183F03000400000029
:103F0000083F0300040100001D8000001C80000128
:103F10001B8000021A8000031D0000001B0000022D
:103F20001C0600011A0600037761746368646F67FA
:103F300040313830303000007764745F6E726678DC
:103F4000000000004D6F64656D206C6962726172E3
:103F50007920696E697469616C697A6174696F6EE0
:103F6000206661696C65642C20657272202564008E
:103F700000800020E8040000E88400200020000009
:103F800068A50020002000000000000000000000E4
:103F900001000000191D010005C001006E72665F7E
:103FA0006D6F64656D0000004D6F64656D206C6918
:103FB000627261727920646964206E6F7420696E28
:103FC000697469616C697A653A20256400000000B3
:103FD0006E726639785F736F636B65740000000002
:103FE000BFBA02003BBA0200E1B80200F5B8020015
:103FF000F1B702009BB9020000000000A5C7010054
:1040000013B9020009B9020079C90100E9C501002C
:1040100033B8020035C5010075C4010099C601001E
:104020000000000000000000000000003C756E6B06
:104030006E6F776E3E0000004E52465F4D4F444516
:104040004D5F4641554C545F554E444546494E459B
:10405000440000004E52465F4D4F44454D5F46417F
:10406000554C545F48575F57445F52455345540081
:104070004E52465F4D4F44454D5F4641554C545F4F
:10408000484152444641554C540000004E52465F50
:104090004D4F44454D5F4641554C545F4D454D5F36
:1040A0004D414E41474500004E52465F4D4F4445FD
:1040B0004D5F4641554C545F425553004E52465F4A
:1040C0004D4F44454D5F4641554C545F5553414714
:1040D000450000004E52465F4D4F44454D5F4641FE
:1040E000554C545F5345435552455F5245534554D3
:1040F000000000004E52465F4D4F44454D5F464123
:10410000554C545F50414E49435F444F55424C45D6
:10411000000000004E52465F4D4F44454D5F464102
:10412000554C545F50414E49435F52455345545F8F
:104130004C4F4F50000000004E52465F4D4F4445DB
:104140004D5F4641554C545F415353455254000016
:104150004E52465F4D4F44454D5F4641554C545F6E
:1041600050414E49430000004E52465F4D4F44457A
:104170004D5F4641554C545F464C4153485F455254
:10418000415345004E52465F4D4F44454D5F4641B9
:10419000554C545F464C4153485F57524954450073
:1041A0004E52465F4D4F44454D5F4641554C545F1E
:1041B000504F465741524E004E52465F4D4F444578
:1041C0004D5F4641554C545F54485741524E000094
:1041D00038400300010000005440030002000000CA
:1041E00070400300030000008C4003000400000046
:1041F000A840030005000000BC40030006000000CA
:10420000D440030007000000F44003000800000051
:1042100014410300090000003841030010000000B1
:10422000504103001100000068410300120000002B
:104230008441030013000000A041030014000000AB
:10424000B8410300150000004E6F206865617020C2
:10425000737061636520666F7220696E636F6D694C
:104260006E67206E6F74696669636174696F6E3A18
:10427000202573004661696C656420746F20686F47
:104280006F6B207468652064697370617463682063
:1042900066756E6374696F6E2C206572722025647A
:1042A0000000000061745F6D6F6E69746F720000D2
:1042B0004F4B0D0A000000004552524F520D0A00AC
:1042C0002B434D45204552524F523A002B434D53FC
:1042D000204552524F523A00B0420300B842030008
:1042E000C0420300CC4203004E554C4C2061732069
:1042F000612068616E646C657220726563656976C1
:1043000065643A204E6F7468696E6720746F20622E
:104310006520646F6E652E0A5468652068616E645E
:104320006C65722063616E206265206465726567EA
:1043300069737465726564207573696E67206C7447
:10434000655F6C635F646572656769737465725FEE
:1043500068616E646C657228290000004E6F2068E9
:10436000616E646C657220726567697374657265ED
:10437000640000006C74655F6C6300004D6F6465E1
:104380006D206C69627261727920696E6974206552
:1043900072726F723A2025642C206C74655F6C63B6
:1043A000206E6F7420696E697469616C697A6564E6
:1043B000000000004661696C656420746F207365BD
:1043C000742073797374656D206D6F646520616E00
:1043D00064206D6F646520707265666572656E63DA
:1043E000652C20657272202564000000415425254B
:1043F000464541434F4E463D302C332C256400004A
:104400004661696C656420746F20676574206D6F08
:1044100064656D206669726D77617265207479706C
:10442000652C206572726F723A20256400000000CE
:104430006E7266393136305F000000006E72663988
:104440003178315F000000006E7266393135312DF0
:104450006E746E5F000000006C74655F6C635F7764
:104460006F726B5F71000000436F756C64206E6F3C
:10447000742067657420726567697374726174690A
:104480006F6E207374617475732C206572726F7215
:104490003A20256400000000436F756C64206E6F45
:1044A00074206765742043455245472070617261EE
:1044B0006D20636F756E742C20706F74656E7469F7
:1044C000616C6C79206D616C666F726D6564206ED5
:1044D0006F74696669636174696F6E2C20657272AE
:1044E0006F723A20256400005265676973747261C7
:1044F00074696F6E2072656A65637465642C20450B
:104500004D4D2063617573653A2025642C20436509
:104510006C6C2049443A2025642C20547261636BF2
:10452000696E6720617265613A2025642C204C54C5
:1045300045206D6F64653A20256400004661696C12
:10454000656420746F207061727365206E6F74698A
:104550006669636174696F6E20286572726F72207C
:104560002564293A20257300556E6B6E6F776E2097
:104570006E6574776F726B207265676973747261B0
:1045800074696F6E207374617475733A20256400CA
:10459000556E6B6E6F776E204C5445206D6F646561
:1045A0003A202564000000002B43455245473A203D
:1045B000252A752C2568752C252A5B5E2C5D2C22FE
:1045C0002578222C00000000436F6E6E6563742016
:1045D000616C726561647920696E2070726F6772B8
:1045E000657373004661696C656420746F2067654C
:1045F000742063757272656E742072656769737476
:10460000726174696F6E2073746174757300000059
:104610004E6574776F726B20636F6E6E656374693D
:104620006F6E20617474656D70742074696D65645B
:10463000206F75740000000041542B4345524547DC
:104640003D3500004661696C656420746F207375A8
:104650006273637269626520746F204345524547F7
:10466000206E6F74696669636174696F6E732C2064
:104670006572726F723A2025640000002B43455228
:10468000454700002B4346554E3A202568750000EB
:1046900041542B4346554E3F0000000041542063D7
:1046A0006F6D6D616E64206661696C65642C206E4F
:1046B00072665F6D6F64656D5F61745F7363616E79
:1046C0006628292072657475726E65642065727241
:1046D0006F723A20256400004661696C656420743D
:1046E0006F20656E61626C65206E6F7469666963C8
:1046F0006174696F6E732C206572726F723A202537
:1047000064000000496E76616C69642066756E63B2
:1047100074696F6E616C206D6F64653A202564006A
:1047200041542B4346554E3D256400004661696C5B
:10473000656420746F207365742066756E63746998
:104740006F6E616C206D6F64652E20506C656173B7
:104750006520636865636B205853595354454D4D2C
:104760004F44452E00000000436F756C64206E6F4F
:104770007420676574207369676E616C6C696E671D
:10478000206D6F64652C206572726F723A2025640B
:1047900000000000496E76616C6964207369676E81
:1047A000616C6C696E67206D6F64653A20256400EA
:1047B00043616E2774207061727365207369676E40
:1047C000616C6C696E67206D6F64652C2065727218
:1047D0006F723A20256400004661696C656420743C
:1047E0006F20656E61626C6520525243206E6F745B
:1047F000696669636174696F6E7320282B43534344
:104800004F4E292C206572726F72202564000000C3
:104810002B4353434F4E000041542B4353434F4EC1
:104820003D31000050524143482043452D4C4556F0
:10483000454C2025750D0A00494E56414C494420EF
:1048400042414E4420434F4E4649475552415449F8
:104850004F4E2025752025752025750D0A00000076
:10486000444554454354454420434F554E545259B2
:104870002025750D0A000000415425254D444D4565
:10488000563D3200415425254D444D45563D31009D
:104890005345415243482053544154555320310D00
:1048A0000A00000053454152434820535441545597
:1048B0005320320D0A0000005245534554204C4FFE
:1048C0004F500D0A000000004D4520424154544510
:1048D0005259204C4F570D0A000000004D45204F03
:1048E0005645524845415445440D0A004E4F204913
:1048F0004D45490D0A00000052462043414C4942B3
:10490000524154494F4E204E4F5420444F4E450D76
:104910000A000000254D444D4556000000000000EF
:104920009048030001000000A448030002000000BA
:10493000B848030003000000C8480300040000005A
:10494000DC48030005000000EC48030007000000FD
:10495000F84803000000000000000000496E766186
:104960006C69642073797374656D206D6F64652064
:104970007265717565737465643A20256400000082
:10498000496E76616C6964204C544520707265668E
:104990006572656E636520726571756573746564B3
:1049A0003A202564000000004C5445207072656672
:1049B0006572656E6365206D757374206265204C49
:1049C00054455F4C435F53595354454D5F4D4F44DD
:1049D000455F5052454645525F4155544F207769D7
:1049E0007468204E544E204E422D496F54000000F2
:1049F000415425255853595354454D4D4F44453D39
:104A0000302C302C302C302C310000004154252526
:104A10005853595354454D4D4F44453D25732C250E
:104A2000630000004661696C656420746F207365E3
:104A3000742073797374656D206D6F646500000078
:104A40003031323334000000312C302C3000000083
:104A5000302C312C30000000312C302C3100000083
:104A6000302C312C31000000312C312C3000000072
:104A7000312C312C3100000000000000484A0300B6
:104A8000504A0300044A0300584A0300604A0300E6
:104A9000684A0300704A0300436F756C64206E6FB0
:104AA00074206765742066756E6374696F6E616CDF
:104AB000206D6F6465000000436F6E6E65637469FE
:104AC0006F6E206576616C756174696F6E206973B5
:104AD000206E6F7420617661696C61626C6520691B
:104AE0006E207468652063757272656E74206675D9
:104AF0006E6374696F6E616C206D6F646500000099
:104B00002525434F4E4556414C3A2025642C2568B7
:104B1000752C2568752C2568642C2568642C2568FF
:104B2000642C222578222C2225365B5E225D222CE5
:104B30002568642C25642C2568642C2568752C2533
:104B400068752C2568642C2568642C2568642C25E0
:104B500068640000415425434F4E4556414C0000C7
:104B6000415420636F6D6D616E64206661696C6590
:104B7000642C206572726F723A2025640000000078
:104B8000436F6E6E656374696F6E206576616C75D8
:104B90006174696F6E206661696C65642077697401
:104BA0006820726561736F6E3A2025640000000012
:104BB000415420636F6D6D616E6420706172736922
:104BC0006E67206661696C65642C206572726F7215
:104BD0003A20256400000000312E312E312E3100A4
:104BE0004661696C656420746F207365742066612A
:104BF0006C6C6261636B20444E5320616464726527
:104C000073732C206572722025640000257320695F
:104C100073206E6F7420612076616C696420444E4D
:104C20005320736572766572206164647265737374
:104C3000000000004661696C656420746F206F623B
:104C40007461696E20525352502076616C75652CE8
:104C5000202564002C2000004E6F20726573706F59
:104C60006E7365207374617475733A202573000048
:104C70002573257300000000556E61626C65207419
:104C80006F206F627461696E2073686F72743A206E
:104C900025640000252558564241543A20256400D9
:104CA000415425585642415400000000436F756C32
:104CB00064206E6F7420676574206261747465721D
:104CC0007920766F6C746167652C206572726F72E3
:104CD0003A2025640000000025255854454D503ADF
:104CE000202564004154255854454D503F00000094
:104CF000436F756C64206E6F7420676574207465F3
:104D00006D70657261747572652C206572726F7258
:104D10003A202564000000002B434553513A2025DA
:104D20002A642C252A642C252A642C252A642C2507
:104D30002A642C256400000041542B434553510044
:104D4000436F756C64206E6F74206765742073699F
:104D5000676E616C20737472656E6774682C206571
:104D600072726F723A202564000000004E6F207648
:104D7000616C69642052535250000000252558434D
:104D800042414E443A202575000000004154255808
:104D90004342414E44000000436F756C64206E6FC7
:104DA00074206765742062616E642C206572726F76
:104DB000723A2025640000004E6F2076616C6964B1
:104DC0002062616E6400000042616E64206973209D
:104DD0006F7574206F662072616E67650000000059
:104DE000254345535100000041542B434744434F52
:104DF0004E543F0061706E0041542B43434C4B3F77
:104E0000000000006461746554696D650000000075
:104E100041542B4347534E00696D65690000000003
:104E200041542B43494D4900696D736900000000EE
:104E30004154255853595354454D4D4F44453F0017
:104E40006770734D6F6465006E62696F744D6F6457
:104E5000650000006C74654D6F64650041542B4320
:104E600052534D3D3137362C31323235382C302CBF
:104E7000302C313000000000696363696400000079
:104E80006D6F64656D4669726D77617265000000D3
:104E900074656D70657261747572650062617474B9
:104EA000657279566F6C74616765000041542558CE
:104EB00053494D3F00000000756963634D6F6465A1
:104EC0000000000069704164647265737300000043
:104ED00061726561436F64650000000063656C6C1E
:104EE0004944000041542B434F50533F0000000001
:104EF0006D6E63006D6363006D63636D6E630000D0
:104F000041542B43454D4F44453F000075654D6F5F
:104F100064650000415425584342414E443D3F00E2
:104F2000737570706F7274656442616E64730000B3
:104F300063757272656E7442616E64007273727032
:104F4000000000006D6F64656D5F696E666F000044
:104F5000A4500300985003008C50030044500300F9
:104F60008050030074500300685003005C5003003D
:104F700050500300385003002C5003002050030011
:104F80001450030008500300FC4F0300F04F0300CF
:104F9000E44F0300D84F0300CC4F0300C04F030081
:104FA000B44F0300A84F0300E84D0300F44D030085
:104FB00003070200F84D0300044E03000102020043
:104FC000104E0300184E030000010200204E0300A3
:104FD000284E030000010200304E0300404E030043
:104FE00003050100304E0300484E03000205010096
:104FF000304E0300544E0300010501005C4E0300D7
:10500000784E030003040200EC0B0300804E030003
:1050100000010200E44C0300904E03000102010075
:10502000A04C03009C4E030001020100AC4E0300A3
:10503000B84E030001020100E84D0300C44E030016
:1050400004070200FC0B0300D04E0300030A020019
:10505000FC0B0300DC4E0300040A0200E44E0300D4
:10506000F04E030003050100E44E0300F44E03007C
:1050700003050100E44E0300F84E0300030502009F
:10508000004F03000C4F030001020100144F030006
:10509000204F0300010202008C4D0300304F03003B
:1050A00001020100384D03003C4F030006070100D8
:1050B0006D6F64656D5F696E666F5F706172616D63
:1050C0007300000041542B434D45453D25640000CD
:1050D0002B434D45453A20256400000041542B43A5
:1050E0004D45453F000000004661696C65642074D1
:1050F0006F20726574726965766520434D45452061
:105100007374617475732C206572722025640000BD
:1051100050686F6E65206661696C7572650000008D
:105120004D656D6F7279206661696C7572650000FE
:10513000496E636F727265637420706172616D6530
:105140007465727320696E20636F6D6D616E6400AB
:1051500053797374656D206572726F720000000080
:105160004B6579206E6F7420666F756E6400000069
:105170004B6579206163636573732072656675732F
:10518000656400004B65792073746F7261676520F8
:105190006D656D6F72792066756C6C004E6F742052
:1051A000616C6C6F776564207768656E204C544540
:1051B00020636F6E6E656374696F6E206973206122
:1051C00063746976650000004B657920616C7265D7
:1051D000616479206578697374730000496E766143
:1051E0006C696420636F6E74656E74004E6F74201A
:1051F000616C6C6F776564207768656E20706F777F
:105200006572206F6666207761726E696E672069CD
:10521000732061637469766500000000556E7472D6
:10522000616E736C6174656420434D4520657272D4
:105230006F7220256400000041542525434D4E47E0
:105240003D302C25752C25642C22252E2A73220016
:1052500041542525434D4E473D332C25752C25645F
:105260000000000041542525434D4E473D312C257B
:10527000752C2564000000006D6F64656D5F6B65C3
:10528000795F6D676D740000646174655F74696D4A
:1052900065000000646174655F74696D655F776FB8
:1052A000726B5F7100000000436F756C64206E6F5D
:1052B00074207365742073797374656D2074696DDF
:1052C000652C2025640000004661696C65642067D8
:1052D000657474696E67204C5445206E6574776FF1
:1052E000726B20726567697374726174696F6E2086
:1052F0007374617475732C206572726F723A202515
:10530000640000003132330067657461646472695F
:105310006E666F2C206572726F723A2025640000F1
:10532000736E74705F696E69742C206572726F722F
:105330003A20256400000000736E74705F7175651B
:1053400072792C206572726F723A20256400000019
:10535000446964206E6F74206765742074696D659C
:105360002066726F6D20616E79204E5450207365F7
:1053700072766572000000006E74702E75696F2E73
:105380006E6F000074696D652E676F6F676C652EB8
:10539000636F6D0078530300845303002525585430
:1053A000494D45206E6F74696669636174696F6EFB
:1053B00020646F65736E277420636F6E7461696E0D
:1053C00020272C273A20257300000000252558545B
:1053D000494D45206E6F74696669636174696F6ECB
:1053E00020746F6F2073686F72743A202573000009
:1053F00025255854494D45206E6F7469666963616F
:1054000074696F6E20646F65736E277420636F6EAE
:105410007461696E202722272061667465722027D7
:105420002C273A202573000054696D652076616C45
:105430007565206465636F64696E67206661696C79
:1054400065642066726F6D2025255854494D4520AE
:105450006E6F74696669636174696F6E2028726526
:10546000743D2564293A2025730000004154252508
:105470005854494D453D31005375627363726962FA
:10548000696E6720746F206D6F64656D20415425CF
:10549000255854494D45206E6F746966696361747F
:1054A000696F6E73206661696C65642C2065727229
:1054B0003D2564002B43434C4B3A202225752F2574
:1054C000752F25752C25753A25753A2575256400A7
:1054D000446964206E6F74206765742074696D651B
:1054E0002066726F6D2063656C6C756C6172206EE6
:1054F0006574776F726B20286572726F723A20251F
:1055000064292E2054686973206D617920626520BA
:105510006E6F726D616C20617320736F6D652063B7
:10552000656C6C756C6172206E6574776F726B73ED
:1055300020646F6E27742070726F766964652069CD
:1055400074206F722074696D65206D6179206E6FB3
:105550007420626520617661696C61626C65207996
:1055600065742E0041542B43434C4B3D2225303271
:10557000752F253032752F253032752C2530327538
:105580003A253032753A25303275252B3033642276
:105590000000000053657474696E67206D6F646568
:1055A0006D2074696D65206661696C65642C2025C9
:1055B00064000000255854494D4500004661696C5F
:1055C000656420746F2073657420636F6E6669670D
:1055D00075726174696F6E20286572723A20256455
:1055E00029000000415425584D414750494F3D3155
:1055F0002C302C302C312C312C313537342C3135AA
:105600003737000041542558434F4558303D312C21
:10561000312C313536352C31353836006D6F6465B7
:105620006D5F616E74656E6E610000002A2A2A2A21
:105630002A20534543555245204641554C54202A73
:105640002A2A2A2A0000000020204164647265731F
:10565000733A2030782578002020496E76616C6995
:105660006420656E74727920706F696E740000003A
:105670002020496E76616C696420696E746567727A
:10568000697479207369676E6174757265000000D2
:105690002020496E76616C6964206578636570745A
:1056A000696F6E2072657475726E000020204174FF
:1056B000747269627574696F6E20756E6974207694
:1056C000696F6C6174696F6E000000002020496E84
:1056D00076616C6964207472616E736974696F6E4F
:1056E0000000000020204C617A7920737461746599
:1056F00020707265736572766174696F6E00000068
:1057000020204C617A79207374617465206572720F
:105710006F7200002A2A2A2A2A2053505520494E07
:1057200054455252555054202A2A2A2A2A00000051
:10573000202053656375726974792076696F6C6196
:1057400074696F6E20666F722074686520666C6184
:105750007368206D656D6F72792073706163650089
:10576000202053656375726974792076696F6C6166
:1057700074696F6E20666F72207468652052414DA7
:10578000206D656D6F727920737061636500000034
:10579000202053656375726974792076696F6C6136
:1057A00074696F6E206F6E206F6E65206F7220734C
:1057B00065766572616C207065726970686572618A
:1057C0006C732E0054462D4D206E6F6E2D736563E5
:1057D0007572652063616C6C6261636B20696E69D0
:1057E0007469616C697A6174696F6E206661696C55
:1057F00065642C206572726F723A20256400000087
:105800000800000001000000080000000100000086
:105810005465726D696E616C00000000000000004C
:1058200000005454522052454747455300000000A1
:10583000910C020025120200000000003DE502006C
:10584000ED1D0200A51F0200275B03002C5B030077
:10585000345B0300405B0300000000020000000115
:105860000000000400000008000000100410000008
:105870000170000004700000FFFFFFFFFFFFFFFF4B
:10588000FFFFFFFFFFFFFFFFFFFFFFFFFFFFFFFF28
:10589000FFFFFFFFFFFFFFFF03700000027000002B
:1058A000057000000670000008700000097000001C
:1058B0000A70000007700000FFFFFFFFFFFFFFFFFF
:1058C000FFFFFFFFFFFFFFFFFFFFFFFFFFFFFFFFE8
:1058D000FFFFFFFFFFFFFFFFFFFFFFFF0180000053
:1058E0001040000010600000113000001230000075
:1058F000FFFFFFFFFFFFFFFFFFFFFFFFFFFFFFFFB8
:10590000FFFFFFFF10300000FFFFFFFFFFFFFFFF63
:10591000FFFFFFFFFFFFFFFFFFFFFFFFFFFFFFFF97
:10592000FFFFFFFFFFFFFFFFFFFFFFFFFFFFFFFF87
:10593000FFFFFFFFFFFFFFFFFFFFFFFFFFFFFFFF77
:1059400006500000FFFFFFFFFFFFFFFFFFFFFFFF0D
:10595000FFFFFFFFFFFFFFFFFFFFFFFF20600000D3
:1059600043505520657863657074696F6E00000060
:10597000556E68616E646C656420696E74657272E0
:1059800075707400537461636B206F766572666C1A
:105990006F7700004B65726E656C206F6F707300DF
:1059A0004B65726E656C2070616E6963000000006B
:1059B000556E6B6E6F776E206572726F72000000AD
:1059C00048616C74696E672073797374656D00004B
:1059D0003E3E3E205A455048595220464154414C83
:1059E000204552524F522025643A202573206F6E75
:1059F00020435055202564004661756C7420647501
:105A000072696E6720696E74657272757074206851
:105A1000616E646C696E670A000000004375727203
:105A2000656E74207468726561643A202570202860
:105A30002573290069646C650000000034FF0200D2
:105A400034FF02009CFF0200A4FF0200F4FF0200EA
:105A50000C0003006F730000737973776F726B71C2
:105A600000000000585A0300000100000000000080
:105A70000000000000000000000000000000000026
:105A800000000040955969595555545515555556BE
:105A90000405154110545540455155444045504466
:105AA00050555545004000404004449665555655B4
:105AB0004540455451411540559155555555405116
:105AC00005010000544554544555050400100410C8
:105AD00014044000000001405555154154040000D5
:105AE0004400010000000040410000445044455083
:105AF00054005555545565510040004001000001C7
:105B00000005010011545151545555050000000085
:105B10000000000000000000EAFF7AFFF4FF41549B
:105B20002B4346554E3D004F4B0D0A004552524FF8
:105B3000520D0A002B434D45204552524F523A0018
:105B40002B434D53204552524F523A0070646E0021
:105B500030313233343536373839414243444546A3
:105B60000030313233343536373839616263646539
:105B700066003031323334353637383900000102AF
:105B80000500202020202020202020282828282828
:105B90002020202020202020202020202020202005
:105BA000202088101010101010101010101010105D
:105BB000101004040404040404040404101010105D
:105BC0001010104141414141410101010101010118
:105BD0000101010101010101010101010110101088
:105BE00010101042424242424202020202020202EB
:105BF000020202020202020202020202021010105B
:105C00001020000000000000000000000000000064
:105C10000000000000000000000000000000000084
:105C20000000000000000000000000000000000074
:105C30000000000000000000000000000000000064
:105C40000000000000000000000000000000000054
:105C50000000000000000000000000000000000044
:105C60000000000000000000000000000000000034
:105C70000000000000000000000000000000000024
:105C80000000616E006E66696E69747900696E6607
:105C9000006E616E00286E756C6C29006364696E1D
:105CA0006F70737578585B6165666741454647005C
:105CB000616E006E66696E697479000009EF01001B
:105CC0000000000001C102000000000049C3010003
:105CD0000000000069F0010000000000D1D10100C7
:045CE00000000000C0
:105CFC0000000000391A0100000000000001000043
:105D0C000000000000000000000000000000000087
:105D1C000000000000000000000000000000000077
:105D2C00000000001BC10200000000000001000088
:105D3C000000000000000000000000000000000057
:105D4C000000000000000000000000000000000047
:105D5C000000000075E901000000000000010000D7
:105D6C000000000000000000000000000000000027
:105D7C000000000000000000000000000000000017
:105D8C00B4000000000000005A00000003000000F6
:105D9C00B4000000000000005A00000003000000E6
:105DAC00FFFFFFFF6C29030015000000842903008E
:105DBC0004000000AB740200F37F0200000000003E
:105DCC005986020000000000000000000010034093
:105DDC0000000000000000000000000000000000B7
:105DEC0000000000000000000000000000000000A7
:105DFC000000000000000000000000000000000097
:105E0C000000000000000000000000000000000086
:105E1C000000000000000000000000000000000076
:105E2C000000000000000000000000000000000066
:105E3C000000000000000000000100000010024003
:105E4C000000000000000000000000000000000046
:105E5C000000000000000000000000000000000036
:105E6C0030DD0020000000000000000000000000F9
:105E7C000000000000000000000000000000000016
:105E8C0000000000F0DD0020000000000000000019
:105E9C0000000000000000000000000000000000F6
:105EAC000000000018CC00200000000000000000E2
:105EBC0000000000000000000000000000000000D6
:105ECC0000000000000000000000000000000000C6
:105EDC004003012020000000000000000080014071
:105EEC0000000000000000000000000000000000A6
:105EFC000000000000000000000000000000000096
:105F0C000000000000000000000000000000000085
:105F1C00000000006BB7020059CA010095B70200DF
:105F2C000000000000000000B1CA010000000000E9
:105F3C00000000006300000000000000E1EE010022
:105F4C0000000000000000000090D003FF000000E3
:105F5C00FF0000005104020051020200750402000F
:105F6C005D02020061070200E10402002907020041
:105F7C00D9D20200D3D20200CDD20200900200008E
:105F8C00D0CC0020D0CC0020D8CC0020D8CC002005
:105F9C00010600007C46030031D601000000000021
:105FAC001048030045DB0100000000001449030009
:105FBC0071DC010000000000E04D030059E001001D
:105FCC0001000000B45503004DEB0100000000007F
:105FDC0000000000000000000000000000000000B5
:105FEC0000000000000000000000000000000000A5
:105FFC000000000000000000000000000000000095
:10600C000000000000000000000000000000000084
:10601C000000000000000000000000000000000074
:10602C00000000000000000000000000A88E01200D
:10603C000040000000000000000000000000000014
:10604C00686B01200001000000000000000000004F
:10605C00A0CD0020A0CD002000000000000000001A
:10606C000E000000B4CD0020B4CD002000000000D4
:10607C00000000000E000000C8CD0020C8CD00209C
:10608C0000000000000000000E000000DCCD00202D
:10609C00DCCD002000000000000000000E0000001D
:1060AC00F0CD0020F0CD002000000000000000002A
:1060BC000E00000004CE002004CE002000000000E2
:1060CC00000000000E00000018CE002018CE0020AA
:1060DC0000000000000000000E0000002CCE00208C
:1060EC002CCE002000000000000000000E0000007C
:1060FC0040CE002040CE0020000000000000000038
:10610C000E00000054CE002054CE002000000000F1
:10611C00000000000E00000068CE002068CE0020B9
:10612C001802000010000000A8D6012028F8012059
:10613C00A8D60120A8D60120000000008CCE00209B
:10614C008CCE00200000000098CE002098CE0020BD
:10615C00BC0000000400000030FC012020FF0120E6
:10616C0030FC012030FC012000000000BCCE0020DF
:10617C00BCCE002000000000C8CE0020C8CE0020FD
:10618C00560000000C00000028F8012030FC012013
:10619C0028F8012028F8012000000000ECCE002097
:1061AC00ECCE002000000000F8CE0020F8CE00203D
:1061BC00000000000100000008CF002008CF0020E4
:1061CC0010CF002010CF00200000000001000000C4
:1061DC0020CF002020CF002028CF002028CF002067
:1061EC00000000000100000038CF002038CF002054
:1061FC0040CF002040CF0020000000000100000034
:10620C0050CF002050CF002058CF002058CF002076
:10621C00000000000100000068CF002068CF0020C3
:10622C0070CF002070CF00200000000001000000A3
:10623C0080CF002080CF002088CF002088CF002086
:10624C00000000000100000098CF002098CF002033
:10625C000000000000000000A8CF0020A8CF002004
:10626C00B0CF0020B0CF002000D0002000000000F4
:10627C000000000000000000000000000000000012
:10628C000000000000000000000000000000000002
:10629C0000000000000000000000000000000000F2
:0C62AC00000000000000000000000000E6
:1062BC000C00030030D000200000000000020000A1
:1062CC0000000000000000000005000000000000BD
:1062DC0000000000000000000000000000000000B2
:1062EC0000000000000000006988020000000000AF
:0862FC000000000015E015E0B0
:00000001FF
